# Blender 5.2.2 LTS
# www.blender.org
mtllib señal-velocidad.mtl
o senal_disminuya_velocidad_poste
v 0.000000 0.000000 -0.030000
v 0.000000 2.200000 -0.030000
v 0.005853 0.000000 -0.029424
v 0.005853 2.200000 -0.029424
v 0.011481 0.000000 -0.027716
v 0.011481 2.200000 -0.027716
v 0.016667 0.000000 -0.024944
v 0.016667 2.200000 -0.024944
v 0.021213 0.000000 -0.021213
v 0.021213 2.200000 -0.021213
v 0.024944 0.000000 -0.016667
v 0.024944 2.200000 -0.016667
v 0.027716 0.000000 -0.011481
v 0.027716 2.200000 -0.011481
v 0.029424 0.000000 -0.005853
v 0.029424 2.200000 -0.005853
v 0.030000 0.000000 0.000000
v 0.030000 2.200000 0.000000
v 0.029424 0.000000 0.005853
v 0.029424 2.200000 0.005853
v 0.027716 0.000000 0.011481
v 0.027716 2.200000 0.011481
v 0.024944 0.000000 0.016667
v 0.024944 2.200000 0.016667
v 0.021213 0.000000 0.021213
v 0.021213 2.200000 0.021213
v 0.016667 0.000000 0.024944
v 0.016667 2.200000 0.024944
v 0.011481 0.000000 0.027716
v 0.011481 2.200000 0.027716
v 0.005853 0.000000 0.029424
v 0.005853 2.200000 0.029424
v 0.000000 0.000000 0.030000
v 0.000000 2.200000 0.030000
v -0.005853 0.000000 0.029424
v -0.005853 2.200000 0.029424
v -0.011481 0.000000 0.027716
v -0.011481 2.200000 0.027716
v -0.016667 0.000000 0.024944
v -0.016667 2.200000 0.024944
v -0.021213 0.000000 0.021213
v -0.021213 2.200000 0.021213
v -0.024944 0.000000 0.016667
v -0.024944 2.200000 0.016667
v -0.027716 0.000000 0.011481
v -0.027716 2.200000 0.011481
v -0.029424 0.000000 0.005853
v -0.029424 2.200000 0.005853
v -0.030000 0.000000 0.000000
v -0.030000 2.200000 0.000000
v -0.029424 0.000000 -0.005853
v -0.029424 2.200000 -0.005853
v -0.027716 0.000000 -0.011481
v -0.027716 2.200000 -0.011481
v -0.024944 0.000000 -0.016667
v -0.024944 2.200000 -0.016667
v -0.021213 0.000000 -0.021213
v -0.021213 2.200000 -0.021213
v -0.016667 0.000000 -0.024944
v -0.016667 2.200000 -0.024944
v -0.011481 0.000000 -0.027716
v -0.011481 2.200000 -0.027716
v -0.005853 0.000000 -0.029424
v -0.005853 2.200000 -0.029424
vn 0.0980 -0.0000 -0.9952
vn 0.2903 -0.0000 -0.9569
vn 0.4714 -0.0000 -0.8819
vn 0.6344 -0.0000 -0.7730
vn 0.7730 -0.0000 -0.6344
vn 0.8819 -0.0000 -0.4714
vn 0.9569 -0.0000 -0.2903
vn 0.9952 -0.0000 -0.0980
vn 0.9952 -0.0000 0.0980
vn 0.9569 -0.0000 0.2903
vn 0.8819 -0.0000 0.4714
vn 0.7730 -0.0000 0.6344
vn 0.6344 -0.0000 0.7730
vn 0.4714 -0.0000 0.8819
vn 0.2903 -0.0000 0.9569
vn 0.0980 -0.0000 0.9952
vn -0.0980 -0.0000 0.9952
vn -0.2903 -0.0000 0.9569
vn -0.4714 -0.0000 0.8819
vn -0.6344 -0.0000 0.7730
vn -0.7730 -0.0000 0.6344
vn -0.8819 -0.0000 0.4714
vn -0.9569 -0.0000 0.2903
vn -0.9952 -0.0000 0.0980
vn -0.9952 -0.0000 -0.0980
vn -0.9569 -0.0000 -0.2903
vn -0.8819 -0.0000 -0.4714
vn -0.7730 -0.0000 -0.6344
vn -0.6344 -0.0000 -0.7730
vn -0.4714 -0.0000 -0.8819
vn -0.0000 1.0000 -0.0000
vn -0.2903 -0.0000 -0.9569
vn -0.0980 -0.0000 -0.9952
vn -0.0000 -1.0000 -0.0000
vt 1.000000 0.500000
vt 1.000000 1.000000
vt 0.968750 1.000000
vt 0.968750 0.500000
vt 0.937500 1.000000
vt 0.937500 0.500000
vt 0.906250 1.000000
vt 0.906250 0.500000
vt 0.875000 1.000000
vt 0.875000 0.500000
vt 0.843750 1.000000
vt 0.843750 0.500000
vt 0.812500 1.000000
vt 0.812500 0.500000
vt 0.781250 1.000000
vt 0.781250 0.500000
vt 0.750000 1.000000
vt 0.750000 0.500000
vt 0.718750 1.000000
vt 0.718750 0.500000
vt 0.687500 1.000000
vt 0.687500 0.500000
vt 0.656250 1.000000
vt 0.656250 0.500000
vt 0.625000 1.000000
vt 0.625000 0.500000
vt 0.593750 1.000000
vt 0.593750 0.500000
vt 0.562500 1.000000
vt 0.562500 0.500000
vt 0.531250 1.000000
vt 0.531250 0.500000
vt 0.500000 1.000000
vt 0.500000 0.500000
vt 0.468750 1.000000
vt 0.468750 0.500000
vt 0.437500 1.000000
vt 0.437500 0.500000
vt 0.406250 1.000000
vt 0.406250 0.500000
vt 0.375000 1.000000
vt 0.375000 0.500000
vt 0.343750 1.000000
vt 0.343750 0.500000
vt 0.312500 1.000000
vt 0.312500 0.500000
vt 0.281250 1.000000
vt 0.281250 0.500000
vt 0.250000 1.000000
vt 0.250000 0.500000
vt 0.218750 1.000000
vt 0.218750 0.500000
vt 0.187500 1.000000
vt 0.187500 0.500000
vt 0.156250 1.000000
vt 0.156250 0.500000
vt 0.125000 1.000000
vt 0.125000 0.500000
vt 0.093750 1.000000
vt 0.093750 0.500000
vt 0.062500 1.000000
vt 0.062500 0.500000
vt 0.296822 0.485388
vt 0.250000 0.490000
vt 0.203178 0.485388
vt 0.158156 0.471731
vt 0.116663 0.449553
vt 0.080294 0.419706
vt 0.050447 0.383337
vt 0.028269 0.341844
vt 0.014612 0.296822
vt 0.010000 0.250000
vt 0.014612 0.203178
vt 0.028269 0.158156
vt 0.050447 0.116663
vt 0.080294 0.080294
vt 0.116663 0.050447
vt 0.158156 0.028269
vt 0.203178 0.014612
vt 0.250000 0.010000
vt 0.296822 0.014612
vt 0.341844 0.028269
vt 0.383337 0.050447
vt 0.419706 0.080294
vt 0.449553 0.116663
vt 0.471731 0.158156
vt 0.485388 0.203178
vt 0.490000 0.250000
vt 0.485388 0.296822
vt 0.471731 0.341844
vt 0.449553 0.383337
vt 0.419706 0.419706
vt 0.383337 0.449553
vt 0.341844 0.471731
vt 0.031250 1.000000
vt 0.031250 0.500000
vt 0.000000 1.000000
vt 0.000000 0.500000
vt 0.750000 0.490000
vt 0.796822 0.485388
vt 0.841844 0.471731
vt 0.883337 0.449553
vt 0.919706 0.419706
vt 0.949553 0.383337
vt 0.971731 0.341844
vt 0.985388 0.296822
vt 0.990000 0.250000
vt 0.985388 0.203178
vt 0.971731 0.158156
vt 0.949553 0.116663
vt 0.919706 0.080294
vt 0.883337 0.050447
vt 0.841844 0.028269
vt 0.796822 0.014612
vt 0.750000 0.010000
vt 0.703178 0.014612
vt 0.658156 0.028269
vt 0.616663 0.050447
vt 0.580294 0.080294
vt 0.550447 0.116663
vt 0.528269 0.158156
vt 0.514612 0.203178
vt 0.510000 0.250000
vt 0.514612 0.296822
vt 0.528269 0.341844
vt 0.550447 0.383337
vt 0.580294 0.419706
vt 0.616663 0.449553
vt 0.658156 0.471731
vt 0.703178 0.485388
s 0
f 1/1/1 2/2/1 4/3/1 3/4/1
f 3/4/2 4/3/2 6/5/2 5/6/2
f 5/6/3 6/5/3 8/7/3 7/8/3
f 7/8/4 8/7/4 10/9/4 9/10/4
f 9/10/5 10/9/5 12/11/5 11/12/5
f 11/12/6 12/11/6 14/13/6 13/14/6
f 13/14/7 14/13/7 16/15/7 15/16/7
f 15/16/8 16/15/8 18/17/8 17/18/8
f 17/18/9 18/17/9 20/19/9 19/20/9
f 19/20/10 20/19/10 22/21/10 21/22/10
f 21/22/11 22/21/11 24/23/11 23/24/11
f 23/24/12 24/23/12 26/25/12 25/26/12
f 25/26/13 26/25/13 28/27/13 27/28/13
f 27/28/14 28/27/14 30/29/14 29/30/14
f 29/30/15 30/29/15 32/31/15 31/32/15
f 31/32/16 32/31/16 34/33/16 33/34/16
f 33/34/17 34/33/17 36/35/17 35/36/17
f 35/36/18 36/35/18 38/37/18 37/38/18
f 37/38/19 38/37/19 40/39/19 39/40/19
f 39/40/20 40/39/20 42/41/20 41/42/20
f 41/42/21 42/41/21 44/43/21 43/44/21
f 43/44/22 44/43/22 46/45/22 45/46/22
f 45/46/23 46/45/23 48/47/23 47/48/23
f 47/48/24 48/47/24 50/49/24 49/50/24
f 49/50/25 50/49/25 52/51/25 51/52/25
f 51/52/26 52/51/26 54/53/26 53/54/26
f 53/54/27 54/53/27 56/55/27 55/56/27
f 55/56/28 56/55/28 58/57/28 57/58/28
f 57/58/29 58/57/29 60/59/29 59/60/29
f 59/60/30 60/59/30 62/61/30 61/62/30
f 4/63/31 2/64/31 64/65/31 62/66/31 60/67/31 58/68/31 56/69/31 54/70/31 52/71/31 50/72/31 48/73/31 46/74/31 44/75/31 42/76/31 40/77/31 38/78/31 36/79/31 34/80/31 32/81/31 30/82/31 28/83/31 26/84/31 24/85/31 22/86/31 20/87/31 18/88/31 16/89/31 14/90/31 12/91/31 10/92/31 8/93/31 6/94/31
f 61/62/32 62/61/32 64/95/32 63/96/32
f 63/96/33 64/95/33 2/97/33 1/98/33
f 1/99/34 3/100/34 5/101/34 7/102/34 9/103/34 11/104/34 13/105/34 15/106/34 17/107/34 19/108/34 21/109/34 23/110/34 25/111/34 27/112/34 29/113/34 31/114/34 33/115/34 35/116/34 37/117/34 39/118/34 41/119/34 43/120/34 45/121/34 47/122/34 49/123/34 51/124/34 53/125/34 55/126/34 57/127/34 59/128/34 61/129/34 63/130/34
o senal_disminuya_velocidad_placa
v -0.350000 1.660000 0.025000
v -0.350000 2.150000 0.025000
v -0.350000 1.660000 -0.025000
v -0.350000 2.150000 -0.025000
v 0.350000 1.660000 0.025000
v 0.350000 2.150000 0.025000
v 0.350000 1.660000 -0.025000
v 0.350000 2.150000 -0.025000
vn -1.0000 -0.0000 -0.0000
vn -0.0000 -0.0000 -1.0000
vn 1.0000 -0.0000 -0.0000
vn -0.0000 -0.0000 1.0000
vn -0.0000 -1.0000 -0.0000
vn -0.0000 1.0000 -0.0000
vt 0.375000 0.000000
vt 0.625000 0.000000
vt 0.625000 0.250000
vt 0.375000 0.250000
vt 0.625000 0.500000
vt 0.375000 0.500000
vt 0.625000 0.750000
vt 0.375000 0.750000
vt 0.625000 1.000000
vt 0.375000 1.000000
vt 0.125000 0.500000
vt 0.125000 0.750000
vt 0.875000 0.500000
vt 0.875000 0.750000
s 0
f 65/131/35 66/132/35 68/133/35 67/134/35
f 67/134/36 68/133/36 72/135/36 71/136/36
f 71/136/37 72/135/37 70/137/37 69/138/37
f 69/138/38 70/137/38 66/139/38 65/140/38
f 67/141/39 71/136/39 69/138/39 65/142/39
f 72/135/40 68/143/40 66/144/40 70/137/40
o senal_disminuya_velocidad_texto
v 0.248010 1.892610 0.055000
v 0.254318 1.892228 0.055000
v 0.260021 1.891132 0.055000
v 0.265128 1.889393 0.055000
v 0.269652 1.887084 0.055000
v 0.273602 1.884278 0.055000
v 0.276990 1.881047 0.055000
v 0.279827 1.877464 0.055000
v 0.282123 1.873601 0.055000
v 0.283890 1.869531 0.055000
v 0.285139 1.865327 0.055000
v 0.285880 1.861061 0.055000
v 0.286125 1.856805 0.055000
v 0.285828 1.852240 0.055000
v 0.284950 1.847772 0.055000
v 0.283508 1.843459 0.055000
v 0.281521 1.839355 0.055000
v 0.279005 1.835521 0.055000
v 0.275979 1.832012 0.055000
v 0.272462 1.828886 0.055000
v 0.268469 1.826199 0.055000
v 0.264021 1.824010 0.055000
v 0.259134 1.822376 0.055000
v 0.253826 1.821354 0.055000
v 0.248115 1.821000 0.055000
v 0.220185 1.821000 0.055000
v 0.220185 1.892610 0.055000
v 0.246855 1.830240 0.055000
v 0.252316 1.830594 0.055000
v 0.257072 1.831595 0.055000
v 0.261168 1.833150 0.055000
v 0.264647 1.835167 0.055000
v 0.267552 1.837553 0.055000
v 0.269929 1.840215 0.055000
v 0.271819 1.843061 0.055000
v 0.273268 1.845998 0.055000
v 0.274319 1.848933 0.055000
v 0.275015 1.851775 0.055000
v 0.275401 1.854429 0.055000
v 0.275520 1.856805 0.055000
v 0.275329 1.860350 0.055000
v 0.274751 1.863768 0.055000
v 0.273779 1.867024 0.055000
v 0.272409 1.870085 0.055000
v 0.270633 1.872916 0.055000
v 0.268446 1.875482 0.055000
v 0.265840 1.877748 0.055000
v 0.262811 1.879679 0.055000
v 0.259352 1.881242 0.055000
v 0.255456 1.882401 0.055000
v 0.251117 1.883122 0.055000
v 0.246330 1.883370 0.055000
v 0.230475 1.883370 0.055000
v 0.230475 1.830240 0.055000
v 0.201705 1.821000 0.055000
v 0.192150 1.842105 0.055000
v 0.161700 1.842105 0.055000
v 0.152670 1.821000 0.055000
v 0.142170 1.821000 0.055000
v 0.172935 1.893030 0.055000
v 0.180180 1.893030 0.055000
v 0.212205 1.821000 0.055000
v 0.187950 1.851345 0.055000
v 0.176400 1.877280 0.055000
v 0.165690 1.851345 0.055000
v 0.099225 1.892610 0.055000
v 0.105533 1.892228 0.055000
v 0.111236 1.891132 0.055000
v 0.116343 1.889393 0.055000
v 0.120867 1.887084 0.055000
v 0.124817 1.884278 0.055000
v 0.128205 1.881047 0.055000
v 0.131042 1.877464 0.055000
v 0.133338 1.873601 0.055000
v 0.135105 1.869531 0.055000
v 0.136354 1.865327 0.055000
v 0.137095 1.861061 0.055000
v 0.137340 1.856805 0.055000
v 0.137043 1.852240 0.055000
v 0.136165 1.847772 0.055000
v 0.134723 1.843459 0.055000
v 0.132736 1.839355 0.055000
v 0.130220 1.835521 0.055000
v 0.127194 1.832012 0.055000
v 0.123677 1.828886 0.055000
v 0.119684 1.826199 0.055000
v 0.115236 1.824010 0.055000
v 0.110349 1.822376 0.055000
v 0.105041 1.821354 0.055000
v 0.099330 1.821000 0.055000
v 0.071400 1.821000 0.055000
v 0.071400 1.892610 0.055000
v 0.098070 1.830240 0.055000
v 0.103531 1.830594 0.055000
v 0.108287 1.831595 0.055000
v 0.112383 1.833150 0.055000
v 0.115862 1.835167 0.055000
v 0.118767 1.837553 0.055000
v 0.121144 1.840215 0.055000
v 0.123034 1.843061 0.055000
v 0.124483 1.845998 0.055000
v 0.125534 1.848933 0.055000
v 0.126230 1.851775 0.055000
v 0.126616 1.854429 0.055000
v 0.126735 1.856805 0.055000
v 0.126544 1.860350 0.055000
v 0.125965 1.863768 0.055000
v 0.124994 1.867024 0.055000
v 0.123624 1.870085 0.055000
v 0.121848 1.872916 0.055000
v 0.119661 1.875482 0.055000
v 0.117055 1.877748 0.055000
v 0.114026 1.879679 0.055000
v 0.110567 1.881242 0.055000
v 0.106671 1.882401 0.055000
v 0.102332 1.883122 0.055000
v 0.097545 1.883370 0.055000
v 0.081690 1.883370 0.055000
v 0.081690 1.830240 0.055000
v 0.045150 1.821000 0.055000
v 0.045150 1.892610 0.055000
v 0.055440 1.892610 0.055000
v 0.055440 1.821000 0.055000
v 0.029530 1.877877 0.055000
v 0.027396 1.878989 0.055000
v 0.025300 1.879985 0.055000
v 0.023236 1.880869 0.055000
v 0.021197 1.881643 0.055000
v 0.019176 1.882307 0.055000
v 0.017165 1.882864 0.055000
v 0.015159 1.883316 0.055000
v 0.013150 1.883664 0.055000
v 0.011131 1.883910 0.055000
v 0.009095 1.884057 0.055000
v 0.007035 1.884105 0.055000
v 0.003032 1.883867 0.055000
v -0.000768 1.883169 0.055000
v -0.004338 1.882038 0.055000
v -0.007649 1.880500 0.055000
v -0.010675 1.878582 0.055000
v -0.013387 1.876309 0.055000
v -0.015758 1.873708 0.055000
v -0.017761 1.870805 0.055000
v -0.019366 1.867627 0.055000
v -0.020547 1.864199 0.055000
v -0.021276 1.860548 0.055000
v -0.021525 1.856700 0.055000
v -0.021284 1.852790 0.055000
v -0.020574 1.849107 0.055000
v -0.019418 1.845673 0.055000
v -0.017838 1.842509 0.055000
v -0.015856 1.839637 0.055000
v -0.013492 1.837078 0.055000
v -0.010771 1.834854 0.055000
v -0.007712 1.832986 0.055000
v -0.004338 1.831495 0.055000
v -0.000671 1.830404 0.055000
v 0.003267 1.829733 0.055000
v 0.007455 1.829505 0.055000
v 0.009491 1.829564 0.055000
v 0.011552 1.829739 0.055000
v 0.013634 1.830030 0.055000
v 0.015731 1.830434 0.055000
v 0.017838 1.830951 0.055000
v 0.019950 1.831579 0.055000
v 0.022062 1.832316 0.055000
v 0.024169 1.833161 0.055000
v 0.026266 1.834112 0.055000
v 0.028348 1.835168 0.055000
v 0.030409 1.836328 0.055000
v 0.032445 1.837590 0.055000
v 0.032445 1.826355 0.055000
v 0.030671 1.825459 0.055000
v 0.028861 1.824612 0.055000
v 0.027005 1.823820 0.055000
v 0.025091 1.823088 0.055000
v 0.023110 1.822422 0.055000
v 0.021053 1.821827 0.055000
v 0.018907 1.821308 0.055000
v 0.016664 1.820872 0.055000
v 0.014313 1.820523 0.055000
v 0.011844 1.820266 0.055000
v 0.009246 1.820109 0.055000
v 0.006510 1.820055 0.055000
v 0.000103 1.820471 0.055000
v -0.005686 1.821657 0.055000
v -0.010867 1.823522 0.055000
v -0.015454 1.825974 0.055000
v -0.019458 1.828922 0.055000
v -0.022890 1.832274 0.055000
v -0.025762 1.835940 0.055000
v -0.028086 1.839826 0.055000
v -0.029872 1.843842 0.055000
v -0.031134 1.847897 0.055000
v -0.031883 1.851898 0.055000
v -0.032130 1.855755 0.055000
v -0.031792 1.861087 0.055000
v -0.030803 1.866138 0.055000
v -0.029198 1.870875 0.055000
v -0.027012 1.875262 0.055000
v -0.024281 1.879263 0.055000
v -0.021039 1.882845 0.055000
v -0.017323 1.885972 0.055000
v -0.013168 1.888608 0.055000
v -0.008608 1.890720 0.055000
v -0.003680 1.892272 0.055000
v 0.001581 1.893228 0.055000
v 0.007140 1.893555 0.055000
v 0.008981 1.893517 0.055000
v 0.010834 1.893404 0.055000
v 0.012707 1.893212 0.055000
v 0.014607 1.892941 0.055000
v 0.016542 1.892587 0.055000
v 0.018519 1.892151 0.055000
v 0.020547 1.891629 0.055000
v 0.022633 1.891019 0.055000
v 0.024785 1.890321 0.055000
v 0.027010 1.889532 0.055000
v 0.029316 1.888651 0.055000
v 0.031710 1.887675 0.055000
v 0.031710 1.876650 0.055000
v -0.074709 1.893213 0.055000
v -0.069372 1.892218 0.055000
v -0.064442 1.890618 0.055000
v -0.059939 1.888461 0.055000
v -0.055886 1.885792 0.055000
v -0.052303 1.882661 0.055000
v -0.049212 1.879114 0.055000
v -0.046636 1.875199 0.055000
v -0.044594 1.870964 0.055000
v -0.043109 1.866454 0.055000
v -0.042202 1.861719 0.055000
v -0.041895 1.856805 0.055000
v -0.042194 1.852023 0.055000
v -0.043081 1.847374 0.055000
v -0.044538 1.842912 0.055000
v -0.046550 1.838691 0.055000
v -0.049100 1.834764 0.055000
v -0.052172 1.831185 0.055000
v -0.055749 1.828009 0.055000
v -0.059815 1.825289 0.055000
v -0.064353 1.823080 0.055000
v -0.069348 1.821436 0.055000
v -0.074782 1.820409 0.055000
v -0.080640 1.820055 0.055000
v -0.086311 1.820407 0.055000
v -0.091601 1.821428 0.055000
v -0.096490 1.823066 0.055000
v -0.100956 1.825266 0.055000
v -0.104976 1.827977 0.055000
v -0.108531 1.831146 0.055000
v -0.111597 1.834719 0.055000
v -0.114154 1.838644 0.055000
v -0.116181 1.842868 0.055000
v -0.117655 1.847338 0.055000
v -0.118555 1.852001 0.055000
v -0.118860 1.856805 0.055000
v -0.118547 1.861697 0.055000
v -0.117625 1.866418 0.055000
v -0.116119 1.870919 0.055000
v -0.114053 1.875153 0.055000
v -0.111454 1.879070 0.055000
v -0.108347 1.882622 0.055000
v -0.104756 1.885761 0.055000
v -0.100707 1.888437 0.055000
v -0.096224 1.890604 0.055000
v -0.091334 1.892211 0.055000
v -0.086061 1.893211 0.055000
v -0.080430 1.893555 0.055000
v -0.076506 1.829743 0.055000
v -0.072783 1.830441 0.055000
v -0.069288 1.831571 0.055000
v -0.066049 1.833106 0.055000
v -0.063091 1.835021 0.055000
v -0.060441 1.837288 0.055000
v -0.058125 1.839881 0.055000
v -0.056171 1.842774 0.055000
v -0.054605 1.845939 0.055000
v -0.053453 1.849350 0.055000
v -0.052743 1.852981 0.055000
v -0.052500 1.856805 0.055000
v -0.052743 1.860651 0.055000
v -0.053453 1.864296 0.055000
v -0.054605 1.867715 0.055000
v -0.056171 1.870883 0.055000
v -0.058125 1.873773 0.055000
v -0.060441 1.876361 0.055000
v -0.063091 1.878621 0.055000
v -0.066049 1.880527 0.055000
v -0.069288 1.882054 0.055000
v -0.072783 1.883176 0.055000
v -0.076506 1.883869 0.055000
v -0.080430 1.884105 0.055000
v -0.084330 1.883869 0.055000
v -0.088033 1.883176 0.055000
v -0.091511 1.882054 0.055000
v -0.094737 1.880527 0.055000
v -0.097685 1.878621 0.055000
v -0.100327 1.876361 0.055000
v -0.102637 1.873773 0.055000
v -0.104588 1.870883 0.055000
v -0.106152 1.867715 0.055000
v -0.107302 1.864296 0.055000
v -0.108012 1.860651 0.055000
v -0.108255 1.856805 0.055000
v -0.108012 1.852981 0.055000
v -0.107302 1.849350 0.055000
v -0.106152 1.845939 0.055000
v -0.104588 1.842774 0.055000
v -0.102637 1.839881 0.055000
v -0.100327 1.837288 0.055000
v -0.097685 1.835021 0.055000
v -0.094737 1.833106 0.055000
v -0.091511 1.831571 0.055000
v -0.088033 1.830441 0.055000
v -0.084330 1.829743 0.055000
v -0.080430 1.829505 0.055000
v -0.124635 1.830240 0.055000
v -0.124635 1.821000 0.055000
v -0.167265 1.821000 0.055000
v -0.167265 1.892610 0.055000
v -0.156975 1.892610 0.055000
v -0.156975 1.830240 0.055000
v -0.209370 1.883370 0.055000
v -0.209370 1.861740 0.055000
v -0.180075 1.861740 0.055000
v -0.180075 1.852500 0.055000
v -0.209370 1.852500 0.055000
v -0.209370 1.830240 0.055000
v -0.178080 1.830240 0.055000
v -0.178080 1.821000 0.055000
v -0.219660 1.821000 0.055000
v -0.219660 1.892610 0.055000
v -0.179025 1.892610 0.055000
v -0.179025 1.883370 0.055000
v -0.259980 1.820370 0.055000
v -0.290955 1.892610 0.055000
v -0.280665 1.892610 0.055000
v -0.259140 1.842315 0.055000
v -0.237720 1.892610 0.055000
v -0.227535 1.892610 0.055000
v -0.257880 1.820370 0.055000
v 0.265072 1.926000 0.055000
v 0.255517 1.947105 0.055000
v 0.225067 1.947105 0.055000
v 0.216037 1.926000 0.055000
v 0.205537 1.926000 0.055000
v 0.236302 1.998030 0.055000
v 0.243547 1.998030 0.055000
v 0.275573 1.926000 0.055000
v 0.251318 1.956345 0.055000
v 0.239767 1.982280 0.055000
v 0.229057 1.956345 0.055000
v 0.205538 1.997610 0.055000
v 0.178973 1.963800 0.055000
v 0.178973 1.926000 0.055000
v 0.168683 1.926000 0.055000
v 0.168683 1.963905 0.055000
v 0.142118 1.997610 0.055000
v 0.154508 1.997610 0.055000
v 0.173723 1.972935 0.055000
v 0.193148 1.997610 0.055000
v 0.135599 1.949884 0.055000
v 0.134941 1.945897 0.055000
v 0.133844 1.942198 0.055000
v 0.132306 1.938806 0.055000
v 0.130326 1.935741 0.055000
v 0.127903 1.933022 0.055000
v 0.125036 1.930668 0.055000
v 0.121724 1.928699 0.055000
v 0.117966 1.927134 0.055000
v 0.113760 1.925992 0.055000
v 0.109106 1.925292 0.055000
v 0.104003 1.925055 0.055000
v 0.100240 1.925234 0.055000
v 0.096544 1.925775 0.055000
v 0.092964 1.926689 0.055000
v 0.089551 1.927983 0.055000
v 0.086354 1.929667 0.055000
v 0.083423 1.931749 0.055000
v 0.080806 1.934237 0.055000
v 0.078554 1.937142 0.055000
v 0.076716 1.940470 0.055000
v 0.075341 1.944232 0.055000
v 0.074481 1.948436 0.055000
v 0.074183 1.953090 0.055000
v 0.074183 1.997610 0.055000
v 0.084473 1.997610 0.055000
v 0.084473 1.955295 0.055000
v 0.084495 1.953369 0.055000
v 0.084565 1.951625 0.055000
v 0.084687 1.950045 0.055000
v 0.084865 1.948614 0.055000
v 0.085103 1.947315 0.055000
v 0.085404 1.946134 0.055000
v 0.085774 1.945053 0.055000
v 0.086215 1.944056 0.055000
v 0.086732 1.943128 0.055000
v 0.087328 1.942253 0.055000
v 0.088009 1.941414 0.055000
v 0.088778 1.940595 0.055000
v 0.089823 1.939615 0.055000
v 0.090912 1.938722 0.055000
v 0.092046 1.937916 0.055000
v 0.093222 1.937196 0.055000
v 0.094443 1.936562 0.055000
v 0.095707 1.936014 0.055000
v 0.097016 1.935552 0.055000
v 0.098368 1.935174 0.055000
v 0.099763 1.934881 0.055000
v 0.101203 1.934672 0.055000
v 0.102686 1.934547 0.055000
v 0.104213 1.934505 0.055000
v 0.106135 1.934556 0.055000
v 0.107965 1.934707 0.055000
v 0.109702 1.934950 0.055000
v 0.111345 1.935279 0.055000
v 0.112893 1.935688 0.055000
v 0.114345 1.936172 0.055000
v 0.115701 1.936723 0.055000
v 0.116960 1.937336 0.055000
v 0.118122 1.938004 0.055000
v 0.119185 1.938722 0.055000
v 0.120149 1.939483 0.055000
v 0.121013 1.940280 0.055000
v 0.121873 1.941231 0.055000
v 0.122623 1.942248 0.055000
v 0.123268 1.943330 0.055000
v 0.123816 1.944476 0.055000
v 0.124274 1.945686 0.055000
v 0.124648 1.946961 0.055000
v 0.124946 1.948298 0.055000
v 0.125174 1.949699 0.055000
v 0.125339 1.951162 0.055000
v 0.125448 1.952688 0.055000
v 0.125509 1.954276 0.055000
v 0.125528 1.955925 0.055000
v 0.125528 1.997610 0.055000
v 0.135818 1.997610 0.055000
v 0.135818 1.954140 0.055000
v 0.051083 1.926000 0.055000
v 0.003203 1.981125 0.055000
v 0.003203 1.926000 0.055000
v -0.006457 1.926000 0.055000
v -0.006457 1.997610 0.055000
v 0.001733 1.997610 0.055000
v 0.050243 1.942170 0.055000
v 0.050243 1.997610 0.055000
v 0.059903 1.997610 0.055000
v 0.059903 1.926000 0.055000
v -0.032497 1.926000 0.055000
v -0.032497 1.997610 0.055000
v -0.022207 1.997610 0.055000
v -0.022207 1.926000 0.055000
v -0.058327 1.926000 0.055000
v -0.058327 1.981755 0.055000
v -0.058537 1.981755 0.055000
v -0.080587 1.954035 0.055000
v -0.082267 1.954035 0.055000
v -0.104317 1.981755 0.055000
v -0.104527 1.981755 0.055000
v -0.104527 1.926000 0.055000
v -0.114817 1.926000 0.055000
v -0.114817 1.997610 0.055000
v -0.105157 1.997610 0.055000
v -0.081427 1.968210 0.055000
v -0.057592 1.997610 0.055000
v -0.048037 1.997610 0.055000
v -0.048037 1.926000 0.055000
v -0.130195 1.983220 0.055000
v -0.131701 1.984417 0.055000
v -0.133192 1.985461 0.055000
v -0.134666 1.986359 0.055000
v -0.136120 1.987121 0.055000
v -0.137550 1.987753 0.055000
v -0.138954 1.988265 0.055000
v -0.140329 1.988666 0.055000
v -0.141671 1.988962 0.055000
v -0.142979 1.989164 0.055000
v -0.144249 1.989279 0.055000
v -0.145477 1.989315 0.055000
v -0.147090 1.989244 0.055000
v -0.148614 1.989035 0.055000
v -0.150040 1.988695 0.055000
v -0.151357 1.988230 0.055000
v -0.152557 1.987647 0.055000
v -0.153628 1.986952 0.055000
v -0.154562 1.986153 0.055000
v -0.155347 1.985255 0.055000
v -0.155976 1.984265 0.055000
v -0.156437 1.983190 0.055000
v -0.156721 1.982036 0.055000
v -0.156817 1.980810 0.055000
v -0.156208 1.977641 0.055000
v -0.154523 1.974925 0.055000
v -0.151978 1.972535 0.055000
v -0.148787 1.970341 0.055000
v -0.145166 1.968216 0.055000
v -0.141330 1.966031 0.055000
v -0.137494 1.963658 0.055000
v -0.133873 1.960969 0.055000
v -0.130682 1.957835 0.055000
v -0.128137 1.954127 0.055000
v -0.126452 1.949719 0.055000
v -0.125842 1.944480 0.055000
v -0.126017 1.941738 0.055000
v -0.126526 1.939140 0.055000
v -0.127352 1.936705 0.055000
v -0.128475 1.934451 0.055000
v -0.129877 1.932394 0.055000
v -0.131539 1.930554 0.055000
v -0.133441 1.928948 0.055000
v -0.135565 1.927594 0.055000
v -0.137891 1.926510 0.055000
v -0.140401 1.925714 0.055000
v -0.143077 1.925223 0.055000
v -0.145897 1.925055 0.055000
v -0.147810 1.925099 0.055000
v -0.149665 1.925231 0.055000
v -0.151467 1.925454 0.055000
v -0.153220 1.925767 0.055000
v -0.154928 1.926172 0.055000
v -0.156594 1.926669 0.055000
v -0.158224 1.927261 0.055000
v -0.159820 1.927948 0.055000
v -0.161387 1.928732 0.055000
v -0.162928 1.929612 0.055000
v -0.164449 1.930591 0.055000
v -0.165952 1.931670 0.055000
v -0.165952 1.944690 0.055000
v -0.164612 1.943074 0.055000
v -0.163218 1.941587 0.055000
v -0.161774 1.940231 0.055000
v -0.160282 1.939008 0.055000
v -0.158747 1.937922 0.055000
v -0.157172 1.936972 0.055000
v -0.155559 1.936163 0.055000
v -0.153912 1.935497 0.055000
v -0.152235 1.934974 0.055000
v -0.150531 1.934598 0.055000
v -0.148802 1.934371 0.055000
v -0.147052 1.934295 0.055000
v -0.145147 1.934396 0.055000
v -0.143418 1.934687 0.055000
v -0.141865 1.935145 0.055000
v -0.140484 1.935749 0.055000
v -0.139274 1.936479 0.055000
v -0.138232 1.937314 0.055000
v -0.137357 1.938231 0.055000
v -0.136646 1.939211 0.055000
v -0.136096 1.940231 0.055000
v -0.135707 1.941271 0.055000
v -0.135474 1.942309 0.055000
v -0.135397 1.943325 0.055000
v -0.136007 1.946771 0.055000
v -0.137692 1.949778 0.055000
v -0.140237 1.952453 0.055000
v -0.143428 1.954906 0.055000
v -0.147049 1.957244 0.055000
v -0.150885 1.959574 0.055000
v -0.154721 1.962005 0.055000
v -0.158342 1.964644 0.055000
v -0.161533 1.967600 0.055000
v -0.164078 1.970980 0.055000
v -0.165763 1.974892 0.055000
v -0.166372 1.979445 0.055000
v -0.166195 1.982269 0.055000
v -0.165674 1.984907 0.055000
v -0.164822 1.987348 0.055000
v -0.163654 1.989579 0.055000
v -0.162184 1.991591 0.055000
v -0.160427 1.993371 0.055000
v -0.158396 1.994908 0.055000
v -0.156106 1.996191 0.055000
v -0.153571 1.997208 0.055000
v -0.150805 1.997949 0.055000
v -0.147822 1.998402 0.055000
v -0.144637 1.998555 0.055000
v -0.143273 1.998520 0.055000
v -0.141909 1.998415 0.055000
v -0.140549 1.998240 0.055000
v -0.139193 1.997995 0.055000
v -0.137843 1.997680 0.055000
v -0.136500 1.997295 0.055000
v -0.135166 1.996840 0.055000
v -0.133842 1.996315 0.055000
v -0.132530 1.995720 0.055000
v -0.131231 1.995055 0.055000
v -0.129946 1.994320 0.055000
v -0.128677 1.993515 0.055000
v -0.128677 1.981860 0.055000
v -0.188842 1.926000 0.055000
v -0.188842 1.997610 0.055000
v -0.178552 1.997610 0.055000
v -0.178552 1.926000 0.055000
v -0.239767 1.997610 0.055000
v -0.233459 1.997228 0.055000
v -0.227757 1.996132 0.055000
v -0.222649 1.994393 0.055000
v -0.218126 1.992084 0.055000
v -0.214176 1.989278 0.055000
v -0.210787 1.986047 0.055000
v -0.207951 1.982464 0.055000
v -0.205654 1.978601 0.055000
v -0.203887 1.974531 0.055000
v -0.202638 1.970327 0.055000
v -0.201897 1.966061 0.055000
v -0.201652 1.961805 0.055000
v -0.201949 1.957240 0.055000
v -0.202827 1.952772 0.055000
v -0.204269 1.948458 0.055000
v -0.206257 1.944355 0.055000
v -0.208772 1.940521 0.055000
v -0.211798 1.937012 0.055000
v -0.215316 1.933886 0.055000
v -0.219308 1.931199 0.055000
v -0.223757 1.929011 0.055000
v -0.228644 1.927376 0.055000
v -0.233952 1.926354 0.055000
v -0.239662 1.926000 0.055000
v -0.267592 1.926000 0.055000
v -0.267592 1.997610 0.055000
v -0.240922 1.935240 0.055000
v -0.235462 1.935594 0.055000
v -0.230705 1.936595 0.055000
v -0.226610 1.938150 0.055000
v -0.223131 1.940167 0.055000
v -0.220225 1.942553 0.055000
v -0.217849 1.945215 0.055000
v -0.215958 1.948061 0.055000
v -0.214509 1.950998 0.055000
v -0.213458 1.953933 0.055000
v -0.212762 1.956775 0.055000
v -0.212376 1.959430 0.055000
v -0.212257 1.961805 0.055000
v -0.212449 1.965350 0.055000
v -0.213027 1.968768 0.055000
v -0.213998 1.972024 0.055000
v -0.215369 1.975085 0.055000
v -0.217144 1.977916 0.055000
v -0.219332 1.980482 0.055000
v -0.221937 1.982748 0.055000
v -0.224966 1.984679 0.055000
v -0.228426 1.986242 0.055000
v -0.232322 1.987401 0.055000
v -0.236660 1.988122 0.055000
v -0.241447 1.988370 0.055000
v -0.257302 1.988370 0.055000
v -0.257302 1.935240 0.055000
v 0.248010 1.892610 0.035000
v 0.254318 1.892228 0.035000
v 0.260021 1.891132 0.035000
v 0.265128 1.889393 0.035000
v 0.269652 1.887084 0.035000
v 0.273602 1.884278 0.035000
v 0.276990 1.881047 0.035000
v 0.279827 1.877464 0.035000
v 0.282123 1.873601 0.035000
v 0.283890 1.869531 0.035000
v 0.285139 1.865327 0.035000
v 0.285880 1.861061 0.035000
v 0.286125 1.856805 0.035000
v 0.285828 1.852240 0.035000
v 0.284950 1.847772 0.035000
v 0.283508 1.843459 0.035000
v 0.281521 1.839355 0.035000
v 0.279005 1.835521 0.035000
v 0.275979 1.832012 0.035000
v 0.272462 1.828886 0.035000
v 0.268469 1.826199 0.035000
v 0.264021 1.824010 0.035000
v 0.259134 1.822376 0.035000
v 0.253826 1.821354 0.035000
v 0.248115 1.821000 0.035000
v 0.220185 1.821000 0.035000
v 0.220185 1.892610 0.035000
v 0.246855 1.830240 0.035000
v 0.252316 1.830594 0.035000
v 0.257072 1.831595 0.035000
v 0.261168 1.833150 0.035000
v 0.264647 1.835167 0.035000
v 0.267552 1.837553 0.035000
v 0.269929 1.840215 0.035000
v 0.271819 1.843061 0.035000
v 0.273268 1.845998 0.035000
v 0.274319 1.848933 0.035000
v 0.275015 1.851775 0.035000
v 0.275401 1.854429 0.035000
v 0.275520 1.856805 0.035000
v 0.275329 1.860350 0.035000
v 0.274751 1.863768 0.035000
v 0.273779 1.867024 0.035000
v 0.272409 1.870085 0.035000
v 0.270633 1.872916 0.035000
v 0.268446 1.875482 0.035000
v 0.265840 1.877748 0.035000
v 0.262811 1.879679 0.035000
v 0.259352 1.881242 0.035000
v 0.255456 1.882401 0.035000
v 0.251117 1.883122 0.035000
v 0.246330 1.883370 0.035000
v 0.230475 1.883370 0.035000
v 0.230475 1.830240 0.035000
v 0.201705 1.821000 0.035000
v 0.192150 1.842105 0.035000
v 0.161700 1.842105 0.035000
v 0.152670 1.821000 0.035000
v 0.142170 1.821000 0.035000
v 0.172935 1.893030 0.035000
v 0.180180 1.893030 0.035000
v 0.212205 1.821000 0.035000
v 0.187950 1.851345 0.035000
v 0.176400 1.877280 0.035000
v 0.165690 1.851345 0.035000
v 0.099225 1.892610 0.035000
v 0.105533 1.892228 0.035000
v 0.111236 1.891132 0.035000
v 0.116343 1.889393 0.035000
v 0.120867 1.887084 0.035000
v 0.124817 1.884278 0.035000
v 0.128205 1.881047 0.035000
v 0.131042 1.877464 0.035000
v 0.133338 1.873601 0.035000
v 0.135105 1.869531 0.035000
v 0.136354 1.865327 0.035000
v 0.137095 1.861061 0.035000
v 0.137340 1.856805 0.035000
v 0.137043 1.852240 0.035000
v 0.136165 1.847772 0.035000
v 0.134723 1.843459 0.035000
v 0.132736 1.839355 0.035000
v 0.130220 1.835521 0.035000
v 0.127194 1.832012 0.035000
v 0.123677 1.828886 0.035000
v 0.119684 1.826199 0.035000
v 0.115236 1.824010 0.035000
v 0.110349 1.822376 0.035000
v 0.105041 1.821354 0.035000
v 0.099330 1.821000 0.035000
v 0.071400 1.821000 0.035000
v 0.071400 1.892610 0.035000
v 0.098070 1.830240 0.035000
v 0.103531 1.830594 0.035000
v 0.108287 1.831595 0.035000
v 0.112383 1.833150 0.035000
v 0.115862 1.835167 0.035000
v 0.118767 1.837553 0.035000
v 0.121144 1.840215 0.035000
v 0.123034 1.843061 0.035000
v 0.124483 1.845998 0.035000
v 0.125534 1.848933 0.035000
v 0.126230 1.851775 0.035000
v 0.126616 1.854429 0.035000
v 0.126735 1.856805 0.035000
v 0.126544 1.860350 0.035000
v 0.125965 1.863768 0.035000
v 0.124994 1.867024 0.035000
v 0.123624 1.870085 0.035000
v 0.121848 1.872916 0.035000
v 0.119661 1.875482 0.035000
v 0.117055 1.877748 0.035000
v 0.114026 1.879679 0.035000
v 0.110567 1.881242 0.035000
v 0.106671 1.882401 0.035000
v 0.102332 1.883122 0.035000
v 0.097545 1.883370 0.035000
v 0.081690 1.883370 0.035000
v 0.081690 1.830240 0.035000
v 0.045150 1.821000 0.035000
v 0.045150 1.892610 0.035000
v 0.055440 1.892610 0.035000
v 0.055440 1.821000 0.035000
v 0.029530 1.877877 0.035000
v 0.027396 1.878989 0.035000
v 0.025300 1.879985 0.035000
v 0.023236 1.880869 0.035000
v 0.021197 1.881643 0.035000
v 0.019176 1.882307 0.035000
v 0.017165 1.882864 0.035000
v 0.015159 1.883316 0.035000
v 0.013150 1.883664 0.035000
v 0.011131 1.883910 0.035000
v 0.009095 1.884057 0.035000
v 0.007035 1.884105 0.035000
v 0.003032 1.883867 0.035000
v -0.000768 1.883169 0.035000
v -0.004338 1.882038 0.035000
v -0.007649 1.880500 0.035000
v -0.010675 1.878582 0.035000
v -0.013387 1.876309 0.035000
v -0.015758 1.873708 0.035000
v -0.017761 1.870805 0.035000
v -0.019366 1.867627 0.035000
v -0.020547 1.864199 0.035000
v -0.021276 1.860548 0.035000
v -0.021525 1.856700 0.035000
v -0.021284 1.852790 0.035000
v -0.020574 1.849107 0.035000
v -0.019418 1.845673 0.035000
v -0.017838 1.842509 0.035000
v -0.015856 1.839637 0.035000
v -0.013492 1.837078 0.035000
v -0.010771 1.834854 0.035000
v -0.007712 1.832986 0.035000
v -0.004338 1.831495 0.035000
v -0.000671 1.830404 0.035000
v 0.003267 1.829733 0.035000
v 0.007455 1.829505 0.035000
v 0.009491 1.829564 0.035000
v 0.011552 1.829739 0.035000
v 0.013634 1.830030 0.035000
v 0.015731 1.830434 0.035000
v 0.017838 1.830951 0.035000
v 0.019950 1.831579 0.035000
v 0.022062 1.832316 0.035000
v 0.024169 1.833161 0.035000
v 0.026266 1.834112 0.035000
v 0.028348 1.835168 0.035000
v 0.030409 1.836328 0.035000
v 0.032445 1.837590 0.035000
v 0.032445 1.826355 0.035000
v 0.030671 1.825459 0.035000
v 0.028861 1.824612 0.035000
v 0.027005 1.823820 0.035000
v 0.025091 1.823088 0.035000
v 0.023110 1.822422 0.035000
v 0.021053 1.821827 0.035000
v 0.018907 1.821308 0.035000
v 0.016664 1.820872 0.035000
v 0.014313 1.820523 0.035000
v 0.011844 1.820266 0.035000
v 0.009246 1.820109 0.035000
v 0.006510 1.820055 0.035000
v 0.000103 1.820471 0.035000
v -0.005686 1.821657 0.035000
v -0.010867 1.823522 0.035000
v -0.015454 1.825974 0.035000
v -0.019458 1.828922 0.035000
v -0.022890 1.832274 0.035000
v -0.025762 1.835940 0.035000
v -0.028086 1.839826 0.035000
v -0.029872 1.843842 0.035000
v -0.031134 1.847897 0.035000
v -0.031883 1.851898 0.035000
v -0.032130 1.855755 0.035000
v -0.031792 1.861087 0.035000
v -0.030803 1.866138 0.035000
v -0.029198 1.870875 0.035000
v -0.027012 1.875262 0.035000
v -0.024281 1.879263 0.035000
v -0.021039 1.882845 0.035000
v -0.017323 1.885972 0.035000
v -0.013168 1.888608 0.035000
v -0.008608 1.890720 0.035000
v -0.003680 1.892272 0.035000
v 0.001581 1.893228 0.035000
v 0.007140 1.893555 0.035000
v 0.008981 1.893517 0.035000
v 0.010834 1.893404 0.035000
v 0.012707 1.893212 0.035000
v 0.014607 1.892941 0.035000
v 0.016542 1.892587 0.035000
v 0.018519 1.892151 0.035000
v 0.020547 1.891629 0.035000
v 0.022633 1.891019 0.035000
v 0.024785 1.890321 0.035000
v 0.027010 1.889532 0.035000
v 0.029316 1.888651 0.035000
v 0.031710 1.887675 0.035000
v 0.031710 1.876650 0.035000
v -0.074709 1.893213 0.035000
v -0.069372 1.892218 0.035000
v -0.064442 1.890618 0.035000
v -0.059939 1.888461 0.035000
v -0.055886 1.885792 0.035000
v -0.052303 1.882661 0.035000
v -0.049212 1.879114 0.035000
v -0.046636 1.875199 0.035000
v -0.044594 1.870964 0.035000
v -0.043109 1.866454 0.035000
v -0.042202 1.861719 0.035000
v -0.041895 1.856805 0.035000
v -0.042194 1.852023 0.035000
v -0.043081 1.847374 0.035000
v -0.044538 1.842912 0.035000
v -0.046550 1.838691 0.035000
v -0.049100 1.834764 0.035000
v -0.052172 1.831185 0.035000
v -0.055749 1.828009 0.035000
v -0.059815 1.825289 0.035000
v -0.064353 1.823080 0.035000
v -0.069348 1.821436 0.035000
v -0.074782 1.820409 0.035000
v -0.080640 1.820055 0.035000
v -0.086311 1.820407 0.035000
v -0.091601 1.821428 0.035000
v -0.096490 1.823066 0.035000
v -0.100956 1.825266 0.035000
v -0.104976 1.827977 0.035000
v -0.108531 1.831146 0.035000
v -0.111597 1.834719 0.035000
v -0.114154 1.838644 0.035000
v -0.116181 1.842868 0.035000
v -0.117655 1.847338 0.035000
v -0.118555 1.852001 0.035000
v -0.118860 1.856805 0.035000
v -0.118547 1.861697 0.035000
v -0.117625 1.866418 0.035000
v -0.116119 1.870919 0.035000
v -0.114053 1.875153 0.035000
v -0.111454 1.879070 0.035000
v -0.108347 1.882622 0.035000
v -0.104756 1.885761 0.035000
v -0.100707 1.888437 0.035000
v -0.096224 1.890604 0.035000
v -0.091334 1.892211 0.035000
v -0.086061 1.893211 0.035000
v -0.080430 1.893555 0.035000
v -0.076506 1.829743 0.035000
v -0.072783 1.830441 0.035000
v -0.069288 1.831571 0.035000
v -0.066049 1.833106 0.035000
v -0.063091 1.835021 0.035000
v -0.060441 1.837288 0.035000
v -0.058125 1.839881 0.035000
v -0.056171 1.842774 0.035000
v -0.054605 1.845939 0.035000
v -0.053453 1.849350 0.035000
v -0.052743 1.852981 0.035000
v -0.052500 1.856805 0.035000
v -0.052743 1.860651 0.035000
v -0.053453 1.864296 0.035000
v -0.054605 1.867715 0.035000
v -0.056171 1.870883 0.035000
v -0.058125 1.873773 0.035000
v -0.060441 1.876361 0.035000
v -0.063091 1.878621 0.035000
v -0.066049 1.880527 0.035000
v -0.069288 1.882054 0.035000
v -0.072783 1.883176 0.035000
v -0.076506 1.883869 0.035000
v -0.080430 1.884105 0.035000
v -0.084330 1.883869 0.035000
v -0.088033 1.883176 0.035000
v -0.091511 1.882054 0.035000
v -0.094737 1.880527 0.035000
v -0.097685 1.878621 0.035000
v -0.100327 1.876361 0.035000
v -0.102637 1.873773 0.035000
v -0.104588 1.870883 0.035000
v -0.106152 1.867715 0.035000
v -0.107302 1.864296 0.035000
v -0.108012 1.860651 0.035000
v -0.108255 1.856805 0.035000
v -0.108012 1.852981 0.035000
v -0.107302 1.849350 0.035000
v -0.106152 1.845939 0.035000
v -0.104588 1.842774 0.035000
v -0.102637 1.839881 0.035000
v -0.100327 1.837288 0.035000
v -0.097685 1.835021 0.035000
v -0.094737 1.833106 0.035000
v -0.091511 1.831571 0.035000
v -0.088033 1.830441 0.035000
v -0.084330 1.829743 0.035000
v -0.080430 1.829505 0.035000
v -0.124635 1.830240 0.035000
v -0.124635 1.821000 0.035000
v -0.167265 1.821000 0.035000
v -0.167265 1.892610 0.035000
v -0.156975 1.892610 0.035000
v -0.156975 1.830240 0.035000
v -0.209370 1.883370 0.035000
v -0.209370 1.861740 0.035000
v -0.180075 1.861740 0.035000
v -0.180075 1.852500 0.035000
v -0.209370 1.852500 0.035000
v -0.209370 1.830240 0.035000
v -0.178080 1.830240 0.035000
v -0.178080 1.821000 0.035000
v -0.219660 1.821000 0.035000
v -0.219660 1.892610 0.035000
v -0.179025 1.892610 0.035000
v -0.179025 1.883370 0.035000
v -0.259980 1.820370 0.035000
v -0.290955 1.892610 0.035000
v -0.280665 1.892610 0.035000
v -0.259140 1.842315 0.035000
v -0.237720 1.892610 0.035000
v -0.227535 1.892610 0.035000
v -0.257880 1.820370 0.035000
v 0.265072 1.926000 0.035000
v 0.255517 1.947105 0.035000
v 0.225067 1.947105 0.035000
v 0.216037 1.926000 0.035000
v 0.205537 1.926000 0.035000
v 0.236302 1.998030 0.035000
v 0.243547 1.998030 0.035000
v 0.275573 1.926000 0.035000
v 0.251318 1.956345 0.035000
v 0.239767 1.982280 0.035000
v 0.229057 1.956345 0.035000
v 0.205538 1.997610 0.035000
v 0.178973 1.963800 0.035000
v 0.178973 1.926000 0.035000
v 0.168683 1.926000 0.035000
v 0.168683 1.963905 0.035000
v 0.142118 1.997610 0.035000
v 0.154508 1.997610 0.035000
v 0.173723 1.972935 0.035000
v 0.193148 1.997610 0.035000
v 0.135599 1.949884 0.035000
v 0.134941 1.945897 0.035000
v 0.133844 1.942198 0.035000
v 0.132306 1.938806 0.035000
v 0.130326 1.935741 0.035000
v 0.127903 1.933022 0.035000
v 0.125036 1.930668 0.035000
v 0.121724 1.928699 0.035000
v 0.117966 1.927134 0.035000
v 0.113760 1.925992 0.035000
v 0.109106 1.925292 0.035000
v 0.104003 1.925055 0.035000
v 0.100240 1.925234 0.035000
v 0.096544 1.925775 0.035000
v 0.092964 1.926689 0.035000
v 0.089551 1.927983 0.035000
v 0.086354 1.929667 0.035000
v 0.083423 1.931749 0.035000
v 0.080806 1.934237 0.035000
v 0.078554 1.937142 0.035000
v 0.076716 1.940470 0.035000
v 0.075341 1.944232 0.035000
v 0.074481 1.948436 0.035000
v 0.074183 1.953090 0.035000
v 0.074183 1.997610 0.035000
v 0.084473 1.997610 0.035000
v 0.084473 1.955295 0.035000
v 0.084495 1.953369 0.035000
v 0.084565 1.951625 0.035000
v 0.084687 1.950045 0.035000
v 0.084865 1.948614 0.035000
v 0.085103 1.947315 0.035000
v 0.085404 1.946134 0.035000
v 0.085774 1.945053 0.035000
v 0.086215 1.944056 0.035000
v 0.086732 1.943128 0.035000
v 0.087328 1.942253 0.035000
v 0.088009 1.941414 0.035000
v 0.088778 1.940595 0.035000
v 0.089823 1.939615 0.035000
v 0.090912 1.938722 0.035000
v 0.092046 1.937916 0.035000
v 0.093222 1.937196 0.035000
v 0.094443 1.936562 0.035000
v 0.095707 1.936014 0.035000
v 0.097016 1.935552 0.035000
v 0.098368 1.935174 0.035000
v 0.099763 1.934881 0.035000
v 0.101203 1.934672 0.035000
v 0.102686 1.934547 0.035000
v 0.104213 1.934505 0.035000
v 0.106135 1.934556 0.035000
v 0.107965 1.934707 0.035000
v 0.109702 1.934950 0.035000
v 0.111345 1.935279 0.035000
v 0.112893 1.935688 0.035000
v 0.114345 1.936172 0.035000
v 0.115701 1.936723 0.035000
v 0.116960 1.937336 0.035000
v 0.118122 1.938004 0.035000
v 0.119185 1.938722 0.035000
v 0.120149 1.939483 0.035000
v 0.121013 1.940280 0.035000
v 0.121873 1.941231 0.035000
v 0.122623 1.942248 0.035000
v 0.123268 1.943330 0.035000
v 0.123816 1.944476 0.035000
v 0.124274 1.945686 0.035000
v 0.124648 1.946961 0.035000
v 0.124946 1.948298 0.035000
v 0.125174 1.949699 0.035000
v 0.125339 1.951162 0.035000
v 0.125448 1.952688 0.035000
v 0.125509 1.954276 0.035000
v 0.125528 1.955925 0.035000
v 0.125528 1.997610 0.035000
v 0.135818 1.997610 0.035000
v 0.135818 1.954140 0.035000
v 0.051083 1.926000 0.035000
v 0.003203 1.981125 0.035000
v 0.003203 1.926000 0.035000
v -0.006457 1.926000 0.035000
v -0.006457 1.997610 0.035000
v 0.001733 1.997610 0.035000
v 0.050243 1.942170 0.035000
v 0.050243 1.997610 0.035000
v 0.059903 1.997610 0.035000
v 0.059903 1.926000 0.035000
v -0.032497 1.926000 0.035000
v -0.032497 1.997610 0.035000
v -0.022207 1.997610 0.035000
v -0.022207 1.926000 0.035000
v -0.058327 1.926000 0.035000
v -0.058327 1.981755 0.035000
v -0.058537 1.981755 0.035000
v -0.080587 1.954035 0.035000
v -0.082267 1.954035 0.035000
v -0.104317 1.981755 0.035000
v -0.104527 1.981755 0.035000
v -0.104527 1.926000 0.035000
v -0.114817 1.926000 0.035000
v -0.114817 1.997610 0.035000
v -0.105157 1.997610 0.035000
v -0.081427 1.968210 0.035000
v -0.057592 1.997610 0.035000
v -0.048037 1.997610 0.035000
v -0.048037 1.926000 0.035000
v -0.130195 1.983220 0.035000
v -0.131701 1.984417 0.035000
v -0.133192 1.985461 0.035000
v -0.134666 1.986359 0.035000
v -0.136120 1.987121 0.035000
v -0.137550 1.987753 0.035000
v -0.138954 1.988265 0.035000
v -0.140329 1.988666 0.035000
v -0.141671 1.988962 0.035000
v -0.142979 1.989164 0.035000
v -0.144249 1.989279 0.035000
v -0.145477 1.989315 0.035000
v -0.147090 1.989244 0.035000
v -0.148614 1.989035 0.035000
v -0.150040 1.988695 0.035000
v -0.151357 1.988230 0.035000
v -0.152557 1.987647 0.035000
v -0.153628 1.986952 0.035000
v -0.154562 1.986153 0.035000
v -0.155347 1.985255 0.035000
v -0.155976 1.984265 0.035000
v -0.156437 1.983190 0.035000
v -0.156721 1.982036 0.035000
v -0.156817 1.980810 0.035000
v -0.156208 1.977641 0.035000
v -0.154523 1.974925 0.035000
v -0.151978 1.972535 0.035000
v -0.148787 1.970341 0.035000
v -0.145166 1.968216 0.035000
v -0.141330 1.966031 0.035000
v -0.137494 1.963658 0.035000
v -0.133873 1.960969 0.035000
v -0.130682 1.957835 0.035000
v -0.128137 1.954127 0.035000
v -0.126452 1.949719 0.035000
v -0.125842 1.944480 0.035000
v -0.126017 1.941738 0.035000
v -0.126526 1.939140 0.035000
v -0.127352 1.936705 0.035000
v -0.128475 1.934451 0.035000
v -0.129877 1.932394 0.035000
v -0.131539 1.930554 0.035000
v -0.133441 1.928948 0.035000
v -0.135565 1.927594 0.035000
v -0.137891 1.926510 0.035000
v -0.140401 1.925714 0.035000
v -0.143077 1.925223 0.035000
v -0.145897 1.925055 0.035000
v -0.147810 1.925099 0.035000
v -0.149665 1.925231 0.035000
v -0.151467 1.925454 0.035000
v -0.153220 1.925767 0.035000
v -0.154928 1.926172 0.035000
v -0.156594 1.926669 0.035000
v -0.158224 1.927261 0.035000
v -0.159820 1.927948 0.035000
v -0.161387 1.928732 0.035000
v -0.162928 1.929612 0.035000
v -0.164449 1.930591 0.035000
v -0.165952 1.931670 0.035000
v -0.165952 1.944690 0.035000
v -0.164612 1.943074 0.035000
v -0.163218 1.941587 0.035000
v -0.161774 1.940231 0.035000
v -0.160282 1.939008 0.035000
v -0.158747 1.937922 0.035000
v -0.157172 1.936972 0.035000
v -0.155559 1.936163 0.035000
v -0.153912 1.935497 0.035000
v -0.152235 1.934974 0.035000
v -0.150531 1.934598 0.035000
v -0.148802 1.934371 0.035000
v -0.147052 1.934295 0.035000
v -0.145147 1.934396 0.035000
v -0.143418 1.934687 0.035000
v -0.141865 1.935145 0.035000
v -0.140484 1.935749 0.035000
v -0.139274 1.936479 0.035000
v -0.138232 1.937314 0.035000
v -0.137357 1.938231 0.035000
v -0.136646 1.939211 0.035000
v -0.136096 1.940231 0.035000
v -0.135707 1.941271 0.035000
v -0.135474 1.942309 0.035000
v -0.135397 1.943325 0.035000
v -0.136007 1.946771 0.035000
v -0.137692 1.949778 0.035000
v -0.140237 1.952453 0.035000
v -0.143428 1.954906 0.035000
v -0.147049 1.957244 0.035000
v -0.150885 1.959574 0.035000
v -0.154721 1.962005 0.035000
v -0.158342 1.964644 0.035000
v -0.161533 1.967600 0.035000
v -0.164078 1.970980 0.035000
v -0.165763 1.974892 0.035000
v -0.166372 1.979445 0.035000
v -0.166195 1.982269 0.035000
v -0.165674 1.984907 0.035000
v -0.164822 1.987348 0.035000
v -0.163654 1.989579 0.035000
v -0.162184 1.991591 0.035000
v -0.160427 1.993371 0.035000
v -0.158396 1.994908 0.035000
v -0.156106 1.996191 0.035000
v -0.153571 1.997208 0.035000
v -0.150805 1.997949 0.035000
v -0.147822 1.998402 0.035000
v -0.144637 1.998555 0.035000
v -0.143273 1.998520 0.035000
v -0.141909 1.998415 0.035000
v -0.140549 1.998240 0.035000
v -0.139193 1.997995 0.035000
v -0.137843 1.997680 0.035000
v -0.136500 1.997295 0.035000
v -0.135166 1.996840 0.035000
v -0.133842 1.996315 0.035000
v -0.132530 1.995720 0.035000
v -0.131231 1.995055 0.035000
v -0.129946 1.994320 0.035000
v -0.128677 1.993515 0.035000
v -0.128677 1.981860 0.035000
v -0.188842 1.926000 0.035000
v -0.188842 1.997610 0.035000
v -0.178552 1.997610 0.035000
v -0.178552 1.926000 0.035000
v -0.239767 1.997610 0.035000
v -0.233459 1.997228 0.035000
v -0.227757 1.996132 0.035000
v -0.222649 1.994393 0.035000
v -0.218126 1.992084 0.035000
v -0.214176 1.989278 0.035000
v -0.210787 1.986047 0.035000
v -0.207951 1.982464 0.035000
v -0.205654 1.978601 0.035000
v -0.203887 1.974531 0.035000
v -0.202638 1.970327 0.035000
v -0.201897 1.966061 0.035000
v -0.201652 1.961805 0.035000
v -0.201949 1.957240 0.035000
v -0.202827 1.952772 0.035000
v -0.204269 1.948458 0.035000
v -0.206257 1.944355 0.035000
v -0.208772 1.940521 0.035000
v -0.211798 1.937012 0.035000
v -0.215316 1.933886 0.035000
v -0.219308 1.931199 0.035000
v -0.223757 1.929011 0.035000
v -0.228644 1.927376 0.035000
v -0.233952 1.926354 0.035000
v -0.239662 1.926000 0.035000
v -0.267592 1.926000 0.035000
v -0.267592 1.997610 0.035000
v -0.240922 1.935240 0.035000
v -0.235462 1.935594 0.035000
v -0.230705 1.936595 0.035000
v -0.226610 1.938150 0.035000
v -0.223131 1.940167 0.035000
v -0.220225 1.942553 0.035000
v -0.217849 1.945215 0.035000
v -0.215958 1.948061 0.035000
v -0.214509 1.950998 0.035000
v -0.213458 1.953933 0.035000
v -0.212762 1.956775 0.035000
v -0.212376 1.959430 0.035000
v -0.212257 1.961805 0.035000
v -0.212449 1.965350 0.035000
v -0.213027 1.968768 0.035000
v -0.213998 1.972024 0.035000
v -0.215369 1.975085 0.035000
v -0.217144 1.977916 0.035000
v -0.219332 1.980482 0.035000
v -0.221937 1.982748 0.035000
v -0.224966 1.984679 0.035000
v -0.228426 1.986242 0.035000
v -0.232322 1.987401 0.035000
v -0.236660 1.988122 0.035000
v -0.241447 1.988370 0.035000
v -0.257302 1.988370 0.035000
v -0.257302 1.935240 0.035000
v -0.239767 1.997610 0.035000
v -0.239767 1.997610 0.055000
v -0.233459 1.997228 0.035000
v -0.233459 1.997228 0.055000
v -0.227757 1.996132 0.035000
v -0.227757 1.996132 0.055000
v -0.222649 1.994393 0.035000
v -0.222649 1.994393 0.055000
v -0.218126 1.992084 0.035000
v -0.218126 1.992084 0.055000
v -0.214176 1.989278 0.035000
v -0.214176 1.989278 0.055000
v -0.210787 1.986047 0.035000
v -0.210787 1.986047 0.055000
v -0.207951 1.982464 0.035000
v -0.207951 1.982464 0.055000
v -0.205654 1.978601 0.035000
v -0.205654 1.978601 0.055000
v -0.203887 1.974531 0.035000
v -0.203887 1.974531 0.055000
v -0.202638 1.970327 0.035000
v -0.202638 1.970327 0.055000
v -0.201897 1.966061 0.035000
v -0.201897 1.966061 0.055000
v -0.201652 1.961805 0.035000
v -0.201652 1.961805 0.055000
v -0.201949 1.957240 0.035000
v -0.201949 1.957240 0.055000
v -0.202827 1.952772 0.035000
v -0.202827 1.952772 0.055000
v -0.204269 1.948458 0.035000
v -0.204269 1.948458 0.055000
v -0.206257 1.944355 0.035000
v -0.206257 1.944355 0.055000
v -0.208772 1.940521 0.035000
v -0.208772 1.940521 0.055000
v -0.211798 1.937012 0.035000
v -0.211798 1.937012 0.055000
v -0.215316 1.933886 0.035000
v -0.215316 1.933886 0.055000
v -0.219308 1.931199 0.035000
v -0.219308 1.931199 0.055000
v -0.223757 1.929011 0.035000
v -0.223757 1.929011 0.055000
v -0.228644 1.927376 0.035000
v -0.228644 1.927376 0.055000
v -0.233952 1.926354 0.035000
v -0.233952 1.926354 0.055000
v -0.239662 1.926000 0.035000
v -0.239662 1.926000 0.055000
v -0.267592 1.926000 0.035000
v -0.267592 1.926000 0.055000
v -0.267592 1.997610 0.035000
v -0.267592 1.997610 0.055000
v -0.240922 1.935240 0.035000
v -0.240922 1.935240 0.055000
v -0.235462 1.935594 0.035000
v -0.235462 1.935594 0.055000
v -0.230705 1.936595 0.035000
v -0.230705 1.936595 0.055000
v -0.226610 1.938150 0.035000
v -0.226610 1.938150 0.055000
v -0.223131 1.940167 0.035000
v -0.223131 1.940167 0.055000
v -0.220225 1.942553 0.035000
v -0.220225 1.942553 0.055000
v -0.217849 1.945215 0.035000
v -0.217849 1.945215 0.055000
v -0.215958 1.948061 0.035000
v -0.215958 1.948061 0.055000
v -0.214509 1.950998 0.035000
v -0.214509 1.950998 0.055000
v -0.213458 1.953933 0.035000
v -0.213458 1.953933 0.055000
v -0.212762 1.956775 0.035000
v -0.212762 1.956775 0.055000
v -0.212376 1.959430 0.035000
v -0.212376 1.959430 0.055000
v -0.212257 1.961805 0.035000
v -0.212257 1.961805 0.055000
v -0.212449 1.965350 0.035000
v -0.212449 1.965350 0.055000
v -0.213027 1.968768 0.035000
v -0.213027 1.968768 0.055000
v -0.213998 1.972024 0.035000
v -0.213998 1.972024 0.055000
v -0.215369 1.975085 0.035000
v -0.215369 1.975085 0.055000
v -0.217144 1.977916 0.035000
v -0.217144 1.977916 0.055000
v -0.219332 1.980482 0.035000
v -0.219332 1.980482 0.055000
v -0.221937 1.982748 0.035000
v -0.221937 1.982748 0.055000
v -0.224966 1.984679 0.035000
v -0.224966 1.984679 0.055000
v -0.228426 1.986242 0.035000
v -0.228426 1.986242 0.055000
v -0.232322 1.987401 0.035000
v -0.232322 1.987401 0.055000
v -0.236660 1.988122 0.035000
v -0.236660 1.988122 0.055000
v -0.241447 1.988370 0.035000
v -0.241447 1.988370 0.055000
v -0.257302 1.988370 0.035000
v -0.257302 1.988370 0.055000
v -0.257302 1.935240 0.035000
v -0.257302 1.935240 0.055000
v -0.188842 1.926000 0.035000
v -0.188842 1.926000 0.055000
v -0.188842 1.997610 0.035000
v -0.188842 1.997610 0.055000
v -0.178552 1.997610 0.035000
v -0.178552 1.997610 0.055000
v -0.178552 1.926000 0.035000
v -0.178552 1.926000 0.055000
v -0.130195 1.983220 0.035000
v -0.130195 1.983220 0.055000
v -0.131701 1.984417 0.035000
v -0.131701 1.984417 0.055000
v -0.133192 1.985461 0.035000
v -0.133192 1.985461 0.055000
v -0.134666 1.986359 0.035000
v -0.134666 1.986359 0.055000
v -0.136120 1.987121 0.035000
v -0.136120 1.987121 0.055000
v -0.137550 1.987753 0.035000
v -0.137550 1.987753 0.055000
v -0.138954 1.988265 0.035000
v -0.138954 1.988265 0.055000
v -0.140329 1.988666 0.035000
v -0.140329 1.988666 0.055000
v -0.141671 1.988962 0.035000
v -0.141671 1.988962 0.055000
v -0.142979 1.989164 0.035000
v -0.142979 1.989164 0.055000
v -0.144249 1.989279 0.035000
v -0.144249 1.989279 0.055000
v -0.145477 1.989315 0.035000
v -0.145477 1.989315 0.055000
v -0.147090 1.989244 0.035000
v -0.147090 1.989244 0.055000
v -0.148614 1.989035 0.035000
v -0.148614 1.989035 0.055000
v -0.150040 1.988695 0.035000
v -0.150040 1.988695 0.055000
v -0.151357 1.988230 0.035000
v -0.151357 1.988230 0.055000
v -0.152557 1.987647 0.035000
v -0.152557 1.987647 0.055000
v -0.153628 1.986952 0.035000
v -0.153628 1.986952 0.055000
v -0.154562 1.986153 0.035000
v -0.154562 1.986153 0.055000
v -0.155347 1.985255 0.035000
v -0.155347 1.985255 0.055000
v -0.155976 1.984265 0.035000
v -0.155976 1.984265 0.055000
v -0.156437 1.983190 0.035000
v -0.156437 1.983190 0.055000
v -0.156721 1.982036 0.035000
v -0.156721 1.982036 0.055000
v -0.156817 1.980810 0.035000
v -0.156817 1.980810 0.055000
v -0.156208 1.977641 0.035000
v -0.156208 1.977641 0.055000
v -0.154523 1.974925 0.035000
v -0.154523 1.974925 0.055000
v -0.151978 1.972535 0.035000
v -0.151978 1.972535 0.055000
v -0.148787 1.970341 0.035000
v -0.148787 1.970341 0.055000
v -0.145166 1.968216 0.035000
v -0.145166 1.968216 0.055000
v -0.141330 1.966031 0.035000
v -0.141330 1.966031 0.055000
v -0.137494 1.963658 0.035000
v -0.137494 1.963658 0.055000
v -0.133873 1.960969 0.035000
v -0.133873 1.960969 0.055000
v -0.130682 1.957835 0.035000
v -0.130682 1.957835 0.055000
v -0.128137 1.954127 0.035000
v -0.128137 1.954127 0.055000
v -0.126452 1.949719 0.035000
v -0.126452 1.949719 0.055000
v -0.125842 1.944480 0.035000
v -0.125842 1.944480 0.055000
v -0.126017 1.941738 0.035000
v -0.126017 1.941738 0.055000
v -0.126526 1.939140 0.035000
v -0.126526 1.939140 0.055000
v -0.127352 1.936705 0.035000
v -0.127352 1.936705 0.055000
v -0.128475 1.934451 0.035000
v -0.128475 1.934451 0.055000
v -0.129877 1.932394 0.035000
v -0.129877 1.932394 0.055000
v -0.131539 1.930554 0.035000
v -0.131539 1.930554 0.055000
v -0.133441 1.928948 0.035000
v -0.133441 1.928948 0.055000
v -0.135565 1.927594 0.035000
v -0.135565 1.927594 0.055000
v -0.137891 1.926510 0.035000
v -0.137891 1.926510 0.055000
v -0.140401 1.925714 0.035000
v -0.140401 1.925714 0.055000
v -0.143077 1.925223 0.035000
v -0.143077 1.925223 0.055000
v -0.145897 1.925055 0.035000
v -0.145897 1.925055 0.055000
v -0.147810 1.925099 0.035000
v -0.147810 1.925099 0.055000
v -0.149665 1.925231 0.035000
v -0.149665 1.925231 0.055000
v -0.151467 1.925454 0.035000
v -0.151467 1.925454 0.055000
v -0.153220 1.925767 0.035000
v -0.153220 1.925767 0.055000
v -0.154928 1.926172 0.035000
v -0.154928 1.926172 0.055000
v -0.156594 1.926669 0.035000
v -0.156594 1.926669 0.055000
v -0.158224 1.927261 0.035000
v -0.158224 1.927261 0.055000
v -0.159820 1.927948 0.035000
v -0.159820 1.927948 0.055000
v -0.161387 1.928732 0.035000
v -0.161387 1.928732 0.055000
v -0.162928 1.929612 0.035000
v -0.162928 1.929612 0.055000
v -0.164449 1.930591 0.035000
v -0.164449 1.930591 0.055000
v -0.165952 1.931670 0.035000
v -0.165952 1.931670 0.055000
v -0.165952 1.944690 0.035000
v -0.165952 1.944690 0.055000
v -0.164612 1.943074 0.035000
v -0.164612 1.943074 0.055000
v -0.163218 1.941587 0.035000
v -0.163218 1.941587 0.055000
v -0.161774 1.940231 0.035000
v -0.161774 1.940231 0.055000
v -0.160282 1.939008 0.035000
v -0.160282 1.939008 0.055000
v -0.158747 1.937922 0.035000
v -0.158747 1.937922 0.055000
v -0.157172 1.936972 0.035000
v -0.157172 1.936972 0.055000
v -0.155559 1.936163 0.035000
v -0.155559 1.936163 0.055000
v -0.153912 1.935497 0.035000
v -0.153912 1.935497 0.055000
v -0.152235 1.934974 0.035000
v -0.152235 1.934974 0.055000
v -0.150531 1.934598 0.035000
v -0.150531 1.934598 0.055000
v -0.148802 1.934371 0.035000
v -0.148802 1.934371 0.055000
v -0.147052 1.934295 0.035000
v -0.147052 1.934295 0.055000
v -0.145147 1.934396 0.035000
v -0.145147 1.934396 0.055000
v -0.143418 1.934687 0.035000
v -0.143418 1.934687 0.055000
v -0.141865 1.935145 0.035000
v -0.141865 1.935145 0.055000
v -0.140484 1.935749 0.035000
v -0.140484 1.935749 0.055000
v -0.139274 1.936479 0.035000
v -0.139274 1.936479 0.055000
v -0.138232 1.937314 0.035000
v -0.138232 1.937314 0.055000
v -0.137357 1.938231 0.035000
v -0.137357 1.938231 0.055000
v -0.136646 1.939211 0.035000
v -0.136646 1.939211 0.055000
v -0.136096 1.940231 0.035000
v -0.136096 1.940231 0.055000
v -0.135707 1.941271 0.035000
v -0.135707 1.941271 0.055000
v -0.135474 1.942309 0.035000
v -0.135474 1.942309 0.055000
v -0.135397 1.943325 0.035000
v -0.135397 1.943325 0.055000
v -0.136007 1.946771 0.035000
v -0.136007 1.946771 0.055000
v -0.137692 1.949778 0.035000
v -0.137692 1.949778 0.055000
v -0.140237 1.952453 0.035000
v -0.140237 1.952453 0.055000
v -0.143428 1.954906 0.035000
v -0.143428 1.954906 0.055000
v -0.147049 1.957244 0.035000
v -0.147049 1.957244 0.055000
v -0.150885 1.959574 0.035000
v -0.150885 1.959574 0.055000
v -0.154721 1.962005 0.035000
v -0.154721 1.962005 0.055000
v -0.158342 1.964644 0.035000
v -0.158342 1.964644 0.055000
v -0.161533 1.967600 0.035000
v -0.161533 1.967600 0.055000
v -0.164078 1.970980 0.035000
v -0.164078 1.970980 0.055000
v -0.165763 1.974892 0.035000
v -0.165763 1.974892 0.055000
v -0.166372 1.979445 0.035000
v -0.166372 1.979445 0.055000
v -0.166195 1.982269 0.035000
v -0.166195 1.982269 0.055000
v -0.165674 1.984907 0.035000
v -0.165674 1.984907 0.055000
v -0.164822 1.987348 0.035000
v -0.164822 1.987348 0.055000
v -0.163654 1.989579 0.035000
v -0.163654 1.989579 0.055000
v -0.162184 1.991591 0.035000
v -0.162184 1.991591 0.055000
v -0.160427 1.993371 0.035000
v -0.160427 1.993371 0.055000
v -0.158396 1.994908 0.035000
v -0.158396 1.994908 0.055000
v -0.156106 1.996191 0.035000
v -0.156106 1.996191 0.055000
v -0.153571 1.997208 0.035000
v -0.153571 1.997208 0.055000
v -0.150805 1.997949 0.035000
v -0.150805 1.997949 0.055000
v -0.147822 1.998402 0.035000
v -0.147822 1.998402 0.055000
v -0.144637 1.998555 0.035000
v -0.144637 1.998555 0.055000
v -0.143273 1.998520 0.035000
v -0.143273 1.998520 0.055000
v -0.141909 1.998415 0.035000
v -0.141909 1.998415 0.055000
v -0.140549 1.998240 0.035000
v -0.140549 1.998240 0.055000
v -0.139193 1.997995 0.035000
v -0.139193 1.997995 0.055000
v -0.137843 1.997680 0.035000
v -0.137843 1.997680 0.055000
v -0.136500 1.997295 0.035000
v -0.136500 1.997295 0.055000
v -0.135166 1.996840 0.035000
v -0.135166 1.996840 0.055000
v -0.133842 1.996315 0.035000
v -0.133842 1.996315 0.055000
v -0.132530 1.995720 0.035000
v -0.132530 1.995720 0.055000
v -0.131231 1.995055 0.035000
v -0.131231 1.995055 0.055000
v -0.129946 1.994320 0.035000
v -0.129946 1.994320 0.055000
v -0.128677 1.993515 0.035000
v -0.128677 1.993515 0.055000
v -0.128677 1.981860 0.035000
v -0.128677 1.981860 0.055000
v -0.058327 1.926000 0.035000
v -0.058327 1.926000 0.055000
v -0.058327 1.981755 0.035000
v -0.058327 1.981755 0.055000
v -0.058537 1.981755 0.035000
v -0.058537 1.981755 0.055000
v -0.080587 1.954035 0.035000
v -0.080587 1.954035 0.055000
v -0.082267 1.954035 0.035000
v -0.082267 1.954035 0.055000
v -0.104317 1.981755 0.035000
v -0.104317 1.981755 0.055000
v -0.104527 1.981755 0.035000
v -0.104527 1.981755 0.055000
v -0.104527 1.926000 0.035000
v -0.104527 1.926000 0.055000
v -0.114817 1.926000 0.035000
v -0.114817 1.926000 0.055000
v -0.114817 1.997610 0.035000
v -0.114817 1.997610 0.055000
v -0.105157 1.997610 0.035000
v -0.105157 1.997610 0.055000
v -0.081427 1.968210 0.035000
v -0.081427 1.968210 0.055000
v -0.057592 1.997610 0.035000
v -0.057592 1.997610 0.055000
v -0.048037 1.997610 0.035000
v -0.048037 1.997610 0.055000
v -0.048037 1.926000 0.035000
v -0.048037 1.926000 0.055000
v -0.032497 1.926000 0.035000
v -0.032497 1.926000 0.055000
v -0.032497 1.997610 0.035000
v -0.032497 1.997610 0.055000
v -0.022207 1.997610 0.035000
v -0.022207 1.997610 0.055000
v -0.022207 1.926000 0.035000
v -0.022207 1.926000 0.055000
v 0.051083 1.926000 0.035000
v 0.051083 1.926000 0.055000
v 0.003203 1.981125 0.035000
v 0.003203 1.981125 0.055000
v 0.003203 1.926000 0.035000
v 0.003203 1.926000 0.055000
v -0.006457 1.926000 0.035000
v -0.006457 1.926000 0.055000
v -0.006457 1.997610 0.035000
v -0.006457 1.997610 0.055000
v 0.001733 1.997610 0.035000
v 0.001733 1.997610 0.055000
v 0.050243 1.942170 0.035000
v 0.050243 1.942170 0.055000
v 0.050243 1.997610 0.035000
v 0.050243 1.997610 0.055000
v 0.059903 1.997610 0.035000
v 0.059903 1.997610 0.055000
v 0.059903 1.926000 0.035000
v 0.059903 1.926000 0.055000
v 0.135599 1.949884 0.035000
v 0.135599 1.949884 0.055000
v 0.134941 1.945897 0.035000
v 0.134941 1.945897 0.055000
v 0.133844 1.942198 0.035000
v 0.133844 1.942198 0.055000
v 0.132306 1.938806 0.035000
v 0.132306 1.938806 0.055000
v 0.130326 1.935741 0.035000
v 0.130326 1.935741 0.055000
v 0.127903 1.933022 0.035000
v 0.127903 1.933022 0.055000
v 0.125036 1.930668 0.035000
v 0.125036 1.930668 0.055000
v 0.121724 1.928699 0.035000
v 0.121724 1.928699 0.055000
v 0.117966 1.927134 0.035000
v 0.117966 1.927134 0.055000
v 0.113760 1.925992 0.035000
v 0.113760 1.925992 0.055000
v 0.109106 1.925292 0.035000
v 0.109106 1.925292 0.055000
v 0.104003 1.925055 0.035000
v 0.104003 1.925055 0.055000
v 0.100240 1.925234 0.035000
v 0.100240 1.925234 0.055000
v 0.096544 1.925775 0.035000
v 0.096544 1.925775 0.055000
v 0.092964 1.926689 0.035000
v 0.092964 1.926689 0.055000
v 0.089551 1.927983 0.035000
v 0.089551 1.927983 0.055000
v 0.086354 1.929667 0.035000
v 0.086354 1.929667 0.055000
v 0.083423 1.931749 0.035000
v 0.083423 1.931749 0.055000
v 0.080806 1.934237 0.035000
v 0.080806 1.934237 0.055000
v 0.078554 1.937142 0.035000
v 0.078554 1.937142 0.055000
v 0.076716 1.940470 0.035000
v 0.076716 1.940470 0.055000
v 0.075341 1.944232 0.035000
v 0.075341 1.944232 0.055000
v 0.074481 1.948436 0.035000
v 0.074481 1.948436 0.055000
v 0.074183 1.953090 0.035000
v 0.074183 1.953090 0.055000
v 0.074183 1.997610 0.035000
v 0.074183 1.997610 0.055000
v 0.084473 1.997610 0.035000
v 0.084473 1.997610 0.055000
v 0.084473 1.955295 0.035000
v 0.084473 1.955295 0.055000
v 0.084495 1.953369 0.035000
v 0.084495 1.953369 0.055000
v 0.084565 1.951625 0.035000
v 0.084565 1.951625 0.055000
v 0.084687 1.950045 0.035000
v 0.084687 1.950045 0.055000
v 0.084865 1.948614 0.035000
v 0.084865 1.948614 0.055000
v 0.085103 1.947315 0.035000
v 0.085103 1.947315 0.055000
v 0.085404 1.946134 0.035000
v 0.085404 1.946134 0.055000
v 0.085774 1.945053 0.035000
v 0.085774 1.945053 0.055000
v 0.086215 1.944056 0.035000
v 0.086215 1.944056 0.055000
v 0.086732 1.943128 0.035000
v 0.086732 1.943128 0.055000
v 0.087328 1.942253 0.035000
v 0.087328 1.942253 0.055000
v 0.088009 1.941414 0.035000
v 0.088009 1.941414 0.055000
v 0.088778 1.940595 0.035000
v 0.088778 1.940595 0.055000
v 0.089823 1.939615 0.035000
v 0.089823 1.939615 0.055000
v 0.090912 1.938722 0.035000
v 0.090912 1.938722 0.055000
v 0.092046 1.937916 0.035000
v 0.092046 1.937916 0.055000
v 0.093222 1.937196 0.035000
v 0.093222 1.937196 0.055000
v 0.094443 1.936562 0.035000
v 0.094443 1.936562 0.055000
v 0.095707 1.936014 0.035000
v 0.095707 1.936014 0.055000
v 0.097016 1.935552 0.035000
v 0.097016 1.935552 0.055000
v 0.098368 1.935174 0.035000
v 0.098368 1.935174 0.055000
v 0.099763 1.934881 0.035000
v 0.099763 1.934881 0.055000
v 0.101203 1.934672 0.035000
v 0.101203 1.934672 0.055000
v 0.102686 1.934547 0.035000
v 0.102686 1.934547 0.055000
v 0.104213 1.934505 0.035000
v 0.104213 1.934505 0.055000
v 0.106135 1.934556 0.035000
v 0.106135 1.934556 0.055000
v 0.107965 1.934707 0.035000
v 0.107965 1.934707 0.055000
v 0.109702 1.934950 0.035000
v 0.109702 1.934950 0.055000
v 0.111345 1.935279 0.035000
v 0.111345 1.935279 0.055000
v 0.112893 1.935688 0.035000
v 0.112893 1.935688 0.055000
v 0.114345 1.936172 0.035000
v 0.114345 1.936172 0.055000
v 0.115701 1.936723 0.035000
v 0.115701 1.936723 0.055000
v 0.116960 1.937336 0.035000
v 0.116960 1.937336 0.055000
v 0.118122 1.938004 0.035000
v 0.118122 1.938004 0.055000
v 0.119185 1.938722 0.035000
v 0.119185 1.938722 0.055000
v 0.120149 1.939483 0.035000
v 0.120149 1.939483 0.055000
v 0.121013 1.940280 0.035000
v 0.121013 1.940280 0.055000
v 0.121873 1.941231 0.035000
v 0.121873 1.941231 0.055000
v 0.122623 1.942248 0.035000
v 0.122623 1.942248 0.055000
v 0.123268 1.943330 0.035000
v 0.123268 1.943330 0.055000
v 0.123816 1.944476 0.035000
v 0.123816 1.944476 0.055000
v 0.124274 1.945686 0.035000
v 0.124274 1.945686 0.055000
v 0.124648 1.946961 0.035000
v 0.124648 1.946961 0.055000
v 0.124946 1.948298 0.035000
v 0.124946 1.948298 0.055000
v 0.125174 1.949699 0.035000
v 0.125174 1.949699 0.055000
v 0.125339 1.951162 0.035000
v 0.125339 1.951162 0.055000
v 0.125448 1.952688 0.035000
v 0.125448 1.952688 0.055000
v 0.125509 1.954276 0.035000
v 0.125509 1.954276 0.055000
v 0.125528 1.955925 0.035000
v 0.125528 1.955925 0.055000
v 0.125528 1.997610 0.035000
v 0.125528 1.997610 0.055000
v 0.135818 1.997610 0.035000
v 0.135818 1.997610 0.055000
v 0.135818 1.954140 0.035000
v 0.135818 1.954140 0.055000
v 0.205538 1.997610 0.035000
v 0.205538 1.997610 0.055000
v 0.178973 1.963800 0.035000
v 0.178973 1.963800 0.055000
v 0.178973 1.926000 0.035000
v 0.178973 1.926000 0.055000
v 0.168683 1.926000 0.035000
v 0.168683 1.926000 0.055000
v 0.168683 1.963905 0.035000
v 0.168683 1.963905 0.055000
v 0.142118 1.997610 0.035000
v 0.142118 1.997610 0.055000
v 0.154508 1.997610 0.035000
v 0.154508 1.997610 0.055000
v 0.173723 1.972935 0.035000
v 0.173723 1.972935 0.055000
v 0.193148 1.997610 0.035000
v 0.193148 1.997610 0.055000
v 0.265072 1.926000 0.035000
v 0.265072 1.926000 0.055000
v 0.255517 1.947105 0.035000
v 0.255517 1.947105 0.055000
v 0.225067 1.947105 0.035000
v 0.225067 1.947105 0.055000
v 0.216037 1.926000 0.035000
v 0.216037 1.926000 0.055000
v 0.205537 1.926000 0.035000
v 0.205537 1.926000 0.055000
v 0.236302 1.998030 0.035000
v 0.236302 1.998030 0.055000
v 0.243547 1.998030 0.035000
v 0.243547 1.998030 0.055000
v 0.275573 1.926000 0.035000
v 0.275573 1.926000 0.055000
v 0.251318 1.956345 0.035000
v 0.251318 1.956345 0.055000
v 0.239767 1.982280 0.035000
v 0.239767 1.982280 0.055000
v 0.229057 1.956345 0.035000
v 0.229057 1.956345 0.055000
v -0.259980 1.820370 0.035000
v -0.259980 1.820370 0.055000
v -0.290955 1.892610 0.035000
v -0.290955 1.892610 0.055000
v -0.280665 1.892610 0.035000
v -0.280665 1.892610 0.055000
v -0.259140 1.842315 0.035000
v -0.259140 1.842315 0.055000
v -0.237720 1.892610 0.035000
v -0.237720 1.892610 0.055000
v -0.227535 1.892610 0.035000
v -0.227535 1.892610 0.055000
v -0.257880 1.820370 0.035000
v -0.257880 1.820370 0.055000
v -0.209370 1.883370 0.035000
v -0.209370 1.883370 0.055000
v -0.209370 1.861740 0.035000
v -0.209370 1.861740 0.055000
v -0.180075 1.861740 0.035000
v -0.180075 1.861740 0.055000
v -0.180075 1.852500 0.035000
v -0.180075 1.852500 0.055000
v -0.209370 1.852500 0.035000
v -0.209370 1.852500 0.055000
v -0.209370 1.830240 0.035000
v -0.209370 1.830240 0.055000
v -0.178080 1.830240 0.035000
v -0.178080 1.830240 0.055000
v -0.178080 1.821000 0.035000
v -0.178080 1.821000 0.055000
v -0.219660 1.821000 0.035000
v -0.219660 1.821000 0.055000
v -0.219660 1.892610 0.035000
v -0.219660 1.892610 0.055000
v -0.179025 1.892610 0.035000
v -0.179025 1.892610 0.055000
v -0.179025 1.883370 0.035000
v -0.179025 1.883370 0.055000
v -0.124635 1.830240 0.035000
v -0.124635 1.830240 0.055000
v -0.124635 1.821000 0.035000
v -0.124635 1.821000 0.055000
v -0.167265 1.821000 0.035000
v -0.167265 1.821000 0.055000
v -0.167265 1.892610 0.035000
v -0.167265 1.892610 0.055000
v -0.156975 1.892610 0.035000
v -0.156975 1.892610 0.055000
v -0.156975 1.830240 0.035000
v -0.156975 1.830240 0.055000
v -0.074709 1.893213 0.035000
v -0.074709 1.893213 0.055000
v -0.069372 1.892218 0.035000
v -0.069372 1.892218 0.055000
v -0.064442 1.890618 0.035000
v -0.064442 1.890618 0.055000
v -0.059939 1.888461 0.035000
v -0.059939 1.888461 0.055000
v -0.055886 1.885792 0.035000
v -0.055886 1.885792 0.055000
v -0.052303 1.882661 0.035000
v -0.052303 1.882661 0.055000
v -0.049212 1.879114 0.035000
v -0.049212 1.879114 0.055000
v -0.046636 1.875199 0.035000
v -0.046636 1.875199 0.055000
v -0.044594 1.870964 0.035000
v -0.044594 1.870964 0.055000
v -0.043109 1.866454 0.035000
v -0.043109 1.866454 0.055000
v -0.042202 1.861719 0.035000
v -0.042202 1.861719 0.055000
v -0.041895 1.856805 0.035000
v -0.041895 1.856805 0.055000
v -0.042194 1.852023 0.035000
v -0.042194 1.852023 0.055000
v -0.043081 1.847374 0.035000
v -0.043081 1.847374 0.055000
v -0.044538 1.842912 0.035000
v -0.044538 1.842912 0.055000
v -0.046550 1.838691 0.035000
v -0.046550 1.838691 0.055000
v -0.049100 1.834764 0.035000
v -0.049100 1.834764 0.055000
v -0.052172 1.831185 0.035000
v -0.052172 1.831185 0.055000
v -0.055749 1.828009 0.035000
v -0.055749 1.828009 0.055000
v -0.059815 1.825289 0.035000
v -0.059815 1.825289 0.055000
v -0.064353 1.823080 0.035000
v -0.064353 1.823080 0.055000
v -0.069348 1.821436 0.035000
v -0.069348 1.821436 0.055000
v -0.074782 1.820409 0.035000
v -0.074782 1.820409 0.055000
v -0.080640 1.820055 0.035000
v -0.080640 1.820055 0.055000
v -0.086311 1.820407 0.035000
v -0.086311 1.820407 0.055000
v -0.091601 1.821428 0.035000
v -0.091601 1.821428 0.055000
v -0.096490 1.823066 0.035000
v -0.096490 1.823066 0.055000
v -0.100956 1.825266 0.035000
v -0.100956 1.825266 0.055000
v -0.104976 1.827977 0.035000
v -0.104976 1.827977 0.055000
v -0.108531 1.831146 0.035000
v -0.108531 1.831146 0.055000
v -0.111597 1.834719 0.035000
v -0.111597 1.834719 0.055000
v -0.114154 1.838644 0.035000
v -0.114154 1.838644 0.055000
v -0.116181 1.842868 0.035000
v -0.116181 1.842868 0.055000
v -0.117655 1.847338 0.035000
v -0.117655 1.847338 0.055000
v -0.118555 1.852001 0.035000
v -0.118555 1.852001 0.055000
v -0.118860 1.856805 0.035000
v -0.118860 1.856805 0.055000
v -0.118547 1.861697 0.035000
v -0.118547 1.861697 0.055000
v -0.117625 1.866418 0.035000
v -0.117625 1.866418 0.055000
v -0.116119 1.870919 0.035000
v -0.116119 1.870919 0.055000
v -0.114053 1.875153 0.035000
v -0.114053 1.875153 0.055000
v -0.111454 1.879070 0.035000
v -0.111454 1.879070 0.055000
v -0.108347 1.882622 0.035000
v -0.108347 1.882622 0.055000
v -0.104756 1.885761 0.035000
v -0.104756 1.885761 0.055000
v -0.100707 1.888437 0.035000
v -0.100707 1.888437 0.055000
v -0.096224 1.890604 0.035000
v -0.096224 1.890604 0.055000
v -0.091334 1.892211 0.035000
v -0.091334 1.892211 0.055000
v -0.086061 1.893211 0.035000
v -0.086061 1.893211 0.055000
v -0.080430 1.893555 0.035000
v -0.080430 1.893555 0.055000
v -0.076506 1.829743 0.035000
v -0.076506 1.829743 0.055000
v -0.072783 1.830441 0.035000
v -0.072783 1.830441 0.055000
v -0.069288 1.831571 0.035000
v -0.069288 1.831571 0.055000
v -0.066049 1.833106 0.035000
v -0.066049 1.833106 0.055000
v -0.063091 1.835021 0.035000
v -0.063091 1.835021 0.055000
v -0.060441 1.837288 0.035000
v -0.060441 1.837288 0.055000
v -0.058125 1.839881 0.035000
v -0.058125 1.839881 0.055000
v -0.056171 1.842774 0.035000
v -0.056171 1.842774 0.055000
v -0.054605 1.845939 0.035000
v -0.054605 1.845939 0.055000
v -0.053453 1.849350 0.035000
v -0.053453 1.849350 0.055000
v -0.052743 1.852981 0.035000
v -0.052743 1.852981 0.055000
v -0.052500 1.856805 0.035000
v -0.052500 1.856805 0.055000
v -0.052743 1.860651 0.035000
v -0.052743 1.860651 0.055000
v -0.053453 1.864296 0.035000
v -0.053453 1.864296 0.055000
v -0.054605 1.867715 0.035000
v -0.054605 1.867715 0.055000
v -0.056171 1.870883 0.035000
v -0.056171 1.870883 0.055000
v -0.058125 1.873773 0.035000
v -0.058125 1.873773 0.055000
v -0.060441 1.876361 0.035000
v -0.060441 1.876361 0.055000
v -0.063091 1.878621 0.035000
v -0.063091 1.878621 0.055000
v -0.066049 1.880527 0.035000
v -0.066049 1.880527 0.055000
v -0.069288 1.882054 0.035000
v -0.069288 1.882054 0.055000
v -0.072783 1.883176 0.035000
v -0.072783 1.883176 0.055000
v -0.076506 1.883869 0.035000
v -0.076506 1.883869 0.055000
v -0.080430 1.884105 0.035000
v -0.080430 1.884105 0.055000
v -0.084330 1.883869 0.035000
v -0.084330 1.883869 0.055000
v -0.088033 1.883176 0.035000
v -0.088033 1.883176 0.055000
v -0.091511 1.882054 0.035000
v -0.091511 1.882054 0.055000
v -0.094737 1.880527 0.035000
v -0.094737 1.880527 0.055000
v -0.097685 1.878621 0.035000
v -0.097685 1.878621 0.055000
v -0.100327 1.876361 0.035000
v -0.100327 1.876361 0.055000
v -0.102637 1.873773 0.035000
v -0.102637 1.873773 0.055000
v -0.104588 1.870883 0.035000
v -0.104588 1.870883 0.055000
v -0.106152 1.867715 0.035000
v -0.106152 1.867715 0.055000
v -0.107302 1.864296 0.035000
v -0.107302 1.864296 0.055000
v -0.108012 1.860651 0.035000
v -0.108012 1.860651 0.055000
v -0.108255 1.856805 0.035000
v -0.108255 1.856805 0.055000
v -0.108012 1.852981 0.035000
v -0.108012 1.852981 0.055000
v -0.107302 1.849350 0.035000
v -0.107302 1.849350 0.055000
v -0.106152 1.845939 0.035000
v -0.106152 1.845939 0.055000
v -0.104588 1.842774 0.035000
v -0.104588 1.842774 0.055000
v -0.102637 1.839881 0.035000
v -0.102637 1.839881 0.055000
v -0.100327 1.837288 0.035000
v -0.100327 1.837288 0.055000
v -0.097685 1.835021 0.035000
v -0.097685 1.835021 0.055000
v -0.094737 1.833106 0.035000
v -0.094737 1.833106 0.055000
v -0.091511 1.831571 0.035000
v -0.091511 1.831571 0.055000
v -0.088033 1.830441 0.035000
v -0.088033 1.830441 0.055000
v -0.084330 1.829743 0.035000
v -0.084330 1.829743 0.055000
v -0.080430 1.829505 0.035000
v -0.080430 1.829505 0.055000
v 0.029530 1.877877 0.035000
v 0.029530 1.877877 0.055000
v 0.027396 1.878989 0.035000
v 0.027396 1.878989 0.055000
v 0.025300 1.879985 0.035000
v 0.025300 1.879985 0.055000
v 0.023236 1.880869 0.035000
v 0.023236 1.880869 0.055000
v 0.021197 1.881643 0.035000
v 0.021197 1.881643 0.055000
v 0.019176 1.882307 0.035000
v 0.019176 1.882307 0.055000
v 0.017165 1.882864 0.035000
v 0.017165 1.882864 0.055000
v 0.015159 1.883316 0.035000
v 0.015159 1.883316 0.055000
v 0.013150 1.883664 0.035000
v 0.013150 1.883664 0.055000
v 0.011131 1.883910 0.035000
v 0.011131 1.883910 0.055000
v 0.009095 1.884057 0.035000
v 0.009095 1.884057 0.055000
v 0.007035 1.884105 0.035000
v 0.007035 1.884105 0.055000
v 0.003032 1.883867 0.035000
v 0.003032 1.883867 0.055000
v -0.000768 1.883169 0.035000
v -0.000768 1.883169 0.055000
v -0.004338 1.882038 0.035000
v -0.004338 1.882038 0.055000
v -0.007649 1.880500 0.035000
v -0.007649 1.880500 0.055000
v -0.010675 1.878582 0.035000
v -0.010675 1.878582 0.055000
v -0.013387 1.876309 0.035000
v -0.013387 1.876309 0.055000
v -0.015758 1.873708 0.035000
v -0.015758 1.873708 0.055000
v -0.017761 1.870805 0.035000
v -0.017761 1.870805 0.055000
v -0.019366 1.867627 0.035000
v -0.019366 1.867627 0.055000
v -0.020547 1.864199 0.035000
v -0.020547 1.864199 0.055000
v -0.021276 1.860548 0.035000
v -0.021276 1.860548 0.055000
v -0.021525 1.856700 0.035000
v -0.021525 1.856700 0.055000
v -0.021284 1.852790 0.035000
v -0.021284 1.852790 0.055000
v -0.020574 1.849107 0.035000
v -0.020574 1.849107 0.055000
v -0.019418 1.845673 0.035000
v -0.019418 1.845673 0.055000
v -0.017838 1.842509 0.035000
v -0.017838 1.842509 0.055000
v -0.015856 1.839637 0.035000
v -0.015856 1.839637 0.055000
v -0.013492 1.837078 0.035000
v -0.013492 1.837078 0.055000
v -0.010771 1.834854 0.035000
v -0.010771 1.834854 0.055000
v -0.007712 1.832986 0.035000
v -0.007712 1.832986 0.055000
v -0.004338 1.831495 0.035000
v -0.004338 1.831495 0.055000
v -0.000671 1.830404 0.035000
v -0.000671 1.830404 0.055000
v 0.003267 1.829733 0.035000
v 0.003267 1.829733 0.055000
v 0.007455 1.829505 0.035000
v 0.007455 1.829505 0.055000
v 0.009491 1.829564 0.035000
v 0.009491 1.829564 0.055000
v 0.011552 1.829739 0.035000
v 0.011552 1.829739 0.055000
v 0.013634 1.830030 0.035000
v 0.013634 1.830030 0.055000
v 0.015731 1.830434 0.035000
v 0.015731 1.830434 0.055000
v 0.017838 1.830951 0.035000
v 0.017838 1.830951 0.055000
v 0.019950 1.831579 0.035000
v 0.019950 1.831579 0.055000
v 0.022062 1.832316 0.035000
v 0.022062 1.832316 0.055000
v 0.024169 1.833161 0.035000
v 0.024169 1.833161 0.055000
v 0.026266 1.834112 0.035000
v 0.026266 1.834112 0.055000
v 0.028348 1.835168 0.035000
v 0.028348 1.835168 0.055000
v 0.030409 1.836328 0.035000
v 0.030409 1.836328 0.055000
v 0.032445 1.837590 0.035000
v 0.032445 1.837590 0.055000
v 0.032445 1.826355 0.035000
v 0.032445 1.826355 0.055000
v 0.030671 1.825459 0.035000
v 0.030671 1.825459 0.055000
v 0.028861 1.824612 0.035000
v 0.028861 1.824612 0.055000
v 0.027005 1.823820 0.035000
v 0.027005 1.823820 0.055000
v 0.025091 1.823088 0.035000
v 0.025091 1.823088 0.055000
v 0.023110 1.822422 0.035000
v 0.023110 1.822422 0.055000
v 0.021053 1.821827 0.035000
v 0.021053 1.821827 0.055000
v 0.018907 1.821308 0.035000
v 0.018907 1.821308 0.055000
v 0.016664 1.820872 0.035000
v 0.016664 1.820872 0.055000
v 0.014313 1.820523 0.035000
v 0.014313 1.820523 0.055000
v 0.011844 1.820266 0.035000
v 0.011844 1.820266 0.055000
v 0.009246 1.820109 0.035000
v 0.009246 1.820109 0.055000
v 0.006510 1.820055 0.035000
v 0.006510 1.820055 0.055000
v 0.000103 1.820471 0.035000
v 0.000103 1.820471 0.055000
v -0.005686 1.821657 0.035000
v -0.005686 1.821657 0.055000
v -0.010867 1.823522 0.035000
v -0.010867 1.823522 0.055000
v -0.015454 1.825974 0.035000
v -0.015454 1.825974 0.055000
v -0.019458 1.828922 0.035000
v -0.019458 1.828922 0.055000
v -0.022890 1.832274 0.035000
v -0.022890 1.832274 0.055000
v -0.025762 1.835940 0.035000
v -0.025762 1.835940 0.055000
v -0.028086 1.839826 0.035000
v -0.028086 1.839826 0.055000
v -0.029872 1.843842 0.035000
v -0.029872 1.843842 0.055000
v -0.031134 1.847897 0.035000
v -0.031134 1.847897 0.055000
v -0.031883 1.851898 0.035000
v -0.031883 1.851898 0.055000
v -0.032130 1.855755 0.035000
v -0.032130 1.855755 0.055000
v -0.031792 1.861087 0.035000
v -0.031792 1.861087 0.055000
v -0.030803 1.866138 0.035000
v -0.030803 1.866138 0.055000
v -0.029198 1.870875 0.035000
v -0.029198 1.870875 0.055000
v -0.027012 1.875262 0.035000
v -0.027012 1.875262 0.055000
v -0.024281 1.879263 0.035000
v -0.024281 1.879263 0.055000
v -0.021039 1.882845 0.035000
v -0.021039 1.882845 0.055000
v -0.017323 1.885972 0.035000
v -0.017323 1.885972 0.055000
v -0.013168 1.888608 0.035000
v -0.013168 1.888608 0.055000
v -0.008608 1.890720 0.035000
v -0.008608 1.890720 0.055000
v -0.003680 1.892272 0.035000
v -0.003680 1.892272 0.055000
v 0.001581 1.893228 0.035000
v 0.001581 1.893228 0.055000
v 0.007140 1.893555 0.035000
v 0.007140 1.893555 0.055000
v 0.008981 1.893517 0.035000
v 0.008981 1.893517 0.055000
v 0.010834 1.893404 0.035000
v 0.010834 1.893404 0.055000
v 0.012707 1.893212 0.035000
v 0.012707 1.893212 0.055000
v 0.014607 1.892941 0.035000
v 0.014607 1.892941 0.055000
v 0.016542 1.892587 0.035000
v 0.016542 1.892587 0.055000
v 0.018519 1.892151 0.035000
v 0.018519 1.892151 0.055000
v 0.020547 1.891629 0.035000
v 0.020547 1.891629 0.055000
v 0.022633 1.891019 0.035000
v 0.022633 1.891019 0.055000
v 0.024785 1.890321 0.035000
v 0.024785 1.890321 0.055000
v 0.027010 1.889532 0.035000
v 0.027010 1.889532 0.055000
v 0.029316 1.888651 0.035000
v 0.029316 1.888651 0.055000
v 0.031710 1.887675 0.035000
v 0.031710 1.887675 0.055000
v 0.031710 1.876650 0.035000
v 0.031710 1.876650 0.055000
v 0.045150 1.821000 0.035000
v 0.045150 1.821000 0.055000
v 0.045150 1.892610 0.035000
v 0.045150 1.892610 0.055000
v 0.055440 1.892610 0.035000
v 0.055440 1.892610 0.055000
v 0.055440 1.821000 0.035000
v 0.055440 1.821000 0.055000
v 0.099225 1.892610 0.035000
v 0.099225 1.892610 0.055000
v 0.105533 1.892228 0.035000
v 0.105533 1.892228 0.055000
v 0.111236 1.891132 0.035000
v 0.111236 1.891132 0.055000
v 0.116343 1.889393 0.035000
v 0.116343 1.889393 0.055000
v 0.120867 1.887084 0.035000
v 0.120867 1.887084 0.055000
v 0.124817 1.884278 0.035000
v 0.124817 1.884278 0.055000
v 0.128205 1.881047 0.035000
v 0.128205 1.881047 0.055000
v 0.131042 1.877464 0.035000
v 0.131042 1.877464 0.055000
v 0.133338 1.873601 0.035000
v 0.133338 1.873601 0.055000
v 0.135105 1.869531 0.035000
v 0.135105 1.869531 0.055000
v 0.136354 1.865327 0.035000
v 0.136354 1.865327 0.055000
v 0.137095 1.861061 0.035000
v 0.137095 1.861061 0.055000
v 0.137340 1.856805 0.035000
v 0.137340 1.856805 0.055000
v 0.137043 1.852240 0.035000
v 0.137043 1.852240 0.055000
v 0.136165 1.847772 0.035000
v 0.136165 1.847772 0.055000
v 0.134723 1.843459 0.035000
v 0.134723 1.843459 0.055000
v 0.132736 1.839355 0.035000
v 0.132736 1.839355 0.055000
v 0.130220 1.835521 0.035000
v 0.130220 1.835521 0.055000
v 0.127194 1.832012 0.035000
v 0.127194 1.832012 0.055000
v 0.123677 1.828886 0.035000
v 0.123677 1.828886 0.055000
v 0.119684 1.826199 0.035000
v 0.119684 1.826199 0.055000
v 0.115236 1.824010 0.035000
v 0.115236 1.824010 0.055000
v 0.110349 1.822376 0.035000
v 0.110349 1.822376 0.055000
v 0.105041 1.821354 0.035000
v 0.105041 1.821354 0.055000
v 0.099330 1.821000 0.035000
v 0.099330 1.821000 0.055000
v 0.071400 1.821000 0.035000
v 0.071400 1.821000 0.055000
v 0.071400 1.892610 0.035000
v 0.071400 1.892610 0.055000
v 0.098070 1.830240 0.035000
v 0.098070 1.830240 0.055000
v 0.103531 1.830594 0.035000
v 0.103531 1.830594 0.055000
v 0.108287 1.831595 0.035000
v 0.108287 1.831595 0.055000
v 0.112383 1.833150 0.035000
v 0.112383 1.833150 0.055000
v 0.115862 1.835167 0.035000
v 0.115862 1.835167 0.055000
v 0.118767 1.837553 0.035000
v 0.118767 1.837553 0.055000
v 0.121144 1.840215 0.035000
v 0.121144 1.840215 0.055000
v 0.123034 1.843061 0.035000
v 0.123034 1.843061 0.055000
v 0.124483 1.845998 0.035000
v 0.124483 1.845998 0.055000
v 0.125534 1.848933 0.035000
v 0.125534 1.848933 0.055000
v 0.126230 1.851775 0.035000
v 0.126230 1.851775 0.055000
v 0.126616 1.854429 0.035000
v 0.126616 1.854429 0.055000
v 0.126735 1.856805 0.035000
v 0.126735 1.856805 0.055000
v 0.126544 1.860350 0.035000
v 0.126544 1.860350 0.055000
v 0.125965 1.863768 0.035000
v 0.125965 1.863768 0.055000
v 0.124994 1.867024 0.035000
v 0.124994 1.867024 0.055000
v 0.123624 1.870085 0.035000
v 0.123624 1.870085 0.055000
v 0.121848 1.872916 0.035000
v 0.121848 1.872916 0.055000
v 0.119661 1.875482 0.035000
v 0.119661 1.875482 0.055000
v 0.117055 1.877748 0.035000
v 0.117055 1.877748 0.055000
v 0.114026 1.879679 0.035000
v 0.114026 1.879679 0.055000
v 0.110567 1.881242 0.035000
v 0.110567 1.881242 0.055000
v 0.106671 1.882401 0.035000
v 0.106671 1.882401 0.055000
v 0.102332 1.883122 0.035000
v 0.102332 1.883122 0.055000
v 0.097545 1.883370 0.035000
v 0.097545 1.883370 0.055000
v 0.081690 1.883370 0.035000
v 0.081690 1.883370 0.055000
v 0.081690 1.830240 0.035000
v 0.081690 1.830240 0.055000
v 0.201705 1.821000 0.035000
v 0.201705 1.821000 0.055000
v 0.192150 1.842105 0.035000
v 0.192150 1.842105 0.055000
v 0.161700 1.842105 0.035000
v 0.161700 1.842105 0.055000
v 0.152670 1.821000 0.035000
v 0.152670 1.821000 0.055000
v 0.142170 1.821000 0.035000
v 0.142170 1.821000 0.055000
v 0.172935 1.893030 0.035000
v 0.172935 1.893030 0.055000
v 0.180180 1.893030 0.035000
v 0.180180 1.893030 0.055000
v 0.212205 1.821000 0.035000
v 0.212205 1.821000 0.055000
v 0.187950 1.851345 0.035000
v 0.187950 1.851345 0.055000
v 0.176400 1.877280 0.035000
v 0.176400 1.877280 0.055000
v 0.165690 1.851345 0.035000
v 0.165690 1.851345 0.055000
v 0.248010 1.892610 0.035000
v 0.248010 1.892610 0.055000
v 0.254318 1.892228 0.035000
v 0.254318 1.892228 0.055000
v 0.260021 1.891132 0.035000
v 0.260021 1.891132 0.055000
v 0.265128 1.889393 0.035000
v 0.265128 1.889393 0.055000
v 0.269652 1.887084 0.035000
v 0.269652 1.887084 0.055000
v 0.273602 1.884278 0.035000
v 0.273602 1.884278 0.055000
v 0.276990 1.881047 0.035000
v 0.276990 1.881047 0.055000
v 0.279827 1.877464 0.035000
v 0.279827 1.877464 0.055000
v 0.282123 1.873601 0.035000
v 0.282123 1.873601 0.055000
v 0.283890 1.869531 0.035000
v 0.283890 1.869531 0.055000
v 0.285139 1.865327 0.035000
v 0.285139 1.865327 0.055000
v 0.285880 1.861061 0.035000
v 0.285880 1.861061 0.055000
v 0.286125 1.856805 0.035000
v 0.286125 1.856805 0.055000
v 0.285828 1.852240 0.035000
v 0.285828 1.852240 0.055000
v 0.284950 1.847772 0.035000
v 0.284950 1.847772 0.055000
v 0.283508 1.843459 0.035000
v 0.283508 1.843459 0.055000
v 0.281521 1.839355 0.035000
v 0.281521 1.839355 0.055000
v 0.279005 1.835521 0.035000
v 0.279005 1.835521 0.055000
v 0.275979 1.832012 0.035000
v 0.275979 1.832012 0.055000
v 0.272462 1.828886 0.035000
v 0.272462 1.828886 0.055000
v 0.268469 1.826199 0.035000
v 0.268469 1.826199 0.055000
v 0.264021 1.824010 0.035000
v 0.264021 1.824010 0.055000
v 0.259134 1.822376 0.035000
v 0.259134 1.822376 0.055000
v 0.253826 1.821354 0.035000
v 0.253826 1.821354 0.055000
v 0.248115 1.821000 0.035000
v 0.248115 1.821000 0.055000
v 0.220185 1.821000 0.035000
v 0.220185 1.821000 0.055000
v 0.220185 1.892610 0.035000
v 0.220185 1.892610 0.055000
v 0.246855 1.830240 0.035000
v 0.246855 1.830240 0.055000
v 0.252316 1.830594 0.035000
v 0.252316 1.830594 0.055000
v 0.257072 1.831595 0.035000
v 0.257072 1.831595 0.055000
v 0.261168 1.833150 0.035000
v 0.261168 1.833150 0.055000
v 0.264647 1.835167 0.035000
v 0.264647 1.835167 0.055000
v 0.267552 1.837553 0.035000
v 0.267552 1.837553 0.055000
v 0.269929 1.840215 0.035000
v 0.269929 1.840215 0.055000
v 0.271819 1.843061 0.035000
v 0.271819 1.843061 0.055000
v 0.273268 1.845998 0.035000
v 0.273268 1.845998 0.055000
v 0.274319 1.848933 0.035000
v 0.274319 1.848933 0.055000
v 0.275015 1.851775 0.035000
v 0.275015 1.851775 0.055000
v 0.275401 1.854429 0.035000
v 0.275401 1.854429 0.055000
v 0.275520 1.856805 0.035000
v 0.275520 1.856805 0.055000
v 0.275329 1.860350 0.035000
v 0.275329 1.860350 0.055000
v 0.274751 1.863768 0.035000
v 0.274751 1.863768 0.055000
v 0.273779 1.867024 0.035000
v 0.273779 1.867024 0.055000
v 0.272409 1.870085 0.035000
v 0.272409 1.870085 0.055000
v 0.270633 1.872916 0.035000
v 0.270633 1.872916 0.055000
v 0.268446 1.875482 0.035000
v 0.268446 1.875482 0.055000
v 0.265840 1.877748 0.035000
v 0.265840 1.877748 0.055000
v 0.262811 1.879679 0.035000
v 0.262811 1.879679 0.055000
v 0.259352 1.881242 0.035000
v 0.259352 1.881242 0.055000
v 0.255456 1.882401 0.035000
v 0.255456 1.882401 0.055000
v 0.251117 1.883122 0.035000
v 0.251117 1.883122 0.055000
v 0.246330 1.883370 0.035000
v 0.246330 1.883370 0.055000
v 0.230475 1.883370 0.035000
v 0.230475 1.883370 0.055000
v 0.230475 1.830240 0.035000
v 0.230475 1.830240 0.055000
vn -0.0000 -0.0000 1.0000
vn -0.0000 -0.0000 -1.0000
vn 0.0302 0.9995 -0.0000
vn 0.1249 0.9922 -0.0000
vn 0.2562 0.9666 -0.0000
vn 0.3895 0.9210 -0.0000
vn 0.5182 0.8552 -0.0000
vn 0.6363 0.7715 -0.0000
vn 0.7389 0.6739 -0.0000
vn 0.8236 0.5671 -0.0000
vn 0.8902 0.4556 -0.0000
vn 0.9397 0.3421 -0.0000
vn 0.9736 0.2283 -0.0000
vn 0.9934 0.1145 -0.0000
vn 1.0000 -0.0037 -0.0000
vn 0.9916 -0.1291 -0.0000
vn 0.9668 -0.2555 -0.0000
vn 0.9261 -0.3773 -0.0000
vn 0.8699 -0.4933 -0.0000
vn 0.7985 -0.6021 -0.0000
vn 0.7124 -0.7018 -0.0000
vn 0.6126 -0.7904 -0.0000
vn 0.5010 -0.8654 -0.0000
vn 0.3802 -0.9249 -0.0000
vn 0.2537 -0.9673 -0.0000
vn 0.1257 -0.9921 -0.0000
vn 0.0309 -0.9995 -0.0000
vn -0.7071 -0.7071 -0.0000
vn -0.7071 0.7071 -0.0000
vn -0.0324 0.9995 -0.0000
vn -0.1357 0.9908 -0.0000
vn -0.2813 0.9596 -0.0000
vn -0.4297 0.9030 -0.0000
vn -0.5699 0.8217 -0.0000
vn -0.6923 0.7216 -0.0000
vn -0.7915 0.6112 -0.0000
vn -0.8666 0.4989 -0.0000
vn -0.9207 0.3903 -0.0000
vn -0.9577 0.2879 -0.0000
vn -0.9816 0.1911 -0.0000
vn -0.9953 0.0970 -0.0000
vn -1.0000 -0.0020 -0.0000
vn -0.9939 -0.1105 -0.0000
vn -0.9740 -0.2267 -0.0000
vn -0.9375 -0.3479 -0.0000
vn -0.8820 -0.4712 -0.0000
vn -0.8062 -0.5917 -0.0000
vn -0.7106 -0.7036 -0.0000
vn -0.5986 -0.8010 -0.0000
vn -0.4759 -0.8795 -0.0000
vn -0.3492 -0.9370 -0.0000
vn -0.2250 -0.9744 -0.0000
vn -0.1080 -0.9942 -0.0000
vn -0.0259 -0.9997 -0.0000
vn 0.7071 -0.7071 -0.0000
vn 0.7071 0.7071 -0.0000
vn -0.6451 -0.7641 -0.0000
vn -0.5982 -0.8014 -0.0000
vn -0.5472 -0.8370 -0.0000
vn -0.4924 -0.8703 -0.0000
vn -0.4344 -0.9007 -0.0000
vn -0.3738 -0.9275 -0.0000
vn -0.3113 -0.9503 -0.0000
vn -0.2478 -0.9688 -0.0000
vn -0.1842 -0.9829 -0.0000
vn -0.1212 -0.9926 -0.0000
vn -0.0598 -0.9982 -0.0000
vn 0.0072 -1.0000 -0.0000
vn 0.0900 -0.9959 -0.0000
vn 0.1842 -0.9829 -0.0000
vn 0.2828 -0.9592 -0.0000
vn 0.3856 -0.9227 -0.0000
vn 0.4915 -0.8709 -0.0000
vn 0.5986 -0.8011 -0.0000
vn 0.7033 -0.7109 -0.0000
vn 0.8007 -0.5990 -0.0000
vn 0.8845 -0.4665 -0.0000
vn 0.9482 -0.3175 -0.0000
vn 0.9872 -0.1593 -0.0000
vn 0.9985 0.0556 -0.0000
vn 0.9314 0.3641 -0.0000
vn 0.7738 0.6335 -0.0000
vn 0.6274 0.7787 -0.0000
vn 0.5367 0.8438 -0.0000
vn 0.5005 0.8657 -0.0000
vn 0.5106 0.8598 -0.0000
vn 0.5617 0.8274 -0.0000
vn 0.6501 0.7599 -0.0000
vn 0.7661 0.6427 -0.0000
vn 0.8854 0.4648 -0.0000
vn 0.9712 0.2381 -0.0000
vn 0.9997 0.0262 -0.0000
vn 0.9918 -0.1282 -0.0000
vn 0.9663 -0.2574 -0.0000
vn 0.9231 -0.3845 -0.0000
vn 0.8626 -0.5058 -0.0000
vn 0.7860 -0.6182 -0.0000
vn 0.6952 -0.7188 -0.0000
vn 0.5927 -0.8055 -0.0000
vn 0.4810 -0.8767 -0.0000
vn 0.3632 -0.9317 -0.0000
vn 0.2420 -0.9703 -0.0000
vn 0.1202 -0.9928 -0.0000
vn 0.0182 -0.9998 -0.0000
vn -0.0471 -0.9989 -0.0000
vn -0.0968 -0.9953 -0.0000
vn -0.1491 -0.9888 -0.0000
vn -0.2033 -0.9791 -0.0000
vn -0.2586 -0.9660 -0.0000
vn -0.3140 -0.9494 -0.0000
vn -0.3686 -0.9296 -0.0000
vn -0.4214 -0.9069 -0.0000
vn -0.4717 -0.8817 -0.0000
vn -0.5189 -0.8549 -0.0000
vn -0.5623 -0.8269 -0.0000
vn -0.8896 -0.4567 -0.0000
vn -0.3393 0.9407 -0.0000
vn 0.7500 0.6614 -0.0000
vn 0.7074 0.7068 -0.0000
vn 0.6596 0.7516 -0.0000
vn 0.6063 0.7953 -0.0000
vn 0.5473 0.8370 -0.0000
vn 0.4825 0.8759 -0.0000
vn 0.4122 0.9111 -0.0000
vn 0.3367 0.9416 -0.0000
vn 0.2566 0.9665 -0.0000
vn 0.1730 0.9849 -0.0000
vn 0.0870 0.9962 -0.0000
vn -0.0048 1.0000 -0.0000
vn -0.1096 0.9940 -0.0000
vn -0.2246 0.9744 -0.0000
vn -0.3426 0.9395 -0.0000
vn -0.4598 0.8880 -0.0000
vn -0.5721 0.8202 -0.0000
vn -0.6758 0.7371 -0.0000
vn -0.7680 0.6404 -0.0000
vn -0.8467 0.5321 -0.0000
vn -0.9105 0.4135 -0.0000
vn -0.9584 0.2853 -0.0000
vn -0.9891 0.1473 -0.0000
vn -0.9988 -0.0497 -0.0000
vn -0.9418 -0.3362 -0.0000
vn -0.8047 -0.5937 -0.0000
vn -0.6690 -0.7433 -0.0000
vn -0.5764 -0.8172 -0.0000
vn -0.5308 -0.8475 -0.0000
vn -0.5272 -0.8497 -0.0000
vn -0.5624 -0.8268 -0.0000
vn -0.6354 -0.7722 -0.0000
vn -0.7422 -0.6702 -0.0000
vn -0.8648 -0.5021 -0.0000
vn -0.9638 -0.2666 -0.0000
vn -0.9994 -0.0352 -0.0000
vn -0.9917 0.1285 -0.0000
vn -0.9650 0.2624 -0.0000
vn -0.9175 0.3977 -0.0000
vn -0.8490 0.5283 -0.0000
vn -0.7616 0.6481 -0.0000
vn -0.6592 0.7519 -0.0000
vn -0.5474 0.8369 -0.0000
vn -0.4315 0.9021 -0.0000
vn -0.3162 0.9487 -0.0000
vn -0.2047 0.9788 -0.0000
vn -0.0992 0.9951 -0.0000
vn -0.0112 0.9999 -0.0000
vn 0.0512 0.9987 -0.0000
vn 0.1022 0.9948 -0.0000
vn 0.1527 0.9883 -0.0000
vn 0.2026 0.9793 -0.0000
vn 0.2515 0.9679 -0.0000
vn 0.2993 0.9542 -0.0000
vn 0.3458 0.9383 -0.0000
vn 0.3909 0.9204 -0.0000
vn 0.4344 0.9007 -0.0000
vn 0.4763 0.8793 -0.0000
vn 0.5164 0.8564 -0.0000
vn 0.8763 0.4818 -0.0000
vn 0.4078 -0.9130 -0.0000
vn 0.4344 -0.9007 -0.0000
vn 0.4312 0.9022 -0.0000
vn 0.0011 1.0000 -0.0000
vn -0.4303 0.9027 -0.0000
vn -0.4149 -0.9099 -0.0000
vn 0.3500 -0.9367 -0.0000
vn 0.4132 0.9106 -0.0000
vn -0.3517 0.9361 -0.0000
vn 0.9942 -0.1072 -0.0000
vn 0.9746 -0.2240 -0.0000
vn 0.9369 -0.3495 -0.0000
vn 0.8778 -0.4791 -0.0000
vn 0.7957 -0.6057 -0.0000
vn 0.6927 -0.7212 -0.0000
vn 0.5744 -0.8185 -0.0000
vn 0.4489 -0.8936 -0.0000
vn 0.3239 -0.9461 -0.0000
vn 0.2057 -0.9786 -0.0000
vn 0.0977 -0.9952 -0.0000
vn -0.0005 -1.0000 -0.0000
vn -0.0963 -0.9953 -0.0000
vn -0.1965 -0.9805 -0.0000
vn -0.3014 -0.9535 -0.0000
vn -0.4110 -0.9116 -0.0000
vn -0.5236 -0.8520 -0.0000
vn -0.6357 -0.7720 -0.0000
vn -0.7418 -0.6706 -0.0000
vn -0.8353 -0.5497 -0.0000
vn -0.9101 -0.4145 -0.0000
vn -0.9621 -0.2726 -0.0000
vn -0.9912 -0.1326 -0.0000
vn -0.9995 -0.0320 -0.0000
vn 1.0000 0.0059 -0.0000
vn 0.9997 0.0260 -0.0000
vn 0.9983 0.0587 -0.0000
vn 0.9950 0.1002 -0.0000
vn 0.9884 0.1517 -0.0000
vn 0.9769 0.2137 -0.0000
vn 0.9584 0.2854 -0.0000
vn 0.9313 0.3643 -0.0000
vn 0.8950 0.4462 -0.0000
vn 0.8508 0.5255 -0.0000
vn 0.8021 0.5971 -0.0000
vn 0.7533 0.6576 -0.0000
vn 0.7068 0.7074 -0.0000
vn 0.6593 0.7519 -0.0000
vn 0.6072 0.7946 -0.0000
vn 0.5511 0.8345 -0.0000
vn 0.4916 0.8708 -0.0000
vn 0.4295 0.9031 -0.0000
vn 0.3658 0.9307 -0.0000
vn 0.3015 0.9535 -0.0000
vn 0.2375 0.9714 -0.0000
vn 0.1747 0.9846 -0.0000
vn 0.1139 0.9935 -0.0000
vn 0.0557 0.9984 -0.0000
vn 0.0002 1.0000 -0.0000
vn -0.0543 0.9985 -0.0000
vn -0.1102 0.9939 -0.0000
vn -0.1676 0.9859 -0.0000
vn -0.2262 0.9741 -0.0000
vn -0.2859 0.9582 -0.0000
vn -0.3464 0.9381 -0.0000
vn -0.4074 0.9133 -0.0000
vn -0.4685 0.8835 -0.0000
vn -0.5295 0.8483 -0.0000
vn -0.5899 0.8075 -0.0000
vn -0.6493 0.7605 -0.0000
vn -0.7106 0.7036 -0.0000
vn -0.7742 0.6330 -0.0000
vn -0.8328 0.5536 -0.0000
vn -0.8814 0.4724 -0.0000
vn -0.9196 0.3929 -0.0000
vn -0.9481 0.3179 -0.0000
vn -0.9684 0.2496 -0.0000
vn -0.9820 0.1890 -0.0000
vn -0.9906 0.1364 -0.0000
vn -0.9958 0.0919 -0.0000
vn -0.9985 0.0548 -0.0000
vn -0.9997 0.0247 -0.0000
vn -1.0000 0.0057 -0.0000
vn 0.9997 -0.0257 -0.0000
vn 0.8994 0.4371 -0.0000
vn 0.9451 -0.3269 -0.0000
vn -0.9448 -0.3276 -0.0000
vn -0.8997 0.4365 -0.0000
vn 0.4391 0.8984 -0.0000
vn 0.0026 1.0000 -0.0000
vn -0.4367 0.8996 -0.0000
vn -0.5420 -0.8404 -0.0000
vn 0.5507 -0.8347 -0.0000
vn -0.8345 -0.5510 -0.0000
vn -0.5510 0.8345 -0.0000
vn 0.5449 0.8385 -0.0000
vn 0.8385 -0.5449 -0.0000
vn -0.8387 0.5446 -0.0000
vn 0.0137 -0.9999 -0.0000
vn 0.8312 0.5560 -0.0000
vn -0.5504 -0.8349 -0.0000
vn -0.8349 0.5504 -0.0000
vn 0.5507 0.8347 -0.0000
vn -0.0009 1.0000 -0.0000
vn -0.5514 0.8342 -0.0000
vn 0.8328 0.5535 -0.0000
vn 0.5535 -0.8328 -0.0000
vn 0.1217 0.9926 -0.0000
vn 0.2465 0.9692 -0.0000
vn 0.3712 0.9285 -0.0000
vn 0.4921 0.8705 -0.0000
vn 0.6053 0.7960 -0.0000
vn 0.7076 0.7066 -0.0000
vn 0.7964 0.6048 -0.0000
vn 0.8700 0.4931 -0.0000
vn 0.9273 0.3743 -0.0000
vn 0.9680 0.2510 -0.0000
vn 0.9921 0.1255 -0.0000
vn 1.0000 -0.0000 -0.0000
vn 0.9921 -0.1251 -0.0000
vn 0.9684 -0.2494 -0.0000
vn 0.9286 -0.3711 -0.0000
vn 0.8726 -0.4885 -0.0000
vn 0.8005 -0.5993 -0.0000
vn 0.7130 -0.7012 -0.0000
vn 0.6114 -0.7913 -0.0000
vn 0.4980 -0.8672 -0.0000
vn 0.3761 -0.9266 -0.0000
vn 0.2497 -0.9683 -0.0000
vn 0.1232 -0.9924 -0.0000
vn -0.0008 -1.0000 -0.0000
vn -0.1260 -0.9920 -0.0000
vn -0.2541 -0.9672 -0.0000
vn -0.3807 -0.9247 -0.0000
vn -0.5017 -0.8650 -0.0000
vn -0.6136 -0.7896 -0.0000
vn -0.7137 -0.7004 -0.0000
vn -0.8001 -0.5999 -0.0000
vn -0.8716 -0.4902 -0.0000
vn -0.9276 -0.3736 -0.0000
vn -0.9678 -0.2519 -0.0000
vn -0.9919 -0.1267 -0.0000
vn -1.0000 0.0003 -0.0000
vn -0.9918 0.1281 -0.0000
vn -0.9669 0.2551 -0.0000
vn -0.9255 0.3787 -0.0000
vn -0.8679 0.4967 -0.0000
vn -0.7947 0.6070 -0.0000
vn -0.7069 0.7073 -0.0000
vn -0.6061 0.7954 -0.0000
vn -0.4944 0.8692 -0.0000
vn -0.3745 0.9272 -0.0000
vn -0.2498 0.9683 -0.0000
vn -0.1239 0.9923 -0.0000
vn -0.0007 1.0000 -0.0000
vn -0.1226 0.9925 -0.0000
vn -0.2464 0.9692 -0.0000
vn -0.3687 0.9295 -0.0000
vn -0.4869 0.8735 -0.0000
vn -0.5981 0.8015 -0.0000
vn -0.6996 0.7145 -0.0000
vn -0.7891 0.6143 -0.0000
vn -0.8644 0.5028 -0.0000
vn -0.9239 0.3825 -0.0000
vn -0.9665 0.2565 -0.0000
vn -0.9918 0.1280 -0.0000
vn -1.0000 0.0002 -0.0000
vn -0.9918 -0.1274 -0.0000
vn -0.9667 -0.2558 -0.0000
vn -0.9241 -0.3821 -0.0000
vn -0.8644 -0.5028 -0.0000
vn -0.7887 -0.6148 -0.0000
vn -0.6986 -0.7155 -0.0000
vn -0.5966 -0.8025 -0.0000
vn -0.4851 -0.8745 -0.0000
vn -0.3668 -0.9303 -0.0000
vn -0.2448 -0.9696 -0.0000
vn -0.1217 -0.9926 -0.0000
vn 0.0002 -1.0000 -0.0000
vn 0.1224 -0.9925 -0.0000
vn 0.2459 -0.9693 -0.0000
vn 0.3682 -0.9297 -0.0000
vn 0.4864 -0.8737 -0.0000
vn 0.5978 -0.8016 -0.0000
vn 0.6996 -0.7146 -0.0000
vn 0.7893 -0.6140 -0.0000
vn 0.8648 -0.5022 -0.0000
vn 0.9243 -0.3817 -0.0000
vn 0.9668 -0.2556 -0.0000
vn 0.9919 -0.1274 -0.0000
vn 1.0000 0.0002 -0.0000
vn 0.9918 0.1279 -0.0000
vn 0.9666 0.2563 -0.0000
vn 0.9241 0.3821 -0.0000
vn 0.8648 0.5022 -0.0000
vn 0.7897 0.6135 -0.0000
vn 0.7005 0.7136 -0.0000
vn 0.5993 0.8005 -0.0000
vn 0.4883 0.8727 -0.0000
vn 0.3701 0.9290 -0.0000
vn 0.2475 0.9689 -0.0000
vn 0.1233 0.9924 -0.0000
vn -0.4763 -0.8793 -0.0000
vn -0.4457 -0.8952 -0.0000
vn -0.4117 -0.9113 -0.0000
vn -0.3742 -0.9273 -0.0000
vn -0.3334 -0.9428 -0.0000
vn -0.2897 -0.9571 -0.0000
vn -0.2434 -0.9699 -0.0000
vn -0.1952 -0.9808 -0.0000
vn -0.1460 -0.9893 -0.0000
vn -0.0965 -0.9953 -0.0000
vn -0.0477 -0.9989 -0.0000
vn 0.0180 -0.9998 -0.0000
vn 0.1203 -0.9927 -0.0000
vn 0.2418 -0.9703 -0.0000
vn 0.3623 -0.9320 -0.0000
vn 0.4793 -0.8776 -0.0000
vn 0.5902 -0.8073 -0.0000
vn 0.6922 -0.7217 -0.0000
vn 0.7829 -0.6221 -0.0000
vn 0.8599 -0.5105 -0.0000
vn 0.9212 -0.3892 -0.0000
vn 0.9652 -0.2614 -0.0000
vn 0.9915 -0.1305 -0.0000
vn 1.0000 -0.0015 -0.0000
vn 0.9921 0.1257 -0.0000
vn 0.9670 0.2546 -0.0000
vn 0.9234 0.3838 -0.0000
vn 0.8609 0.5087 -0.0000
vn 0.7808 0.6248 -0.0000
vn 0.6854 0.7282 -0.0000
vn 0.5784 0.8158 -0.0000
vn 0.4637 0.8860 -0.0000
vn 0.3454 0.9385 -0.0000
vn 0.2269 0.9739 -0.0000
vn 0.1113 0.9938 -0.0000
vn 0.0128 0.9999 -0.0000
vn -0.0569 0.9984 -0.0000
vn -0.1116 0.9938 -0.0000
vn -0.1639 0.9865 -0.0000
vn -0.2138 0.9769 -0.0000
vn -0.2616 0.9652 -0.0000
vn -0.3072 0.9516 -0.0000
vn -0.3509 0.9364 -0.0000
vn -0.3927 0.9196 -0.0000
vn -0.4329 0.9014 -0.0000
vn -0.4716 0.8818 -0.0000
vn -0.5088 0.8609 -0.0000
vn 0.4864 0.8738 -0.0000
vn 0.8517 -0.5240 -0.0000
vn 0.4374 -0.8993 -0.0000
vn 0.4081 -0.9129 -0.0000
vn 0.3749 -0.9271 -0.0000
vn 0.3381 -0.9411 -0.0000
vn 0.2984 -0.9544 -0.0000
vn 0.2565 -0.9666 -0.0000
vn 0.2131 -0.9770 -0.0000
vn 0.1690 -0.9856 -0.0000
vn 0.1251 -0.9922 -0.0000
vn 0.0819 -0.9966 -0.0000
vn 0.0401 -0.9992 -0.0000
vn -0.0226 -0.9997 -0.0000
vn -0.1330 -0.9911 -0.0000
vn -0.2704 -0.9628 -0.0000
vn -0.4061 -0.9138 -0.0000
vn -0.5336 -0.8457 -0.0000
vn -0.6474 -0.7621 -0.0000
vn -0.7446 -0.6675 -0.0000
vn -0.8243 -0.5661 -0.0000
vn -0.8876 -0.4607 -0.0000
vn -0.9358 -0.3524 -0.0000
vn -0.9705 -0.2409 -0.0000
vn -0.9923 -0.1241 -0.0000
vn -1.0000 -0.0004 -0.0000
vn -0.9918 0.1279 -0.0000
vn -0.9664 0.2571 -0.0000
vn -0.9232 0.3844 -0.0000
vn -0.8625 0.5061 -0.0000
vn -0.7855 0.6188 -0.0000
vn -0.6942 0.7198 -0.0000
vn -0.5911 0.8066 -0.0000
vn -0.4790 0.8778 -0.0000
vn -0.3610 0.9325 -0.0000
vn -0.2401 0.9708 -0.0000
vn -0.1190 0.9929 -0.0000
vn -0.0192 0.9998 -0.0000
vn 0.0408 0.9992 -0.0000
vn 0.0816 0.9967 -0.0000
vn 0.1606 0.9870 -0.0000
vn 0.1976 0.9803 -0.0000
vn 0.2325 0.9726 -0.0000
vn 0.2648 0.9643 -0.0000
vn 0.2945 0.9556 -0.0000
vn 0.3214 0.9469 -0.0000
vn 0.3457 0.9384 -0.0000
vn 0.3673 0.9301 -0.0000
vn 0.8299 0.5579 -0.0000
vn 0.5047 -0.8633 -0.0000
vn 0.6127 -0.7904 -0.0000
vn -0.6924 0.7216 -0.0000
vt 0.490566 0.000000
vt 0.471698 0.000000
vt 1.000000 0.000000
vt 0.981132 0.000000
vt 0.433962 0.000000
vt 0.528302 0.000000
vt 0.452830 0.000000
vt 0.924528 0.000000
vt 0.018868 0.000000
vt 0.943396 0.000000
vt 0.000000 0.000000
vt 0.509434 0.000000
vt 0.962264 0.000000
vt 0.547170 0.000000
vt 0.415094 0.000000
vt 0.396226 0.000000
vt 0.566038 0.000000
vt 0.377358 0.000000
vt 0.584906 0.000000
vt 0.867925 0.000000
vt 0.075472 0.000000
vt 0.886792 0.000000
vt 0.056604 0.000000
vt 0.905660 0.000000
vt 0.037736 0.000000
vt 0.226415 0.000000
vt 0.207547 0.000000
vt 0.735849 0.000000
vt 0.339623 0.000000
vt 0.320755 0.000000
vt 0.622642 0.000000
vt 0.641509 0.000000
vt 0.301887 0.000000
vt 0.660377 0.000000
vt 0.283019 0.000000
vt 0.679245 0.000000
vt 0.264151 0.000000
vt 0.698113 0.000000
vt 0.245283 0.000000
vt 0.716981 0.000000
vt 0.754717 0.000000
vt 0.188679 0.000000
vt 0.773585 0.000000
vt 0.169811 0.000000
vt 0.792453 0.000000
vt 0.150943 0.000000
vt 0.811321 0.000000
vt 0.132075 0.000000
vt 0.830189 0.000000
vt 0.113208 0.000000
vt 0.358491 0.000000
vt 0.603774 0.000000
vt 0.849057 0.000000
vt 0.094340 0.000000
vt 0.400000 0.000000
vt 0.300000 0.000000
vt 0.200000 0.000000
vt 0.500000 0.000000
vt 0.600000 0.000000
vt 0.900000 0.000000
vt 0.800000 0.000000
vt 0.100000 0.000000
vt 0.700000 0.000000
vt 0.333333 0.000000
vt 0.666667 0.000000
vt 0.701031 0.000000
vt 0.690722 0.000000
vt 0.278351 0.000000
vt 0.268041 0.000000
vt 0.711340 0.000000
vt 0.257732 0.000000
vt 0.721649 0.000000
vt 0.247423 0.000000
vt 0.731959 0.000000
vt 0.742268 0.000000
vt 0.237113 0.000000
vt 0.752577 0.000000
vt 0.226804 0.000000
vt 0.762887 0.000000
vt 0.216495 0.000000
vt 0.773196 0.000000
vt 0.206186 0.000000
vt 0.783505 0.000000
vt 0.195876 0.000000
vt 0.793814 0.000000
vt 0.649485 0.000000
vt 0.319588 0.000000
vt 0.659794 0.000000
vt 0.309278 0.000000
vt 0.164948 0.000000
vt 0.154639 0.000000
vt 0.824742 0.000000
vt 0.835052 0.000000
vt 0.329897 0.000000
vt 0.639175 0.000000
vt 0.340206 0.000000
vt 0.134021 0.000000
vt 0.845361 0.000000
vt 0.144330 0.000000
vt 0.618557 0.000000
vt 0.350515 0.000000
vt 0.628866 0.000000
vt 0.113402 0.000000
vt 0.865979 0.000000
vt 0.123711 0.000000
vt 0.855670 0.000000
vt 0.670103 0.000000
vt 0.298969 0.000000
vt 0.680412 0.000000
vt 0.288660 0.000000
vt 0.185567 0.000000
vt 0.804124 0.000000
vt 0.175258 0.000000
vt 0.814433 0.000000
vt 0.608247 0.000000
vt 0.371134 0.000000
vt 0.360825 0.000000
vt 0.876289 0.000000
vt 0.103093 0.000000
vt 0.886598 0.000000
vt 0.082474 0.000000
vt 0.896907 0.000000
vt 0.092784 0.000000
vt 0.597938 0.000000
vt 0.381443 0.000000
vt 0.402062 0.000000
vt 0.577320 0.000000
vt 0.567010 0.000000
vt 0.412371 0.000000
vt 0.061856 0.000000
vt 0.927835 0.000000
vt 0.072165 0.000000
vt 0.917526 0.000000
vt 0.587629 0.000000
vt 0.391753 0.000000
vt 0.907216 0.000000
vt 0.030928 0.000000
vt 0.958763 0.000000
vt 0.041237 0.000000
vt 0.948454 0.000000
vt 0.494845 0.000000
vt 0.484536 0.000000
vt 0.474227 0.000000
vt 0.989691 0.000000
vt 0.463918 0.000000
vt 0.010309 0.000000
vt 0.979381 0.000000
vt 0.432990 0.000000
vt 0.536082 0.000000
vt 0.525773 0.000000
vt 0.443299 0.000000
vt 0.515464 0.000000
vt 0.453608 0.000000
vt 0.505155 0.000000
vt 0.020619 0.000000
vt 0.969072 0.000000
vt 0.556701 0.000000
vt 0.422680 0.000000
vt 0.546392 0.000000
vt 0.051546 0.000000
vt 0.938144 0.000000
vt 0.326316 0.000000
vt 0.315789 0.000000
vt 0.915789 0.000000
vt 0.905263 0.000000
vt 0.336842 0.000000
vt 0.894737 0.000000
vt 0.347368 0.000000
vt 0.884211 0.000000
vt 0.357895 0.000000
vt 0.873684 0.000000
vt 0.368421 0.000000
vt 0.378947 0.000000
vt 0.863158 0.000000
vt 0.389474 0.000000
vt 0.852632 0.000000
vt 0.842105 0.000000
vt 0.410526 0.000000
vt 0.831579 0.000000
vt 0.421053 0.000000
vt 0.273684 0.000000
vt 0.957895 0.000000
vt 0.284211 0.000000
vt 0.947368 0.000000
vt 0.789474 0.000000
vt 0.452632 0.000000
vt 0.463158 0.000000
vt 0.968421 0.000000
vt 0.263158 0.000000
vt 0.978947 0.000000
vt 0.768421 0.000000
vt 0.473684 0.000000
vt 0.778947 0.000000
vt 0.989474 0.000000
vt 0.252632 0.000000
vt 0.242105 0.000000
vt 0.757895 0.000000
vt 0.484211 0.000000
vt 0.294737 0.000000
vt 0.936842 0.000000
vt 0.305263 0.000000
vt 0.926316 0.000000
vt 0.821053 0.000000
vt 0.431579 0.000000
vt 0.810526 0.000000
vt 0.442105 0.000000
vt 0.494737 0.000000
vt 0.747368 0.000000
vt 0.736842 0.000000
vt 0.221053 0.000000
vt 0.526316 0.000000
vt 0.515789 0.000000
vt 0.010526 0.000000
vt 0.726316 0.000000
vt 0.715789 0.000000
vt 0.231579 0.000000
vt 0.505263 0.000000
vt 0.536842 0.000000
vt 0.210526 0.000000
vt 0.547368 0.000000
vt 0.705263 0.000000
vt 0.694737 0.000000
vt 0.031579 0.000000
vt 0.021053 0.000000
vt 0.168421 0.000000
vt 0.157895 0.000000
vt 0.578947 0.000000
vt 0.589474 0.000000
vt 0.147368 0.000000
vt 0.136842 0.000000
vt 0.610526 0.000000
vt 0.126316 0.000000
vt 0.621053 0.000000
vt 0.115789 0.000000
vt 0.105263 0.000000
vt 0.631579 0.000000
vt 0.094737 0.000000
vt 0.642105 0.000000
vt 0.084211 0.000000
vt 0.652632 0.000000
vt 0.073684 0.000000
vt 0.663158 0.000000
vt 0.063158 0.000000
vt 0.189474 0.000000
vt 0.557895 0.000000
vt 0.178947 0.000000
vt 0.568421 0.000000
vt 0.673684 0.000000
vt 0.052632 0.000000
vt 0.684211 0.000000
vt 0.042105 0.000000
vt 0.727273 0.000000
vt 0.454545 0.000000
vt 0.363636 0.000000
vt 0.818182 0.000000
vt 0.090909 0.000000
vt 0.636364 0.000000
vt 0.545455 0.000000
vt 0.272727 0.000000
vt 0.181818 0.000000
vt 0.909091 0.000000
vt 0.833333 0.000000
vt 0.166667 0.000000
vt 0.750000 0.000000
vt 0.625000 0.000000
vt 0.125000 0.000000
vt 0.875000 0.000000
vt 0.250000 0.000000
vt 0.375000 0.000000
vt 0.311688 0.000000
vt 0.298701 0.000000
vt 0.337662 0.000000
vt 0.259740 0.000000
vt 0.246753 0.000000
vt 0.441558 0.000000
vt 0.428571 0.000000
vt 0.415584 0.000000
vt 0.402597 0.000000
vt 0.389610 0.000000
vt 0.285714 0.000000
vt 0.376623 0.000000
vt 0.350649 0.000000
vt 0.324675 0.000000
vt 0.584416 0.000000
vt 0.168831 0.000000
vt 0.597403 0.000000
vt 0.142857 0.000000
vt 0.155844 0.000000
vt 0.623377 0.000000
vt 0.610390 0.000000
vt 0.571429 0.000000
vt 0.558442 0.000000
vt 0.194805 0.000000
vt 0.207792 0.000000
vt 0.532468 0.000000
vt 0.519481 0.000000
vt 0.220779 0.000000
vt 0.506494 0.000000
vt 0.493506 0.000000
vt 0.233766 0.000000
vt 0.480519 0.000000
vt 0.467532 0.000000
vt 0.129870 0.000000
vt 0.675325 0.000000
vt 0.662338 0.000000
vt 0.701299 0.000000
vt 0.688312 0.000000
vt 0.116883 0.000000
vt 0.714286 0.000000
vt 0.740260 0.000000
vt 0.103896 0.000000
vt 0.753247 0.000000
vt 0.766234 0.000000
vt 0.987013 0.000000
vt 0.961039 0.000000
vt 0.974026 0.000000
vt 0.857143 0.000000
vt 0.844156 0.000000
vt 0.038961 0.000000
vt 0.025974 0.000000
vt 0.870130 0.000000
vt 0.883117 0.000000
vt 0.012987 0.000000
vt 0.896104 0.000000
vt 0.922078 0.000000
vt 0.935065 0.000000
vt 0.948052 0.000000
vt 0.077922 0.000000
vt 0.779221 0.000000
vt 0.792208 0.000000
vt 0.064935 0.000000
vt 0.805195 0.000000
vt 0.051948 0.000000
vt 0.831169 0.000000
vt 0.649351 0.000000
vt 0.222222 0.000000
vt 0.111111 0.000000
vt 0.444444 0.000000
vt 0.555556 0.000000
vt 0.888889 0.000000
vt 0.777778 0.000000
vt 0.642857 0.000000
vt 0.357143 0.000000
vt 0.785714 0.000000
vt 0.214286 0.000000
vt 0.928571 0.000000
vt 0.071429 0.000000
vt 0.520661 0.000000
vt 0.512397 0.000000
vt 0.487603 0.000000
vt 0.504132 0.000000
vt 0.495868 0.000000
vt 0.462810 0.000000
vt 0.471074 0.000000
vt 0.537190 0.000000
vt 0.479339 0.000000
vt 0.528926 0.000000
vt 0.785124 0.000000
vt 0.776860 0.000000
vt 0.198347 0.000000
vt 0.793388 0.000000
vt 0.190083 0.000000
vt 0.801653 0.000000
vt 0.809917 0.000000
vt 0.173554 0.000000
vt 0.421488 0.000000
vt 0.570248 0.000000
vt 0.429752 0.000000
vt 0.404959 0.000000
vt 0.586777 0.000000
vt 0.413223 0.000000
vt 0.578512 0.000000
vt 0.388430 0.000000
vt 0.595041 0.000000
vt 0.396694 0.000000
vt 0.884298 0.000000
vt 0.107438 0.000000
vt 0.099174 0.000000
vt 0.876033 0.000000
vt 0.115702 0.000000
vt 0.743802 0.000000
vt 0.223140 0.000000
vt 0.752066 0.000000
vt 0.214876 0.000000
vt 0.859504 0.000000
vt 0.132231 0.000000
vt 0.123967 0.000000
vt 0.867769 0.000000
vt 0.438017 0.000000
vt 0.561983 0.000000
vt 0.446281 0.000000
vt 0.553719 0.000000
vt 0.760331 0.000000
vt 0.768595 0.000000
vt 0.206612 0.000000
vt 0.165289 0.000000
vt 0.826446 0.000000
vt 0.157025 0.000000
vt 0.834711 0.000000
vt 0.148760 0.000000
vt 0.842975 0.000000
vt 0.140496 0.000000
vt 0.851240 0.000000
vt 0.082645 0.000000
vt 0.892562 0.000000
vt 0.074380 0.000000
vt 0.900826 0.000000
vt 0.066116 0.000000
vt 0.917355 0.000000
vt 0.611570 0.000000
vt 0.603306 0.000000
vt 0.380165 0.000000
vt 0.925620 0.000000
vt 0.057851 0.000000
vt 0.933884 0.000000
vt 0.371901 0.000000
vt 0.619835 0.000000
vt 0.628099 0.000000
vt 0.239669 0.000000
vt 0.247934 0.000000
vt 0.991736 0.000000
vt 0.008264 0.000000
vt 0.322314 0.000000
vt 0.314050 0.000000
vt 0.669421 0.000000
vt 0.677686 0.000000
vt 0.305785 0.000000
vt 0.685950 0.000000
vt 0.297521 0.000000
vt 0.694215 0.000000
vt 0.289256 0.000000
vt 0.702479 0.000000
vt 0.280992 0.000000
vt 0.016529 0.000000
vt 0.024793 0.000000
vt 0.983471 0.000000
vt 0.975207 0.000000
vt 0.033058 0.000000
vt 0.966942 0.000000
vt 0.355372 0.000000
vt 0.347107 0.000000
vt 0.644628 0.000000
vt 0.338843 0.000000
vt 0.652893 0.000000
vt 0.330579 0.000000
vt 0.661157 0.000000
vt 0.710744 0.000000
vt 0.264463 0.000000
vt 0.719008 0.000000
vt 0.256198 0.000000
vt 0.041322 0.000000
vt 0.958678 0.000000
vt 0.950413 0.000000
vt 0.049587 0.000000
vt 0.942149 0.000000
vt 0.735537 0.000000
vt 0.231405 0.000000
vt 0.000000 1.000000
vt 0.037037 1.000000
vt 0.037037 0.000000
vt 0.074074 1.000000
vt 0.074074 0.000000
vt 0.111111 1.000000
vt 0.148148 1.000000
vt 0.148148 0.000000
vt 0.185185 1.000000
vt 0.185185 0.000000
vt 0.222222 1.000000
vt 0.259259 1.000000
vt 0.259259 0.000000
vt 0.296296 1.000000
vt 0.296296 0.000000
vt 0.333333 1.000000
vt 0.370370 1.000000
vt 0.370370 0.000000
vt 0.407407 1.000000
vt 0.407407 0.000000
vt 0.444444 1.000000
vt 0.481481 1.000000
vt 0.481481 0.000000
vt 0.518519 1.000000
vt 0.518519 0.000000
vt 0.555556 1.000000
vt 0.592593 1.000000
vt 0.592593 0.000000
vt 0.629630 1.000000
vt 0.629630 0.000000
vt 0.666667 1.000000
vt 0.703704 1.000000
vt 0.703704 0.000000
vt 0.740741 1.000000
vt 0.740741 0.000000
vt 0.777778 1.000000
vt 0.814815 1.000000
vt 0.814815 0.000000
vt 0.851852 1.000000
vt 0.851852 0.000000
vt 0.888889 1.000000
vt 0.925926 1.000000
vt 0.925926 0.000000
vt 0.962963 1.000000
vt 0.962963 0.000000
vt 1.000000 1.000000
vt 0.250000 1.000000
vt 0.500000 1.000000
vt 0.750000 1.000000
vt 0.008197 1.000000
vt 0.008197 0.000000
vt 0.016393 1.000000
vt 0.016393 0.000000
vt 0.024590 1.000000
vt 0.024590 0.000000
vt 0.032787 1.000000
vt 0.032787 0.000000
vt 0.040984 1.000000
vt 0.040984 0.000000
vt 0.049180 1.000000
vt 0.049180 0.000000
vt 0.057377 1.000000
vt 0.057377 0.000000
vt 0.065574 1.000000
vt 0.065574 0.000000
vt 0.073770 1.000000
vt 0.073770 0.000000
vt 0.081967 1.000000
vt 0.081967 0.000000
vt 0.090164 1.000000
vt 0.090164 0.000000
vt 0.098361 1.000000
vt 0.098361 0.000000
vt 0.106557 1.000000
vt 0.106557 0.000000
vt 0.114754 1.000000
vt 0.114754 0.000000
vt 0.122951 1.000000
vt 0.122951 0.000000
vt 0.131148 1.000000
vt 0.131148 0.000000
vt 0.139344 1.000000
vt 0.139344 0.000000
vt 0.147541 1.000000
vt 0.147541 0.000000
vt 0.155738 1.000000
vt 0.155738 0.000000
vt 0.163934 1.000000
vt 0.163934 0.000000
vt 0.172131 1.000000
vt 0.172131 0.000000
vt 0.180328 1.000000
vt 0.180328 0.000000
vt 0.188525 1.000000
vt 0.188525 0.000000
vt 0.196721 1.000000
vt 0.196721 0.000000
vt 0.204918 1.000000
vt 0.204918 0.000000
vt 0.213115 1.000000
vt 0.213115 0.000000
vt 0.221311 1.000000
vt 0.221311 0.000000
vt 0.229508 1.000000
vt 0.229508 0.000000
vt 0.237705 1.000000
vt 0.237705 0.000000
vt 0.245902 1.000000
vt 0.245902 0.000000
vt 0.254098 1.000000
vt 0.254098 0.000000
vt 0.262295 1.000000
vt 0.262295 0.000000
vt 0.270492 1.000000
vt 0.270492 0.000000
vt 0.278689 1.000000
vt 0.278689 0.000000
vt 0.286885 1.000000
vt 0.286885 0.000000
vt 0.295082 1.000000
vt 0.295082 0.000000
vt 0.303279 1.000000
vt 0.303279 0.000000
vt 0.311475 1.000000
vt 0.311475 0.000000
vt 0.319672 1.000000
vt 0.319672 0.000000
vt 0.327869 1.000000
vt 0.327869 0.000000
vt 0.336066 1.000000
vt 0.336066 0.000000
vt 0.344262 1.000000
vt 0.344262 0.000000
vt 0.352459 1.000000
vt 0.352459 0.000000
vt 0.360656 1.000000
vt 0.360656 0.000000
vt 0.368852 1.000000
vt 0.368852 0.000000
vt 0.377049 1.000000
vt 0.377049 0.000000
vt 0.385246 1.000000
vt 0.385246 0.000000
vt 0.393443 1.000000
vt 0.393443 0.000000
vt 0.401639 1.000000
vt 0.401639 0.000000
vt 0.409836 1.000000
vt 0.409836 0.000000
vt 0.418033 1.000000
vt 0.418033 0.000000
vt 0.426230 1.000000
vt 0.426230 0.000000
vt 0.434426 1.000000
vt 0.434426 0.000000
vt 0.442623 1.000000
vt 0.442623 0.000000
vt 0.450820 1.000000
vt 0.450820 0.000000
vt 0.459016 1.000000
vt 0.459016 0.000000
vt 0.467213 1.000000
vt 0.467213 0.000000
vt 0.475410 1.000000
vt 0.475410 0.000000
vt 0.483607 1.000000
vt 0.483607 0.000000
vt 0.491803 1.000000
vt 0.491803 0.000000
vt 0.508197 1.000000
vt 0.508197 0.000000
vt 0.516393 1.000000
vt 0.516393 0.000000
vt 0.524590 1.000000
vt 0.524590 0.000000
vt 0.532787 1.000000
vt 0.532787 0.000000
vt 0.540984 1.000000
vt 0.540984 0.000000
vt 0.549180 1.000000
vt 0.549180 0.000000
vt 0.557377 1.000000
vt 0.557377 0.000000
vt 0.565574 1.000000
vt 0.565574 0.000000
vt 0.573770 1.000000
vt 0.573770 0.000000
vt 0.581967 1.000000
vt 0.581967 0.000000
vt 0.590164 1.000000
vt 0.590164 0.000000
vt 0.598361 1.000000
vt 0.598361 0.000000
vt 0.606557 1.000000
vt 0.606557 0.000000
vt 0.614754 1.000000
vt 0.614754 0.000000
vt 0.622951 1.000000
vt 0.622951 0.000000
vt 0.631148 1.000000
vt 0.631148 0.000000
vt 0.639344 1.000000
vt 0.639344 0.000000
vt 0.647541 1.000000
vt 0.647541 0.000000
vt 0.655738 1.000000
vt 0.655738 0.000000
vt 0.663934 1.000000
vt 0.663934 0.000000
vt 0.672131 1.000000
vt 0.672131 0.000000
vt 0.680328 1.000000
vt 0.680328 0.000000
vt 0.688525 1.000000
vt 0.688525 0.000000
vt 0.696721 1.000000
vt 0.696721 0.000000
vt 0.704918 1.000000
vt 0.704918 0.000000
vt 0.713115 1.000000
vt 0.713115 0.000000
vt 0.721311 1.000000
vt 0.721311 0.000000
vt 0.729508 1.000000
vt 0.729508 0.000000
vt 0.737705 1.000000
vt 0.737705 0.000000
vt 0.745902 1.000000
vt 0.745902 0.000000
vt 0.754098 1.000000
vt 0.754098 0.000000
vt 0.762295 1.000000
vt 0.762295 0.000000
vt 0.770492 1.000000
vt 0.770492 0.000000
vt 0.778689 1.000000
vt 0.778689 0.000000
vt 0.786885 1.000000
vt 0.786885 0.000000
vt 0.795082 1.000000
vt 0.795082 0.000000
vt 0.803279 1.000000
vt 0.803279 0.000000
vt 0.811475 1.000000
vt 0.811475 0.000000
vt 0.819672 1.000000
vt 0.819672 0.000000
vt 0.827869 1.000000
vt 0.827869 0.000000
vt 0.836066 1.000000
vt 0.836066 0.000000
vt 0.844262 1.000000
vt 0.844262 0.000000
vt 0.852459 1.000000
vt 0.852459 0.000000
vt 0.860656 1.000000
vt 0.860656 0.000000
vt 0.868852 1.000000
vt 0.868852 0.000000
vt 0.877049 1.000000
vt 0.877049 0.000000
vt 0.885246 1.000000
vt 0.885246 0.000000
vt 0.893443 1.000000
vt 0.893443 0.000000
vt 0.901639 1.000000
vt 0.901639 0.000000
vt 0.909836 1.000000
vt 0.909836 0.000000
vt 0.918033 1.000000
vt 0.918033 0.000000
vt 0.926230 1.000000
vt 0.926230 0.000000
vt 0.934426 1.000000
vt 0.934426 0.000000
vt 0.942623 1.000000
vt 0.942623 0.000000
vt 0.950820 1.000000
vt 0.950820 0.000000
vt 0.959016 1.000000
vt 0.959016 0.000000
vt 0.967213 1.000000
vt 0.967213 0.000000
vt 0.975410 1.000000
vt 0.975410 0.000000
vt 0.983607 1.000000
vt 0.983607 0.000000
vt 0.991803 1.000000
vt 0.991803 0.000000
vt 0.066667 1.000000
vt 0.066667 0.000000
vt 0.133333 1.000000
vt 0.133333 0.000000
vt 0.200000 1.000000
vt 0.266667 1.000000
vt 0.266667 0.000000
vt 0.400000 1.000000
vt 0.466667 1.000000
vt 0.466667 0.000000
vt 0.533333 1.000000
vt 0.533333 0.000000
vt 0.600000 1.000000
vt 0.733333 1.000000
vt 0.733333 0.000000
vt 0.800000 1.000000
vt 0.866667 1.000000
vt 0.866667 0.000000
vt 0.933333 1.000000
vt 0.933333 0.000000
vt 0.100000 1.000000
vt 0.300000 1.000000
vt 0.700000 1.000000
vt 0.900000 1.000000
vt 0.012821 1.000000
vt 0.012821 0.000000
vt 0.025641 1.000000
vt 0.025641 0.000000
vt 0.038462 1.000000
vt 0.038462 0.000000
vt 0.051282 1.000000
vt 0.051282 0.000000
vt 0.064103 1.000000
vt 0.064103 0.000000
vt 0.076923 1.000000
vt 0.076923 0.000000
vt 0.089744 1.000000
vt 0.089744 0.000000
vt 0.102564 1.000000
vt 0.102564 0.000000
vt 0.115385 1.000000
vt 0.115385 0.000000
vt 0.128205 1.000000
vt 0.128205 0.000000
vt 0.141026 1.000000
vt 0.141026 0.000000
vt 0.153846 1.000000
vt 0.153846 0.000000
vt 0.166667 1.000000
vt 0.179487 1.000000
vt 0.179487 0.000000
vt 0.192308 1.000000
vt 0.192308 0.000000
vt 0.205128 1.000000
vt 0.205128 0.000000
vt 0.217949 1.000000
vt 0.217949 0.000000
vt 0.230769 1.000000
vt 0.230769 0.000000
vt 0.243590 1.000000
vt 0.243590 0.000000
vt 0.256410 1.000000
vt 0.256410 0.000000
vt 0.269231 1.000000
vt 0.269231 0.000000
vt 0.282051 1.000000
vt 0.282051 0.000000
vt 0.294872 1.000000
vt 0.294872 0.000000
vt 0.307692 1.000000
vt 0.307692 0.000000
vt 0.320513 1.000000
vt 0.320513 0.000000
vt 0.346154 1.000000
vt 0.346154 0.000000
vt 0.358974 1.000000
vt 0.358974 0.000000
vt 0.371795 1.000000
vt 0.371795 0.000000
vt 0.384615 1.000000
vt 0.384615 0.000000
vt 0.397436 1.000000
vt 0.397436 0.000000
vt 0.410256 1.000000
vt 0.410256 0.000000
vt 0.423077 1.000000
vt 0.423077 0.000000
vt 0.435897 1.000000
vt 0.435897 0.000000
vt 0.448718 1.000000
vt 0.448718 0.000000
vt 0.461538 1.000000
vt 0.461538 0.000000
vt 0.474359 1.000000
vt 0.474359 0.000000
vt 0.487179 1.000000
vt 0.487179 0.000000
vt 0.512821 1.000000
vt 0.512821 0.000000
vt 0.525641 1.000000
vt 0.525641 0.000000
vt 0.538462 1.000000
vt 0.538462 0.000000
vt 0.551282 1.000000
vt 0.551282 0.000000
vt 0.564103 1.000000
vt 0.564103 0.000000
vt 0.576923 1.000000
vt 0.576923 0.000000
vt 0.589744 1.000000
vt 0.589744 0.000000
vt 0.602564 1.000000
vt 0.602564 0.000000
vt 0.615385 1.000000
vt 0.615385 0.000000
vt 0.628205 1.000000
vt 0.628205 0.000000
vt 0.641026 1.000000
vt 0.641026 0.000000
vt 0.653846 1.000000
vt 0.653846 0.000000
vt 0.679487 1.000000
vt 0.679487 0.000000
vt 0.692308 1.000000
vt 0.692308 0.000000
vt 0.705128 1.000000
vt 0.705128 0.000000
vt 0.717949 1.000000
vt 0.717949 0.000000
vt 0.730769 1.000000
vt 0.730769 0.000000
vt 0.743590 1.000000
vt 0.743590 0.000000
vt 0.756410 1.000000
vt 0.756410 0.000000
vt 0.769231 1.000000
vt 0.769231 0.000000
vt 0.782051 1.000000
vt 0.782051 0.000000
vt 0.794872 1.000000
vt 0.794872 0.000000
vt 0.807692 1.000000
vt 0.807692 0.000000
vt 0.820513 1.000000
vt 0.820513 0.000000
vt 0.833333 1.000000
vt 0.846154 1.000000
vt 0.846154 0.000000
vt 0.858974 1.000000
vt 0.858974 0.000000
vt 0.871795 1.000000
vt 0.871795 0.000000
vt 0.884615 1.000000
vt 0.884615 0.000000
vt 0.897436 1.000000
vt 0.897436 0.000000
vt 0.910256 1.000000
vt 0.910256 0.000000
vt 0.923077 1.000000
vt 0.923077 0.000000
vt 0.935897 1.000000
vt 0.935897 0.000000
vt 0.948718 1.000000
vt 0.948718 0.000000
vt 0.961538 1.000000
vt 0.961538 0.000000
vt 0.974359 1.000000
vt 0.974359 0.000000
vt 0.987179 1.000000
vt 0.987179 0.000000
vt 0.125000 1.000000
vt 0.375000 1.000000
vt 0.625000 1.000000
vt 0.875000 1.000000
vt 0.142857 1.000000
vt 0.285714 1.000000
vt 0.428571 1.000000
vt 0.571429 1.000000
vt 0.714286 1.000000
vt 0.857143 1.000000
vt 0.083333 1.000000
vt 0.083333 0.000000
vt 0.416667 1.000000
vt 0.416667 0.000000
vt 0.583333 1.000000
vt 0.583333 0.000000
vt 0.916667 1.000000
vt 0.916667 0.000000
vt 0.020833 1.000000
vt 0.020833 0.000000
vt 0.041667 1.000000
vt 0.041667 0.000000
vt 0.062500 1.000000
vt 0.062500 0.000000
vt 0.104167 1.000000
vt 0.104167 0.000000
vt 0.145833 1.000000
vt 0.145833 0.000000
vt 0.187500 1.000000
vt 0.187500 0.000000
vt 0.208333 1.000000
vt 0.208333 0.000000
vt 0.229167 1.000000
vt 0.229167 0.000000
vt 0.270833 1.000000
vt 0.270833 0.000000
vt 0.291667 1.000000
vt 0.291667 0.000000
vt 0.312500 1.000000
vt 0.312500 0.000000
vt 0.354167 1.000000
vt 0.354167 0.000000
vt 0.395833 1.000000
vt 0.395833 0.000000
vt 0.437500 1.000000
vt 0.437500 0.000000
vt 0.458333 1.000000
vt 0.458333 0.000000
vt 0.479167 1.000000
vt 0.479167 0.000000
vt 0.520833 1.000000
vt 0.520833 0.000000
vt 0.541667 1.000000
vt 0.541667 0.000000
vt 0.562500 1.000000
vt 0.562500 0.000000
vt 0.604167 1.000000
vt 0.604167 0.000000
vt 0.645833 1.000000
vt 0.645833 0.000000
vt 0.687500 1.000000
vt 0.687500 0.000000
vt 0.708333 1.000000
vt 0.708333 0.000000
vt 0.729167 1.000000
vt 0.729167 0.000000
vt 0.770833 1.000000
vt 0.770833 0.000000
vt 0.791667 1.000000
vt 0.791667 0.000000
vt 0.812500 1.000000
vt 0.812500 0.000000
vt 0.854167 1.000000
vt 0.854167 0.000000
vt 0.895833 1.000000
vt 0.895833 0.000000
vt 0.937500 1.000000
vt 0.937500 0.000000
vt 0.958333 1.000000
vt 0.958333 0.000000
vt 0.979167 1.000000
vt 0.979167 0.000000
vt 0.010204 1.000000
vt 0.010204 0.000000
vt 0.020408 1.000000
vt 0.020408 0.000000
vt 0.030612 1.000000
vt 0.030612 0.000000
vt 0.040816 1.000000
vt 0.040816 0.000000
vt 0.051020 1.000000
vt 0.051020 0.000000
vt 0.061224 1.000000
vt 0.061224 0.000000
vt 0.071429 1.000000
vt 0.081633 1.000000
vt 0.081633 0.000000
vt 0.091837 1.000000
vt 0.091837 0.000000
vt 0.102041 1.000000
vt 0.102041 0.000000
vt 0.112245 1.000000
vt 0.112245 0.000000
vt 0.122449 1.000000
vt 0.122449 0.000000
vt 0.132653 1.000000
vt 0.132653 0.000000
vt 0.153061 1.000000
vt 0.153061 0.000000
vt 0.163265 1.000000
vt 0.163265 0.000000
vt 0.173469 1.000000
vt 0.173469 0.000000
vt 0.183673 1.000000
vt 0.183673 0.000000
vt 0.193878 1.000000
vt 0.193878 0.000000
vt 0.204082 1.000000
vt 0.204082 0.000000
vt 0.214286 1.000000
vt 0.224490 1.000000
vt 0.224490 0.000000
vt 0.234694 1.000000
vt 0.234694 0.000000
vt 0.244898 1.000000
vt 0.244898 0.000000
vt 0.255102 1.000000
vt 0.255102 0.000000
vt 0.265306 1.000000
vt 0.265306 0.000000
vt 0.275510 1.000000
vt 0.275510 0.000000
vt 0.295918 1.000000
vt 0.295918 0.000000
vt 0.306122 1.000000
vt 0.306122 0.000000
vt 0.316327 1.000000
vt 0.316327 0.000000
vt 0.326531 1.000000
vt 0.326531 0.000000
vt 0.336735 1.000000
vt 0.336735 0.000000
vt 0.346939 1.000000
vt 0.346939 0.000000
vt 0.357143 1.000000
vt 0.367347 1.000000
vt 0.367347 0.000000
vt 0.377551 1.000000
vt 0.377551 0.000000
vt 0.387755 1.000000
vt 0.387755 0.000000
vt 0.397959 1.000000
vt 0.397959 0.000000
vt 0.408163 1.000000
vt 0.408163 0.000000
vt 0.418367 1.000000
vt 0.418367 0.000000
vt 0.438776 1.000000
vt 0.438776 0.000000
vt 0.448980 1.000000
vt 0.448980 0.000000
vt 0.459184 1.000000
vt 0.459184 0.000000
vt 0.469388 1.000000
vt 0.469388 0.000000
vt 0.479592 1.000000
vt 0.479592 0.000000
vt 0.489796 1.000000
vt 0.489796 0.000000
vt 0.510204 1.000000
vt 0.510204 0.000000
vt 0.520408 1.000000
vt 0.520408 0.000000
vt 0.530612 1.000000
vt 0.530612 0.000000
vt 0.540816 1.000000
vt 0.540816 0.000000
vt 0.551020 1.000000
vt 0.551020 0.000000
vt 0.561224 1.000000
vt 0.561224 0.000000
vt 0.581633 1.000000
vt 0.581633 0.000000
vt 0.591837 1.000000
vt 0.591837 0.000000
vt 0.602041 1.000000
vt 0.602041 0.000000
vt 0.612245 1.000000
vt 0.612245 0.000000
vt 0.622449 1.000000
vt 0.622449 0.000000
vt 0.632653 1.000000
vt 0.632653 0.000000
vt 0.642857 1.000000
vt 0.653061 1.000000
vt 0.653061 0.000000
vt 0.663265 1.000000
vt 0.663265 0.000000
vt 0.673469 1.000000
vt 0.673469 0.000000
vt 0.683673 1.000000
vt 0.683673 0.000000
vt 0.693878 1.000000
vt 0.693878 0.000000
vt 0.704082 1.000000
vt 0.704082 0.000000
vt 0.724490 1.000000
vt 0.724490 0.000000
vt 0.734694 1.000000
vt 0.734694 0.000000
vt 0.744898 1.000000
vt 0.744898 0.000000
vt 0.755102 1.000000
vt 0.755102 0.000000
vt 0.765306 1.000000
vt 0.765306 0.000000
vt 0.775510 1.000000
vt 0.775510 0.000000
vt 0.785714 1.000000
vt 0.795918 1.000000
vt 0.795918 0.000000
vt 0.806122 1.000000
vt 0.806122 0.000000
vt 0.816327 1.000000
vt 0.816327 0.000000
vt 0.826531 1.000000
vt 0.826531 0.000000
vt 0.836735 1.000000
vt 0.836735 0.000000
vt 0.846939 1.000000
vt 0.846939 0.000000
vt 0.867347 1.000000
vt 0.867347 0.000000
vt 0.877551 1.000000
vt 0.877551 0.000000
vt 0.887755 1.000000
vt 0.887755 0.000000
vt 0.897959 1.000000
vt 0.897959 0.000000
vt 0.908163 1.000000
vt 0.908163 0.000000
vt 0.918367 1.000000
vt 0.918367 0.000000
vt 0.928571 1.000000
vt 0.938776 1.000000
vt 0.938776 0.000000
vt 0.948980 1.000000
vt 0.948980 0.000000
vt 0.959184 1.000000
vt 0.959184 0.000000
vt 0.969388 1.000000
vt 0.969388 0.000000
vt 0.979592 1.000000
vt 0.979592 0.000000
vt 0.989796 1.000000
vt 0.989796 0.000000
s 0
f 99/145/41 98/146/41 126/147/41
f 99/145/41 126/147/41 125/148/41
f 96/149/41 101/150/41 97/151/41
f 122/152/41 74/153/41 123/154/41
f 73/155/41 123/154/41 74/153/41
f 126/147/41 98/146/41 97/151/41
f 100/156/41 126/147/41 97/151/41
f 97/151/41 101/150/41 100/156/41
f 123/154/41 73/155/41 124/157/41
f 125/148/41 124/157/41 73/155/41
f 99/145/41 125/148/41 73/155/41
f 102/158/41 95/159/41 94/160/41
f 94/160/41 103/161/41 102/158/41
f 103/161/41 94/160/41 93/162/41
f 93/162/41 104/163/41 103/161/41
f 119/164/41 77/165/41 120/166/41
f 77/165/41 76/167/41 120/166/41
f 121/168/41 120/166/41 76/167/41
f 75/169/41 121/168/41 76/167/41
f 101/150/41 96/149/41 95/159/41
f 95/159/41 102/158/41 101/150/41
f 121/168/41 75/169/41 122/152/41
f 74/153/41 122/152/41 75/169/41
f 85/170/41 84/171/41 112/172/41
f 91/173/41 90/174/41 106/175/41
f 107/176/41 106/175/41 90/174/41
f 90/174/41 89/177/41 107/176/41
f 108/178/41 107/176/41 89/177/41
f 89/177/41 88/179/41 108/178/41
f 109/180/41 108/178/41 88/179/41
f 88/179/41 87/181/41 109/180/41
f 110/182/41 109/180/41 87/181/41
f 87/181/41 86/183/41 110/182/41
f 111/184/41 110/182/41 86/183/41
f 86/183/41 85/170/41 111/184/41
f 85/170/41 112/172/41 111/184/41
f 112/172/41 84/171/41 113/185/41
f 84/171/41 83/186/41 113/185/41
f 114/187/41 113/185/41 83/186/41
f 83/186/41 82/188/41 114/187/41
f 115/189/41 114/187/41 82/188/41
f 82/188/41 81/190/41 115/189/41
f 116/191/41 115/189/41 81/190/41
f 81/190/41 80/192/41 116/191/41
f 117/193/41 116/191/41 80/192/41
f 80/192/41 79/194/41 117/193/41
f 104/163/41 93/162/41 92/195/41
f 105/196/41 104/163/41 92/195/41
f 92/195/41 91/173/41 105/196/41
f 91/173/41 106/175/41 105/196/41
f 117/193/41 79/194/41 118/197/41
f 79/194/41 78/198/41 118/197/41
f 119/164/41 118/197/41 78/198/41
f 77/165/41 119/164/41 78/198/41
f 131/199/41 130/200/41 129/201/41
f 129/201/41 137/147/41 131/199/41
f 137/147/41 132/202/41 131/199/41
f 133/203/41 136/204/41 135/205/41
f 128/206/41 127/155/41 134/207/41
f 128/206/41 134/207/41 135/205/41
f 133/203/41 135/205/41 134/207/41
f 128/206/41 135/205/41 129/201/41
f 137/147/41 129/201/41 135/205/41
f 132/202/41 137/147/41 136/204/41
f 136/204/41 133/203/41 132/202/41
f 164/145/41 163/146/41 191/147/41
f 164/145/41 191/147/41 190/148/41
f 161/149/41 166/150/41 162/151/41
f 187/152/41 139/153/41 188/154/41
f 138/155/41 188/154/41 139/153/41
f 191/147/41 163/146/41 162/151/41
f 165/156/41 191/147/41 162/151/41
f 162/151/41 166/150/41 165/156/41
f 188/154/41 138/155/41 189/157/41
f 190/148/41 189/157/41 138/155/41
f 164/145/41 190/148/41 138/155/41
f 167/158/41 160/159/41 159/160/41
f 159/160/41 168/161/41 167/158/41
f 168/161/41 159/160/41 158/162/41
f 158/162/41 169/163/41 168/161/41
f 184/164/41 142/165/41 185/166/41
f 142/165/41 141/167/41 185/166/41
f 186/168/41 185/166/41 141/167/41
f 140/169/41 186/168/41 141/167/41
f 166/150/41 161/149/41 160/159/41
f 160/159/41 167/158/41 166/150/41
f 186/168/41 140/169/41 187/152/41
f 139/153/41 187/152/41 140/169/41
f 150/170/41 149/171/41 177/172/41
f 156/173/41 155/174/41 171/175/41
f 172/176/41 171/175/41 155/174/41
f 155/174/41 154/177/41 172/176/41
f 173/178/41 172/176/41 154/177/41
f 154/177/41 153/179/41 173/178/41
f 174/180/41 173/178/41 153/179/41
f 153/179/41 152/181/41 174/180/41
f 175/182/41 174/180/41 152/181/41
f 152/181/41 151/183/41 175/182/41
f 176/184/41 175/182/41 151/183/41
f 151/183/41 150/170/41 176/184/41
f 150/170/41 177/172/41 176/184/41
f 177/172/41 149/171/41 178/185/41
f 149/171/41 148/186/41 178/185/41
f 179/187/41 178/185/41 148/186/41
f 148/186/41 147/188/41 179/187/41
f 180/189/41 179/187/41 147/188/41
f 147/188/41 146/190/41 180/189/41
f 181/191/41 180/189/41 146/190/41
f 146/190/41 145/192/41 181/191/41
f 182/193/41 181/191/41 145/192/41
f 145/192/41 144/194/41 182/193/41
f 169/163/41 158/162/41 157/195/41
f 170/196/41 169/163/41 157/195/41
f 157/195/41 156/173/41 170/196/41
f 156/173/41 171/175/41 170/196/41
f 182/193/41 144/194/41 183/197/41
f 144/194/41 143/198/41 183/197/41
f 184/164/41 183/197/41 143/198/41
f 142/165/41 184/164/41 143/198/41
f 193/208/41 192/155/41 195/147/41
f 195/147/41 194/209/41 193/208/41
f 264/210/41 263/211/41 223/212/41
f 223/212/41 222/213/41 264/210/41
f 265/214/41 264/210/41 222/213/41
f 222/213/41 221/215/41 265/214/41
f 266/216/41 265/214/41 221/215/41
f 221/215/41 220/217/41 266/216/41
f 267/218/41 266/216/41 220/217/41
f 268/219/41 267/218/41 220/217/41
f 220/217/41 219/220/41 268/219/41
f 269/221/41 268/219/41 219/220/41
f 219/220/41 218/222/41 269/221/41
f 270/223/41 269/221/41 218/222/41
f 218/222/41 217/224/41 270/223/41
f 271/225/41 270/223/41 217/224/41
f 217/224/41 216/226/41 271/225/41
f 272/227/41 271/225/41 216/226/41
f 216/226/41 215/228/41 272/227/41
f 273/229/41 272/227/41 215/228/41
f 259/230/41 227/231/41 260/232/41
f 227/231/41 226/233/41 260/232/41
f 212/234/41 211/235/41 276/236/41
f 211/235/41 277/237/41 276/236/41
f 228/238/41 258/239/41 229/240/41
f 209/241/41 278/242/41 210/243/41
f 256/244/41 230/245/41 257/246/41
f 207/247/41 280/248/41 208/249/41
f 279/250/41 208/249/41 280/248/41
f 229/240/41 258/239/41 257/246/41
f 257/246/41 230/245/41 229/240/41
f 208/249/41 279/250/41 209/241/41
f 278/242/41 209/241/41 279/250/41
f 258/239/41 228/238/41 259/230/41
f 227/231/41 259/230/41 228/238/41
f 277/237/41 211/235/41 210/243/41
f 210/243/41 278/242/41 277/237/41
f 260/232/41 226/233/41 261/251/41
f 226/233/41 225/252/41 261/251/41
f 262/253/41 261/251/41 225/252/41
f 225/252/41 224/254/41 262/253/41
f 263/211/41 262/253/41 224/254/41
f 223/212/41 263/211/41 224/254/41
f 273/229/41 215/228/41 214/255/41
f 274/256/41 273/229/41 214/255/41
f 214/255/41 213/257/41 274/256/41
f 275/258/41 274/256/41 213/257/41
f 213/257/41 212/234/41 275/258/41
f 212/234/41 276/236/41 275/258/41
f 255/259/41 232/260/41 231/261/41
f 281/262/41 206/263/41 282/264/41
f 204/265/41 283/266/41 205/267/41
f 232/260/41 255/259/41 254/268/41
f 254/268/41 233/269/41 232/260/41
f 282/264/41 206/263/41 205/267/41
f 205/267/41 283/266/41 282/264/41
f 235/270/41 252/271/41 251/272/41
f 251/272/41 236/273/41 235/270/41
f 202/274/41 286/275/41 203/276/41
f 285/277/41 203/276/41 286/275/41
f 233/269/41 254/268/41 253/278/41
f 234/279/41 233/269/41 253/278/41
f 253/278/41 252/271/41 234/279/41
f 252/271/41 235/270/41 234/279/41
f 203/276/41 285/277/41 204/265/41
f 285/277/41 284/280/41 204/265/41
f 283/266/41 204/265/41 284/280/41
f 199/281/41 289/282/41 200/283/41
f 288/284/41 200/283/41 289/282/41
f 244/285/41 243/286/41 242/287/41
f 293/147/41 292/288/41 196/155/41
f 244/285/41 242/287/41 241/289/41
f 196/155/41 292/288/41 197/290/41
f 291/291/41 197/290/41 292/288/41
f 238/292/41 248/293/41 247/294/41
f 239/295/41 238/292/41 247/294/41
f 247/294/41 246/296/41 239/295/41
f 240/297/41 239/295/41 246/296/41
f 246/296/41 245/298/41 240/297/41
f 245/298/41 244/285/41 240/297/41
f 244/285/41 241/289/41 240/297/41
f 197/290/41 291/291/41 198/299/41
f 291/291/41 290/300/41 198/299/41
f 199/281/41 198/299/41 290/300/41
f 289/282/41 199/281/41 290/300/41
f 236/273/41 251/272/41 250/301/41
f 237/302/41 236/273/41 250/301/41
f 250/301/41 249/303/41 237/302/41
f 249/303/41 248/293/41 237/302/41
f 248/293/41 238/292/41 237/302/41
f 200/283/41 288/284/41 201/304/41
f 288/284/41 287/305/41 201/304/41
f 202/274/41 201/304/41 287/305/41
f 286/275/41 202/274/41 287/305/41
f 255/259/41 231/261/41 256/244/41
f 230/245/41 256/244/41 231/261/41
f 206/263/41 281/262/41 207/247/41
f 280/248/41 207/247/41 281/262/41
f 325/306/41 324/307/41 381/308/41
f 381/308/41 380/309/41 325/306/41
f 326/310/41 325/306/41 380/309/41
f 380/309/41 379/311/41 326/310/41
f 327/312/41 326/310/41 379/311/41
f 379/311/41 378/313/41 327/312/41
f 328/314/41 327/312/41 378/313/41
f 378/313/41 377/315/41 328/314/41
f 329/316/41 328/314/41 377/315/41
f 330/317/41 329/316/41 377/315/41
f 377/315/41 376/318/41 330/317/41
f 331/319/41 330/317/41 376/318/41
f 376/318/41 375/320/41 331/319/41
f 332/199/41 331/319/41 375/320/41
f 375/320/41 374/321/41 332/199/41
f 333/322/41 332/199/41 374/321/41
f 374/321/41 373/323/41 333/322/41
f 334/324/41 333/322/41 373/323/41
f 320/325/41 385/326/41 321/327/41
f 385/326/41 384/328/41 321/327/41
f 370/205/41 369/329/41 337/330/41
f 369/329/41 338/331/41 337/330/41
f 386/332/41 319/333/41 387/334/41
f 367/335/41 339/336/41 368/337/41
f 388/338/41 318/339/41 317/340/41
f 317/340/41 389/147/41 388/338/41
f 387/334/41 319/333/41 318/339/41
f 318/339/41 388/338/41 387/334/41
f 366/341/41 340/342/41 367/335/41
f 339/336/41 367/335/41 340/342/41
f 319/333/41 386/332/41 320/325/41
f 385/326/41 320/325/41 386/332/41
f 338/331/41 369/329/41 368/337/41
f 368/337/41 339/336/41 338/331/41
f 321/327/41 384/328/41 322/343/41
f 384/328/41 383/344/41 322/343/41
f 323/345/41 322/343/41 383/344/41
f 383/344/41 382/346/41 323/345/41
f 324/307/41 323/345/41 382/346/41
f 381/308/41 324/307/41 382/346/41
f 334/324/41 373/323/41 372/347/41
f 335/348/41 334/324/41 372/347/41
f 372/347/41 371/349/41 335/348/41
f 336/350/41 335/348/41 371/349/41
f 371/349/41 370/205/41 336/350/41
f 370/205/41 337/330/41 336/350/41
f 341/351/41 365/352/41 364/353/41
f 364/353/41 294/155/41 341/351/41
f 315/354/41 344/355/41 343/356/41
f 295/357/41 363/358/41 362/359/41
f 315/354/41 343/356/41 316/360/41
f 342/361/41 316/360/41 343/356/41
f 294/155/41 364/353/41 363/358/41
f 363/358/41 295/357/41 294/155/41
f 345/362/41 314/363/41 313/201/41
f 346/364/41 345/362/41 313/201/41
f 361/365/41 360/366/41 297/367/41
f 296/368/41 361/365/41 297/367/41
f 344/355/41 315/354/41 314/363/41
f 314/363/41 345/362/41 344/355/41
f 361/365/41 296/368/41 362/359/41
f 295/357/41 362/359/41 296/368/41
f 310/369/41 309/370/41 349/371/41
f 350/372/41 349/371/41 309/370/41
f 309/370/41 308/373/41 350/372/41
f 351/203/41 350/372/41 308/373/41
f 308/373/41 307/374/41 351/203/41
f 352/375/41 351/203/41 307/374/41
f 307/374/41 306/376/41 352/375/41
f 353/377/41 352/375/41 306/376/41
f 306/376/41 305/378/41 353/377/41
f 305/378/41 304/379/41 353/377/41
f 354/380/41 353/377/41 304/379/41
f 304/379/41 303/381/41 354/380/41
f 355/382/41 354/380/41 303/381/41
f 303/381/41 302/383/41 355/382/41
f 356/384/41 355/382/41 302/383/41
f 302/383/41 301/385/41 356/384/41
f 357/386/41 356/384/41 301/385/41
f 301/385/41 300/387/41 357/386/41
f 346/364/41 313/201/41 312/388/41
f 347/389/41 346/364/41 312/388/41
f 312/388/41 311/390/41 347/389/41
f 348/391/41 347/389/41 311/390/41
f 311/390/41 310/369/41 348/391/41
f 310/369/41 349/371/41 348/391/41
f 357/386/41 300/387/41 358/392/41
f 300/387/41 299/393/41 358/392/41
f 359/394/41 358/392/41 299/393/41
f 299/393/41 298/395/41 359/394/41
f 360/366/41 359/394/41 298/395/41
f 297/367/41 360/366/41 298/395/41
f 316/360/41 342/361/41 317/340/41
f 389/147/41 317/340/41 342/361/41
f 365/352/41 341/351/41 366/341/41
f 340/342/41 366/341/41 341/351/41
f 393/203/41 392/199/41 395/147/41
f 395/147/41 392/199/41 391/201/41
f 391/201/41 390/155/41 395/147/41
f 393/203/41 395/147/41 394/205/41
f 404/396/41 401/397/41 400/398/41
f 405/399/41 404/396/41 400/398/41
f 400/398/41 397/400/41 405/399/41
f 397/400/41 396/155/41 405/399/41
f 401/397/41 404/396/41 403/401/41
f 403/401/41 402/402/41 401/397/41
f 397/400/41 400/398/41 399/403/41
f 399/403/41 398/404/41 397/400/41
f 407/147/41 406/405/41 396/155/41
f 405/399/41 396/155/41 406/405/41
f 411/202/41 414/147/41 413/406/41
f 413/406/41 412/209/41 411/202/41
f 414/147/41 411/202/41 408/155/41
f 409/407/41 408/155/41 411/202/41
f 410/208/41 409/407/41 411/202/41
f 419/199/41 418/200/41 417/201/41
f 417/201/41 425/147/41 419/199/41
f 425/147/41 420/202/41 419/199/41
f 421/203/41 424/204/41 423/205/41
f 416/206/41 415/155/41 422/207/41
f 416/206/41 422/207/41 423/205/41
f 421/203/41 423/205/41 422/207/41
f 416/206/41 423/205/41 417/201/41
f 425/147/41 417/201/41 423/205/41
f 420/202/41 425/147/41 424/204/41
f 424/204/41 421/203/41 420/202/41
f 432/408/41 431/409/41 430/202/41
f 434/147/41 427/410/41 426/155/41
f 427/410/41 434/147/41 433/411/41
f 428/412/41 427/410/41 429/413/41
f 430/202/41 429/413/41 427/410/41
f 427/410/41 433/411/41 430/202/41
f 432/408/41 430/202/41 433/411/41
f 459/414/41 458/415/41 461/416/41
f 455/417/41 454/418/41 469/419/41
f 469/419/41 468/420/41 455/417/41
f 468/420/41 467/421/41 455/417/41
f 456/403/41 455/417/41 467/421/41
f 467/421/41 466/422/41 456/403/41
f 466/422/41 465/423/41 456/403/41
f 457/424/41 456/403/41 465/423/41
f 465/423/41 464/425/41 457/424/41
f 464/425/41 463/398/41 457/424/41
f 458/415/41 457/424/41 463/398/41
f 463/398/41 462/426/41 458/415/41
f 461/416/41 458/415/41 462/426/41
f 459/414/41 461/416/41 460/427/41
f 480/428/41 448/429/41 481/430/41
f 446/431/41 484/401/41 447/432/41
f 484/401/41 483/433/41 447/432/41
f 482/434/41 447/432/41 483/433/41
f 447/432/41 482/434/41 448/429/41
f 481/430/41 448/429/41 482/434/41
f 448/429/41 480/428/41 449/404/41
f 480/428/41 479/435/41 449/404/41
f 479/435/41 478/436/41 449/404/41
f 450/437/41 449/404/41 478/436/41
f 477/402/41 450/437/41 478/436/41
f 450/437/41 477/402/41 451/438/41
f 477/402/41 476/439/41 451/438/41
f 476/439/41 475/440/41 451/438/41
f 452/441/41 451/438/41 475/440/41
f 475/440/41 474/442/41 452/441/41
f 474/442/41 473/443/41 452/441/41
f 453/444/41 452/441/41 473/443/41
f 473/443/41 472/445/41 453/444/41
f 472/445/41 471/446/41 453/444/41
f 454/418/41 453/444/41 471/446/41
f 471/446/41 470/397/41 454/418/41
f 469/419/41 454/418/41 470/397/41
f 445/447/41 487/448/41 486/449/41
f 489/450/41 488/451/41 444/452/41
f 444/452/41 490/453/41 489/450/41
f 444/452/41 488/451/41 445/447/41
f 487/448/41 445/447/41 488/451/41
f 492/454/41 443/455/41 442/400/41
f 493/456/41 492/454/41 442/400/41
f 494/457/41 493/456/41 442/400/41
f 490/453/41 444/452/41 443/455/41
f 491/396/41 490/453/41 443/455/41
f 443/455/41 492/454/41 491/396/41
f 512/147/41 511/458/41 509/459/41
f 510/460/41 509/459/41 511/458/41
f 501/461/41 500/462/41 438/463/41
f 438/463/41 437/464/41 501/461/41
f 502/465/41 501/461/41 437/464/41
f 503/466/41 502/465/41 437/464/41
f 437/464/41 436/467/41 503/466/41
f 504/468/41 503/466/41 436/467/41
f 505/405/41 504/468/41 436/467/41
f 436/467/41 435/155/41 505/405/41
f 506/469/41 505/405/41 435/155/41
f 507/470/41 506/469/41 435/155/41
f 435/155/41 512/147/41 507/470/41
f 508/471/41 507/470/41 512/147/41
f 512/147/41 509/459/41 508/471/41
f 494/457/41 442/400/41 441/472/41
f 495/473/41 494/457/41 441/472/41
f 496/474/41 495/473/41 441/472/41
f 441/472/41 440/475/41 496/474/41
f 497/476/41 496/474/41 440/475/41
f 498/399/41 497/476/41 440/475/41
f 440/475/41 439/477/41 498/399/41
f 499/478/41 498/399/41 439/477/41
f 439/477/41 438/463/41 499/478/41
f 438/463/41 500/462/41 499/478/41
f 445/447/41 486/449/41 446/431/41
f 486/449/41 485/479/41 446/431/41
f 484/401/41 446/431/41 485/479/41
f 515/480/41 514/481/41 516/208/41
f 517/482/41 516/208/41 514/481/41
f 514/481/41 518/483/41 517/482/41
f 513/155/41 522/147/41 519/209/41
f 522/147/41 521/484/41 519/209/41
f 520/485/41 519/209/41 521/484/41
f 518/483/41 514/481/41 519/209/41
f 513/155/41 519/209/41 514/481/41
f 524/208/41 523/155/41 526/147/41
f 526/147/41 525/209/41 524/208/41
f 536/486/41 535/435/41 533/420/41
f 537/453/41 536/486/41 533/420/41
f 533/420/41 532/487/41 537/453/41
f 538/488/41 530/489/41 529/431/41
f 541/147/41 540/490/41 528/491/41
f 539/461/41 528/491/41 540/490/41
f 528/491/41 539/461/41 529/431/41
f 538/488/41 529/431/41 539/461/41
f 530/489/41 538/488/41 531/424/41
f 532/487/41 531/424/41 538/488/41
f 537/453/41 532/487/41 538/488/41
f 535/435/41 534/202/41 533/420/41
f 541/147/41 528/491/41 527/155/41
f 605/492/41 604/493/41 601/494/41
f 604/493/41 603/495/41 601/494/41
f 602/496/41 601/494/41 603/495/41
f 598/497/41 597/397/41 608/402/41
f 598/497/41 608/402/41 599/498/41
f 608/402/41 607/499/41 599/498/41
f 600/500/41 599/498/41 607/499/41
f 607/499/41 606/501/41 600/500/41
f 601/494/41 600/500/41 606/501/41
f 605/492/41 601/494/41 606/501/41
f 637/502/41 636/503/41 566/504/41
f 638/505/41 637/502/41 566/504/41
f 566/504/41 565/506/41 638/505/41
f 639/507/41 638/505/41 565/506/41
f 565/506/41 564/404/41 639/507/41
f 640/508/41 639/507/41 564/404/41
f 564/404/41 563/509/41 640/508/41
f 641/399/41 640/508/41 563/509/41
f 593/510/41 611/511/41 594/512/41
f 591/513/41 613/514/41 592/515/41
f 613/514/41 612/516/41 592/515/41
f 589/517/41 614/518/41 590/519/41
f 649/520/41 555/521/41 554/522/41
f 613/514/41 591/513/41 590/519/41
f 590/519/41 614/518/41 613/514/41
f 648/523/41 556/524/41 555/521/41
f 555/521/41 649/520/41 648/523/41
f 592/515/41 612/516/41 593/510/41
f 611/511/41 593/510/41 612/516/41
f 632/525/41 569/526/41 633/527/41
f 568/528/41 633/527/41 569/526/41
f 646/529/41 558/530/41 557/531/41
f 647/532/41 646/529/41 557/531/41
f 557/531/41 556/524/41 647/532/41
f 556/524/41 648/523/41 647/532/41
f 594/512/41 611/511/41 595/533/41
f 611/511/41 610/534/41 595/533/41
f 596/535/41 595/533/41 610/534/41
f 610/534/41 609/536/41 596/535/41
f 597/397/41 596/535/41 609/536/41
f 608/402/41 597/397/41 609/536/41
f 633/527/41 568/528/41 634/537/41
f 635/538/41 634/537/41 568/528/41
f 568/528/41 567/539/41 635/538/41
f 636/503/41 635/538/41 567/539/41
f 566/504/41 636/503/41 567/539/41
f 641/399/41 563/509/41 562/540/41
f 642/541/41 641/399/41 562/540/41
f 562/540/41 561/542/41 642/541/41
f 643/543/41 642/541/41 561/542/41
f 561/542/41 560/544/41 643/543/41
f 644/545/41 643/543/41 560/544/41
f 560/544/41 559/546/41 644/545/41
f 645/547/41 644/545/41 559/546/41
f 559/546/41 558/530/41 645/547/41
f 558/530/41 646/529/41 645/547/41
f 552/548/41 650/549/41 553/400/41
f 551/550/41 652/405/41 651/551/41
f 550/552/41 653/553/41 551/550/41
f 652/405/41 551/550/41 653/553/41
f 616/554/41 615/555/41 588/556/41
f 551/550/41 651/551/41 552/548/41
f 650/549/41 552/548/41 651/551/41
f 654/557/41 549/558/41 655/559/41
f 616/554/41 588/556/41 587/560/41
f 617/561/41 616/554/41 587/560/41
f 587/560/41 586/398/41 617/561/41
f 586/398/41 618/562/41 617/561/41
f 571/563/41 630/396/41 572/564/41
f 549/558/41 654/557/41 550/552/41
f 653/553/41 550/552/41 654/557/41
f 542/155/41 663/147/41 662/565/41
f 543/566/41 542/155/41 662/565/41
f 581/567/41 580/568/41 623/569/41
f 624/570/41 623/569/41 580/568/41
f 580/568/41 579/571/41 624/570/41
f 625/572/41 624/570/41 579/571/41
f 579/571/41 578/573/41 625/572/41
f 626/574/41 625/572/41 578/573/41
f 578/573/41 577/575/41 626/574/41
f 627/576/41 626/574/41 577/575/41
f 577/575/41 576/577/41 627/576/41
f 576/577/41 575/403/41 627/576/41
f 543/566/41 662/565/41 544/578/41
f 545/579/41 544/578/41 662/565/41
f 662/565/41 661/580/41 545/579/41
f 661/580/41 660/581/41 545/579/41
f 546/582/41 545/579/41 660/581/41
f 659/583/41 546/582/41 660/581/41
f 618/562/41 586/398/41 585/584/41
f 619/401/41 618/562/41 585/584/41
f 585/584/41 584/585/41 619/401/41
f 620/586/41 619/401/41 584/585/41
f 584/585/41 583/587/41 620/586/41
f 621/588/41 620/586/41 583/587/41
f 583/587/41 582/589/41 621/588/41
f 622/590/41 621/588/41 582/589/41
f 582/589/41 581/567/41 622/590/41
f 581/567/41 623/569/41 622/590/41
f 627/576/41 575/403/41 628/591/41
f 575/403/41 574/592/41 628/591/41
f 629/593/41 628/591/41 574/592/41
f 574/592/41 573/594/41 629/593/41
f 630/396/41 629/593/41 573/594/41
f 572/564/41 630/396/41 573/594/41
f 546/582/41 659/583/41 547/595/41
f 659/583/41 658/596/41 547/595/41
f 658/596/41 657/597/41 547/595/41
f 548/598/41 547/595/41 657/597/41
f 657/597/41 656/599/41 548/598/41
f 549/558/41 548/598/41 656/599/41
f 655/559/41 549/558/41 656/599/41
f 588/556/41 615/555/41 589/517/41
f 614/518/41 589/517/41 615/555/41
f 630/396/41 571/563/41 631/600/41
f 571/563/41 570/601/41 631/600/41
f 632/525/41 631/600/41 570/601/41
f 569/526/41 632/525/41 570/601/41
f 649/520/41 554/522/41 553/400/41
f 553/400/41 650/549/41 649/520/41
f 665/208/41 664/155/41 667/147/41
f 667/147/41 666/209/41 665/208/41
f 693/146/41 721/147/41 720/148/41
f 694/145/41 693/146/41 720/148/41
f 691/149/41 696/150/41 692/151/41
f 717/152/41 669/153/41 718/154/41
f 668/155/41 718/154/41 669/153/41
f 721/147/41 693/146/41 692/151/41
f 695/156/41 721/147/41 692/151/41
f 692/151/41 696/150/41 695/156/41
f 718/154/41 668/155/41 719/157/41
f 720/148/41 719/157/41 668/155/41
f 694/145/41 720/148/41 668/155/41
f 697/158/41 690/159/41 689/160/41
f 689/160/41 698/161/41 697/158/41
f 698/161/41 689/160/41 688/162/41
f 688/162/41 699/163/41 698/161/41
f 714/164/41 672/165/41 715/166/41
f 672/165/41 671/167/41 715/166/41
f 716/168/41 715/166/41 671/167/41
f 670/169/41 716/168/41 671/167/41
f 696/150/41 691/149/41 690/159/41
f 690/159/41 697/158/41 696/150/41
f 716/168/41 670/169/41 717/152/41
f 669/153/41 717/152/41 670/169/41
f 680/170/41 679/171/41 707/172/41
f 686/173/41 685/174/41 701/175/41
f 702/176/41 701/175/41 685/174/41
f 685/174/41 684/177/41 702/176/41
f 703/178/41 702/176/41 684/177/41
f 684/177/41 683/179/41 703/178/41
f 704/180/41 703/178/41 683/179/41
f 683/179/41 682/181/41 704/180/41
f 705/182/41 704/180/41 682/181/41
f 682/181/41 681/183/41 705/182/41
f 706/184/41 705/182/41 681/183/41
f 681/183/41 680/170/41 706/184/41
f 680/170/41 707/172/41 706/184/41
f 707/172/41 679/171/41 708/185/41
f 679/171/41 678/186/41 708/185/41
f 709/187/41 708/185/41 678/186/41
f 678/186/41 677/188/41 709/187/41
f 710/189/41 709/187/41 677/188/41
f 677/188/41 676/190/41 710/189/41
f 711/191/41 710/189/41 676/190/41
f 676/190/41 675/192/41 711/191/41
f 712/193/41 711/191/41 675/192/41
f 675/192/41 674/194/41 712/193/41
f 699/163/41 688/162/41 687/195/41
f 700/196/41 699/163/41 687/195/41
f 687/195/41 686/173/41 700/196/41
f 686/173/41 701/175/41 700/196/41
f 712/193/41 674/194/41 713/197/41
f 674/194/41 673/198/41 713/197/41
f 714/164/41 713/197/41 673/198/41
f 672/165/41 714/164/41 673/198/41
f 748/145/42 775/147/42 747/146/42
f 748/145/42 774/148/42 775/147/42
f 745/149/42 746/151/42 750/150/42
f 771/152/42 772/154/42 723/153/42
f 722/155/42 723/153/42 772/154/42
f 775/147/42 746/151/42 747/146/42
f 749/156/42 746/151/42 775/147/42
f 746/151/42 749/156/42 750/150/42
f 772/154/42 773/157/42 722/155/42
f 774/148/42 722/155/42 773/157/42
f 748/145/42 722/155/42 774/148/42
f 751/158/42 743/160/42 744/159/42
f 743/160/42 751/158/42 752/161/42
f 752/161/42 742/162/42 743/160/42
f 742/162/42 752/161/42 753/163/42
f 768/164/42 769/166/42 726/165/42
f 726/165/42 769/166/42 725/167/42
f 770/168/42 725/167/42 769/166/42
f 724/169/42 725/167/42 770/168/42
f 750/150/42 744/159/42 745/149/42
f 744/159/42 750/150/42 751/158/42
f 770/168/42 771/152/42 724/169/42
f 723/153/42 724/169/42 771/152/42
f 734/170/42 761/172/42 733/171/42
f 740/173/42 755/175/42 739/174/42
f 756/176/42 739/174/42 755/175/42
f 739/174/42 756/176/42 738/177/42
f 757/178/42 738/177/42 756/176/42
f 738/177/42 757/178/42 737/179/42
f 758/180/42 737/179/42 757/178/42
f 737/179/42 758/180/42 736/181/42
f 759/182/42 736/181/42 758/180/42
f 736/181/42 759/182/42 735/183/42
f 760/184/42 735/183/42 759/182/42
f 735/183/42 760/184/42 734/170/42
f 734/170/42 760/184/42 761/172/42
f 761/172/42 762/185/42 733/171/42
f 733/171/42 762/185/42 732/186/42
f 763/187/42 732/186/42 762/185/42
f 732/186/42 763/187/42 731/188/42
f 764/189/42 731/188/42 763/187/42
f 731/188/42 764/189/42 730/190/42
f 765/191/42 730/190/42 764/189/42
f 730/190/42 765/191/42 729/192/42
f 766/193/42 729/192/42 765/191/42
f 729/192/42 766/193/42 728/194/42
f 753/163/42 741/195/42 742/162/42
f 754/196/42 741/195/42 753/163/42
f 741/195/42 754/196/42 740/173/42
f 740/173/42 754/196/42 755/175/42
f 766/193/42 767/197/42 728/194/42
f 728/194/42 767/197/42 727/198/42
f 768/164/42 727/198/42 767/197/42
f 726/165/42 727/198/42 768/164/42
f 780/199/42 778/201/42 779/200/42
f 778/201/42 780/199/42 786/147/42
f 786/147/42 780/199/42 781/202/42
f 782/203/42 784/205/42 785/204/42
f 777/206/42 783/207/42 776/155/42
f 777/206/42 784/205/42 783/207/42
f 782/203/42 783/207/42 784/205/42
f 777/206/42 778/201/42 784/205/42
f 786/147/42 784/205/42 778/201/42
f 781/202/42 785/204/42 786/147/42
f 785/204/42 781/202/42 782/203/42
f 813/145/42 840/147/42 812/146/42
f 813/145/42 839/148/42 840/147/42
f 810/149/42 811/151/42 815/150/42
f 836/152/42 837/154/42 788/153/42
f 787/155/42 788/153/42 837/154/42
f 840/147/42 811/151/42 812/146/42
f 814/156/42 811/151/42 840/147/42
f 811/151/42 814/156/42 815/150/42
f 837/154/42 838/157/42 787/155/42
f 839/148/42 787/155/42 838/157/42
f 813/145/42 787/155/42 839/148/42
f 816/158/42 808/160/42 809/159/42
f 808/160/42 816/158/42 817/161/42
f 817/161/42 807/162/42 808/160/42
f 807/162/42 817/161/42 818/163/42
f 833/164/42 834/166/42 791/165/42
f 791/165/42 834/166/42 790/167/42
f 835/168/42 790/167/42 834/166/42
f 789/169/42 790/167/42 835/168/42
f 815/150/42 809/159/42 810/149/42
f 809/159/42 815/150/42 816/158/42
f 835/168/42 836/152/42 789/169/42
f 788/153/42 789/169/42 836/152/42
f 799/170/42 826/172/42 798/171/42
f 805/173/42 820/175/42 804/174/42
f 821/176/42 804/174/42 820/175/42
f 804/174/42 821/176/42 803/177/42
f 822/178/42 803/177/42 821/176/42
f 803/177/42 822/178/42 802/179/42
f 823/180/42 802/179/42 822/178/42
f 802/179/42 823/180/42 801/181/42
f 824/182/42 801/181/42 823/180/42
f 801/181/42 824/182/42 800/183/42
f 825/184/42 800/183/42 824/182/42
f 800/183/42 825/184/42 799/170/42
f 799/170/42 825/184/42 826/172/42
f 826/172/42 827/185/42 798/171/42
f 798/171/42 827/185/42 797/186/42
f 828/187/42 797/186/42 827/185/42
f 797/186/42 828/187/42 796/188/42
f 829/189/42 796/188/42 828/187/42
f 796/188/42 829/189/42 795/190/42
f 830/191/42 795/190/42 829/189/42
f 795/190/42 830/191/42 794/192/42
f 831/193/42 794/192/42 830/191/42
f 794/192/42 831/193/42 793/194/42
f 818/163/42 806/195/42 807/162/42
f 819/196/42 806/195/42 818/163/42
f 806/195/42 819/196/42 805/173/42
f 805/173/42 819/196/42 820/175/42
f 831/193/42 832/197/42 793/194/42
f 793/194/42 832/197/42 792/198/42
f 833/164/42 792/198/42 832/197/42
f 791/165/42 792/198/42 833/164/42
f 842/208/42 844/147/42 841/155/42
f 844/147/42 842/208/42 843/209/42
f 913/210/42 872/212/42 912/211/42
f 872/212/42 913/210/42 871/213/42
f 914/214/42 871/213/42 913/210/42
f 871/213/42 914/214/42 870/215/42
f 915/216/42 870/215/42 914/214/42
f 870/215/42 915/216/42 869/217/42
f 916/218/42 869/217/42 915/216/42
f 917/219/42 869/217/42 916/218/42
f 869/217/42 917/219/42 868/220/42
f 918/221/42 868/220/42 917/219/42
f 868/220/42 918/221/42 867/222/42
f 919/223/42 867/222/42 918/221/42
f 867/222/42 919/223/42 866/224/42
f 920/225/42 866/224/42 919/223/42
f 866/224/42 920/225/42 865/226/42
f 921/227/42 865/226/42 920/225/42
f 865/226/42 921/227/42 864/228/42
f 922/229/42 864/228/42 921/227/42
f 908/230/42 909/232/42 876/231/42
f 876/231/42 909/232/42 875/233/42
f 861/234/42 925/236/42 860/235/42
f 860/235/42 925/236/42 926/237/42
f 877/238/42 878/240/42 907/239/42
f 858/241/42 859/243/42 927/242/42
f 905/244/42 906/246/42 879/245/42
f 856/247/42 857/249/42 929/248/42
f 928/250/42 929/248/42 857/249/42
f 878/240/42 906/246/42 907/239/42
f 906/246/42 878/240/42 879/245/42
f 857/249/42 858/241/42 928/250/42
f 927/242/42 928/250/42 858/241/42
f 907/239/42 908/230/42 877/238/42
f 876/231/42 877/238/42 908/230/42
f 926/237/42 859/243/42 860/235/42
f 859/243/42 926/237/42 927/242/42
f 909/232/42 910/251/42 875/233/42
f 875/233/42 910/251/42 874/252/42
f 911/253/42 874/252/42 910/251/42
f 874/252/42 911/253/42 873/254/42
f 912/211/42 873/254/42 911/253/42
f 872/212/42 873/254/42 912/211/42
f 922/229/42 863/255/42 864/228/42
f 923/256/42 863/255/42 922/229/42
f 863/255/42 923/256/42 862/257/42
f 924/258/42 862/257/42 923/256/42
f 862/257/42 924/258/42 861/234/42
f 861/234/42 924/258/42 925/236/42
f 904/259/42 880/261/42 881/260/42
f 930/262/42 931/264/42 855/263/42
f 853/265/42 854/267/42 932/266/42
f 881/260/42 903/268/42 904/259/42
f 903/268/42 881/260/42 882/269/42
f 931/264/42 854/267/42 855/263/42
f 854/267/42 931/264/42 932/266/42
f 884/270/42 900/272/42 901/271/42
f 900/272/42 884/270/42 885/273/42
f 851/274/42 852/276/42 935/275/42
f 934/277/42 935/275/42 852/276/42
f 882/269/42 902/278/42 903/268/42
f 883/279/42 902/278/42 882/269/42
f 902/278/42 883/279/42 901/271/42
f 901/271/42 883/279/42 884/270/42
f 852/276/42 853/265/42 934/277/42
f 934/277/42 853/265/42 933/280/42
f 932/266/42 933/280/42 853/265/42
f 848/281/42 849/283/42 938/282/42
f 937/284/42 938/282/42 849/283/42
f 893/285/42 891/287/42 892/286/42
f 942/147/42 845/155/42 941/288/42
f 893/285/42 890/289/42 891/287/42
f 845/155/42 846/290/42 941/288/42
f 940/291/42 941/288/42 846/290/42
f 887/292/42 896/294/42 897/293/42
f 888/295/42 896/294/42 887/292/42
f 896/294/42 888/295/42 895/296/42
f 889/297/42 895/296/42 888/295/42
f 895/296/42 889/297/42 894/298/42
f 894/298/42 889/297/42 893/285/42
f 893/285/42 889/297/42 890/289/42
f 846/290/42 847/299/42 940/291/42
f 940/291/42 847/299/42 939/300/42
f 848/281/42 939/300/42 847/299/42
f 938/282/42 939/300/42 848/281/42
f 885/273/42 899/301/42 900/272/42
f 886/302/42 899/301/42 885/273/42
f 899/301/42 886/302/42 898/303/42
f 898/303/42 886/302/42 897/293/42
f 897/293/42 886/302/42 887/292/42
f 849/283/42 850/304/42 937/284/42
f 937/284/42 850/304/42 936/305/42
f 851/274/42 936/305/42 850/304/42
f 935/275/42 936/305/42 851/274/42
f 904/259/42 905/244/42 880/261/42
f 879/245/42 880/261/42 905/244/42
f 855/263/42 856/247/42 930/262/42
f 929/248/42 930/262/42 856/247/42
f 974/306/42 1030/308/42 973/307/42
f 1030/308/42 974/306/42 1029/309/42
f 975/310/42 1029/309/42 974/306/42
f 1029/309/42 975/310/42 1028/311/42
f 976/312/42 1028/311/42 975/310/42
f 1028/311/42 976/312/42 1027/313/42
f 977/314/42 1027/313/42 976/312/42
f 1027/313/42 977/314/42 1026/315/42
f 978/316/42 1026/315/42 977/314/42
f 979/317/42 1026/315/42 978/316/42
f 1026/315/42 979/317/42 1025/318/42
f 980/319/42 1025/318/42 979/317/42
f 1025/318/42 980/319/42 1024/320/42
f 981/199/42 1024/320/42 980/319/42
f 1024/320/42 981/199/42 1023/321/42
f 982/322/42 1023/321/42 981/199/42
f 1023/321/42 982/322/42 1022/323/42
f 983/324/42 1022/323/42 982/322/42
f 969/325/42 970/327/42 1034/326/42
f 1034/326/42 970/327/42 1033/328/42
f 1019/205/42 986/330/42 1018/329/42
f 1018/329/42 986/330/42 987/331/42
f 1035/332/42 1036/334/42 968/333/42
f 1016/335/42 1017/337/42 988/336/42
f 1037/338/42 966/340/42 967/339/42
f 966/340/42 1037/338/42 1038/147/42
f 1036/334/42 967/339/42 968/333/42
f 967/339/42 1036/334/42 1037/338/42
f 1015/341/42 1016/335/42 989/342/42
f 988/336/42 989/342/42 1016/335/42
f 968/333/42 969/325/42 1035/332/42
f 1034/326/42 1035/332/42 969/325/42
f 987/331/42 1017/337/42 1018/329/42
f 1017/337/42 987/331/42 988/336/42
f 970/327/42 971/343/42 1033/328/42
f 1033/328/42 971/343/42 1032/344/42
f 972/345/42 1032/344/42 971/343/42
f 1032/344/42 972/345/42 1031/346/42
f 973/307/42 1031/346/42 972/345/42
f 1030/308/42 1031/346/42 973/307/42
f 983/324/42 1021/347/42 1022/323/42
f 984/348/42 1021/347/42 983/324/42
f 1021/347/42 984/348/42 1020/349/42
f 985/350/42 1020/349/42 984/348/42
f 1020/349/42 985/350/42 1019/205/42
f 1019/205/42 985/350/42 986/330/42
f 990/351/42 1013/353/42 1014/352/42
f 1013/353/42 990/351/42 943/155/42
f 964/354/42 992/356/42 993/355/42
f 944/357/42 1011/359/42 1012/358/42
f 964/354/42 965/360/42 992/356/42
f 991/361/42 992/356/42 965/360/42
f 943/155/42 1012/358/42 1013/353/42
f 1012/358/42 943/155/42 944/357/42
f 994/362/42 962/201/42 963/363/42
f 995/364/42 962/201/42 994/362/42
f 1010/365/42 946/367/42 1009/366/42
f 945/368/42 946/367/42 1010/365/42
f 993/355/42 963/363/42 964/354/42
f 963/363/42 993/355/42 994/362/42
f 1010/365/42 1011/359/42 945/368/42
f 944/357/42 945/368/42 1011/359/42
f 959/369/42 998/371/42 958/370/42
f 999/372/42 958/370/42 998/371/42
f 958/370/42 999/372/42 957/373/42
f 1000/203/42 957/373/42 999/372/42
f 957/373/42 1000/203/42 956/374/42
f 1001/375/42 956/374/42 1000/203/42
f 956/374/42 1001/375/42 955/376/42
f 1002/377/42 955/376/42 1001/375/42
f 955/376/42 1002/377/42 954/378/42
f 954/378/42 1002/377/42 953/379/42
f 1003/380/42 953/379/42 1002/377/42
f 953/379/42 1003/380/42 952/381/42
f 1004/382/42 952/381/42 1003/380/42
f 952/381/42 1004/382/42 951/383/42
f 1005/384/42 951/383/42 1004/382/42
f 951/383/42 1005/384/42 950/385/42
f 1006/386/42 950/385/42 1005/384/42
f 950/385/42 1006/386/42 949/387/42
f 995/364/42 961/388/42 962/201/42
f 996/389/42 961/388/42 995/364/42
f 961/388/42 996/389/42 960/390/42
f 997/391/42 960/390/42 996/389/42
f 960/390/42 997/391/42 959/369/42
f 959/369/42 997/391/42 998/371/42
f 1006/386/42 1007/392/42 949/387/42
f 949/387/42 1007/392/42 948/393/42
f 1008/394/42 948/393/42 1007/392/42
f 948/393/42 1008/394/42 947/395/42
f 1009/366/42 947/395/42 1008/394/42
f 946/367/42 947/395/42 1009/366/42
f 965/360/42 966/340/42 991/361/42
f 1038/147/42 991/361/42 966/340/42
f 1014/352/42 1015/341/42 990/351/42
f 989/342/42 990/351/42 1015/341/42
f 1042/203/42 1044/147/42 1041/199/42
f 1044/147/42 1040/201/42 1041/199/42
f 1040/201/42 1044/147/42 1039/155/42
f 1042/203/42 1043/205/42 1044/147/42
f 1053/396/42 1049/398/42 1050/397/42
f 1054/399/42 1049/398/42 1053/396/42
f 1049/398/42 1054/399/42 1046/400/42
f 1046/400/42 1054/399/42 1045/155/42
f 1050/397/42 1052/401/42 1053/396/42
f 1052/401/42 1050/397/42 1051/402/42
f 1046/400/42 1048/403/42 1049/398/42
f 1048/403/42 1046/400/42 1047/404/42
f 1056/147/42 1045/155/42 1055/405/42
f 1054/399/42 1055/405/42 1045/155/42
f 1060/202/42 1062/406/42 1063/147/42
f 1062/406/42 1060/202/42 1061/209/42
f 1063/147/42 1057/155/42 1060/202/42
f 1058/407/42 1060/202/42 1057/155/42
f 1059/208/42 1060/202/42 1058/407/42
f 1068/199/42 1066/201/42 1067/200/42
f 1066/201/42 1068/199/42 1074/147/42
f 1074/147/42 1068/199/42 1069/202/42
f 1070/203/42 1072/205/42 1073/204/42
f 1065/206/42 1071/207/42 1064/155/42
f 1065/206/42 1072/205/42 1071/207/42
f 1070/203/42 1071/207/42 1072/205/42
f 1065/206/42 1066/201/42 1072/205/42
f 1074/147/42 1072/205/42 1066/201/42
f 1069/202/42 1073/204/42 1074/147/42
f 1073/204/42 1069/202/42 1070/203/42
f 1081/408/42 1079/202/42 1080/409/42
f 1083/147/42 1075/155/42 1076/410/42
f 1076/410/42 1082/411/42 1083/147/42
f 1077/412/42 1078/413/42 1076/410/42
f 1079/202/42 1076/410/42 1078/413/42
f 1076/410/42 1079/202/42 1082/411/42
f 1081/408/42 1082/411/42 1079/202/42
f 1108/414/42 1110/416/42 1107/415/42
f 1104/417/42 1118/419/42 1103/418/42
f 1118/419/42 1104/417/42 1117/420/42
f 1117/420/42 1104/417/42 1116/421/42
f 1105/403/42 1116/421/42 1104/417/42
f 1116/421/42 1105/403/42 1115/422/42
f 1115/422/42 1105/403/42 1114/423/42
f 1106/424/42 1114/423/42 1105/403/42
f 1114/423/42 1106/424/42 1113/425/42
f 1113/425/42 1106/424/42 1112/398/42
f 1107/415/42 1112/398/42 1106/424/42
f 1112/398/42 1107/415/42 1111/426/42
f 1110/416/42 1111/426/42 1107/415/42
f 1108/414/42 1109/427/42 1110/416/42
f 1129/428/42 1130/430/42 1097/429/42
f 1095/431/42 1096/432/42 1133/401/42
f 1133/401/42 1096/432/42 1132/433/42
f 1131/434/42 1132/433/42 1096/432/42
f 1096/432/42 1097/429/42 1131/434/42
f 1130/430/42 1131/434/42 1097/429/42
f 1097/429/42 1098/404/42 1129/428/42
f 1129/428/42 1098/404/42 1128/435/42
f 1128/435/42 1098/404/42 1127/436/42
f 1099/437/42 1127/436/42 1098/404/42
f 1126/402/42 1127/436/42 1099/437/42
f 1099/437/42 1100/438/42 1126/402/42
f 1126/402/42 1100/438/42 1125/439/42
f 1125/439/42 1100/438/42 1124/440/42
f 1101/441/42 1124/440/42 1100/438/42
f 1124/440/42 1101/441/42 1123/442/42
f 1123/442/42 1101/441/42 1122/443/42
f 1102/444/42 1122/443/42 1101/441/42
f 1122/443/42 1102/444/42 1121/445/42
f 1121/445/42 1102/444/42 1120/446/42
f 1103/418/42 1120/446/42 1102/444/42
f 1120/446/42 1103/418/42 1119/397/42
f 1118/419/42 1119/397/42 1103/418/42
f 1094/447/42 1135/449/42 1136/448/42
f 1138/450/42 1093/452/42 1137/451/42
f 1093/452/42 1138/450/42 1139/453/42
f 1093/452/42 1094/447/42 1137/451/42
f 1136/448/42 1137/451/42 1094/447/42
f 1141/454/42 1091/400/42 1092/455/42
f 1142/456/42 1091/400/42 1141/454/42
f 1143/457/42 1091/400/42 1142/456/42
f 1139/453/42 1092/455/42 1093/452/42
f 1140/396/42 1092/455/42 1139/453/42
f 1092/455/42 1140/396/42 1141/454/42
f 1161/147/42 1158/459/42 1160/458/42
f 1159/460/42 1160/458/42 1158/459/42
f 1150/461/42 1087/463/42 1149/462/42
f 1087/463/42 1150/461/42 1086/464/42
f 1151/465/42 1086/464/42 1150/461/42
f 1152/466/42 1086/464/42 1151/465/42
f 1086/464/42 1152/466/42 1085/467/42
f 1153/468/42 1085/467/42 1152/466/42
f 1154/405/42 1085/467/42 1153/468/42
f 1085/467/42 1154/405/42 1084/155/42
f 1155/469/42 1084/155/42 1154/405/42
f 1156/470/42 1084/155/42 1155/469/42
f 1084/155/42 1156/470/42 1161/147/42
f 1157/471/42 1161/147/42 1156/470/42
f 1161/147/42 1157/471/42 1158/459/42
f 1143/457/42 1090/472/42 1091/400/42
f 1144/473/42 1090/472/42 1143/457/42
f 1145/474/42 1090/472/42 1144/473/42
f 1090/472/42 1145/474/42 1089/475/42
f 1146/476/42 1089/475/42 1145/474/42
f 1147/399/42 1089/475/42 1146/476/42
f 1089/475/42 1147/399/42 1088/477/42
f 1148/478/42 1088/477/42 1147/399/42
f 1088/477/42 1148/478/42 1087/463/42
f 1087/463/42 1148/478/42 1149/462/42
f 1094/447/42 1095/431/42 1135/449/42
f 1135/449/42 1095/431/42 1134/479/42
f 1133/401/42 1134/479/42 1095/431/42
f 1164/480/42 1165/208/42 1163/481/42
f 1166/482/42 1163/481/42 1165/208/42
f 1163/481/42 1166/482/42 1167/483/42
f 1162/155/42 1168/209/42 1171/147/42
f 1171/147/42 1168/209/42 1170/484/42
f 1169/485/42 1170/484/42 1168/209/42
f 1167/483/42 1168/209/42 1163/481/42
f 1162/155/42 1163/481/42 1168/209/42
f 1173/208/42 1175/147/42 1172/155/42
f 1175/147/42 1173/208/42 1174/209/42
f 1185/486/42 1182/420/42 1184/435/42
f 1186/453/42 1182/420/42 1185/486/42
f 1182/420/42 1186/453/42 1181/487/42
f 1187/488/42 1178/431/42 1179/489/42
f 1190/147/42 1177/491/42 1189/490/42
f 1188/461/42 1189/490/42 1177/491/42
f 1177/491/42 1178/431/42 1188/461/42
f 1187/488/42 1188/461/42 1178/431/42
f 1179/489/42 1180/424/42 1187/488/42
f 1181/487/42 1187/488/42 1180/424/42
f 1186/453/42 1187/488/42 1181/487/42
f 1184/435/42 1182/420/42 1183/202/42
f 1190/147/42 1176/155/42 1177/491/42
f 1254/492/42 1250/494/42 1253/493/42
f 1253/493/42 1250/494/42 1252/495/42
f 1251/496/42 1252/495/42 1250/494/42
f 1247/497/42 1257/402/42 1246/397/42
f 1247/497/42 1248/498/42 1257/402/42
f 1257/402/42 1248/498/42 1256/499/42
f 1249/500/42 1256/499/42 1248/498/42
f 1256/499/42 1249/500/42 1255/501/42
f 1250/494/42 1255/501/42 1249/500/42
f 1254/492/42 1255/501/42 1250/494/42
f 1286/502/42 1215/504/42 1285/503/42
f 1287/505/42 1215/504/42 1286/502/42
f 1215/504/42 1287/505/42 1214/506/42
f 1288/507/42 1214/506/42 1287/505/42
f 1214/506/42 1288/507/42 1213/404/42
f 1289/508/42 1213/404/42 1288/507/42
f 1213/404/42 1289/508/42 1212/509/42
f 1290/399/42 1212/509/42 1289/508/42
f 1242/510/42 1243/512/42 1260/511/42
f 1240/513/42 1241/515/42 1262/514/42
f 1262/514/42 1241/515/42 1261/516/42
f 1238/517/42 1239/519/42 1263/518/42
f 1298/520/42 1203/522/42 1204/521/42
f 1262/514/42 1239/519/42 1240/513/42
f 1239/519/42 1262/514/42 1263/518/42
f 1297/523/42 1204/521/42 1205/524/42
f 1204/521/42 1297/523/42 1298/520/42
f 1241/515/42 1242/510/42 1261/516/42
f 1260/511/42 1261/516/42 1242/510/42
f 1281/525/42 1282/527/42 1218/526/42
f 1217/528/42 1218/526/42 1282/527/42
f 1295/529/42 1206/531/42 1207/530/42
f 1296/532/42 1206/531/42 1295/529/42
f 1206/531/42 1296/532/42 1205/524/42
f 1205/524/42 1296/532/42 1297/523/42
f 1243/512/42 1244/533/42 1260/511/42
f 1260/511/42 1244/533/42 1259/534/42
f 1245/535/42 1259/534/42 1244/533/42
f 1259/534/42 1245/535/42 1258/536/42
f 1246/397/42 1258/536/42 1245/535/42
f 1257/402/42 1258/536/42 1246/397/42
f 1282/527/42 1283/537/42 1217/528/42
f 1284/538/42 1217/528/42 1283/537/42
f 1217/528/42 1284/538/42 1216/539/42
f 1285/503/42 1216/539/42 1284/538/42
f 1215/504/42 1216/539/42 1285/503/42
f 1290/399/42 1211/540/42 1212/509/42
f 1291/541/42 1211/540/42 1290/399/42
f 1211/540/42 1291/541/42 1210/542/42
f 1292/543/42 1210/542/42 1291/541/42
f 1210/542/42 1292/543/42 1209/544/42
f 1293/545/42 1209/544/42 1292/543/42
f 1209/544/42 1293/545/42 1208/546/42
f 1294/547/42 1208/546/42 1293/545/42
f 1208/546/42 1294/547/42 1207/530/42
f 1207/530/42 1294/547/42 1295/529/42
f 1201/548/42 1202/400/42 1299/549/42
f 1200/550/42 1300/551/42 1301/405/42
f 1199/552/42 1200/550/42 1302/553/42
f 1301/405/42 1302/553/42 1200/550/42
f 1265/554/42 1237/556/42 1264/555/42
f 1200/550/42 1201/548/42 1300/551/42
f 1299/549/42 1300/551/42 1201/548/42
f 1303/557/42 1304/559/42 1198/558/42
f 1265/554/42 1236/560/42 1237/556/42
f 1266/561/42 1236/560/42 1265/554/42
f 1236/560/42 1266/561/42 1235/398/42
f 1235/398/42 1266/561/42 1267/562/42
f 1220/563/42 1221/564/42 1279/396/42
f 1198/558/42 1199/552/42 1303/557/42
f 1302/553/42 1303/557/42 1199/552/42
f 1191/155/42 1311/565/42 1312/147/42
f 1192/566/42 1311/565/42 1191/155/42
f 1230/567/42 1272/569/42 1229/568/42
f 1273/570/42 1229/568/42 1272/569/42
f 1229/568/42 1273/570/42 1228/571/42
f 1274/572/42 1228/571/42 1273/570/42
f 1228/571/42 1274/572/42 1227/573/42
f 1275/574/42 1227/573/42 1274/572/42
f 1227/573/42 1275/574/42 1226/575/42
f 1276/576/42 1226/575/42 1275/574/42
f 1226/575/42 1276/576/42 1225/577/42
f 1225/577/42 1276/576/42 1224/403/42
f 1192/566/42 1193/578/42 1311/565/42
f 1194/579/42 1311/565/42 1193/578/42
f 1311/565/42 1194/579/42 1310/580/42
f 1310/580/42 1194/579/42 1309/581/42
f 1195/582/42 1309/581/42 1194/579/42
f 1308/583/42 1309/581/42 1195/582/42
f 1267/562/42 1234/584/42 1235/398/42
f 1268/401/42 1234/584/42 1267/562/42
f 1234/584/42 1268/401/42 1233/585/42
f 1269/586/42 1233/585/42 1268/401/42
f 1233/585/42 1269/586/42 1232/587/42
f 1270/588/42 1232/587/42 1269/586/42
f 1232/587/42 1270/588/42 1231/589/42
f 1271/590/42 1231/589/42 1270/588/42
f 1231/589/42 1271/590/42 1230/567/42
f 1230/567/42 1271/590/42 1272/569/42
f 1276/576/42 1277/591/42 1224/403/42
f 1224/403/42 1277/591/42 1223/592/42
f 1278/593/42 1223/592/42 1277/591/42
f 1223/592/42 1278/593/42 1222/594/42
f 1279/396/42 1222/594/42 1278/593/42
f 1221/564/42 1222/594/42 1279/396/42
f 1195/582/42 1196/595/42 1308/583/42
f 1308/583/42 1196/595/42 1307/596/42
f 1307/596/42 1196/595/42 1306/597/42
f 1197/598/42 1306/597/42 1196/595/42
f 1306/597/42 1197/598/42 1305/599/42
f 1198/558/42 1305/599/42 1197/598/42
f 1304/559/42 1305/599/42 1198/558/42
f 1237/556/42 1238/517/42 1264/555/42
f 1263/518/42 1264/555/42 1238/517/42
f 1279/396/42 1280/600/42 1220/563/42
f 1220/563/42 1280/600/42 1219/601/42
f 1281/525/42 1219/601/42 1280/600/42
f 1218/526/42 1219/601/42 1281/525/42
f 1298/520/42 1202/400/42 1203/522/42
f 1202/400/42 1298/520/42 1299/549/42
f 1314/208/42 1316/147/42 1313/155/42
f 1316/147/42 1314/208/42 1315/209/42
f 1342/146/42 1369/148/42 1370/147/42
f 1343/145/42 1369/148/42 1342/146/42
f 1340/149/42 1341/151/42 1345/150/42
f 1366/152/42 1367/154/42 1318/153/42
f 1317/155/42 1318/153/42 1367/154/42
f 1370/147/42 1341/151/42 1342/146/42
f 1344/156/42 1341/151/42 1370/147/42
f 1341/151/42 1344/156/42 1345/150/42
f 1367/154/42 1368/157/42 1317/155/42
f 1369/148/42 1317/155/42 1368/157/42
f 1343/145/42 1317/155/42 1369/148/42
f 1346/158/42 1338/160/42 1339/159/42
f 1338/160/42 1346/158/42 1347/161/42
f 1347/161/42 1337/162/42 1338/160/42
f 1337/162/42 1347/161/42 1348/163/42
f 1363/164/42 1364/166/42 1321/165/42
f 1321/165/42 1364/166/42 1320/167/42
f 1365/168/42 1320/167/42 1364/166/42
f 1319/169/42 1320/167/42 1365/168/42
f 1345/150/42 1339/159/42 1340/149/42
f 1339/159/42 1345/150/42 1346/158/42
f 1365/168/42 1366/152/42 1319/169/42
f 1318/153/42 1319/169/42 1366/152/42
f 1329/170/42 1356/172/42 1328/171/42
f 1335/173/42 1350/175/42 1334/174/42
f 1351/176/42 1334/174/42 1350/175/42
f 1334/174/42 1351/176/42 1333/177/42
f 1352/178/42 1333/177/42 1351/176/42
f 1333/177/42 1352/178/42 1332/179/42
f 1353/180/42 1332/179/42 1352/178/42
f 1332/179/42 1353/180/42 1331/181/42
f 1354/182/42 1331/181/42 1353/180/42
f 1331/181/42 1354/182/42 1330/183/42
f 1355/184/42 1330/183/42 1354/182/42
f 1330/183/42 1355/184/42 1329/170/42
f 1329/170/42 1355/184/42 1356/172/42
f 1356/172/42 1357/185/42 1328/171/42
f 1328/171/42 1357/185/42 1327/186/42
f 1358/187/42 1327/186/42 1357/185/42
f 1327/186/42 1358/187/42 1326/188/42
f 1359/189/42 1326/188/42 1358/187/42
f 1326/188/42 1359/189/42 1325/190/42
f 1360/191/42 1325/190/42 1359/189/42
f 1325/190/42 1360/191/42 1324/192/42
f 1361/193/42 1324/192/42 1360/191/42
f 1324/192/42 1361/193/42 1323/194/42
f 1348/163/42 1336/195/42 1337/162/42
f 1349/196/42 1336/195/42 1348/163/42
f 1336/195/42 1349/196/42 1335/173/42
f 1335/173/42 1349/196/42 1350/175/42
f 1361/193/42 1362/197/42 1323/194/42
f 1323/194/42 1362/197/42 1322/198/42
f 1363/164/42 1322/198/42 1362/197/42
f 1321/165/42 1322/198/42 1363/164/42
s 1
f 1372/602/43 1374/603/44 1373/604/44 1371/155/43
f 1374/603/44 1376/605/45 1375/606/45 1373/604/44
f 1376/605/45 1378/607/46 1377/481/46 1375/606/45
f 1378/607/46 1380/608/47 1379/609/47 1377/481/46
f 1380/608/47 1382/610/48 1381/611/48 1379/609/47
f 1382/610/48 1384/612/49 1383/480/49 1381/611/48
f 1384/612/49 1386/613/50 1385/614/50 1383/480/49
f 1386/613/50 1388/615/51 1387/616/51 1385/614/50
f 1388/615/51 1390/617/52 1389/208/52 1387/616/51
f 1390/617/52 1392/618/53 1391/619/53 1389/208/52
f 1392/618/53 1394/620/54 1393/621/54 1391/619/53
f 1394/620/54 1396/622/55 1395/482/55 1393/621/54
f 1396/622/55 1398/623/56 1397/624/56 1395/482/55
f 1398/623/56 1400/625/57 1399/626/57 1397/624/56
f 1400/625/57 1402/627/58 1401/483/58 1399/626/57
f 1402/627/58 1404/628/59 1403/629/59 1401/483/58
f 1404/628/59 1406/630/60 1405/631/60 1403/629/59
f 1406/630/60 1408/632/61 1407/209/61 1405/631/60
f 1408/632/61 1410/633/62 1409/634/62 1407/209/61
f 1410/633/62 1412/635/63 1411/636/63 1409/634/62
f 1412/635/63 1414/637/64 1413/485/64 1411/636/63
f 1414/637/64 1416/638/65 1415/639/65 1413/485/64
f 1416/638/65 1418/640/66 1417/641/66 1415/639/65
f 1418/640/66 1420/642/67 1419/484/67 1417/641/66
f 1420/642/67 1422/643/68 1421/644/68 1419/484/67
f 1422/643/68 1424/645/69 1423/646/69 1421/644/68
f 1424/645/69 1372/647/43 1371/147/43 1423/646/69
f 1426/602/70 1428/603/71 1427/604/71 1425/155/70
f 1428/603/71 1430/605/72 1429/606/72 1427/604/71
f 1430/605/72 1432/607/73 1431/481/73 1429/606/72
f 1432/607/73 1434/608/74 1433/609/74 1431/481/73
f 1434/608/74 1436/610/75 1435/611/75 1433/609/74
f 1436/610/75 1438/612/76 1437/480/76 1435/611/75
f 1438/612/76 1440/613/77 1439/614/77 1437/480/76
f 1440/613/77 1442/615/78 1441/616/78 1439/614/77
f 1442/615/78 1444/617/79 1443/208/79 1441/616/78
f 1444/617/79 1446/618/80 1445/619/80 1443/208/79
f 1446/618/80 1448/620/81 1447/621/81 1445/619/80
f 1448/620/81 1450/622/82 1449/482/82 1447/621/81
f 1450/622/82 1452/623/83 1451/624/83 1449/482/82
f 1452/623/83 1454/625/84 1453/626/84 1451/624/83
f 1454/625/84 1456/627/85 1455/483/85 1453/626/84
f 1456/627/85 1458/628/86 1457/629/86 1455/483/85
f 1458/628/86 1460/630/87 1459/631/87 1457/629/86
f 1460/630/87 1462/632/88 1461/209/88 1459/631/87
f 1462/632/88 1464/633/89 1463/634/89 1461/209/88
f 1464/633/89 1466/635/90 1465/636/90 1463/634/89
f 1466/635/90 1468/637/91 1467/485/91 1465/636/90
f 1468/637/91 1470/638/92 1469/639/92 1467/485/91
f 1470/638/92 1472/640/93 1471/641/93 1469/639/92
f 1472/640/93 1474/642/94 1473/484/94 1471/641/93
f 1474/642/94 1476/643/95 1475/644/95 1473/484/94
f 1476/643/95 1478/645/96 1477/646/96 1475/644/95
f 1478/645/96 1426/647/70 1425/147/70 1477/646/96
f 1480/602/68 1482/648/69 1481/412/69 1479/155/68
f 1482/648/69 1484/649/96 1483/202/96 1481/412/69
f 1484/649/96 1486/650/95 1485/408/95 1483/202/96
f 1486/650/95 1480/647/68 1479/147/68 1485/408/95
f 1488/602/97 1490/651/98 1489/652/98 1487/155/97
f 1490/651/98 1492/653/99 1491/654/99 1489/652/98
f 1492/653/99 1494/655/100 1493/656/100 1491/654/99
f 1494/655/100 1496/657/101 1495/658/101 1493/656/100
f 1496/657/101 1498/659/102 1497/660/102 1495/658/101
f 1498/659/102 1500/661/103 1499/662/103 1497/660/102
f 1500/661/103 1502/663/104 1501/664/104 1499/662/103
f 1502/663/104 1504/665/105 1503/666/105 1501/664/104
f 1504/665/105 1506/667/106 1505/668/106 1503/666/105
f 1506/667/106 1508/669/107 1507/670/107 1505/668/106
f 1508/669/107 1510/671/108 1509/672/108 1507/670/107
f 1510/671/108 1512/673/109 1511/674/109 1509/672/108
f 1512/673/109 1514/675/110 1513/676/110 1511/674/109
f 1514/675/110 1516/677/111 1515/678/111 1513/676/110
f 1516/677/111 1518/679/112 1517/680/112 1515/678/111
f 1518/679/112 1520/681/113 1519/682/113 1517/680/112
f 1520/681/113 1522/683/114 1521/684/114 1519/682/113
f 1522/683/114 1524/685/115 1523/686/115 1521/684/114
f 1524/685/115 1526/687/116 1525/688/116 1523/686/115
f 1526/687/116 1528/689/117 1527/690/117 1525/688/116
f 1528/689/117 1530/691/118 1529/692/118 1527/690/117
f 1530/691/118 1532/693/119 1531/694/119 1529/692/118
f 1532/693/119 1534/695/120 1533/696/120 1531/694/119
f 1534/695/120 1536/697/121 1535/698/121 1533/696/120
f 1536/697/121 1538/699/122 1537/700/122 1535/698/121
f 1538/699/122 1540/701/123 1539/702/123 1537/700/122
f 1540/701/123 1542/703/124 1541/704/124 1539/702/123
f 1542/703/124 1544/705/125 1543/706/125 1541/704/124
f 1544/705/125 1546/707/126 1545/708/126 1543/706/125
f 1546/707/126 1548/709/127 1547/710/127 1545/708/126
f 1548/709/127 1550/711/128 1549/712/128 1547/710/127
f 1550/711/128 1552/713/129 1551/714/129 1549/712/128
f 1552/713/129 1554/715/130 1553/716/130 1551/714/129
f 1554/715/130 1556/717/131 1555/718/131 1553/716/130
f 1556/717/131 1558/719/132 1557/720/132 1555/718/131
f 1558/719/132 1560/721/133 1559/722/133 1557/720/132
f 1560/721/133 1562/723/134 1561/724/134 1559/722/133
f 1562/723/134 1564/725/135 1563/726/135 1561/724/134
f 1564/725/135 1566/727/136 1565/728/136 1563/726/135
f 1566/727/136 1568/729/137 1567/730/137 1565/728/136
f 1568/729/137 1570/731/138 1569/732/138 1567/730/137
f 1570/731/138 1572/733/139 1571/734/139 1569/732/138
f 1572/733/139 1574/735/140 1573/736/140 1571/734/139
f 1574/735/140 1576/737/141 1575/738/141 1573/736/140
f 1576/737/141 1578/739/142 1577/740/142 1575/738/141
f 1578/739/142 1580/741/143 1579/742/143 1577/740/142
f 1580/741/143 1582/743/144 1581/744/144 1579/742/143
f 1582/743/144 1584/745/145 1583/746/145 1581/744/144
f 1584/745/145 1586/747/146 1585/748/146 1583/746/145
f 1586/747/146 1588/749/147 1587/750/147 1585/748/146
f 1588/749/147 1590/751/148 1589/752/148 1587/750/147
f 1590/751/148 1592/753/149 1591/754/149 1589/752/148
f 1592/753/149 1594/755/150 1593/756/150 1591/754/149
f 1594/755/150 1596/757/151 1595/758/151 1593/756/150
f 1596/757/151 1598/759/152 1597/760/152 1595/758/151
f 1598/759/152 1600/761/153 1599/762/153 1597/760/152
f 1600/761/153 1602/763/154 1601/764/154 1599/762/153
f 1602/763/154 1604/765/155 1603/766/155 1601/764/154
f 1604/765/155 1606/767/156 1605/768/156 1603/766/155
f 1606/767/156 1608/769/157 1607/770/157 1605/768/156
f 1608/769/157 1610/649/158 1609/202/158 1607/770/157
f 1610/649/158 1612/771/159 1611/772/159 1609/202/158
f 1612/771/159 1614/773/160 1613/774/160 1611/772/159
f 1614/773/160 1616/775/161 1615/776/161 1613/774/160
f 1616/775/161 1618/777/162 1617/778/162 1615/776/161
f 1618/777/162 1620/779/163 1619/780/163 1617/778/162
f 1620/779/163 1622/781/164 1621/782/164 1619/780/163
f 1622/781/164 1624/783/165 1623/784/165 1621/782/164
f 1624/783/165 1626/785/166 1625/786/166 1623/784/165
f 1626/785/166 1628/787/167 1627/788/167 1625/786/166
f 1628/787/167 1630/789/168 1629/790/168 1627/788/167
f 1630/789/168 1632/791/169 1631/792/169 1629/790/168
f 1632/791/169 1634/793/170 1633/794/170 1631/792/169
f 1634/793/170 1636/795/171 1635/796/171 1633/794/170
f 1636/795/171 1638/797/172 1637/798/172 1635/796/171
f 1638/797/172 1640/799/173 1639/800/173 1637/798/172
f 1640/799/173 1642/801/174 1641/802/174 1639/800/173
f 1642/801/174 1644/803/175 1643/804/175 1641/802/174
f 1644/803/175 1646/805/176 1645/806/176 1643/804/175
f 1646/805/176 1648/807/177 1647/808/177 1645/806/176
f 1648/807/177 1650/809/178 1649/810/178 1647/808/177
f 1650/809/178 1652/811/179 1651/812/179 1649/810/178
f 1652/811/179 1654/813/180 1653/814/180 1651/812/179
f 1654/813/180 1656/815/181 1655/816/181 1653/814/180
f 1656/815/181 1658/817/182 1657/818/182 1655/816/181
f 1658/817/182 1660/819/183 1659/820/183 1657/818/182
f 1660/819/183 1662/821/184 1661/822/184 1659/820/183
f 1662/821/184 1664/823/185 1663/824/185 1661/822/184
f 1664/823/185 1666/825/186 1665/826/186 1663/824/185
f 1666/825/186 1668/827/187 1667/828/187 1665/826/186
f 1668/827/187 1670/829/188 1669/830/188 1667/828/187
f 1670/829/188 1672/831/189 1671/832/189 1669/830/188
f 1672/831/189 1674/833/190 1673/834/190 1671/832/189
f 1674/833/190 1676/835/191 1675/836/191 1673/834/190
f 1676/835/191 1678/837/192 1677/838/192 1675/836/191
f 1678/837/192 1680/839/193 1679/840/193 1677/838/192
f 1680/839/193 1682/841/194 1681/842/194 1679/840/193
f 1682/841/194 1684/843/195 1683/844/195 1681/842/194
f 1684/843/195 1686/845/196 1685/846/196 1683/844/195
f 1686/845/196 1688/847/197 1687/848/197 1685/846/196
f 1688/847/197 1690/849/198 1689/850/198 1687/848/197
f 1690/849/198 1692/851/199 1691/852/199 1689/850/198
f 1692/851/199 1694/853/200 1693/854/200 1691/852/199
f 1694/853/200 1696/855/201 1695/856/201 1693/854/200
f 1696/855/201 1698/857/202 1697/858/202 1695/856/201
f 1698/857/202 1700/859/203 1699/860/203 1697/858/202
f 1700/859/203 1702/861/204 1701/862/204 1699/860/203
f 1702/861/204 1704/863/205 1703/864/205 1701/862/204
f 1704/863/205 1706/865/206 1705/866/206 1703/864/205
f 1706/865/206 1708/867/207 1707/868/207 1705/866/206
f 1708/867/207 1710/869/208 1709/870/208 1707/868/207
f 1710/869/208 1712/871/209 1711/872/209 1709/870/208
f 1712/871/209 1714/873/210 1713/874/210 1711/872/209
f 1714/873/210 1716/875/211 1715/876/211 1713/874/210
f 1716/875/211 1718/877/212 1717/878/212 1715/876/211
f 1718/877/212 1720/879/213 1719/880/213 1717/878/212
f 1720/879/213 1722/881/214 1721/882/214 1719/880/213
f 1722/881/214 1724/883/215 1723/884/215 1721/882/214
f 1724/883/215 1726/885/216 1725/886/216 1723/884/215
f 1726/885/216 1728/887/217 1727/888/217 1725/886/216
f 1728/887/217 1730/889/218 1729/890/218 1727/888/217
f 1730/889/218 1488/647/97 1487/147/97 1729/890/218
f 1732/602/68 1734/891/68 1733/892/68 1731/155/68
f 1734/891/68 1736/893/219 1735/894/219 1733/892/68
f 1736/893/219 1738/895/219 1737/201/219 1735/894/219
f 1738/895/219 1740/896/101 1739/897/101 1737/201/219
f 1740/896/101 1742/617/101 1741/208/101 1739/897/101
f 1742/617/101 1744/898/95 1743/199/95 1741/208/101
f 1744/898/95 1746/899/95 1745/900/95 1743/199/95
f 1746/899/95 1748/901/68 1747/902/68 1745/900/95
f 1748/901/68 1750/903/69 1749/203/69 1747/902/68
f 1750/903/69 1752/632/220 1751/209/220 1749/203/69
f 1752/632/220 1754/904/221 1753/905/221 1751/209/220
f 1754/904/221 1756/906/222 1755/205/222 1753/905/221
f 1756/906/222 1758/907/96 1757/908/96 1755/205/222
f 1758/907/96 1760/909/95 1759/910/95 1757/908/96
f 1760/909/95 1732/647/68 1731/147/68 1759/910/95
f 1762/602/68 1764/648/69 1763/412/69 1761/155/68
f 1764/648/69 1766/649/96 1765/202/96 1763/412/69
f 1766/649/96 1768/650/95 1767/408/95 1765/202/96
f 1768/650/95 1762/647/68 1761/147/68 1767/408/95
f 1770/602/223 1772/911/224 1771/206/224 1769/155/223
f 1772/911/224 1774/895/95 1773/201/95 1771/206/224
f 1774/895/95 1776/912/68 1775/200/68 1773/201/95
f 1776/912/68 1778/898/69 1777/199/69 1775/200/68
f 1778/898/69 1780/649/225 1779/202/225 1777/199/69
f 1780/649/225 1782/903/226 1781/203/226 1779/202/225
f 1782/903/226 1784/913/69 1783/207/69 1781/203/226
f 1784/913/69 1786/906/96 1785/205/96 1783/207/69
f 1786/906/96 1788/914/95 1787/204/95 1785/205/96
f 1788/914/95 1770/647/223 1769/147/223 1787/204/95
f 1790/602/227 1792/915/228 1791/916/228 1789/155/227
f 1792/915/228 1794/917/229 1793/918/229 1791/916/228
f 1794/917/229 1796/919/230 1795/920/230 1793/918/229
f 1796/919/230 1798/921/231 1797/922/231 1795/920/230
f 1798/921/231 1800/923/232 1799/924/232 1797/922/231
f 1800/923/232 1802/925/233 1801/926/233 1799/924/232
f 1802/925/233 1804/927/234 1803/928/234 1801/926/233
f 1804/927/234 1806/929/235 1805/930/235 1803/928/234
f 1806/929/235 1808/931/236 1807/932/236 1805/930/235
f 1808/931/236 1810/933/237 1809/934/237 1807/932/236
f 1810/933/237 1812/935/238 1811/936/238 1809/934/237
f 1812/935/238 1814/937/239 1813/938/239 1811/936/238
f 1814/937/239 1816/939/240 1815/407/240 1813/938/239
f 1816/939/240 1818/940/241 1817/941/241 1815/407/240
f 1818/940/241 1820/942/242 1819/943/242 1817/941/241
f 1820/942/242 1822/944/243 1821/945/243 1819/943/242
f 1822/944/243 1824/946/244 1823/947/244 1821/945/243
f 1824/946/244 1826/948/245 1825/949/245 1823/947/244
f 1826/948/245 1828/950/246 1827/951/246 1825/949/245
f 1828/950/246 1830/952/247 1829/953/247 1827/951/246
f 1830/952/247 1832/954/248 1831/955/248 1829/953/247
f 1832/954/248 1834/956/249 1833/957/249 1831/955/248
f 1834/956/249 1836/958/250 1835/959/250 1833/957/249
f 1836/958/250 1838/960/69 1837/961/69 1835/959/250
f 1838/960/69 1840/962/96 1839/963/96 1837/961/69
f 1840/962/96 1842/617/251 1841/208/251 1839/963/96
f 1842/617/251 1844/964/252 1843/965/252 1841/208/251
f 1844/964/252 1846/966/253 1845/967/253 1843/965/252
f 1846/966/253 1848/968/254 1847/969/254 1845/967/253
f 1848/968/254 1850/970/255 1849/971/255 1847/969/254
f 1850/970/255 1852/972/256 1851/973/256 1849/971/255
f 1852/972/256 1854/974/257 1853/975/257 1851/973/256
f 1854/974/257 1856/976/258 1855/977/258 1853/975/257
f 1856/976/258 1858/978/259 1857/979/259 1855/977/258
f 1858/978/259 1860/980/260 1859/981/260 1857/979/259
f 1860/980/260 1862/982/261 1861/983/261 1859/981/260
f 1862/982/261 1864/984/262 1863/985/262 1861/983/261
f 1864/984/262 1866/986/263 1865/987/263 1863/985/262
f 1866/986/263 1868/649/264 1867/202/264 1865/987/263
f 1868/649/264 1870/988/265 1869/989/265 1867/202/264
f 1870/988/265 1872/990/266 1871/991/266 1869/989/265
f 1872/990/266 1874/992/267 1873/993/267 1871/991/266
f 1874/992/267 1876/994/268 1875/995/268 1873/993/267
f 1876/994/268 1878/996/269 1877/997/269 1875/995/268
f 1878/996/269 1880/998/270 1879/999/270 1877/997/269
f 1880/998/270 1882/1000/271 1881/1001/271 1879/999/270
f 1882/1000/271 1884/1002/272 1883/1003/272 1881/1001/271
f 1884/1002/272 1886/1004/273 1885/1005/273 1883/1003/272
f 1886/1004/273 1888/1006/274 1887/1007/274 1885/1005/273
f 1888/1006/274 1890/1008/275 1889/1009/275 1887/1007/274
f 1890/1008/275 1892/1010/276 1891/1011/276 1889/1009/275
f 1892/1010/276 1894/632/277 1893/209/277 1891/1011/276
f 1894/632/277 1896/1012/278 1895/1013/278 1893/209/277
f 1896/1012/278 1898/1014/279 1897/1015/279 1895/1013/278
f 1898/1014/279 1900/1016/280 1899/1017/280 1897/1015/279
f 1900/1016/280 1902/1018/281 1901/1019/281 1899/1017/280
f 1902/1018/281 1904/1020/282 1903/1021/282 1901/1019/281
f 1904/1020/282 1906/1022/283 1905/1023/283 1903/1021/282
f 1906/1022/283 1908/1024/284 1907/1025/284 1905/1023/283
f 1908/1024/284 1910/1026/285 1909/1027/285 1907/1025/284
f 1910/1026/285 1912/1028/286 1911/1029/286 1909/1027/285
f 1912/1028/286 1914/1030/287 1913/1031/287 1911/1029/286
f 1914/1030/287 1916/1032/288 1915/1033/288 1913/1031/287
f 1916/1032/288 1918/1034/289 1917/1035/289 1915/1033/288
f 1918/1034/289 1920/1036/290 1919/406/290 1917/1035/289
f 1920/1036/290 1922/1037/291 1921/1038/291 1919/406/290
f 1922/1037/291 1924/1039/292 1923/1040/292 1921/1038/291
f 1924/1039/292 1926/1041/293 1925/1042/293 1923/1040/292
f 1926/1041/293 1928/1043/294 1927/1044/294 1925/1042/293
f 1928/1043/294 1930/1045/295 1929/1046/295 1927/1044/294
f 1930/1045/295 1932/1047/296 1931/1048/296 1929/1046/295
f 1932/1047/296 1934/1049/297 1933/1050/297 1931/1048/296
f 1934/1049/297 1936/1051/298 1935/1052/298 1933/1050/297
f 1936/1051/298 1938/1053/299 1937/1054/299 1935/1052/298
f 1938/1053/299 1940/1055/69 1939/1056/69 1937/1054/299
f 1940/1055/69 1942/1057/96 1941/1058/96 1939/1056/69
f 1942/1057/96 1944/1059/300 1943/1060/300 1941/1058/96
f 1944/1059/300 1790/647/227 1789/147/227 1943/1060/300
f 1946/602/301 1948/607/302 1947/481/302 1945/155/301
f 1948/607/302 1950/612/95 1949/480/95 1947/481/302
f 1950/612/95 1952/617/68 1951/208/68 1949/480/95
f 1952/617/68 1954/622/303 1953/482/303 1951/208/68
f 1954/622/303 1956/627/304 1955/483/304 1953/482/303
f 1956/627/304 1958/632/305 1957/209/305 1955/483/304
f 1958/632/305 1960/637/306 1959/485/306 1957/209/305
f 1960/637/306 1962/642/307 1961/484/307 1959/485/306
f 1962/642/307 1946/647/301 1945/147/301 1961/484/307
f 1964/602/308 1966/1061/308 1965/410/308 1963/155/308
f 1966/1061/308 1968/648/309 1967/412/309 1965/410/308
f 1968/648/309 1970/1062/309 1969/413/309 1967/412/309
f 1970/1062/309 1972/649/310 1971/202/310 1969/413/309
f 1972/649/310 1974/1063/311 1973/409/311 1971/202/310
f 1974/1063/311 1976/650/312 1975/408/312 1973/409/311
f 1976/650/312 1978/1064/313 1977/411/313 1975/408/312
f 1978/1064/313 1964/647/308 1963/147/308 1977/411/313
f 1980/602/314 1982/617/315 1981/208/315 1979/155/314
f 1982/617/315 1984/632/316 1983/209/316 1981/208/315
f 1984/632/316 1980/647/314 1979/147/314 1983/209/316
f 1986/602/317 1988/1065/318 1987/431/318 1985/155/317
f 1988/1065/318 1990/1066/319 1989/424/319 1987/431/318
f 1990/1066/319 1992/1067/320 1991/420/320 1989/424/319
f 1992/1067/320 1994/1068/321 1993/435/321 1991/420/320
f 1994/1068/321 1996/1069/322 1995/453/322 1993/435/321
f 1996/1069/322 1998/1070/323 1997/461/323 1995/453/322
f 1998/1070/323 1986/647/317 1985/147/317 1997/461/323
f 2000/602/95 2002/1071/96 2001/1072/96 1999/155/95
f 2002/1071/96 2004/939/96 2003/407/96 2001/1072/96
f 2004/939/96 2006/648/95 2005/412/95 2003/407/96
f 2006/648/95 2008/617/95 2007/208/95 2005/412/95
f 2008/617/95 2010/1073/96 2009/1074/96 2007/208/95
f 2010/1073/96 2012/649/96 2011/202/96 2009/1074/96
f 2012/649/96 2014/1075/95 2013/1076/95 2011/202/96
f 2014/1075/95 2016/632/68 2015/209/68 2013/1076/95
f 2016/632/68 2018/650/69 2017/408/69 2015/209/68
f 2018/650/69 2020/1036/96 2019/406/96 2017/408/69
f 2020/1036/96 2022/1077/95 2021/1078/95 2019/406/96
f 2022/1077/95 2000/647/95 1999/147/95 2021/1078/95
f 2024/602/96 2026/939/95 2025/407/95 2023/155/96
f 2026/939/95 2028/617/68 2027/208/68 2025/407/95
f 2028/617/68 2030/649/69 2029/202/69 2027/208/68
f 2030/649/69 2032/632/96 2031/209/96 2029/202/69
f 2032/632/96 2034/1036/96 2033/406/96 2031/209/96
f 2034/1036/96 2024/647/96 2023/147/96 2033/406/96
f 2036/602/324 2038/1079/325 2037/1080/325 2035/155/324
f 2038/1079/325 2040/1081/326 2039/1082/326 2037/1080/325
f 2040/1081/326 2042/1083/327 2041/1084/327 2039/1082/326
f 2042/1083/327 2044/1071/328 2043/1072/328 2041/1084/327
f 2044/1071/328 2046/1085/329 2045/1086/329 2043/1072/328
f 2046/1085/329 2048/1061/330 2047/410/330 2045/1086/329
f 2048/1061/330 2050/1087/331 2049/1088/331 2047/410/330
f 2050/1087/331 2052/939/332 2051/407/332 2049/1088/331
f 2052/939/332 2054/1089/333 2053/1090/333 2051/407/332
f 2054/1089/333 2056/1091/334 2055/1092/334 2053/1090/333
f 2056/1091/334 2058/1093/335 2057/1094/335 2055/1092/334
f 2058/1093/335 2060/648/336 2059/412/336 2057/1094/335
f 2060/648/336 2062/1095/337 2061/1096/337 2059/412/336
f 2062/1095/337 2064/1097/338 2063/1098/338 2061/1096/337
f 2064/1097/338 2066/1099/339 2065/1100/339 2063/1098/338
f 2066/1099/339 2068/617/340 2067/208/340 2065/1100/339
f 2068/617/340 2070/1101/341 2069/1102/341 2067/208/340
f 2070/1101/341 2072/1062/342 2071/413/342 2069/1102/341
f 2072/1062/342 2074/1103/343 2073/1104/343 2071/413/342
f 2074/1103/343 2076/1073/344 2075/1074/344 2073/1104/343
f 2076/1073/344 2078/1105/345 2077/1106/345 2075/1074/344
f 2078/1105/345 2080/1107/346 2079/1108/346 2077/1106/345
f 2080/1107/346 2082/1109/347 2081/1110/347 2079/1108/346
f 2082/1109/347 2084/649/348 2083/202/348 2081/1110/347
f 2084/649/348 2086/1111/349 2085/1112/349 2083/202/348
f 2086/1111/349 2088/1113/350 2087/1114/350 2085/1112/349
f 2088/1113/350 2090/1115/351 2089/1116/351 2087/1114/350
f 2090/1115/351 2092/1075/352 2091/1076/352 2089/1116/351
f 2092/1075/352 2094/1117/353 2093/1118/353 2091/1076/352
f 2094/1117/353 2096/1063/354 2095/409/354 2093/1118/353
f 2096/1063/354 2098/1119/355 2097/1120/355 2095/409/354
f 2098/1119/355 2100/632/356 2099/209/356 2097/1120/355
f 2100/632/356 2102/1121/357 2101/1122/357 2099/209/356
f 2102/1121/357 2104/1123/358 2103/1124/358 2101/1122/357
f 2104/1123/358 2106/1125/359 2105/1126/359 2103/1124/358
f 2106/1125/359 2108/650/360 2107/408/360 2105/1126/359
f 2108/650/360 2110/1127/361 2109/1128/361 2107/408/360
f 2110/1127/361 2112/1129/362 2111/1130/362 2109/1128/361
f 2112/1129/362 2114/1131/363 2113/1132/363 2111/1130/362
f 2114/1131/363 2116/1036/364 2115/406/364 2113/1132/363
f 2116/1036/364 2118/1133/365 2117/1134/365 2115/406/364
f 2118/1133/365 2120/1064/366 2119/411/366 2117/1134/365
f 2120/1064/366 2122/1135/367 2121/1136/367 2119/411/366
f 2122/1135/367 2124/1077/368 2123/1078/368 2121/1136/367
f 2124/1077/368 2126/1137/369 2125/1138/369 2123/1078/368
f 2126/1137/369 2128/1139/370 2127/1140/370 2125/1138/369
f 2128/1139/370 2130/1141/371 2129/1142/371 2127/1140/370
f 2130/1141/371 2036/647/324 2035/147/324 2129/1142/371
f 2132/602/372 2134/1079/373 2133/1080/373 2131/155/372
f 2134/1079/373 2136/1081/374 2135/1082/374 2133/1080/373
f 2136/1081/374 2138/1083/375 2137/1084/375 2135/1082/374
f 2138/1083/375 2140/1071/376 2139/1072/376 2137/1084/375
f 2140/1071/376 2142/1085/377 2141/1086/377 2139/1072/376
f 2142/1085/377 2144/1061/378 2143/410/378 2141/1086/377
f 2144/1061/378 2146/1087/379 2145/1088/379 2143/410/378
f 2146/1087/379 2148/939/380 2147/407/380 2145/1088/379
f 2148/939/380 2150/1089/381 2149/1090/381 2147/407/380
f 2150/1089/381 2152/1091/382 2151/1092/382 2149/1090/381
f 2152/1091/382 2154/1093/383 2153/1094/383 2151/1092/382
f 2154/1093/383 2156/648/384 2155/412/384 2153/1094/383
f 2156/648/384 2158/1095/385 2157/1096/385 2155/412/384
f 2158/1095/385 2160/1097/386 2159/1098/386 2157/1096/385
f 2160/1097/386 2162/1099/387 2161/1100/387 2159/1098/386
f 2162/1099/387 2164/617/388 2163/208/388 2161/1100/387
f 2164/617/388 2166/1101/389 2165/1102/389 2163/208/388
f 2166/1101/389 2168/1062/390 2167/413/390 2165/1102/389
f 2168/1062/390 2170/1103/391 2169/1104/391 2167/413/390
f 2170/1103/391 2172/1073/392 2171/1074/392 2169/1104/391
f 2172/1073/392 2174/1105/393 2173/1106/393 2171/1074/392
f 2174/1105/393 2176/1107/394 2175/1108/394 2173/1106/393
f 2176/1107/394 2178/1109/395 2177/1110/395 2175/1108/394
f 2178/1109/395 2180/649/396 2179/202/396 2177/1110/395
f 2180/649/396 2182/1111/397 2181/1112/397 2179/202/396
f 2182/1111/397 2184/1113/398 2183/1114/398 2181/1112/397
f 2184/1113/398 2186/1115/399 2185/1116/399 2183/1114/398
f 2186/1115/399 2188/1075/400 2187/1076/400 2185/1116/399
f 2188/1075/400 2190/1117/401 2189/1118/401 2187/1076/400
f 2190/1117/401 2192/1063/402 2191/409/402 2189/1118/401
f 2192/1063/402 2194/1119/403 2193/1120/403 2191/409/402
f 2194/1119/403 2196/632/404 2195/209/404 2193/1120/403
f 2196/632/404 2198/1121/405 2197/1122/405 2195/209/404
f 2198/1121/405 2200/1123/406 2199/1124/406 2197/1122/405
f 2200/1123/406 2202/1125/407 2201/1126/407 2199/1124/406
f 2202/1125/407 2204/650/408 2203/408/408 2201/1126/407
f 2204/650/408 2206/1127/409 2205/1128/409 2203/408/408
f 2206/1127/409 2208/1129/410 2207/1130/410 2205/1128/409
f 2208/1129/410 2210/1131/411 2209/1132/411 2207/1130/410
f 2210/1131/411 2212/1036/412 2211/406/412 2209/1132/411
f 2212/1036/412 2214/1133/413 2213/1134/413 2211/406/412
f 2214/1133/413 2216/1064/414 2215/411/414 2213/1134/413
f 2216/1064/414 2218/1135/415 2217/1136/415 2215/411/414
f 2218/1135/415 2220/1077/416 2219/1078/416 2217/1136/415
f 2220/1077/416 2222/1137/417 2221/1138/417 2219/1078/416
f 2222/1137/417 2224/1139/418 2223/1140/418 2221/1138/417
f 2224/1139/418 2226/1141/275 2225/1142/275 2223/1140/418
f 2226/1141/275 2132/647/372 2131/147/372 2225/1142/275
f 2228/602/419 2230/1143/420 2229/1144/420 2227/155/419
f 2230/1143/420 2232/1145/421 2231/1146/421 2229/1144/420
f 2232/1145/421 2234/1147/422 2233/1148/422 2231/1146/421
f 2234/1147/422 2236/1149/423 2235/1150/423 2233/1148/422
f 2236/1149/423 2238/1151/424 2237/1152/424 2235/1150/423
f 2238/1151/424 2240/1153/425 2239/1154/425 2237/1152/424
f 2240/1153/425 2242/1155/426 2241/491/426 2239/1154/425
f 2242/1155/426 2244/1156/427 2243/1157/427 2241/491/426
f 2244/1156/427 2246/1158/428 2245/1159/428 2243/1157/427
f 2246/1158/428 2248/1160/429 2247/1161/429 2245/1159/428
f 2248/1160/429 2250/1162/430 2249/1163/430 2247/1161/429
f 2250/1162/430 2252/1164/431 2251/1165/431 2249/1163/430
f 2252/1164/431 2254/1166/432 2253/1167/432 2251/1165/431
f 2254/1166/432 2256/1065/433 2255/431/433 2253/1167/432
f 2256/1065/433 2258/1168/434 2257/1169/434 2255/431/433
f 2258/1168/434 2260/1170/435 2259/1171/435 2257/1169/434
f 2260/1170/435 2262/1172/436 2261/1173/436 2259/1171/435
f 2262/1172/436 2264/1174/437 2263/1175/437 2261/1173/436
f 2264/1174/437 2266/1176/438 2265/1177/438 2263/1175/437
f 2266/1176/438 2268/1178/439 2267/1179/439 2265/1177/438
f 2268/1178/439 2270/1180/440 2269/489/440 2267/1179/439
f 2270/1180/440 2272/1181/441 2271/1182/441 2269/489/440
f 2272/1181/441 2274/1183/442 2273/1184/442 2271/1182/441
f 2274/1183/442 2276/1185/443 2275/1186/443 2273/1184/442
f 2276/1185/443 2278/1187/444 2277/1188/444 2275/1186/443
f 2278/1187/444 2280/1189/445 2279/1190/445 2277/1188/444
f 2280/1189/445 2282/1191/446 2281/1192/446 2279/1190/445
f 2282/1191/446 2284/1066/447 2283/424/447 2281/1192/446
f 2284/1066/447 2286/1193/448 2285/1194/448 2283/424/447
f 2286/1193/448 2288/1195/449 2287/1196/449 2285/1194/448
f 2288/1195/449 2290/1197/450 2289/1198/450 2287/1196/449
f 2290/1197/450 2292/1199/451 2291/1200/451 2289/1198/450
f 2292/1199/451 2294/1201/452 2293/1202/452 2291/1200/451
f 2294/1201/452 2296/1203/453 2295/1204/453 2293/1202/452
f 2296/1203/453 2298/1205/454 2297/487/454 2295/1204/453
f 2298/1205/454 2300/1206/455 2299/1207/455 2297/487/454
f 2300/1206/455 2302/1208/456 2301/1209/456 2299/1207/455
f 2302/1208/456 2304/1210/457 2303/1211/457 2301/1209/456
f 2304/1210/457 2306/1212/458 2305/1213/458 2303/1211/457
f 2306/1212/458 2308/1214/459 2307/1215/459 2305/1213/458
f 2308/1214/459 2310/1216/460 2309/1217/460 2307/1215/459
f 2310/1216/460 2312/1067/461 2311/420/461 2309/1217/460
f 2312/1067/461 2314/1218/462 2313/1219/462 2311/420/461
f 2314/1218/462 2316/1220/463 2315/1221/463 2313/1219/462
f 2316/1220/463 2318/1222/464 2317/1223/464 2315/1221/463
f 2318/1222/464 2320/1224/465 2319/1225/465 2317/1223/464
f 2320/1224/465 2322/1226/466 2321/1227/466 2319/1225/465
f 2322/1226/466 2324/1228/467 2323/1229/467 2321/1227/466
f 2324/1228/467 2326/649/468 2325/202/468 2323/1229/467
f 2326/649/468 2328/1230/469 2327/1231/469 2325/202/468
f 2328/1230/469 2330/1232/470 2329/1233/470 2327/1231/469
f 2330/1232/470 2332/1234/471 2331/1235/471 2329/1233/470
f 2332/1234/471 2334/1236/472 2333/1237/472 2331/1235/471
f 2334/1236/472 2336/1238/473 2335/1239/473 2333/1237/472
f 2336/1238/473 2338/1240/474 2337/1241/474 2335/1239/473
f 2338/1240/474 2340/1068/475 2339/435/475 2337/1241/474
f 2340/1068/475 2342/1242/476 2341/1243/476 2339/435/475
f 2342/1242/476 2344/1244/477 2343/1245/477 2341/1243/476
f 2344/1244/477 2346/1246/478 2345/1247/478 2343/1245/477
f 2346/1246/478 2348/1248/479 2347/1249/479 2345/1247/478
f 2348/1248/479 2350/1250/480 2349/1251/480 2347/1249/479
f 2350/1250/480 2352/1252/481 2351/1253/481 2349/1251/480
f 2352/1252/481 2354/1254/482 2353/486/482 2351/1253/481
f 2354/1254/482 2356/1255/483 2355/1256/483 2353/486/482
f 2356/1255/483 2358/1257/484 2357/1258/484 2355/1256/483
f 2358/1257/484 2360/1259/485 2359/1260/485 2357/1258/484
f 2360/1259/485 2362/1261/486 2361/1262/486 2359/1260/485
f 2362/1261/486 2364/1263/487 2363/1264/487 2361/1262/486
f 2364/1263/487 2366/1265/488 2365/1266/488 2363/1264/487
f 2366/1265/488 2368/1069/489 2367/453/489 2365/1266/488
f 2368/1069/489 2370/1267/490 2369/1268/490 2367/453/489
f 2370/1267/490 2372/1269/491 2371/1270/491 2369/1268/490
f 2372/1269/491 2374/1271/492 2373/1272/492 2371/1270/491
f 2374/1271/492 2376/1273/493 2375/1274/493 2373/1272/492
f 2376/1273/493 2378/1275/494 2377/1276/494 2375/1274/493
f 2378/1275/494 2380/1277/495 2379/1278/495 2377/1276/494
f 2380/1277/495 2382/1279/496 2381/488/496 2379/1278/495
f 2382/1279/496 2384/1280/497 2383/1281/497 2381/488/496
f 2384/1280/497 2386/1282/498 2385/1283/498 2383/1281/497
f 2386/1282/498 2388/1284/499 2387/1285/499 2385/1283/498
f 2388/1284/499 2390/1286/500 2389/1287/500 2387/1285/499
f 2390/1286/500 2392/1288/501 2391/1289/501 2389/1287/500
f 2392/1288/501 2394/1290/502 2393/1291/502 2391/1289/501
f 2394/1290/502 2396/1070/503 2395/461/503 2393/1291/502
f 2396/1070/503 2398/1292/504 2397/1293/504 2395/461/503
f 2398/1292/504 2400/1294/505 2399/1295/505 2397/1293/504
f 2400/1294/505 2402/1296/324 2401/1297/324 2399/1295/505
f 2402/1296/324 2404/1298/506 2403/1299/506 2401/1297/324
f 2404/1298/506 2406/1300/507 2405/1301/507 2403/1299/506
f 2406/1300/507 2408/1302/508 2407/1303/508 2405/1301/507
f 2408/1302/508 2410/1304/509 2409/490/509 2407/1303/508
f 2410/1304/509 2412/1305/510 2411/1306/510 2409/490/509
f 2412/1305/510 2414/1307/511 2413/1308/511 2411/1306/510
f 2414/1307/511 2416/1309/512 2415/1310/512 2413/1308/511
f 2416/1309/512 2418/1311/513 2417/1312/513 2415/1310/512
f 2418/1311/513 2420/1313/514 2419/1314/514 2417/1312/513
f 2420/1313/514 2422/1315/515 2421/1316/515 2419/1314/514
f 2422/1315/515 2228/647/419 2227/147/419 2421/1316/515
f 2424/602/68 2426/648/69 2425/412/69 2423/155/68
f 2426/648/69 2428/649/96 2427/202/96 2425/412/69
f 2428/649/96 2430/650/95 2429/408/95 2427/202/96
f 2430/650/95 2424/647/68 2423/147/68 2429/408/95
f 2432/602/43 2434/603/44 2433/604/44 2431/155/43
f 2434/603/44 2436/605/45 2435/606/45 2433/604/44
f 2436/605/45 2438/607/46 2437/481/46 2435/606/45
f 2438/607/46 2440/608/47 2439/609/47 2437/481/46
f 2440/608/47 2442/610/48 2441/611/48 2439/609/47
f 2442/610/48 2444/612/49 2443/480/49 2441/611/48
f 2444/612/49 2446/613/50 2445/614/50 2443/480/49
f 2446/613/50 2448/615/51 2447/616/51 2445/614/50
f 2448/615/51 2450/617/52 2449/208/52 2447/616/51
f 2450/617/52 2452/618/53 2451/619/53 2449/208/52
f 2452/618/53 2454/620/54 2453/621/54 2451/619/53
f 2454/620/54 2456/622/55 2455/482/55 2453/621/54
f 2456/622/55 2458/623/56 2457/624/56 2455/482/55
f 2458/623/56 2460/625/57 2459/626/57 2457/624/56
f 2460/625/57 2462/627/58 2461/483/58 2459/626/57
f 2462/627/58 2464/628/59 2463/629/59 2461/483/58
f 2464/628/59 2466/630/60 2465/631/60 2463/629/59
f 2466/630/60 2468/632/61 2467/209/61 2465/631/60
f 2468/632/61 2470/633/516 2469/634/516 2467/209/61
f 2470/633/516 2472/635/63 2471/636/63 2469/634/516
f 2472/635/63 2474/637/64 2473/485/64 2471/636/63
f 2474/637/64 2476/638/65 2475/639/65 2473/485/64
f 2476/638/65 2478/640/66 2477/641/66 2475/639/65
f 2478/640/66 2480/642/67 2479/484/67 2477/641/66
f 2480/642/67 2482/643/68 2481/644/68 2479/484/67
f 2482/643/68 2484/645/69 2483/646/69 2481/644/68
f 2484/645/69 2432/647/43 2431/147/43 2483/646/69
f 2486/602/70 2488/603/71 2487/604/71 2485/155/70
f 2488/603/71 2490/605/72 2489/606/72 2487/604/71
f 2490/605/72 2492/607/73 2491/481/73 2489/606/72
f 2492/607/73 2494/608/74 2493/609/74 2491/481/73
f 2494/608/74 2496/610/517 2495/611/517 2493/609/74
f 2496/610/517 2498/612/76 2497/480/76 2495/611/517
f 2498/612/76 2500/613/77 2499/614/77 2497/480/76
f 2500/613/77 2502/615/78 2501/616/78 2499/614/77
f 2502/615/78 2504/617/79 2503/208/79 2501/616/78
f 2504/617/79 2506/618/80 2505/619/80 2503/208/79
f 2506/618/80 2508/620/81 2507/621/81 2505/619/80
f 2508/620/81 2510/622/82 2509/482/82 2507/621/81
f 2510/622/82 2512/623/83 2511/624/83 2509/482/82
f 2512/623/83 2514/625/84 2513/626/84 2511/624/83
f 2514/625/84 2516/627/85 2515/483/85 2513/626/84
f 2516/627/85 2518/628/86 2517/629/86 2515/483/85
f 2518/628/86 2520/630/87 2519/631/87 2517/629/86
f 2520/630/87 2522/632/88 2521/209/88 2519/631/87
f 2522/632/88 2524/633/89 2523/634/89 2521/209/88
f 2524/633/89 2526/635/90 2525/636/90 2523/634/89
f 2526/635/90 2528/637/91 2527/485/91 2525/636/90
f 2528/637/91 2530/638/92 2529/639/92 2527/485/91
f 2530/638/92 2532/640/93 2531/641/93 2529/639/92
f 2532/640/93 2534/642/94 2533/484/94 2531/641/93
f 2534/642/94 2536/643/95 2535/644/95 2533/484/94
f 2536/643/95 2538/645/96 2537/646/96 2535/644/95
f 2538/645/96 2486/647/70 2485/147/70 2537/646/96
f 2540/602/308 2542/1061/308 2541/410/308 2539/155/308
f 2542/1061/308 2544/648/309 2543/412/309 2541/410/308
f 2544/648/309 2546/1062/309 2545/413/309 2543/412/309
f 2546/1062/309 2548/649/310 2547/202/310 2545/413/309
f 2548/649/310 2550/1063/311 2549/409/311 2547/202/310
f 2550/1063/311 2552/650/312 2551/408/312 2549/409/311
f 2552/650/312 2554/1064/313 2553/411/313 2551/408/312
f 2554/1064/313 2540/647/308 2539/147/308 2553/411/313
f 2556/602/314 2558/617/315 2557/208/315 2555/155/314
f 2558/617/315 2560/632/316 2559/209/316 2557/208/315
f 2560/632/316 2556/647/314 2555/147/314 2559/209/316
f 2562/602/43 2564/603/44 2563/604/44 2561/155/43
f 2564/603/44 2566/605/45 2565/606/45 2563/604/44
f 2566/605/45 2568/607/46 2567/481/46 2565/606/45
f 2568/607/46 2570/608/47 2569/609/47 2567/481/46
f 2570/608/47 2572/610/48 2571/611/48 2569/609/47
f 2572/610/48 2574/612/49 2573/480/49 2571/611/48
f 2574/612/49 2576/613/50 2575/614/50 2573/480/49
f 2576/613/50 2578/615/51 2577/616/51 2575/614/50
f 2578/615/51 2580/617/52 2579/208/52 2577/616/51
f 2580/617/52 2582/618/53 2581/619/53 2579/208/52
f 2582/618/53 2584/620/54 2583/621/54 2581/619/53
f 2584/620/54 2586/622/55 2585/482/55 2583/621/54
f 2586/622/55 2588/623/56 2587/624/56 2585/482/55
f 2588/623/56 2590/625/57 2589/626/57 2587/624/56
f 2590/625/57 2592/627/58 2591/483/58 2589/626/57
f 2592/627/58 2594/628/59 2593/629/59 2591/483/58
f 2594/628/59 2596/630/60 2595/631/60 2593/629/59
f 2596/630/60 2598/632/61 2597/209/61 2595/631/60
f 2598/632/61 2600/633/62 2599/634/62 2597/209/61
f 2600/633/62 2602/635/63 2601/636/63 2599/634/62
f 2602/635/63 2604/637/64 2603/485/64 2601/636/63
f 2604/637/64 2606/638/65 2605/639/65 2603/485/64
f 2606/638/65 2608/640/66 2607/641/66 2605/639/65
f 2608/640/66 2610/642/67 2609/484/67 2607/641/66
f 2610/642/67 2612/643/68 2611/644/68 2609/484/67
f 2612/643/68 2614/645/69 2613/646/69 2611/644/68
f 2614/645/69 2562/647/43 2561/147/43 2613/646/69
f 2616/602/70 2618/603/71 2617/604/71 2615/155/70
f 2618/603/71 2620/605/72 2619/606/72 2617/604/71
f 2620/605/72 2622/607/73 2621/481/73 2619/606/72
f 2622/607/73 2624/608/74 2623/609/74 2621/481/73
f 2624/608/74 2626/610/517 2625/611/517 2623/609/74
f 2626/610/517 2628/612/76 2627/480/76 2625/611/517
f 2628/612/76 2630/613/77 2629/614/77 2627/480/76
f 2630/613/77 2632/615/78 2631/616/78 2629/614/77
f 2632/615/78 2634/617/79 2633/208/79 2631/616/78
f 2634/617/79 2636/618/80 2635/619/80 2633/208/79
f 2636/618/80 2638/620/81 2637/621/81 2635/619/80
f 2638/620/81 2640/622/82 2639/482/82 2637/621/81
f 2640/622/82 2642/623/83 2641/624/83 2639/482/82
f 2642/623/83 2644/625/84 2643/626/84 2641/624/83
f 2644/625/84 2646/627/85 2645/483/85 2643/626/84
f 2646/627/85 2648/628/86 2647/629/86 2645/483/85
f 2648/628/86 2650/630/87 2649/631/87 2647/629/86
f 2650/630/87 2652/632/88 2651/209/88 2649/631/87
f 2652/632/88 2654/633/89 2653/634/89 2651/209/88
f 2654/633/89 2656/635/90 2655/636/90 2653/634/89
f 2656/635/90 2658/637/91 2657/485/91 2655/636/90
f 2658/637/91 2660/638/92 2659/639/92 2657/485/91
f 2660/638/92 2662/640/93 2661/641/93 2659/639/92
f 2662/640/93 2664/642/94 2663/484/94 2661/641/93
f 2664/642/94 2666/643/95 2665/644/95 2663/484/94
f 2666/643/95 2668/645/96 2667/646/96 2665/644/95
f 2668/645/96 2616/647/70 2615/147/70 2667/646/96
