# Blender 5.2.2 LTS
# www.blender.org
mtllib reja.mtl
o reja_seguridad_barrote
v 0.000000 0.000000 -0.020000
v 0.000000 1.200000 -0.020000
v 0.003902 0.000000 -0.019616
v 0.003902 1.200000 -0.019616
v 0.007654 0.000000 -0.018478
v 0.007654 1.200000 -0.018478
v 0.011111 0.000000 -0.016629
v 0.011111 1.200000 -0.016629
v 0.014142 0.000000 -0.014142
v 0.014142 1.200000 -0.014142
v 0.016629 0.000000 -0.011111
v 0.016629 1.200000 -0.011111
v 0.018478 0.000000 -0.007654
v 0.018478 1.200000 -0.007654
v 0.019616 0.000000 -0.003902
v 0.019616 1.200000 -0.003902
v 0.020000 0.000000 0.000000
v 0.020000 1.200000 0.000000
v 0.019616 0.000000 0.003902
v 0.019616 1.200000 0.003902
v 0.018478 0.000000 0.007654
v 0.018478 1.200000 0.007654
v 0.016629 0.000000 0.011111
v 0.016629 1.200000 0.011111
v 0.014142 0.000000 0.014142
v 0.014142 1.200000 0.014142
v 0.011111 0.000000 0.016629
v 0.011111 1.200000 0.016629
v 0.007654 0.000000 0.018478
v 0.007654 1.200000 0.018478
v 0.003902 0.000000 0.019616
v 0.003902 1.200000 0.019616
v 0.000000 0.000000 0.020000
v 0.000000 1.200000 0.020000
v -0.003902 0.000000 0.019616
v -0.003902 1.200000 0.019616
v -0.007654 0.000000 0.018478
v -0.007654 1.200000 0.018478
v -0.011111 0.000000 0.016629
v -0.011111 1.200000 0.016629
v -0.014142 0.000000 0.014142
v -0.014142 1.200000 0.014142
v -0.016629 0.000000 0.011111
v -0.016629 1.200000 0.011111
v -0.018478 0.000000 0.007654
v -0.018478 1.200000 0.007654
v -0.019616 0.000000 0.003902
v -0.019616 1.200000 0.003902
v -0.020000 0.000000 0.000000
v -0.020000 1.200000 0.000000
v -0.019616 0.000000 -0.003902
v -0.019616 1.200000 -0.003902
v -0.018478 0.000000 -0.007654
v -0.018478 1.200000 -0.007654
v -0.016629 0.000000 -0.011111
v -0.016629 1.200000 -0.011111
v -0.014142 0.000000 -0.014142
v -0.014142 1.200000 -0.014142
v -0.011111 0.000000 -0.016629
v -0.011111 1.200000 -0.016629
v -0.007654 0.000000 -0.018478
v -0.007654 1.200000 -0.018478
v -0.003902 0.000000 -0.019616
v -0.003902 1.200000 -0.019616
v 0.040000 0.000000 -0.020000
v 0.040000 1.200000 -0.020000
v 0.043902 0.000000 -0.019616
v 0.043902 1.200000 -0.019616
v 0.047654 0.000000 -0.018478
v 0.047654 1.200000 -0.018478
v 0.051111 0.000000 -0.016629
v 0.051111 1.200000 -0.016629
v 0.054142 0.000000 -0.014142
v 0.054142 1.200000 -0.014142
v 0.056629 0.000000 -0.011111
v 0.056629 1.200000 -0.011111
v 0.058478 0.000000 -0.007654
v 0.058478 1.200000 -0.007654
v 0.059616 0.000000 -0.003902
v 0.059616 1.200000 -0.003902
v 0.060000 0.000000 0.000000
v 0.060000 1.200000 0.000000
v 0.059616 0.000000 0.003902
v 0.059616 1.200000 0.003902
v 0.058478 0.000000 0.007654
v 0.058478 1.200000 0.007654
v 0.056629 0.000000 0.011111
v 0.056629 1.200000 0.011111
v 0.054142 0.000000 0.014142
v 0.054142 1.200000 0.014142
v 0.051111 0.000000 0.016629
v 0.051111 1.200000 0.016629
v 0.047654 0.000000 0.018478
v 0.047654 1.200000 0.018478
v 0.043902 0.000000 0.019616
v 0.043902 1.200000 0.019616
v 0.040000 0.000000 0.020000
v 0.040000 1.200000 0.020000
v 0.036098 0.000000 0.019616
v 0.036098 1.200000 0.019616
v 0.032346 0.000000 0.018478
v 0.032346 1.200000 0.018478
v 0.028889 0.000000 0.016629
v 0.028889 1.200000 0.016629
v 0.025858 0.000000 0.014142
v 0.025858 1.200000 0.014142
v 0.023371 0.000000 0.011111
v 0.023371 1.200000 0.011111
v 0.021522 0.000000 0.007654
v 0.021522 1.200000 0.007654
v 0.020384 0.000000 0.003902
v 0.020384 1.200000 0.003902
v 0.020000 0.000000 0.000000
v 0.020000 1.200000 0.000000
v 0.020384 0.000000 -0.003902
v 0.020384 1.200000 -0.003902
v 0.021522 0.000000 -0.007654
v 0.021522 1.200000 -0.007654
v 0.023371 0.000000 -0.011111
v 0.023371 1.200000 -0.011111
v 0.025858 0.000000 -0.014142
v 0.025858 1.200000 -0.014142
v 0.028889 0.000000 -0.016629
v 0.028889 1.200000 -0.016629
v 0.032346 0.000000 -0.018478
v 0.032346 1.200000 -0.018478
v 0.036098 0.000000 -0.019616
v 0.036098 1.200000 -0.019616
v 0.080000 0.000000 -0.020000
v 0.080000 1.200000 -0.020000
v 0.083902 0.000000 -0.019616
v 0.083902 1.200000 -0.019616
v 0.087654 0.000000 -0.018478
v 0.087654 1.200000 -0.018478
v 0.091111 0.000000 -0.016629
v 0.091111 1.200000 -0.016629
v 0.094142 0.000000 -0.014142
v 0.094142 1.200000 -0.014142
v 0.096629 0.000000 -0.011111
v 0.096629 1.200000 -0.011111
v 0.098478 0.000000 -0.007654
v 0.098478 1.200000 -0.007654
v 0.099616 0.000000 -0.003902
v 0.099616 1.200000 -0.003902
v 0.100000 0.000000 0.000000
v 0.100000 1.200000 0.000000
v 0.099616 0.000000 0.003902
v 0.099616 1.200000 0.003902
v 0.098478 0.000000 0.007654
v 0.098478 1.200000 0.007654
v 0.096629 0.000000 0.011111
v 0.096629 1.200000 0.011111
v 0.094142 0.000000 0.014142
v 0.094142 1.200000 0.014142
v 0.091111 0.000000 0.016629
v 0.091111 1.200000 0.016629
v 0.087654 0.000000 0.018478
v 0.087654 1.200000 0.018478
v 0.083902 0.000000 0.019616
v 0.083902 1.200000 0.019616
v 0.080000 0.000000 0.020000
v 0.080000 1.200000 0.020000
v 0.076098 0.000000 0.019616
v 0.076098 1.200000 0.019616
v 0.072346 0.000000 0.018478
v 0.072346 1.200000 0.018478
v 0.068889 0.000000 0.016629
v 0.068889 1.200000 0.016629
v 0.065858 0.000000 0.014142
v 0.065858 1.200000 0.014142
v 0.063371 0.000000 0.011111
v 0.063371 1.200000 0.011111
v 0.061522 0.000000 0.007654
v 0.061522 1.200000 0.007654
v 0.060384 0.000000 0.003902
v 0.060384 1.200000 0.003902
v 0.060000 0.000000 0.000000
v 0.060000 1.200000 0.000000
v 0.060384 0.000000 -0.003902
v 0.060384 1.200000 -0.003902
v 0.061522 0.000000 -0.007654
v 0.061522 1.200000 -0.007654
v 0.063371 0.000000 -0.011111
v 0.063371 1.200000 -0.011111
v 0.065858 0.000000 -0.014142
v 0.065858 1.200000 -0.014142
v 0.068889 0.000000 -0.016629
v 0.068889 1.200000 -0.016629
v 0.072346 0.000000 -0.018478
v 0.072346 1.200000 -0.018478
v 0.076098 0.000000 -0.019616
v 0.076098 1.200000 -0.019616
v 0.120000 0.000000 -0.020000
v 0.120000 1.200000 -0.020000
v 0.123902 0.000000 -0.019616
v 0.123902 1.200000 -0.019616
v 0.127654 0.000000 -0.018478
v 0.127654 1.200000 -0.018478
v 0.131111 0.000000 -0.016629
v 0.131111 1.200000 -0.016629
v 0.134142 0.000000 -0.014142
v 0.134142 1.200000 -0.014142
v 0.136629 0.000000 -0.011111
v 0.136629 1.200000 -0.011111
v 0.138478 0.000000 -0.007654
v 0.138478 1.200000 -0.007654
v 0.139616 0.000000 -0.003902
v 0.139616 1.200000 -0.003902
v 0.140000 0.000000 0.000000
v 0.140000 1.200000 0.000000
v 0.139616 0.000000 0.003902
v 0.139616 1.200000 0.003902
v 0.138478 0.000000 0.007654
v 0.138478 1.200000 0.007654
v 0.136629 0.000000 0.011111
v 0.136629 1.200000 0.011111
v 0.134142 0.000000 0.014142
v 0.134142 1.200000 0.014142
v 0.131111 0.000000 0.016629
v 0.131111 1.200000 0.016629
v 0.127654 0.000000 0.018478
v 0.127654 1.200000 0.018478
v 0.123902 0.000000 0.019616
v 0.123902 1.200000 0.019616
v 0.120000 0.000000 0.020000
v 0.120000 1.200000 0.020000
v 0.116098 0.000000 0.019616
v 0.116098 1.200000 0.019616
v 0.112346 0.000000 0.018478
v 0.112346 1.200000 0.018478
v 0.108889 0.000000 0.016629
v 0.108889 1.200000 0.016629
v 0.105858 0.000000 0.014142
v 0.105858 1.200000 0.014142
v 0.103371 0.000000 0.011111
v 0.103371 1.200000 0.011111
v 0.101522 0.000000 0.007654
v 0.101522 1.200000 0.007654
v 0.100384 0.000000 0.003902
v 0.100384 1.200000 0.003902
v 0.100000 0.000000 0.000000
v 0.100000 1.200000 0.000000
v 0.100384 0.000000 -0.003902
v 0.100384 1.200000 -0.003902
v 0.101522 0.000000 -0.007654
v 0.101522 1.200000 -0.007654
v 0.103371 0.000000 -0.011111
v 0.103371 1.200000 -0.011111
v 0.105858 0.000000 -0.014142
v 0.105858 1.200000 -0.014142
v 0.108889 0.000000 -0.016629
v 0.108889 1.200000 -0.016629
v 0.112346 0.000000 -0.018478
v 0.112346 1.200000 -0.018478
v 0.116098 0.000000 -0.019616
v 0.116098 1.200000 -0.019616
v 0.160000 0.000000 -0.020000
v 0.160000 1.200000 -0.020000
v 0.163902 0.000000 -0.019616
v 0.163902 1.200000 -0.019616
v 0.167654 0.000000 -0.018478
v 0.167654 1.200000 -0.018478
v 0.171111 0.000000 -0.016629
v 0.171111 1.200000 -0.016629
v 0.174142 0.000000 -0.014142
v 0.174142 1.200000 -0.014142
v 0.176629 0.000000 -0.011111
v 0.176629 1.200000 -0.011111
v 0.178478 0.000000 -0.007654
v 0.178478 1.200000 -0.007654
v 0.179616 0.000000 -0.003902
v 0.179616 1.200000 -0.003902
v 0.180000 0.000000 0.000000
v 0.180000 1.200000 0.000000
v 0.179616 0.000000 0.003902
v 0.179616 1.200000 0.003902
v 0.178478 0.000000 0.007654
v 0.178478 1.200000 0.007654
v 0.176629 0.000000 0.011111
v 0.176629 1.200000 0.011111
v 0.174142 0.000000 0.014142
v 0.174142 1.200000 0.014142
v 0.171111 0.000000 0.016629
v 0.171111 1.200000 0.016629
v 0.167654 0.000000 0.018478
v 0.167654 1.200000 0.018478
v 0.163902 0.000000 0.019616
v 0.163902 1.200000 0.019616
v 0.160000 0.000000 0.020000
v 0.160000 1.200000 0.020000
v 0.156098 0.000000 0.019616
v 0.156098 1.200000 0.019616
v 0.152346 0.000000 0.018478
v 0.152346 1.200000 0.018478
v 0.148889 0.000000 0.016629
v 0.148889 1.200000 0.016629
v 0.145858 0.000000 0.014142
v 0.145858 1.200000 0.014142
v 0.143371 0.000000 0.011111
v 0.143371 1.200000 0.011111
v 0.141522 0.000000 0.007654
v 0.141522 1.200000 0.007654
v 0.140384 0.000000 0.003902
v 0.140384 1.200000 0.003902
v 0.140000 0.000000 0.000000
v 0.140000 1.200000 0.000000
v 0.140384 0.000000 -0.003902
v 0.140384 1.200000 -0.003902
v 0.141522 0.000000 -0.007654
v 0.141522 1.200000 -0.007654
v 0.143371 0.000000 -0.011111
v 0.143371 1.200000 -0.011111
v 0.145858 0.000000 -0.014142
v 0.145858 1.200000 -0.014142
v 0.148889 0.000000 -0.016629
v 0.148889 1.200000 -0.016629
v 0.152346 0.000000 -0.018478
v 0.152346 1.200000 -0.018478
v 0.156098 0.000000 -0.019616
v 0.156098 1.200000 -0.019616
v 0.200000 0.000000 -0.020000
v 0.200000 1.200000 -0.020000
v 0.203902 0.000000 -0.019616
v 0.203902 1.200000 -0.019616
v 0.207654 0.000000 -0.018478
v 0.207654 1.200000 -0.018478
v 0.211111 0.000000 -0.016629
v 0.211111 1.200000 -0.016629
v 0.214142 0.000000 -0.014142
v 0.214142 1.200000 -0.014142
v 0.216629 0.000000 -0.011111
v 0.216629 1.200000 -0.011111
v 0.218478 0.000000 -0.007654
v 0.218478 1.200000 -0.007654
v 0.219616 0.000000 -0.003902
v 0.219616 1.200000 -0.003902
v 0.220000 0.000000 0.000000
v 0.220000 1.200000 0.000000
v 0.219616 0.000000 0.003902
v 0.219616 1.200000 0.003902
v 0.218478 0.000000 0.007654
v 0.218478 1.200000 0.007654
v 0.216629 0.000000 0.011111
v 0.216629 1.200000 0.011111
v 0.214142 0.000000 0.014142
v 0.214142 1.200000 0.014142
v 0.211111 0.000000 0.016629
v 0.211111 1.200000 0.016629
v 0.207654 0.000000 0.018478
v 0.207654 1.200000 0.018478
v 0.203902 0.000000 0.019616
v 0.203902 1.200000 0.019616
v 0.200000 0.000000 0.020000
v 0.200000 1.200000 0.020000
v 0.196098 0.000000 0.019616
v 0.196098 1.200000 0.019616
v 0.192346 0.000000 0.018478
v 0.192346 1.200000 0.018478
v 0.188889 0.000000 0.016629
v 0.188889 1.200000 0.016629
v 0.185858 0.000000 0.014142
v 0.185858 1.200000 0.014142
v 0.183371 0.000000 0.011111
v 0.183371 1.200000 0.011111
v 0.181522 0.000000 0.007654
v 0.181522 1.200000 0.007654
v 0.180384 0.000000 0.003902
v 0.180384 1.200000 0.003902
v 0.180000 0.000000 0.000000
v 0.180000 1.200000 0.000000
v 0.180384 0.000000 -0.003902
v 0.180384 1.200000 -0.003902
v 0.181522 0.000000 -0.007654
v 0.181522 1.200000 -0.007654
v 0.183371 0.000000 -0.011111
v 0.183371 1.200000 -0.011111
v 0.185858 0.000000 -0.014142
v 0.185858 1.200000 -0.014142
v 0.188889 0.000000 -0.016629
v 0.188889 1.200000 -0.016629
v 0.192346 0.000000 -0.018478
v 0.192346 1.200000 -0.018478
v 0.196098 0.000000 -0.019616
v 0.196098 1.200000 -0.019616
v 0.240000 0.000000 -0.020000
v 0.240000 1.200000 -0.020000
v 0.243902 0.000000 -0.019616
v 0.243902 1.200000 -0.019616
v 0.247654 0.000000 -0.018478
v 0.247654 1.200000 -0.018478
v 0.251111 0.000000 -0.016629
v 0.251111 1.200000 -0.016629
v 0.254142 0.000000 -0.014142
v 0.254142 1.200000 -0.014142
v 0.256629 0.000000 -0.011111
v 0.256629 1.200000 -0.011111
v 0.258478 0.000000 -0.007654
v 0.258478 1.200000 -0.007654
v 0.259616 0.000000 -0.003902
v 0.259616 1.200000 -0.003902
v 0.260000 0.000000 0.000000
v 0.260000 1.200000 0.000000
v 0.259616 0.000000 0.003902
v 0.259616 1.200000 0.003902
v 0.258478 0.000000 0.007654
v 0.258478 1.200000 0.007654
v 0.256629 0.000000 0.011111
v 0.256629 1.200000 0.011111
v 0.254142 0.000000 0.014142
v 0.254142 1.200000 0.014142
v 0.251111 0.000000 0.016629
v 0.251111 1.200000 0.016629
v 0.247654 0.000000 0.018478
v 0.247654 1.200000 0.018478
v 0.243902 0.000000 0.019616
v 0.243902 1.200000 0.019616
v 0.240000 0.000000 0.020000
v 0.240000 1.200000 0.020000
v 0.236098 0.000000 0.019616
v 0.236098 1.200000 0.019616
v 0.232346 0.000000 0.018478
v 0.232346 1.200000 0.018478
v 0.228889 0.000000 0.016629
v 0.228889 1.200000 0.016629
v 0.225858 0.000000 0.014142
v 0.225858 1.200000 0.014142
v 0.223371 0.000000 0.011111
v 0.223371 1.200000 0.011111
v 0.221522 0.000000 0.007654
v 0.221522 1.200000 0.007654
v 0.220384 0.000000 0.003902
v 0.220384 1.200000 0.003902
v 0.220000 0.000000 0.000000
v 0.220000 1.200000 0.000000
v 0.220384 0.000000 -0.003902
v 0.220384 1.200000 -0.003902
v 0.221522 0.000000 -0.007654
v 0.221522 1.200000 -0.007654
v 0.223371 0.000000 -0.011111
v 0.223371 1.200000 -0.011111
v 0.225858 0.000000 -0.014142
v 0.225858 1.200000 -0.014142
v 0.228889 0.000000 -0.016629
v 0.228889 1.200000 -0.016629
v 0.232346 0.000000 -0.018478
v 0.232346 1.200000 -0.018478
v 0.236098 0.000000 -0.019616
v 0.236098 1.200000 -0.019616
v 0.280000 0.000000 -0.020000
v 0.280000 1.200000 -0.020000
v 0.283902 0.000000 -0.019616
v 0.283902 1.200000 -0.019616
v 0.287654 0.000000 -0.018478
v 0.287654 1.200000 -0.018478
v 0.291111 0.000000 -0.016629
v 0.291111 1.200000 -0.016629
v 0.294142 0.000000 -0.014142
v 0.294142 1.200000 -0.014142
v 0.296629 0.000000 -0.011111
v 0.296629 1.200000 -0.011111
v 0.298478 0.000000 -0.007654
v 0.298478 1.200000 -0.007654
v 0.299616 0.000000 -0.003902
v 0.299616 1.200000 -0.003902
v 0.300000 0.000000 0.000000
v 0.300000 1.200000 0.000000
v 0.299616 0.000000 0.003902
v 0.299616 1.200000 0.003902
v 0.298478 0.000000 0.007654
v 0.298478 1.200000 0.007654
v 0.296629 0.000000 0.011111
v 0.296629 1.200000 0.011111
v 0.294142 0.000000 0.014142
v 0.294142 1.200000 0.014142
v 0.291111 0.000000 0.016629
v 0.291111 1.200000 0.016629
v 0.287654 0.000000 0.018478
v 0.287654 1.200000 0.018478
v 0.283902 0.000000 0.019616
v 0.283902 1.200000 0.019616
v 0.280000 0.000000 0.020000
v 0.280000 1.200000 0.020000
v 0.276098 0.000000 0.019616
v 0.276098 1.200000 0.019616
v 0.272346 0.000000 0.018478
v 0.272346 1.200000 0.018478
v 0.268889 0.000000 0.016629
v 0.268889 1.200000 0.016629
v 0.265858 0.000000 0.014142
v 0.265858 1.200000 0.014142
v 0.263371 0.000000 0.011111
v 0.263371 1.200000 0.011111
v 0.261522 0.000000 0.007654
v 0.261522 1.200000 0.007654
v 0.260384 0.000000 0.003902
v 0.260384 1.200000 0.003902
v 0.260000 0.000000 0.000000
v 0.260000 1.200000 0.000000
v 0.260384 0.000000 -0.003902
v 0.260384 1.200000 -0.003902
v 0.261522 0.000000 -0.007654
v 0.261522 1.200000 -0.007654
v 0.263371 0.000000 -0.011111
v 0.263371 1.200000 -0.011111
v 0.265858 0.000000 -0.014142
v 0.265858 1.200000 -0.014142
v 0.268889 0.000000 -0.016629
v 0.268889 1.200000 -0.016629
v 0.272346 0.000000 -0.018478
v 0.272346 1.200000 -0.018478
v 0.276098 0.000000 -0.019616
v 0.276098 1.200000 -0.019616
v 0.320000 0.000000 -0.020000
v 0.320000 1.200000 -0.020000
v 0.323902 0.000000 -0.019616
v 0.323902 1.200000 -0.019616
v 0.327654 0.000000 -0.018478
v 0.327654 1.200000 -0.018478
v 0.331111 0.000000 -0.016629
v 0.331111 1.200000 -0.016629
v 0.334142 0.000000 -0.014142
v 0.334142 1.200000 -0.014142
v 0.336629 0.000000 -0.011111
v 0.336629 1.200000 -0.011111
v 0.338478 0.000000 -0.007654
v 0.338478 1.200000 -0.007654
v 0.339616 0.000000 -0.003902
v 0.339616 1.200000 -0.003902
v 0.340000 0.000000 0.000000
v 0.340000 1.200000 0.000000
v 0.339616 0.000000 0.003902
v 0.339616 1.200000 0.003902
v 0.338478 0.000000 0.007654
v 0.338478 1.200000 0.007654
v 0.336629 0.000000 0.011111
v 0.336629 1.200000 0.011111
v 0.334142 0.000000 0.014142
v 0.334142 1.200000 0.014142
v 0.331111 0.000000 0.016629
v 0.331111 1.200000 0.016629
v 0.327654 0.000000 0.018478
v 0.327654 1.200000 0.018478
v 0.323902 0.000000 0.019616
v 0.323902 1.200000 0.019616
v 0.320000 0.000000 0.020000
v 0.320000 1.200000 0.020000
v 0.316098 0.000000 0.019616
v 0.316098 1.200000 0.019616
v 0.312346 0.000000 0.018478
v 0.312346 1.200000 0.018478
v 0.308889 0.000000 0.016629
v 0.308889 1.200000 0.016629
v 0.305858 0.000000 0.014142
v 0.305858 1.200000 0.014142
v 0.303371 0.000000 0.011111
v 0.303371 1.200000 0.011111
v 0.301522 0.000000 0.007654
v 0.301522 1.200000 0.007654
v 0.300384 0.000000 0.003902
v 0.300384 1.200000 0.003902
v 0.300000 0.000000 0.000000
v 0.300000 1.200000 0.000000
v 0.300384 0.000000 -0.003902
v 0.300384 1.200000 -0.003902
v 0.301522 0.000000 -0.007654
v 0.301522 1.200000 -0.007654
v 0.303371 0.000000 -0.011111
v 0.303371 1.200000 -0.011111
v 0.305858 0.000000 -0.014142
v 0.305858 1.200000 -0.014142
v 0.308889 0.000000 -0.016629
v 0.308889 1.200000 -0.016629
v 0.312346 0.000000 -0.018478
v 0.312346 1.200000 -0.018478
v 0.316098 0.000000 -0.019616
v 0.316098 1.200000 -0.019616
v 0.360000 0.000000 -0.020000
v 0.360000 1.200000 -0.020000
v 0.363902 0.000000 -0.019616
v 0.363902 1.200000 -0.019616
v 0.367654 0.000000 -0.018478
v 0.367654 1.200000 -0.018478
v 0.371111 0.000000 -0.016629
v 0.371111 1.200000 -0.016629
v 0.374142 0.000000 -0.014142
v 0.374142 1.200000 -0.014142
v 0.376629 0.000000 -0.011111
v 0.376629 1.200000 -0.011111
v 0.378478 0.000000 -0.007654
v 0.378478 1.200000 -0.007654
v 0.379616 0.000000 -0.003902
v 0.379616 1.200000 -0.003902
v 0.380000 0.000000 0.000000
v 0.380000 1.200000 0.000000
v 0.379616 0.000000 0.003902
v 0.379616 1.200000 0.003902
v 0.378478 0.000000 0.007654
v 0.378478 1.200000 0.007654
v 0.376629 0.000000 0.011111
v 0.376629 1.200000 0.011111
v 0.374142 0.000000 0.014142
v 0.374142 1.200000 0.014142
v 0.371111 0.000000 0.016629
v 0.371111 1.200000 0.016629
v 0.367654 0.000000 0.018478
v 0.367654 1.200000 0.018478
v 0.363902 0.000000 0.019616
v 0.363902 1.200000 0.019616
v 0.360000 0.000000 0.020000
v 0.360000 1.200000 0.020000
v 0.356098 0.000000 0.019616
v 0.356098 1.200000 0.019616
v 0.352346 0.000000 0.018478
v 0.352346 1.200000 0.018478
v 0.348889 0.000000 0.016629
v 0.348889 1.200000 0.016629
v 0.345858 0.000000 0.014142
v 0.345858 1.200000 0.014142
v 0.343371 0.000000 0.011111
v 0.343371 1.200000 0.011111
v 0.341522 0.000000 0.007654
v 0.341522 1.200000 0.007654
v 0.340384 0.000000 0.003902
v 0.340384 1.200000 0.003902
v 0.340000 0.000000 0.000000
v 0.340000 1.200000 0.000000
v 0.340384 0.000000 -0.003902
v 0.340384 1.200000 -0.003902
v 0.341522 0.000000 -0.007654
v 0.341522 1.200000 -0.007654
v 0.343371 0.000000 -0.011111
v 0.343371 1.200000 -0.011111
v 0.345858 0.000000 -0.014142
v 0.345858 1.200000 -0.014142
v 0.348889 0.000000 -0.016629
v 0.348889 1.200000 -0.016629
v 0.352346 0.000000 -0.018478
v 0.352346 1.200000 -0.018478
v 0.356098 0.000000 -0.019616
v 0.356098 1.200000 -0.019616
v 0.400000 0.000000 -0.020000
v 0.400000 1.200000 -0.020000
v 0.403902 0.000000 -0.019616
v 0.403902 1.200000 -0.019616
v 0.407654 0.000000 -0.018478
v 0.407654 1.200000 -0.018478
v 0.411111 0.000000 -0.016629
v 0.411111 1.200000 -0.016629
v 0.414142 0.000000 -0.014142
v 0.414142 1.200000 -0.014142
v 0.416629 0.000000 -0.011111
v 0.416629 1.200000 -0.011111
v 0.418478 0.000000 -0.007654
v 0.418478 1.200000 -0.007654
v 0.419616 0.000000 -0.003902
v 0.419616 1.200000 -0.003902
v 0.420000 0.000000 0.000000
v 0.420000 1.200000 0.000000
v 0.419616 0.000000 0.003902
v 0.419616 1.200000 0.003902
v 0.418478 0.000000 0.007654
v 0.418478 1.200000 0.007654
v 0.416629 0.000000 0.011111
v 0.416629 1.200000 0.011111
v 0.414142 0.000000 0.014142
v 0.414142 1.200000 0.014142
v 0.411111 0.000000 0.016629
v 0.411111 1.200000 0.016629
v 0.407654 0.000000 0.018478
v 0.407654 1.200000 0.018478
v 0.403902 0.000000 0.019616
v 0.403902 1.200000 0.019616
v 0.400000 0.000000 0.020000
v 0.400000 1.200000 0.020000
v 0.396098 0.000000 0.019616
v 0.396098 1.200000 0.019616
v 0.392346 0.000000 0.018478
v 0.392346 1.200000 0.018478
v 0.388889 0.000000 0.016629
v 0.388889 1.200000 0.016629
v 0.385858 0.000000 0.014142
v 0.385858 1.200000 0.014142
v 0.383371 0.000000 0.011111
v 0.383371 1.200000 0.011111
v 0.381522 0.000000 0.007654
v 0.381522 1.200000 0.007654
v 0.380384 0.000000 0.003902
v 0.380384 1.200000 0.003902
v 0.380000 0.000000 0.000000
v 0.380000 1.200000 0.000000
v 0.380384 0.000000 -0.003902
v 0.380384 1.200000 -0.003902
v 0.381522 0.000000 -0.007654
v 0.381522 1.200000 -0.007654
v 0.383371 0.000000 -0.011111
v 0.383371 1.200000 -0.011111
v 0.385858 0.000000 -0.014142
v 0.385858 1.200000 -0.014142
v 0.388889 0.000000 -0.016629
v 0.388889 1.200000 -0.016629
v 0.392346 0.000000 -0.018478
v 0.392346 1.200000 -0.018478
v 0.396098 0.000000 -0.019616
v 0.396098 1.200000 -0.019616
v 0.440000 0.000000 -0.020000
v 0.440000 1.200000 -0.020000
v 0.443902 0.000000 -0.019616
v 0.443902 1.200000 -0.019616
v 0.447654 0.000000 -0.018478
v 0.447654 1.200000 -0.018478
v 0.451111 0.000000 -0.016629
v 0.451111 1.200000 -0.016629
v 0.454142 0.000000 -0.014142
v 0.454142 1.200000 -0.014142
v 0.456629 0.000000 -0.011111
v 0.456629 1.200000 -0.011111
v 0.458478 0.000000 -0.007654
v 0.458478 1.200000 -0.007654
v 0.459616 0.000000 -0.003902
v 0.459616 1.200000 -0.003902
v 0.460000 0.000000 0.000000
v 0.460000 1.200000 0.000000
v 0.459616 0.000000 0.003902
v 0.459616 1.200000 0.003902
v 0.458478 0.000000 0.007654
v 0.458478 1.200000 0.007654
v 0.456629 0.000000 0.011111
v 0.456629 1.200000 0.011111
v 0.454142 0.000000 0.014142
v 0.454142 1.200000 0.014142
v 0.451111 0.000000 0.016629
v 0.451111 1.200000 0.016629
v 0.447654 0.000000 0.018478
v 0.447654 1.200000 0.018478
v 0.443902 0.000000 0.019616
v 0.443902 1.200000 0.019616
v 0.440000 0.000000 0.020000
v 0.440000 1.200000 0.020000
v 0.436098 0.000000 0.019616
v 0.436098 1.200000 0.019616
v 0.432346 0.000000 0.018478
v 0.432346 1.200000 0.018478
v 0.428889 0.000000 0.016629
v 0.428889 1.200000 0.016629
v 0.425858 0.000000 0.014142
v 0.425858 1.200000 0.014142
v 0.423371 0.000000 0.011111
v 0.423371 1.200000 0.011111
v 0.421522 0.000000 0.007654
v 0.421522 1.200000 0.007654
v 0.420384 0.000000 0.003902
v 0.420384 1.200000 0.003902
v 0.420000 0.000000 0.000000
v 0.420000 1.200000 0.000000
v 0.420384 0.000000 -0.003902
v 0.420384 1.200000 -0.003902
v 0.421522 0.000000 -0.007654
v 0.421522 1.200000 -0.007654
v 0.423371 0.000000 -0.011111
v 0.423371 1.200000 -0.011111
v 0.425858 0.000000 -0.014142
v 0.425858 1.200000 -0.014142
v 0.428889 0.000000 -0.016629
v 0.428889 1.200000 -0.016629
v 0.432346 0.000000 -0.018478
v 0.432346 1.200000 -0.018478
v 0.436098 0.000000 -0.019616
v 0.436098 1.200000 -0.019616
v 0.480000 0.000000 -0.020000
v 0.480000 1.200000 -0.020000
v 0.483902 0.000000 -0.019616
v 0.483902 1.200000 -0.019616
v 0.487654 0.000000 -0.018478
v 0.487654 1.200000 -0.018478
v 0.491111 0.000000 -0.016629
v 0.491111 1.200000 -0.016629
v 0.494142 0.000000 -0.014142
v 0.494142 1.200000 -0.014142
v 0.496629 0.000000 -0.011111
v 0.496629 1.200000 -0.011111
v 0.498478 0.000000 -0.007654
v 0.498478 1.200000 -0.007654
v 0.499616 0.000000 -0.003902
v 0.499616 1.200000 -0.003902
v 0.500000 0.000000 0.000000
v 0.500000 1.200000 0.000000
v 0.499616 0.000000 0.003902
v 0.499616 1.200000 0.003902
v 0.498478 0.000000 0.007654
v 0.498478 1.200000 0.007654
v 0.496629 0.000000 0.011111
v 0.496629 1.200000 0.011111
v 0.494142 0.000000 0.014142
v 0.494142 1.200000 0.014142
v 0.491111 0.000000 0.016629
v 0.491111 1.200000 0.016629
v 0.487654 0.000000 0.018478
v 0.487654 1.200000 0.018478
v 0.483902 0.000000 0.019616
v 0.483902 1.200000 0.019616
v 0.480000 0.000000 0.020000
v 0.480000 1.200000 0.020000
v 0.476098 0.000000 0.019616
v 0.476098 1.200000 0.019616
v 0.472346 0.000000 0.018478
v 0.472346 1.200000 0.018478
v 0.468889 0.000000 0.016629
v 0.468889 1.200000 0.016629
v 0.465858 0.000000 0.014142
v 0.465858 1.200000 0.014142
v 0.463371 0.000000 0.011111
v 0.463371 1.200000 0.011111
v 0.461522 0.000000 0.007654
v 0.461522 1.200000 0.007654
v 0.460384 0.000000 0.003902
v 0.460384 1.200000 0.003902
v 0.460000 0.000000 0.000000
v 0.460000 1.200000 0.000000
v 0.460384 0.000000 -0.003902
v 0.460384 1.200000 -0.003902
v 0.461522 0.000000 -0.007654
v 0.461522 1.200000 -0.007654
v 0.463371 0.000000 -0.011111
v 0.463371 1.200000 -0.011111
v 0.465858 0.000000 -0.014142
v 0.465858 1.200000 -0.014142
v 0.468889 0.000000 -0.016629
v 0.468889 1.200000 -0.016629
v 0.472346 0.000000 -0.018478
v 0.472346 1.200000 -0.018478
v 0.476098 0.000000 -0.019616
v 0.476098 1.200000 -0.019616
v 0.520000 0.000000 -0.020000
v 0.520000 1.200000 -0.020000
v 0.523902 0.000000 -0.019616
v 0.523902 1.200000 -0.019616
v 0.527654 0.000000 -0.018478
v 0.527654 1.200000 -0.018478
v 0.531111 0.000000 -0.016629
v 0.531111 1.200000 -0.016629
v 0.534142 0.000000 -0.014142
v 0.534142 1.200000 -0.014142
v 0.536629 0.000000 -0.011111
v 0.536629 1.200000 -0.011111
v 0.538478 0.000000 -0.007654
v 0.538478 1.200000 -0.007654
v 0.539616 0.000000 -0.003902
v 0.539616 1.200000 -0.003902
v 0.540000 0.000000 0.000000
v 0.540000 1.200000 0.000000
v 0.539616 0.000000 0.003902
v 0.539616 1.200000 0.003902
v 0.538478 0.000000 0.007654
v 0.538478 1.200000 0.007654
v 0.536629 0.000000 0.011111
v 0.536629 1.200000 0.011111
v 0.534142 0.000000 0.014142
v 0.534142 1.200000 0.014142
v 0.531111 0.000000 0.016629
v 0.531111 1.200000 0.016629
v 0.527654 0.000000 0.018478
v 0.527654 1.200000 0.018478
v 0.523902 0.000000 0.019616
v 0.523902 1.200000 0.019616
v 0.520000 0.000000 0.020000
v 0.520000 1.200000 0.020000
v 0.516098 0.000000 0.019616
v 0.516098 1.200000 0.019616
v 0.512346 0.000000 0.018478
v 0.512346 1.200000 0.018478
v 0.508889 0.000000 0.016629
v 0.508889 1.200000 0.016629
v 0.505858 0.000000 0.014142
v 0.505858 1.200000 0.014142
v 0.503371 0.000000 0.011111
v 0.503371 1.200000 0.011111
v 0.501522 0.000000 0.007654
v 0.501522 1.200000 0.007654
v 0.500384 0.000000 0.003902
v 0.500384 1.200000 0.003902
v 0.500000 0.000000 0.000000
v 0.500000 1.200000 0.000000
v 0.500384 0.000000 -0.003902
v 0.500384 1.200000 -0.003902
v 0.501522 0.000000 -0.007654
v 0.501522 1.200000 -0.007654
v 0.503371 0.000000 -0.011111
v 0.503371 1.200000 -0.011111
v 0.505858 0.000000 -0.014142
v 0.505858 1.200000 -0.014142
v 0.508889 0.000000 -0.016629
v 0.508889 1.200000 -0.016629
v 0.512346 0.000000 -0.018478
v 0.512346 1.200000 -0.018478
v 0.516098 0.000000 -0.019616
v 0.516098 1.200000 -0.019616
v 0.560000 0.000000 -0.020000
v 0.560000 1.200000 -0.020000
v 0.563902 0.000000 -0.019616
v 0.563902 1.200000 -0.019616
v 0.567654 0.000000 -0.018478
v 0.567654 1.200000 -0.018478
v 0.571111 0.000000 -0.016629
v 0.571111 1.200000 -0.016629
v 0.574142 0.000000 -0.014142
v 0.574142 1.200000 -0.014142
v 0.576629 0.000000 -0.011111
v 0.576629 1.200000 -0.011111
v 0.578478 0.000000 -0.007654
v 0.578478 1.200000 -0.007654
v 0.579616 0.000000 -0.003902
v 0.579616 1.200000 -0.003902
v 0.580000 0.000000 0.000000
v 0.580000 1.200000 0.000000
v 0.579616 0.000000 0.003902
v 0.579616 1.200000 0.003902
v 0.578478 0.000000 0.007654
v 0.578478 1.200000 0.007654
v 0.576629 0.000000 0.011111
v 0.576629 1.200000 0.011111
v 0.574142 0.000000 0.014142
v 0.574142 1.200000 0.014142
v 0.571111 0.000000 0.016629
v 0.571111 1.200000 0.016629
v 0.567654 0.000000 0.018478
v 0.567654 1.200000 0.018478
v 0.563902 0.000000 0.019616
v 0.563902 1.200000 0.019616
v 0.560000 0.000000 0.020000
v 0.560000 1.200000 0.020000
v 0.556098 0.000000 0.019616
v 0.556098 1.200000 0.019616
v 0.552346 0.000000 0.018478
v 0.552346 1.200000 0.018478
v 0.548889 0.000000 0.016629
v 0.548889 1.200000 0.016629
v 0.545858 0.000000 0.014142
v 0.545858 1.200000 0.014142
v 0.543371 0.000000 0.011111
v 0.543371 1.200000 0.011111
v 0.541522 0.000000 0.007654
v 0.541522 1.200000 0.007654
v 0.540384 0.000000 0.003902
v 0.540384 1.200000 0.003902
v 0.540000 0.000000 0.000000
v 0.540000 1.200000 0.000000
v 0.540384 0.000000 -0.003902
v 0.540384 1.200000 -0.003902
v 0.541522 0.000000 -0.007654
v 0.541522 1.200000 -0.007654
v 0.543371 0.000000 -0.011111
v 0.543371 1.200000 -0.011111
v 0.545858 0.000000 -0.014142
v 0.545858 1.200000 -0.014142
v 0.548889 0.000000 -0.016629
v 0.548889 1.200000 -0.016629
v 0.552346 0.000000 -0.018478
v 0.552346 1.200000 -0.018478
v 0.556098 0.000000 -0.019616
v 0.556098 1.200000 -0.019616
v 0.600000 0.000000 -0.020000
v 0.600000 1.200000 -0.020000
v 0.603902 0.000000 -0.019616
v 0.603902 1.200000 -0.019616
v 0.607654 0.000000 -0.018478
v 0.607654 1.200000 -0.018478
v 0.611111 0.000000 -0.016629
v 0.611111 1.200000 -0.016629
v 0.614142 0.000000 -0.014142
v 0.614142 1.200000 -0.014142
v 0.616629 0.000000 -0.011111
v 0.616629 1.200000 -0.011111
v 0.618478 0.000000 -0.007654
v 0.618478 1.200000 -0.007654
v 0.619616 0.000000 -0.003902
v 0.619616 1.200000 -0.003902
v 0.620000 0.000000 0.000000
v 0.620000 1.200000 0.000000
v 0.619616 0.000000 0.003902
v 0.619616 1.200000 0.003902
v 0.618478 0.000000 0.007654
v 0.618478 1.200000 0.007654
v 0.616629 0.000000 0.011111
v 0.616629 1.200000 0.011111
v 0.614142 0.000000 0.014142
v 0.614142 1.200000 0.014142
v 0.611111 0.000000 0.016629
v 0.611111 1.200000 0.016629
v 0.607654 0.000000 0.018478
v 0.607654 1.200000 0.018478
v 0.603902 0.000000 0.019616
v 0.603902 1.200000 0.019616
v 0.600000 0.000000 0.020000
v 0.600000 1.200000 0.020000
v 0.596098 0.000000 0.019616
v 0.596098 1.200000 0.019616
v 0.592346 0.000000 0.018478
v 0.592346 1.200000 0.018478
v 0.588889 0.000000 0.016629
v 0.588889 1.200000 0.016629
v 0.585858 0.000000 0.014142
v 0.585858 1.200000 0.014142
v 0.583371 0.000000 0.011111
v 0.583371 1.200000 0.011111
v 0.581522 0.000000 0.007654
v 0.581522 1.200000 0.007654
v 0.580384 0.000000 0.003902
v 0.580384 1.200000 0.003902
v 0.580000 0.000000 0.000000
v 0.580000 1.200000 0.000000
v 0.580384 0.000000 -0.003902
v 0.580384 1.200000 -0.003902
v 0.581522 0.000000 -0.007654
v 0.581522 1.200000 -0.007654
v 0.583371 0.000000 -0.011111
v 0.583371 1.200000 -0.011111
v 0.585858 0.000000 -0.014142
v 0.585858 1.200000 -0.014142
v 0.588889 0.000000 -0.016629
v 0.588889 1.200000 -0.016629
v 0.592346 0.000000 -0.018478
v 0.592346 1.200000 -0.018478
v 0.596098 0.000000 -0.019616
v 0.596098 1.200000 -0.019616
v 0.640000 0.000000 -0.020000
v 0.640000 1.200000 -0.020000
v 0.643902 0.000000 -0.019616
v 0.643902 1.200000 -0.019616
v 0.647654 0.000000 -0.018478
v 0.647654 1.200000 -0.018478
v 0.651111 0.000000 -0.016629
v 0.651111 1.200000 -0.016629
v 0.654142 0.000000 -0.014142
v 0.654142 1.200000 -0.014142
v 0.656629 0.000000 -0.011111
v 0.656629 1.200000 -0.011111
v 0.658478 0.000000 -0.007654
v 0.658478 1.200000 -0.007654
v 0.659616 0.000000 -0.003902
v 0.659616 1.200000 -0.003902
v 0.660000 0.000000 0.000000
v 0.660000 1.200000 0.000000
v 0.659616 0.000000 0.003902
v 0.659616 1.200000 0.003902
v 0.658478 0.000000 0.007654
v 0.658478 1.200000 0.007654
v 0.656629 0.000000 0.011111
v 0.656629 1.200000 0.011111
v 0.654142 0.000000 0.014142
v 0.654142 1.200000 0.014142
v 0.651111 0.000000 0.016629
v 0.651111 1.200000 0.016629
v 0.647654 0.000000 0.018478
v 0.647654 1.200000 0.018478
v 0.643902 0.000000 0.019616
v 0.643902 1.200000 0.019616
v 0.640000 0.000000 0.020000
v 0.640000 1.200000 0.020000
v 0.636098 0.000000 0.019616
v 0.636098 1.200000 0.019616
v 0.632346 0.000000 0.018478
v 0.632346 1.200000 0.018478
v 0.628889 0.000000 0.016629
v 0.628889 1.200000 0.016629
v 0.625858 0.000000 0.014142
v 0.625858 1.200000 0.014142
v 0.623371 0.000000 0.011111
v 0.623371 1.200000 0.011111
v 0.621522 0.000000 0.007654
v 0.621522 1.200000 0.007654
v 0.620384 0.000000 0.003902
v 0.620384 1.200000 0.003902
v 0.620000 0.000000 0.000000
v 0.620000 1.200000 0.000000
v 0.620384 0.000000 -0.003902
v 0.620384 1.200000 -0.003902
v 0.621522 0.000000 -0.007654
v 0.621522 1.200000 -0.007654
v 0.623371 0.000000 -0.011111
v 0.623371 1.200000 -0.011111
v 0.625858 0.000000 -0.014142
v 0.625858 1.200000 -0.014142
v 0.628889 0.000000 -0.016629
v 0.628889 1.200000 -0.016629
v 0.632346 0.000000 -0.018478
v 0.632346 1.200000 -0.018478
v 0.636098 0.000000 -0.019616
v 0.636098 1.200000 -0.019616
v 0.680000 0.000000 -0.020000
v 0.680000 1.200000 -0.020000
v 0.683902 0.000000 -0.019616
v 0.683902 1.200000 -0.019616
v 0.687654 0.000000 -0.018478
v 0.687654 1.200000 -0.018478
v 0.691111 0.000000 -0.016629
v 0.691111 1.200000 -0.016629
v 0.694142 0.000000 -0.014142
v 0.694142 1.200000 -0.014142
v 0.696629 0.000000 -0.011111
v 0.696629 1.200000 -0.011111
v 0.698478 0.000000 -0.007654
v 0.698478 1.200000 -0.007654
v 0.699616 0.000000 -0.003902
v 0.699616 1.200000 -0.003902
v 0.700000 0.000000 0.000000
v 0.700000 1.200000 0.000000
v 0.699616 0.000000 0.003902
v 0.699616 1.200000 0.003902
v 0.698478 0.000000 0.007654
v 0.698478 1.200000 0.007654
v 0.696629 0.000000 0.011111
v 0.696629 1.200000 0.011111
v 0.694142 0.000000 0.014142
v 0.694142 1.200000 0.014142
v 0.691111 0.000000 0.016629
v 0.691111 1.200000 0.016629
v 0.687654 0.000000 0.018478
v 0.687654 1.200000 0.018478
v 0.683902 0.000000 0.019616
v 0.683902 1.200000 0.019616
v 0.680000 0.000000 0.020000
v 0.680000 1.200000 0.020000
v 0.676098 0.000000 0.019616
v 0.676098 1.200000 0.019616
v 0.672346 0.000000 0.018478
v 0.672346 1.200000 0.018478
v 0.668889 0.000000 0.016629
v 0.668889 1.200000 0.016629
v 0.665858 0.000000 0.014142
v 0.665858 1.200000 0.014142
v 0.663371 0.000000 0.011111
v 0.663371 1.200000 0.011111
v 0.661522 0.000000 0.007654
v 0.661522 1.200000 0.007654
v 0.660384 0.000000 0.003902
v 0.660384 1.200000 0.003902
v 0.660000 0.000000 0.000000
v 0.660000 1.200000 0.000000
v 0.660384 0.000000 -0.003902
v 0.660384 1.200000 -0.003902
v 0.661522 0.000000 -0.007654
v 0.661522 1.200000 -0.007654
v 0.663371 0.000000 -0.011111
v 0.663371 1.200000 -0.011111
v 0.665858 0.000000 -0.014142
v 0.665858 1.200000 -0.014142
v 0.668889 0.000000 -0.016629
v 0.668889 1.200000 -0.016629
v 0.672346 0.000000 -0.018478
v 0.672346 1.200000 -0.018478
v 0.676098 0.000000 -0.019616
v 0.676098 1.200000 -0.019616
v 0.720000 0.000000 -0.020000
v 0.720000 1.200000 -0.020000
v 0.723902 0.000000 -0.019616
v 0.723902 1.200000 -0.019616
v 0.727654 0.000000 -0.018478
v 0.727654 1.200000 -0.018478
v 0.731111 0.000000 -0.016629
v 0.731111 1.200000 -0.016629
v 0.734142 0.000000 -0.014142
v 0.734142 1.200000 -0.014142
v 0.736629 0.000000 -0.011111
v 0.736629 1.200000 -0.011111
v 0.738478 0.000000 -0.007654
v 0.738478 1.200000 -0.007654
v 0.739616 0.000000 -0.003902
v 0.739616 1.200000 -0.003902
v 0.740000 0.000000 0.000000
v 0.740000 1.200000 0.000000
v 0.739616 0.000000 0.003902
v 0.739616 1.200000 0.003902
v 0.738478 0.000000 0.007654
v 0.738478 1.200000 0.007654
v 0.736629 0.000000 0.011111
v 0.736629 1.200000 0.011111
v 0.734142 0.000000 0.014142
v 0.734142 1.200000 0.014142
v 0.731111 0.000000 0.016629
v 0.731111 1.200000 0.016629
v 0.727654 0.000000 0.018478
v 0.727654 1.200000 0.018478
v 0.723902 0.000000 0.019616
v 0.723902 1.200000 0.019616
v 0.720000 0.000000 0.020000
v 0.720000 1.200000 0.020000
v 0.716098 0.000000 0.019616
v 0.716098 1.200000 0.019616
v 0.712346 0.000000 0.018478
v 0.712346 1.200000 0.018478
v 0.708889 0.000000 0.016629
v 0.708889 1.200000 0.016629
v 0.705858 0.000000 0.014142
v 0.705858 1.200000 0.014142
v 0.703371 0.000000 0.011111
v 0.703371 1.200000 0.011111
v 0.701522 0.000000 0.007654
v 0.701522 1.200000 0.007654
v 0.700384 0.000000 0.003902
v 0.700384 1.200000 0.003902
v 0.700000 0.000000 0.000000
v 0.700000 1.200000 0.000000
v 0.700384 0.000000 -0.003902
v 0.700384 1.200000 -0.003902
v 0.701522 0.000000 -0.007654
v 0.701522 1.200000 -0.007654
v 0.703371 0.000000 -0.011111
v 0.703371 1.200000 -0.011111
v 0.705858 0.000000 -0.014142
v 0.705858 1.200000 -0.014142
v 0.708889 0.000000 -0.016629
v 0.708889 1.200000 -0.016629
v 0.712346 0.000000 -0.018478
v 0.712346 1.200000 -0.018478
v 0.716098 0.000000 -0.019616
v 0.716098 1.200000 -0.019616
v 0.760000 0.000000 -0.020000
v 0.760000 1.200000 -0.020000
v 0.763902 0.000000 -0.019616
v 0.763902 1.200000 -0.019616
v 0.767654 0.000000 -0.018478
v 0.767654 1.200000 -0.018478
v 0.771111 0.000000 -0.016629
v 0.771111 1.200000 -0.016629
v 0.774142 0.000000 -0.014142
v 0.774142 1.200000 -0.014142
v 0.776629 0.000000 -0.011111
v 0.776629 1.200000 -0.011111
v 0.778478 0.000000 -0.007654
v 0.778478 1.200000 -0.007654
v 0.779616 0.000000 -0.003902
v 0.779616 1.200000 -0.003902
v 0.780000 0.000000 0.000000
v 0.780000 1.200000 0.000000
v 0.779616 0.000000 0.003902
v 0.779616 1.200000 0.003902
v 0.778478 0.000000 0.007654
v 0.778478 1.200000 0.007654
v 0.776629 0.000000 0.011111
v 0.776629 1.200000 0.011111
v 0.774142 0.000000 0.014142
v 0.774142 1.200000 0.014142
v 0.771111 0.000000 0.016629
v 0.771111 1.200000 0.016629
v 0.767654 0.000000 0.018478
v 0.767654 1.200000 0.018478
v 0.763902 0.000000 0.019616
v 0.763902 1.200000 0.019616
v 0.760000 0.000000 0.020000
v 0.760000 1.200000 0.020000
v 0.756098 0.000000 0.019616
v 0.756098 1.200000 0.019616
v 0.752346 0.000000 0.018478
v 0.752346 1.200000 0.018478
v 0.748889 0.000000 0.016629
v 0.748889 1.200000 0.016629
v 0.745858 0.000000 0.014142
v 0.745858 1.200000 0.014142
v 0.743371 0.000000 0.011111
v 0.743371 1.200000 0.011111
v 0.741522 0.000000 0.007654
v 0.741522 1.200000 0.007654
v 0.740384 0.000000 0.003902
v 0.740384 1.200000 0.003902
v 0.740000 0.000000 0.000000
v 0.740000 1.200000 0.000000
v 0.740384 0.000000 -0.003902
v 0.740384 1.200000 -0.003902
v 0.741522 0.000000 -0.007654
v 0.741522 1.200000 -0.007654
v 0.743371 0.000000 -0.011111
v 0.743371 1.200000 -0.011111
v 0.745858 0.000000 -0.014142
v 0.745858 1.200000 -0.014142
v 0.748889 0.000000 -0.016629
v 0.748889 1.200000 -0.016629
v 0.752346 0.000000 -0.018478
v 0.752346 1.200000 -0.018478
v 0.756098 0.000000 -0.019616
v 0.756098 1.200000 -0.019616
v 0.800000 0.000000 -0.020000
v 0.800000 1.200000 -0.020000
v 0.803902 0.000000 -0.019616
v 0.803902 1.200000 -0.019616
v 0.807654 0.000000 -0.018478
v 0.807654 1.200000 -0.018478
v 0.811111 0.000000 -0.016629
v 0.811111 1.200000 -0.016629
v 0.814142 0.000000 -0.014142
v 0.814142 1.200000 -0.014142
v 0.816629 0.000000 -0.011111
v 0.816629 1.200000 -0.011111
v 0.818478 0.000000 -0.007654
v 0.818478 1.200000 -0.007654
v 0.819616 0.000000 -0.003902
v 0.819616 1.200000 -0.003902
v 0.820000 0.000000 0.000000
v 0.820000 1.200000 0.000000
v 0.819616 0.000000 0.003902
v 0.819616 1.200000 0.003902
v 0.818478 0.000000 0.007654
v 0.818478 1.200000 0.007654
v 0.816629 0.000000 0.011111
v 0.816629 1.200000 0.011111
v 0.814142 0.000000 0.014142
v 0.814142 1.200000 0.014142
v 0.811111 0.000000 0.016629
v 0.811111 1.200000 0.016629
v 0.807654 0.000000 0.018478
v 0.807654 1.200000 0.018478
v 0.803902 0.000000 0.019616
v 0.803902 1.200000 0.019616
v 0.800000 0.000000 0.020000
v 0.800000 1.200000 0.020000
v 0.796098 0.000000 0.019616
v 0.796098 1.200000 0.019616
v 0.792346 0.000000 0.018478
v 0.792346 1.200000 0.018478
v 0.788889 0.000000 0.016629
v 0.788889 1.200000 0.016629
v 0.785858 0.000000 0.014142
v 0.785858 1.200000 0.014142
v 0.783371 0.000000 0.011111
v 0.783371 1.200000 0.011111
v 0.781523 0.000000 0.007654
v 0.781523 1.200000 0.007654
v 0.780384 0.000000 0.003902
v 0.780384 1.200000 0.003902
v 0.780000 0.000000 0.000000
v 0.780000 1.200000 0.000000
v 0.780384 0.000000 -0.003902
v 0.780384 1.200000 -0.003902
v 0.781523 0.000000 -0.007654
v 0.781523 1.200000 -0.007654
v 0.783371 0.000000 -0.011111
v 0.783371 1.200000 -0.011111
v 0.785858 0.000000 -0.014142
v 0.785858 1.200000 -0.014142
v 0.788889 0.000000 -0.016629
v 0.788889 1.200000 -0.016629
v 0.792346 0.000000 -0.018478
v 0.792346 1.200000 -0.018478
v 0.796098 0.000000 -0.019616
v 0.796098 1.200000 -0.019616
v 0.840000 0.000000 -0.020000
v 0.840000 1.200000 -0.020000
v 0.843902 0.000000 -0.019616
v 0.843902 1.200000 -0.019616
v 0.847654 0.000000 -0.018478
v 0.847654 1.200000 -0.018478
v 0.851111 0.000000 -0.016629
v 0.851111 1.200000 -0.016629
v 0.854142 0.000000 -0.014142
v 0.854142 1.200000 -0.014142
v 0.856629 0.000000 -0.011111
v 0.856629 1.200000 -0.011111
v 0.858478 0.000000 -0.007654
v 0.858478 1.200000 -0.007654
v 0.859616 0.000000 -0.003902
v 0.859616 1.200000 -0.003902
v 0.860000 0.000000 0.000000
v 0.860000 1.200000 0.000000
v 0.859616 0.000000 0.003902
v 0.859616 1.200000 0.003902
v 0.858478 0.000000 0.007654
v 0.858478 1.200000 0.007654
v 0.856629 0.000000 0.011111
v 0.856629 1.200000 0.011111
v 0.854142 0.000000 0.014142
v 0.854142 1.200000 0.014142
v 0.851111 0.000000 0.016629
v 0.851111 1.200000 0.016629
v 0.847654 0.000000 0.018478
v 0.847654 1.200000 0.018478
v 0.843902 0.000000 0.019616
v 0.843902 1.200000 0.019616
v 0.840000 0.000000 0.020000
v 0.840000 1.200000 0.020000
v 0.836098 0.000000 0.019616
v 0.836098 1.200000 0.019616
v 0.832346 0.000000 0.018478
v 0.832346 1.200000 0.018478
v 0.828889 0.000000 0.016629
v 0.828889 1.200000 0.016629
v 0.825858 0.000000 0.014142
v 0.825858 1.200000 0.014142
v 0.823371 0.000000 0.011111
v 0.823371 1.200000 0.011111
v 0.821522 0.000000 0.007654
v 0.821522 1.200000 0.007654
v 0.820384 0.000000 0.003902
v 0.820384 1.200000 0.003902
v 0.820000 0.000000 0.000000
v 0.820000 1.200000 0.000000
v 0.820384 0.000000 -0.003902
v 0.820384 1.200000 -0.003902
v 0.821522 0.000000 -0.007654
v 0.821522 1.200000 -0.007654
v 0.823371 0.000000 -0.011111
v 0.823371 1.200000 -0.011111
v 0.825858 0.000000 -0.014142
v 0.825858 1.200000 -0.014142
v 0.828889 0.000000 -0.016629
v 0.828889 1.200000 -0.016629
v 0.832346 0.000000 -0.018478
v 0.832346 1.200000 -0.018478
v 0.836098 0.000000 -0.019616
v 0.836098 1.200000 -0.019616
v 0.880000 0.000000 -0.020000
v 0.880000 1.200000 -0.020000
v 0.883902 0.000000 -0.019616
v 0.883902 1.200000 -0.019616
v 0.887654 0.000000 -0.018478
v 0.887654 1.200000 -0.018478
v 0.891111 0.000000 -0.016629
v 0.891111 1.200000 -0.016629
v 0.894142 0.000000 -0.014142
v 0.894142 1.200000 -0.014142
v 0.896630 0.000000 -0.011111
v 0.896630 1.200000 -0.011111
v 0.898478 0.000000 -0.007654
v 0.898478 1.200000 -0.007654
v 0.899616 0.000000 -0.003902
v 0.899616 1.200000 -0.003902
v 0.900000 0.000000 0.000000
v 0.900000 1.200000 0.000000
v 0.899616 0.000000 0.003902
v 0.899616 1.200000 0.003902
v 0.898478 0.000000 0.007654
v 0.898478 1.200000 0.007654
v 0.896630 0.000000 0.011111
v 0.896630 1.200000 0.011111
v 0.894142 0.000000 0.014142
v 0.894142 1.200000 0.014142
v 0.891111 0.000000 0.016629
v 0.891111 1.200000 0.016629
v 0.887654 0.000000 0.018478
v 0.887654 1.200000 0.018478
v 0.883902 0.000000 0.019616
v 0.883902 1.200000 0.019616
v 0.880000 0.000000 0.020000
v 0.880000 1.200000 0.020000
v 0.876098 0.000000 0.019616
v 0.876098 1.200000 0.019616
v 0.872346 0.000000 0.018478
v 0.872346 1.200000 0.018478
v 0.868889 0.000000 0.016629
v 0.868889 1.200000 0.016629
v 0.865858 0.000000 0.014142
v 0.865858 1.200000 0.014142
v 0.863371 0.000000 0.011111
v 0.863371 1.200000 0.011111
v 0.861523 0.000000 0.007654
v 0.861523 1.200000 0.007654
v 0.860384 0.000000 0.003902
v 0.860384 1.200000 0.003902
v 0.860000 0.000000 0.000000
v 0.860000 1.200000 0.000000
v 0.860384 0.000000 -0.003902
v 0.860384 1.200000 -0.003902
v 0.861523 0.000000 -0.007654
v 0.861523 1.200000 -0.007654
v 0.863371 0.000000 -0.011111
v 0.863371 1.200000 -0.011111
v 0.865858 0.000000 -0.014142
v 0.865858 1.200000 -0.014142
v 0.868889 0.000000 -0.016629
v 0.868889 1.200000 -0.016629
v 0.872346 0.000000 -0.018478
v 0.872346 1.200000 -0.018478
v 0.876098 0.000000 -0.019616
v 0.876098 1.200000 -0.019616
v 0.920000 0.000000 -0.020000
v 0.920000 1.200000 -0.020000
v 0.923902 0.000000 -0.019616
v 0.923902 1.200000 -0.019616
v 0.927654 0.000000 -0.018478
v 0.927654 1.200000 -0.018478
v 0.931112 0.000000 -0.016629
v 0.931112 1.200000 -0.016629
v 0.934142 0.000000 -0.014142
v 0.934142 1.200000 -0.014142
v 0.936630 0.000000 -0.011111
v 0.936630 1.200000 -0.011111
v 0.938478 0.000000 -0.007654
v 0.938478 1.200000 -0.007654
v 0.939616 0.000000 -0.003902
v 0.939616 1.200000 -0.003902
v 0.940000 0.000000 0.000000
v 0.940000 1.200000 0.000000
v 0.939616 0.000000 0.003902
v 0.939616 1.200000 0.003902
v 0.938478 0.000000 0.007654
v 0.938478 1.200000 0.007654
v 0.936630 0.000000 0.011111
v 0.936630 1.200000 0.011111
v 0.934142 0.000000 0.014142
v 0.934142 1.200000 0.014142
v 0.931112 0.000000 0.016629
v 0.931112 1.200000 0.016629
v 0.927654 0.000000 0.018478
v 0.927654 1.200000 0.018478
v 0.923902 0.000000 0.019616
v 0.923902 1.200000 0.019616
v 0.920000 0.000000 0.020000
v 0.920000 1.200000 0.020000
v 0.916098 0.000000 0.019616
v 0.916098 1.200000 0.019616
v 0.912346 0.000000 0.018478
v 0.912346 1.200000 0.018478
v 0.908889 0.000000 0.016629
v 0.908889 1.200000 0.016629
v 0.905858 0.000000 0.014142
v 0.905858 1.200000 0.014142
v 0.903371 0.000000 0.011111
v 0.903371 1.200000 0.011111
v 0.901523 0.000000 0.007654
v 0.901523 1.200000 0.007654
v 0.900384 0.000000 0.003902
v 0.900384 1.200000 0.003902
v 0.900000 0.000000 0.000000
v 0.900000 1.200000 0.000000
v 0.900384 0.000000 -0.003902
v 0.900384 1.200000 -0.003902
v 0.901523 0.000000 -0.007654
v 0.901523 1.200000 -0.007654
v 0.903371 0.000000 -0.011111
v 0.903371 1.200000 -0.011111
v 0.905858 0.000000 -0.014142
v 0.905858 1.200000 -0.014142
v 0.908889 0.000000 -0.016629
v 0.908889 1.200000 -0.016629
v 0.912346 0.000000 -0.018478
v 0.912346 1.200000 -0.018478
v 0.916098 0.000000 -0.019616
v 0.916098 1.200000 -0.019616
v 0.960000 0.000000 -0.020000
v 0.960000 1.200000 -0.020000
v 0.963902 0.000000 -0.019616
v 0.963902 1.200000 -0.019616
v 0.967654 0.000000 -0.018478
v 0.967654 1.200000 -0.018478
v 0.971112 0.000000 -0.016629
v 0.971112 1.200000 -0.016629
v 0.974142 0.000000 -0.014142
v 0.974142 1.200000 -0.014142
v 0.976630 0.000000 -0.011111
v 0.976630 1.200000 -0.011111
v 0.978478 0.000000 -0.007654
v 0.978478 1.200000 -0.007654
v 0.979616 0.000000 -0.003902
v 0.979616 1.200000 -0.003902
v 0.980000 0.000000 0.000000
v 0.980000 1.200000 0.000000
v 0.979616 0.000000 0.003902
v 0.979616 1.200000 0.003902
v 0.978478 0.000000 0.007654
v 0.978478 1.200000 0.007654
v 0.976630 0.000000 0.011111
v 0.976630 1.200000 0.011111
v 0.974142 0.000000 0.014142
v 0.974142 1.200000 0.014142
v 0.971112 0.000000 0.016629
v 0.971112 1.200000 0.016629
v 0.967654 0.000000 0.018478
v 0.967654 1.200000 0.018478
v 0.963902 0.000000 0.019616
v 0.963902 1.200000 0.019616
v 0.960000 0.000000 0.020000
v 0.960000 1.200000 0.020000
v 0.956098 0.000000 0.019616
v 0.956098 1.200000 0.019616
v 0.952347 0.000000 0.018478
v 0.952347 1.200000 0.018478
v 0.948889 0.000000 0.016629
v 0.948889 1.200000 0.016629
v 0.945858 0.000000 0.014142
v 0.945858 1.200000 0.014142
v 0.943371 0.000000 0.011111
v 0.943371 1.200000 0.011111
v 0.941523 0.000000 0.007654
v 0.941523 1.200000 0.007654
v 0.940384 0.000000 0.003902
v 0.940384 1.200000 0.003902
v 0.940000 0.000000 0.000000
v 0.940000 1.200000 0.000000
v 0.940384 0.000000 -0.003902
v 0.940384 1.200000 -0.003902
v 0.941523 0.000000 -0.007654
v 0.941523 1.200000 -0.007654
v 0.943371 0.000000 -0.011111
v 0.943371 1.200000 -0.011111
v 0.945858 0.000000 -0.014142
v 0.945858 1.200000 -0.014142
v 0.948889 0.000000 -0.016629
v 0.948889 1.200000 -0.016629
v 0.952347 0.000000 -0.018478
v 0.952347 1.200000 -0.018478
v 0.956098 0.000000 -0.019616
v 0.956098 1.200000 -0.019616
v 1.000000 0.000000 -0.020000
v 1.000000 1.200000 -0.020000
v 1.003902 0.000000 -0.019616
v 1.003902 1.200000 -0.019616
v 1.007654 0.000000 -0.018478
v 1.007654 1.200000 -0.018478
v 1.011111 0.000000 -0.016629
v 1.011111 1.200000 -0.016629
v 1.014142 0.000000 -0.014142
v 1.014142 1.200000 -0.014142
v 1.016629 0.000000 -0.011111
v 1.016629 1.200000 -0.011111
v 1.018478 0.000000 -0.007654
v 1.018478 1.200000 -0.007654
v 1.019616 0.000000 -0.003902
v 1.019616 1.200000 -0.003902
v 1.020000 0.000000 0.000000
v 1.020000 1.200000 0.000000
v 1.019616 0.000000 0.003902
v 1.019616 1.200000 0.003902
v 1.018478 0.000000 0.007654
v 1.018478 1.200000 0.007654
v 1.016629 0.000000 0.011111
v 1.016629 1.200000 0.011111
v 1.014142 0.000000 0.014142
v 1.014142 1.200000 0.014142
v 1.011111 0.000000 0.016629
v 1.011111 1.200000 0.016629
v 1.007654 0.000000 0.018478
v 1.007654 1.200000 0.018478
v 1.003902 0.000000 0.019616
v 1.003902 1.200000 0.019616
v 1.000000 0.000000 0.020000
v 1.000000 1.200000 0.020000
v 0.996098 0.000000 0.019616
v 0.996098 1.200000 0.019616
v 0.992346 0.000000 0.018478
v 0.992346 1.200000 0.018478
v 0.988889 0.000000 0.016629
v 0.988889 1.200000 0.016629
v 0.985858 0.000000 0.014142
v 0.985858 1.200000 0.014142
v 0.983371 0.000000 0.011111
v 0.983371 1.200000 0.011111
v 0.981523 0.000000 0.007654
v 0.981523 1.200000 0.007654
v 0.980384 0.000000 0.003902
v 0.980384 1.200000 0.003902
v 0.980000 0.000000 0.000000
v 0.980000 1.200000 0.000000
v 0.980384 0.000000 -0.003902
v 0.980384 1.200000 -0.003902
v 0.981523 0.000000 -0.007654
v 0.981523 1.200000 -0.007654
v 0.983371 0.000000 -0.011111
v 0.983371 1.200000 -0.011111
v 0.985858 0.000000 -0.014142
v 0.985858 1.200000 -0.014142
v 0.988889 0.000000 -0.016629
v 0.988889 1.200000 -0.016629
v 0.992346 0.000000 -0.018478
v 0.992346 1.200000 -0.018478
v 0.996098 0.000000 -0.019616
v 0.996098 1.200000 -0.019616
v 1.040000 0.000000 -0.020000
v 1.040000 1.200000 -0.020000
v 1.043902 0.000000 -0.019616
v 1.043902 1.200000 -0.019616
v 1.047654 0.000000 -0.018478
v 1.047654 1.200000 -0.018478
v 1.051111 0.000000 -0.016629
v 1.051111 1.200000 -0.016629
v 1.054142 0.000000 -0.014142
v 1.054142 1.200000 -0.014142
v 1.056629 0.000000 -0.011111
v 1.056629 1.200000 -0.011111
v 1.058478 0.000000 -0.007654
v 1.058478 1.200000 -0.007654
v 1.059616 0.000000 -0.003902
v 1.059616 1.200000 -0.003902
v 1.060000 0.000000 0.000000
v 1.060000 1.200000 0.000000
v 1.059616 0.000000 0.003902
v 1.059616 1.200000 0.003902
v 1.058478 0.000000 0.007654
v 1.058478 1.200000 0.007654
v 1.056629 0.000000 0.011111
v 1.056629 1.200000 0.011111
v 1.054142 0.000000 0.014142
v 1.054142 1.200000 0.014142
v 1.051111 0.000000 0.016629
v 1.051111 1.200000 0.016629
v 1.047654 0.000000 0.018478
v 1.047654 1.200000 0.018478
v 1.043902 0.000000 0.019616
v 1.043902 1.200000 0.019616
v 1.040000 0.000000 0.020000
v 1.040000 1.200000 0.020000
v 1.036098 0.000000 0.019616
v 1.036098 1.200000 0.019616
v 1.032346 0.000000 0.018478
v 1.032346 1.200000 0.018478
v 1.028889 0.000000 0.016629
v 1.028889 1.200000 0.016629
v 1.025858 0.000000 0.014142
v 1.025858 1.200000 0.014142
v 1.023371 0.000000 0.011111
v 1.023371 1.200000 0.011111
v 1.021523 0.000000 0.007654
v 1.021523 1.200000 0.007654
v 1.020384 0.000000 0.003902
v 1.020384 1.200000 0.003902
v 1.020000 0.000000 0.000000
v 1.020000 1.200000 0.000000
v 1.020384 0.000000 -0.003902
v 1.020384 1.200000 -0.003902
v 1.021523 0.000000 -0.007654
v 1.021523 1.200000 -0.007654
v 1.023371 0.000000 -0.011111
v 1.023371 1.200000 -0.011111
v 1.025858 0.000000 -0.014142
v 1.025858 1.200000 -0.014142
v 1.028889 0.000000 -0.016629
v 1.028889 1.200000 -0.016629
v 1.032346 0.000000 -0.018478
v 1.032346 1.200000 -0.018478
v 1.036098 0.000000 -0.019616
v 1.036098 1.200000 -0.019616
v 1.080000 0.000000 -0.020000
v 1.080000 1.200000 -0.020000
v 1.083902 0.000000 -0.019616
v 1.083902 1.200000 -0.019616
v 1.087654 0.000000 -0.018478
v 1.087654 1.200000 -0.018478
v 1.091111 0.000000 -0.016629
v 1.091111 1.200000 -0.016629
v 1.094142 0.000000 -0.014142
v 1.094142 1.200000 -0.014142
v 1.096629 0.000000 -0.011111
v 1.096629 1.200000 -0.011111
v 1.098478 0.000000 -0.007654
v 1.098478 1.200000 -0.007654
v 1.099616 0.000000 -0.003902
v 1.099616 1.200000 -0.003902
v 1.100000 0.000000 0.000000
v 1.100000 1.200000 0.000000
v 1.099616 0.000000 0.003902
v 1.099616 1.200000 0.003902
v 1.098478 0.000000 0.007654
v 1.098478 1.200000 0.007654
v 1.096629 0.000000 0.011111
v 1.096629 1.200000 0.011111
v 1.094142 0.000000 0.014142
v 1.094142 1.200000 0.014142
v 1.091111 0.000000 0.016629
v 1.091111 1.200000 0.016629
v 1.087654 0.000000 0.018478
v 1.087654 1.200000 0.018478
v 1.083902 0.000000 0.019616
v 1.083902 1.200000 0.019616
v 1.080000 0.000000 0.020000
v 1.080000 1.200000 0.020000
v 1.076098 0.000000 0.019616
v 1.076098 1.200000 0.019616
v 1.072346 0.000000 0.018478
v 1.072346 1.200000 0.018478
v 1.068889 0.000000 0.016629
v 1.068889 1.200000 0.016629
v 1.065858 0.000000 0.014142
v 1.065858 1.200000 0.014142
v 1.063371 0.000000 0.011111
v 1.063371 1.200000 0.011111
v 1.061522 0.000000 0.007654
v 1.061522 1.200000 0.007654
v 1.060384 0.000000 0.003902
v 1.060384 1.200000 0.003902
v 1.060000 0.000000 0.000000
v 1.060000 1.200000 0.000000
v 1.060384 0.000000 -0.003902
v 1.060384 1.200000 -0.003902
v 1.061522 0.000000 -0.007654
v 1.061522 1.200000 -0.007654
v 1.063371 0.000000 -0.011111
v 1.063371 1.200000 -0.011111
v 1.065858 0.000000 -0.014142
v 1.065858 1.200000 -0.014142
v 1.068889 0.000000 -0.016629
v 1.068889 1.200000 -0.016629
v 1.072346 0.000000 -0.018478
v 1.072346 1.200000 -0.018478
v 1.076098 0.000000 -0.019616
v 1.076098 1.200000 -0.019616
v 1.120000 0.000000 -0.020000
v 1.120000 1.200000 -0.020000
v 1.123902 0.000000 -0.019616
v 1.123902 1.200000 -0.019616
v 1.127654 0.000000 -0.018478
v 1.127654 1.200000 -0.018478
v 1.131111 0.000000 -0.016629
v 1.131111 1.200000 -0.016629
v 1.134142 0.000000 -0.014142
v 1.134142 1.200000 -0.014142
v 1.136629 0.000000 -0.011111
v 1.136629 1.200000 -0.011111
v 1.138478 0.000000 -0.007654
v 1.138478 1.200000 -0.007654
v 1.139616 0.000000 -0.003902
v 1.139616 1.200000 -0.003902
v 1.140000 0.000000 0.000000
v 1.140000 1.200000 0.000000
v 1.139616 0.000000 0.003902
v 1.139616 1.200000 0.003902
v 1.138478 0.000000 0.007654
v 1.138478 1.200000 0.007654
v 1.136629 0.000000 0.011111
v 1.136629 1.200000 0.011111
v 1.134142 0.000000 0.014142
v 1.134142 1.200000 0.014142
v 1.131111 0.000000 0.016629
v 1.131111 1.200000 0.016629
v 1.127654 0.000000 0.018478
v 1.127654 1.200000 0.018478
v 1.123902 0.000000 0.019616
v 1.123902 1.200000 0.019616
v 1.120000 0.000000 0.020000
v 1.120000 1.200000 0.020000
v 1.116098 0.000000 0.019616
v 1.116098 1.200000 0.019616
v 1.112346 0.000000 0.018478
v 1.112346 1.200000 0.018478
v 1.108889 0.000000 0.016629
v 1.108889 1.200000 0.016629
v 1.105858 0.000000 0.014142
v 1.105858 1.200000 0.014142
v 1.103371 0.000000 0.011111
v 1.103371 1.200000 0.011111
v 1.101522 0.000000 0.007654
v 1.101522 1.200000 0.007654
v 1.100384 0.000000 0.003902
v 1.100384 1.200000 0.003902
v 1.100000 0.000000 0.000000
v 1.100000 1.200000 0.000000
v 1.100384 0.000000 -0.003902
v 1.100384 1.200000 -0.003902
v 1.101522 0.000000 -0.007654
v 1.101522 1.200000 -0.007654
v 1.103371 0.000000 -0.011111
v 1.103371 1.200000 -0.011111
v 1.105858 0.000000 -0.014142
v 1.105858 1.200000 -0.014142
v 1.108889 0.000000 -0.016629
v 1.108889 1.200000 -0.016629
v 1.112346 0.000000 -0.018478
v 1.112346 1.200000 -0.018478
v 1.116098 0.000000 -0.019616
v 1.116098 1.200000 -0.019616
v 1.160000 0.000000 -0.020000
v 1.160000 1.200000 -0.020000
v 1.163902 0.000000 -0.019616
v 1.163902 1.200000 -0.019616
v 1.167654 0.000000 -0.018478
v 1.167654 1.200000 -0.018478
v 1.171111 0.000000 -0.016629
v 1.171111 1.200000 -0.016629
v 1.174142 0.000000 -0.014142
v 1.174142 1.200000 -0.014142
v 1.176629 0.000000 -0.011111
v 1.176629 1.200000 -0.011111
v 1.178478 0.000000 -0.007654
v 1.178478 1.200000 -0.007654
v 1.179616 0.000000 -0.003902
v 1.179616 1.200000 -0.003902
v 1.180000 0.000000 0.000000
v 1.180000 1.200000 0.000000
v 1.179616 0.000000 0.003902
v 1.179616 1.200000 0.003902
v 1.178478 0.000000 0.007654
v 1.178478 1.200000 0.007654
v 1.176629 0.000000 0.011111
v 1.176629 1.200000 0.011111
v 1.174142 0.000000 0.014142
v 1.174142 1.200000 0.014142
v 1.171111 0.000000 0.016629
v 1.171111 1.200000 0.016629
v 1.167654 0.000000 0.018478
v 1.167654 1.200000 0.018478
v 1.163902 0.000000 0.019616
v 1.163902 1.200000 0.019616
v 1.160000 0.000000 0.020000
v 1.160000 1.200000 0.020000
v 1.156098 0.000000 0.019616
v 1.156098 1.200000 0.019616
v 1.152346 0.000000 0.018478
v 1.152346 1.200000 0.018478
v 1.148889 0.000000 0.016629
v 1.148889 1.200000 0.016629
v 1.145858 0.000000 0.014142
v 1.145858 1.200000 0.014142
v 1.143371 0.000000 0.011111
v 1.143371 1.200000 0.011111
v 1.141522 0.000000 0.007654
v 1.141522 1.200000 0.007654
v 1.140384 0.000000 0.003902
v 1.140384 1.200000 0.003902
v 1.140000 0.000000 0.000000
v 1.140000 1.200000 0.000000
v 1.140384 0.000000 -0.003902
v 1.140384 1.200000 -0.003902
v 1.141522 0.000000 -0.007654
v 1.141522 1.200000 -0.007654
v 1.143371 0.000000 -0.011111
v 1.143371 1.200000 -0.011111
v 1.145858 0.000000 -0.014142
v 1.145858 1.200000 -0.014142
v 1.148889 0.000000 -0.016629
v 1.148889 1.200000 -0.016629
v 1.152346 0.000000 -0.018478
v 1.152346 1.200000 -0.018478
v 1.156098 0.000000 -0.019616
v 1.156098 1.200000 -0.019616
v 1.200000 0.000000 -0.020000
v 1.200000 1.200000 -0.020000
v 1.203902 0.000000 -0.019616
v 1.203902 1.200000 -0.019616
v 1.207654 0.000000 -0.018478
v 1.207654 1.200000 -0.018478
v 1.211111 0.000000 -0.016629
v 1.211111 1.200000 -0.016629
v 1.214142 0.000000 -0.014142
v 1.214142 1.200000 -0.014142
v 1.216629 0.000000 -0.011111
v 1.216629 1.200000 -0.011111
v 1.218477 0.000000 -0.007654
v 1.218477 1.200000 -0.007654
v 1.219616 0.000000 -0.003902
v 1.219616 1.200000 -0.003902
v 1.220000 0.000000 0.000000
v 1.220000 1.200000 0.000000
v 1.219616 0.000000 0.003902
v 1.219616 1.200000 0.003902
v 1.218477 0.000000 0.007654
v 1.218477 1.200000 0.007654
v 1.216629 0.000000 0.011111
v 1.216629 1.200000 0.011111
v 1.214142 0.000000 0.014142
v 1.214142 1.200000 0.014142
v 1.211111 0.000000 0.016629
v 1.211111 1.200000 0.016629
v 1.207654 0.000000 0.018478
v 1.207654 1.200000 0.018478
v 1.203902 0.000000 0.019616
v 1.203902 1.200000 0.019616
v 1.200000 0.000000 0.020000
v 1.200000 1.200000 0.020000
v 1.196098 0.000000 0.019616
v 1.196098 1.200000 0.019616
v 1.192346 0.000000 0.018478
v 1.192346 1.200000 0.018478
v 1.188889 0.000000 0.016629
v 1.188889 1.200000 0.016629
v 1.185858 0.000000 0.014142
v 1.185858 1.200000 0.014142
v 1.183371 0.000000 0.011111
v 1.183371 1.200000 0.011111
v 1.181522 0.000000 0.007654
v 1.181522 1.200000 0.007654
v 1.180384 0.000000 0.003902
v 1.180384 1.200000 0.003902
v 1.180000 0.000000 0.000000
v 1.180000 1.200000 0.000000
v 1.180384 0.000000 -0.003902
v 1.180384 1.200000 -0.003902
v 1.181522 0.000000 -0.007654
v 1.181522 1.200000 -0.007654
v 1.183371 0.000000 -0.011111
v 1.183371 1.200000 -0.011111
v 1.185858 0.000000 -0.014142
v 1.185858 1.200000 -0.014142
v 1.188889 0.000000 -0.016629
v 1.188889 1.200000 -0.016629
v 1.192346 0.000000 -0.018478
v 1.192346 1.200000 -0.018478
v 1.196098 0.000000 -0.019616
v 1.196098 1.200000 -0.019616
v 1.240000 0.000000 -0.020000
v 1.240000 1.200000 -0.020000
v 1.243902 0.000000 -0.019616
v 1.243902 1.200000 -0.019616
v 1.247654 0.000000 -0.018478
v 1.247654 1.200000 -0.018478
v 1.251111 0.000000 -0.016629
v 1.251111 1.200000 -0.016629
v 1.254142 0.000000 -0.014142
v 1.254142 1.200000 -0.014142
v 1.256629 0.000000 -0.011111
v 1.256629 1.200000 -0.011111
v 1.258477 0.000000 -0.007654
v 1.258477 1.200000 -0.007654
v 1.259616 0.000000 -0.003902
v 1.259616 1.200000 -0.003902
v 1.260000 0.000000 0.000000
v 1.260000 1.200000 0.000000
v 1.259616 0.000000 0.003902
v 1.259616 1.200000 0.003902
v 1.258477 0.000000 0.007654
v 1.258477 1.200000 0.007654
v 1.256629 0.000000 0.011111
v 1.256629 1.200000 0.011111
v 1.254142 0.000000 0.014142
v 1.254142 1.200000 0.014142
v 1.251111 0.000000 0.016629
v 1.251111 1.200000 0.016629
v 1.247654 0.000000 0.018478
v 1.247654 1.200000 0.018478
v 1.243902 0.000000 0.019616
v 1.243902 1.200000 0.019616
v 1.240000 0.000000 0.020000
v 1.240000 1.200000 0.020000
v 1.236098 0.000000 0.019616
v 1.236098 1.200000 0.019616
v 1.232346 0.000000 0.018478
v 1.232346 1.200000 0.018478
v 1.228889 0.000000 0.016629
v 1.228889 1.200000 0.016629
v 1.225858 0.000000 0.014142
v 1.225858 1.200000 0.014142
v 1.223371 0.000000 0.011111
v 1.223371 1.200000 0.011111
v 1.221522 0.000000 0.007654
v 1.221522 1.200000 0.007654
v 1.220384 0.000000 0.003902
v 1.220384 1.200000 0.003902
v 1.220000 0.000000 0.000000
v 1.220000 1.200000 0.000000
v 1.220384 0.000000 -0.003902
v 1.220384 1.200000 -0.003902
v 1.221522 0.000000 -0.007654
v 1.221522 1.200000 -0.007654
v 1.223371 0.000000 -0.011111
v 1.223371 1.200000 -0.011111
v 1.225858 0.000000 -0.014142
v 1.225858 1.200000 -0.014142
v 1.228889 0.000000 -0.016629
v 1.228889 1.200000 -0.016629
v 1.232346 0.000000 -0.018478
v 1.232346 1.200000 -0.018478
v 1.236098 0.000000 -0.019616
v 1.236098 1.200000 -0.019616
v 1.280000 0.000000 -0.020000
v 1.280000 1.200000 -0.020000
v 1.283902 0.000000 -0.019616
v 1.283902 1.200000 -0.019616
v 1.287654 0.000000 -0.018478
v 1.287654 1.200000 -0.018478
v 1.291111 0.000000 -0.016629
v 1.291111 1.200000 -0.016629
v 1.294142 0.000000 -0.014142
v 1.294142 1.200000 -0.014142
v 1.296629 0.000000 -0.011111
v 1.296629 1.200000 -0.011111
v 1.298477 0.000000 -0.007654
v 1.298477 1.200000 -0.007654
v 1.299616 0.000000 -0.003902
v 1.299616 1.200000 -0.003902
v 1.300000 0.000000 0.000000
v 1.300000 1.200000 0.000000
v 1.299616 0.000000 0.003902
v 1.299616 1.200000 0.003902
v 1.298477 0.000000 0.007654
v 1.298477 1.200000 0.007654
v 1.296629 0.000000 0.011111
v 1.296629 1.200000 0.011111
v 1.294142 0.000000 0.014142
v 1.294142 1.200000 0.014142
v 1.291111 0.000000 0.016629
v 1.291111 1.200000 0.016629
v 1.287654 0.000000 0.018478
v 1.287654 1.200000 0.018478
v 1.283902 0.000000 0.019616
v 1.283902 1.200000 0.019616
v 1.280000 0.000000 0.020000
v 1.280000 1.200000 0.020000
v 1.276098 0.000000 0.019616
v 1.276098 1.200000 0.019616
v 1.272346 0.000000 0.018478
v 1.272346 1.200000 0.018478
v 1.268888 0.000000 0.016629
v 1.268888 1.200000 0.016629
v 1.265858 0.000000 0.014142
v 1.265858 1.200000 0.014142
v 1.263371 0.000000 0.011111
v 1.263371 1.200000 0.011111
v 1.261522 0.000000 0.007654
v 1.261522 1.200000 0.007654
v 1.260384 0.000000 0.003902
v 1.260384 1.200000 0.003902
v 1.260000 0.000000 0.000000
v 1.260000 1.200000 0.000000
v 1.260384 0.000000 -0.003902
v 1.260384 1.200000 -0.003902
v 1.261522 0.000000 -0.007654
v 1.261522 1.200000 -0.007654
v 1.263371 0.000000 -0.011111
v 1.263371 1.200000 -0.011111
v 1.265858 0.000000 -0.014142
v 1.265858 1.200000 -0.014142
v 1.268888 0.000000 -0.016629
v 1.268888 1.200000 -0.016629
v 1.272346 0.000000 -0.018478
v 1.272346 1.200000 -0.018478
v 1.276098 0.000000 -0.019616
v 1.276098 1.200000 -0.019616
v 1.320000 0.000000 -0.020000
v 1.320000 1.200000 -0.020000
v 1.323902 0.000000 -0.019616
v 1.323902 1.200000 -0.019616
v 1.327654 0.000000 -0.018478
v 1.327654 1.200000 -0.018478
v 1.331111 0.000000 -0.016629
v 1.331111 1.200000 -0.016629
v 1.334142 0.000000 -0.014142
v 1.334142 1.200000 -0.014142
v 1.336629 0.000000 -0.011111
v 1.336629 1.200000 -0.011111
v 1.338477 0.000000 -0.007654
v 1.338477 1.200000 -0.007654
v 1.339615 0.000000 -0.003902
v 1.339615 1.200000 -0.003902
v 1.340000 0.000000 0.000000
v 1.340000 1.200000 0.000000
v 1.339615 0.000000 0.003902
v 1.339615 1.200000 0.003902
v 1.338477 0.000000 0.007654
v 1.338477 1.200000 0.007654
v 1.336629 0.000000 0.011111
v 1.336629 1.200000 0.011111
v 1.334142 0.000000 0.014142
v 1.334142 1.200000 0.014142
v 1.331111 0.000000 0.016629
v 1.331111 1.200000 0.016629
v 1.327654 0.000000 0.018478
v 1.327654 1.200000 0.018478
v 1.323902 0.000000 0.019616
v 1.323902 1.200000 0.019616
v 1.320000 0.000000 0.020000
v 1.320000 1.200000 0.020000
v 1.316098 0.000000 0.019616
v 1.316098 1.200000 0.019616
v 1.312346 0.000000 0.018478
v 1.312346 1.200000 0.018478
v 1.308888 0.000000 0.016629
v 1.308888 1.200000 0.016629
v 1.305858 0.000000 0.014142
v 1.305858 1.200000 0.014142
v 1.303370 0.000000 0.011111
v 1.303370 1.200000 0.011111
v 1.301522 0.000000 0.007654
v 1.301522 1.200000 0.007654
v 1.300384 0.000000 0.003902
v 1.300384 1.200000 0.003902
v 1.300000 0.000000 0.000000
v 1.300000 1.200000 0.000000
v 1.300384 0.000000 -0.003902
v 1.300384 1.200000 -0.003902
v 1.301522 0.000000 -0.007654
v 1.301522 1.200000 -0.007654
v 1.303370 0.000000 -0.011111
v 1.303370 1.200000 -0.011111
v 1.305858 0.000000 -0.014142
v 1.305858 1.200000 -0.014142
v 1.308888 0.000000 -0.016629
v 1.308888 1.200000 -0.016629
v 1.312346 0.000000 -0.018478
v 1.312346 1.200000 -0.018478
v 1.316098 0.000000 -0.019616
v 1.316098 1.200000 -0.019616
v 1.360000 0.000000 -0.020000
v 1.360000 1.200000 -0.020000
v 1.363902 0.000000 -0.019616
v 1.363902 1.200000 -0.019616
v 1.367653 0.000000 -0.018478
v 1.367653 1.200000 -0.018478
v 1.371111 0.000000 -0.016629
v 1.371111 1.200000 -0.016629
v 1.374142 0.000000 -0.014142
v 1.374142 1.200000 -0.014142
v 1.376629 0.000000 -0.011111
v 1.376629 1.200000 -0.011111
v 1.378477 0.000000 -0.007654
v 1.378477 1.200000 -0.007654
v 1.379615 0.000000 -0.003902
v 1.379615 1.200000 -0.003902
v 1.380000 0.000000 0.000000
v 1.380000 1.200000 0.000000
v 1.379615 0.000000 0.003902
v 1.379615 1.200000 0.003902
v 1.378477 0.000000 0.007654
v 1.378477 1.200000 0.007654
v 1.376629 0.000000 0.011111
v 1.376629 1.200000 0.011111
v 1.374142 0.000000 0.014142
v 1.374142 1.200000 0.014142
v 1.371111 0.000000 0.016629
v 1.371111 1.200000 0.016629
v 1.367653 0.000000 0.018478
v 1.367653 1.200000 0.018478
v 1.363902 0.000000 0.019616
v 1.363902 1.200000 0.019616
v 1.360000 0.000000 0.020000
v 1.360000 1.200000 0.020000
v 1.356098 0.000000 0.019616
v 1.356098 1.200000 0.019616
v 1.352346 0.000000 0.018478
v 1.352346 1.200000 0.018478
v 1.348888 0.000000 0.016629
v 1.348888 1.200000 0.016629
v 1.345858 0.000000 0.014142
v 1.345858 1.200000 0.014142
v 1.343370 0.000000 0.011111
v 1.343370 1.200000 0.011111
v 1.341522 0.000000 0.007654
v 1.341522 1.200000 0.007654
v 1.340384 0.000000 0.003902
v 1.340384 1.200000 0.003902
v 1.340000 0.000000 0.000000
v 1.340000 1.200000 0.000000
v 1.340384 0.000000 -0.003902
v 1.340384 1.200000 -0.003902
v 1.341522 0.000000 -0.007654
v 1.341522 1.200000 -0.007654
v 1.343370 0.000000 -0.011111
v 1.343370 1.200000 -0.011111
v 1.345858 0.000000 -0.014142
v 1.345858 1.200000 -0.014142
v 1.348888 0.000000 -0.016629
v 1.348888 1.200000 -0.016629
v 1.352346 0.000000 -0.018478
v 1.352346 1.200000 -0.018478
v 1.356098 0.000000 -0.019616
v 1.356098 1.200000 -0.019616
v 1.400000 0.000000 -0.020000
v 1.400000 1.200000 -0.020000
v 1.403902 0.000000 -0.019616
v 1.403902 1.200000 -0.019616
v 1.407653 0.000000 -0.018478
v 1.407653 1.200000 -0.018478
v 1.411111 0.000000 -0.016629
v 1.411111 1.200000 -0.016629
v 1.414142 0.000000 -0.014142
v 1.414142 1.200000 -0.014142
v 1.416629 0.000000 -0.011111
v 1.416629 1.200000 -0.011111
v 1.418477 0.000000 -0.007654
v 1.418477 1.200000 -0.007654
v 1.419615 0.000000 -0.003902
v 1.419615 1.200000 -0.003902
v 1.420000 0.000000 0.000000
v 1.420000 1.200000 0.000000
v 1.419615 0.000000 0.003902
v 1.419615 1.200000 0.003902
v 1.418477 0.000000 0.007654
v 1.418477 1.200000 0.007654
v 1.416629 0.000000 0.011111
v 1.416629 1.200000 0.011111
v 1.414142 0.000000 0.014142
v 1.414142 1.200000 0.014142
v 1.411111 0.000000 0.016629
v 1.411111 1.200000 0.016629
v 1.407653 0.000000 0.018478
v 1.407653 1.200000 0.018478
v 1.403902 0.000000 0.019616
v 1.403902 1.200000 0.019616
v 1.400000 0.000000 0.020000
v 1.400000 1.200000 0.020000
v 1.396098 0.000000 0.019616
v 1.396098 1.200000 0.019616
v 1.392346 0.000000 0.018478
v 1.392346 1.200000 0.018478
v 1.388888 0.000000 0.016629
v 1.388888 1.200000 0.016629
v 1.385858 0.000000 0.014142
v 1.385858 1.200000 0.014142
v 1.383370 0.000000 0.011111
v 1.383370 1.200000 0.011111
v 1.381522 0.000000 0.007654
v 1.381522 1.200000 0.007654
v 1.380384 0.000000 0.003902
v 1.380384 1.200000 0.003902
v 1.380000 0.000000 0.000000
v 1.380000 1.200000 0.000000
v 1.380384 0.000000 -0.003902
v 1.380384 1.200000 -0.003902
v 1.381522 0.000000 -0.007654
v 1.381522 1.200000 -0.007654
v 1.383370 0.000000 -0.011111
v 1.383370 1.200000 -0.011111
v 1.385858 0.000000 -0.014142
v 1.385858 1.200000 -0.014142
v 1.388888 0.000000 -0.016629
v 1.388888 1.200000 -0.016629
v 1.392346 0.000000 -0.018478
v 1.392346 1.200000 -0.018478
v 1.396098 0.000000 -0.019616
v 1.396098 1.200000 -0.019616
v 1.440000 0.000000 -0.020000
v 1.440000 1.200000 -0.020000
v 1.443902 0.000000 -0.019616
v 1.443902 1.200000 -0.019616
v 1.447653 0.000000 -0.018478
v 1.447653 1.200000 -0.018478
v 1.451111 0.000000 -0.016629
v 1.451111 1.200000 -0.016629
v 1.454142 0.000000 -0.014142
v 1.454142 1.200000 -0.014142
v 1.456629 0.000000 -0.011111
v 1.456629 1.200000 -0.011111
v 1.458477 0.000000 -0.007654
v 1.458477 1.200000 -0.007654
v 1.459615 0.000000 -0.003902
v 1.459615 1.200000 -0.003902
v 1.460000 0.000000 0.000000
v 1.460000 1.200000 0.000000
v 1.459615 0.000000 0.003902
v 1.459615 1.200000 0.003902
v 1.458477 0.000000 0.007654
v 1.458477 1.200000 0.007654
v 1.456629 0.000000 0.011111
v 1.456629 1.200000 0.011111
v 1.454142 0.000000 0.014142
v 1.454142 1.200000 0.014142
v 1.451111 0.000000 0.016629
v 1.451111 1.200000 0.016629
v 1.447653 0.000000 0.018478
v 1.447653 1.200000 0.018478
v 1.443902 0.000000 0.019616
v 1.443902 1.200000 0.019616
v 1.440000 0.000000 0.020000
v 1.440000 1.200000 0.020000
v 1.436098 0.000000 0.019616
v 1.436098 1.200000 0.019616
v 1.432346 0.000000 0.018478
v 1.432346 1.200000 0.018478
v 1.428888 0.000000 0.016629
v 1.428888 1.200000 0.016629
v 1.425858 0.000000 0.014142
v 1.425858 1.200000 0.014142
v 1.423370 0.000000 0.011111
v 1.423370 1.200000 0.011111
v 1.421522 0.000000 0.007654
v 1.421522 1.200000 0.007654
v 1.420384 0.000000 0.003902
v 1.420384 1.200000 0.003902
v 1.420000 0.000000 0.000000
v 1.420000 1.200000 0.000000
v 1.420384 0.000000 -0.003902
v 1.420384 1.200000 -0.003902
v 1.421522 0.000000 -0.007654
v 1.421522 1.200000 -0.007654
v 1.423370 0.000000 -0.011111
v 1.423370 1.200000 -0.011111
v 1.425858 0.000000 -0.014142
v 1.425858 1.200000 -0.014142
v 1.428888 0.000000 -0.016629
v 1.428888 1.200000 -0.016629
v 1.432346 0.000000 -0.018478
v 1.432346 1.200000 -0.018478
v 1.436098 0.000000 -0.019616
v 1.436098 1.200000 -0.019616
v 1.480000 0.000000 -0.020000
v 1.480000 1.200000 -0.020000
v 1.483902 0.000000 -0.019616
v 1.483902 1.200000 -0.019616
v 1.487653 0.000000 -0.018478
v 1.487653 1.200000 -0.018478
v 1.491111 0.000000 -0.016629
v 1.491111 1.200000 -0.016629
v 1.494142 0.000000 -0.014142
v 1.494142 1.200000 -0.014142
v 1.496629 0.000000 -0.011111
v 1.496629 1.200000 -0.011111
v 1.498477 0.000000 -0.007654
v 1.498477 1.200000 -0.007654
v 1.499615 0.000000 -0.003902
v 1.499615 1.200000 -0.003902
v 1.500000 0.000000 0.000000
v 1.500000 1.200000 0.000000
v 1.499615 0.000000 0.003902
v 1.499615 1.200000 0.003902
v 1.498477 0.000000 0.007654
v 1.498477 1.200000 0.007654
v 1.496629 0.000000 0.011111
v 1.496629 1.200000 0.011111
v 1.494142 0.000000 0.014142
v 1.494142 1.200000 0.014142
v 1.491111 0.000000 0.016629
v 1.491111 1.200000 0.016629
v 1.487653 0.000000 0.018478
v 1.487653 1.200000 0.018478
v 1.483902 0.000000 0.019616
v 1.483902 1.200000 0.019616
v 1.480000 0.000000 0.020000
v 1.480000 1.200000 0.020000
v 1.476098 0.000000 0.019616
v 1.476098 1.200000 0.019616
v 1.472346 0.000000 0.018478
v 1.472346 1.200000 0.018478
v 1.468888 0.000000 0.016629
v 1.468888 1.200000 0.016629
v 1.465858 0.000000 0.014142
v 1.465858 1.200000 0.014142
v 1.463370 0.000000 0.011111
v 1.463370 1.200000 0.011111
v 1.461522 0.000000 0.007654
v 1.461522 1.200000 0.007654
v 1.460384 0.000000 0.003902
v 1.460384 1.200000 0.003902
v 1.460000 0.000000 0.000000
v 1.460000 1.200000 0.000000
v 1.460384 0.000000 -0.003902
v 1.460384 1.200000 -0.003902
v 1.461522 0.000000 -0.007654
v 1.461522 1.200000 -0.007654
v 1.463370 0.000000 -0.011111
v 1.463370 1.200000 -0.011111
v 1.465858 0.000000 -0.014142
v 1.465858 1.200000 -0.014142
v 1.468888 0.000000 -0.016629
v 1.468888 1.200000 -0.016629
v 1.472346 0.000000 -0.018478
v 1.472346 1.200000 -0.018478
v 1.476098 0.000000 -0.019616
v 1.476098 1.200000 -0.019616
v 1.520000 0.000000 -0.020000
v 1.520000 1.200000 -0.020000
v 1.523901 0.000000 -0.019616
v 1.523901 1.200000 -0.019616
v 1.527653 0.000000 -0.018478
v 1.527653 1.200000 -0.018478
v 1.531111 0.000000 -0.016629
v 1.531111 1.200000 -0.016629
v 1.534142 0.000000 -0.014142
v 1.534142 1.200000 -0.014142
v 1.536629 0.000000 -0.011111
v 1.536629 1.200000 -0.011111
v 1.538477 0.000000 -0.007654
v 1.538477 1.200000 -0.007654
v 1.539615 0.000000 -0.003902
v 1.539615 1.200000 -0.003902
v 1.540000 0.000000 0.000000
v 1.540000 1.200000 0.000000
v 1.539615 0.000000 0.003902
v 1.539615 1.200000 0.003902
v 1.538477 0.000000 0.007654
v 1.538477 1.200000 0.007654
v 1.536629 0.000000 0.011111
v 1.536629 1.200000 0.011111
v 1.534142 0.000000 0.014142
v 1.534142 1.200000 0.014142
v 1.531111 0.000000 0.016629
v 1.531111 1.200000 0.016629
v 1.527653 0.000000 0.018478
v 1.527653 1.200000 0.018478
v 1.523901 0.000000 0.019616
v 1.523901 1.200000 0.019616
v 1.520000 0.000000 0.020000
v 1.520000 1.200000 0.020000
v 1.516098 0.000000 0.019616
v 1.516098 1.200000 0.019616
v 1.512346 0.000000 0.018478
v 1.512346 1.200000 0.018478
v 1.508888 0.000000 0.016629
v 1.508888 1.200000 0.016629
v 1.505857 0.000000 0.014142
v 1.505857 1.200000 0.014142
v 1.503370 0.000000 0.011111
v 1.503370 1.200000 0.011111
v 1.501522 0.000000 0.007654
v 1.501522 1.200000 0.007654
v 1.500384 0.000000 0.003902
v 1.500384 1.200000 0.003902
v 1.500000 0.000000 0.000000
v 1.500000 1.200000 0.000000
v 1.500384 0.000000 -0.003902
v 1.500384 1.200000 -0.003902
v 1.501522 0.000000 -0.007654
v 1.501522 1.200000 -0.007654
v 1.503370 0.000000 -0.011111
v 1.503370 1.200000 -0.011111
v 1.505857 0.000000 -0.014142
v 1.505857 1.200000 -0.014142
v 1.508888 0.000000 -0.016629
v 1.508888 1.200000 -0.016629
v 1.512346 0.000000 -0.018478
v 1.512346 1.200000 -0.018478
v 1.516098 0.000000 -0.019616
v 1.516098 1.200000 -0.019616
v 1.560000 0.000000 -0.020000
v 1.560000 1.200000 -0.020000
v 1.563901 0.000000 -0.019616
v 1.563901 1.200000 -0.019616
v 1.567653 0.000000 -0.018478
v 1.567653 1.200000 -0.018478
v 1.571111 0.000000 -0.016629
v 1.571111 1.200000 -0.016629
v 1.574142 0.000000 -0.014142
v 1.574142 1.200000 -0.014142
v 1.576629 0.000000 -0.011111
v 1.576629 1.200000 -0.011111
v 1.578477 0.000000 -0.007654
v 1.578477 1.200000 -0.007654
v 1.579615 0.000000 -0.003902
v 1.579615 1.200000 -0.003902
v 1.580000 0.000000 0.000000
v 1.580000 1.200000 0.000000
v 1.579615 0.000000 0.003902
v 1.579615 1.200000 0.003902
v 1.578477 0.000000 0.007654
v 1.578477 1.200000 0.007654
v 1.576629 0.000000 0.011111
v 1.576629 1.200000 0.011111
v 1.574142 0.000000 0.014142
v 1.574142 1.200000 0.014142
v 1.571111 0.000000 0.016629
v 1.571111 1.200000 0.016629
v 1.567653 0.000000 0.018478
v 1.567653 1.200000 0.018478
v 1.563901 0.000000 0.019616
v 1.563901 1.200000 0.019616
v 1.560000 0.000000 0.020000
v 1.560000 1.200000 0.020000
v 1.556098 0.000000 0.019616
v 1.556098 1.200000 0.019616
v 1.552346 0.000000 0.018478
v 1.552346 1.200000 0.018478
v 1.548888 0.000000 0.016629
v 1.548888 1.200000 0.016629
v 1.545857 0.000000 0.014142
v 1.545857 1.200000 0.014142
v 1.543370 0.000000 0.011111
v 1.543370 1.200000 0.011111
v 1.541522 0.000000 0.007654
v 1.541522 1.200000 0.007654
v 1.540384 0.000000 0.003902
v 1.540384 1.200000 0.003902
v 1.540000 0.000000 0.000000
v 1.540000 1.200000 0.000000
v 1.540384 0.000000 -0.003902
v 1.540384 1.200000 -0.003902
v 1.541522 0.000000 -0.007654
v 1.541522 1.200000 -0.007654
v 1.543370 0.000000 -0.011111
v 1.543370 1.200000 -0.011111
v 1.545857 0.000000 -0.014142
v 1.545857 1.200000 -0.014142
v 1.548888 0.000000 -0.016629
v 1.548888 1.200000 -0.016629
v 1.552346 0.000000 -0.018478
v 1.552346 1.200000 -0.018478
v 1.556098 0.000000 -0.019616
v 1.556098 1.200000 -0.019616
v 1.600000 0.000000 -0.020000
v 1.600000 1.200000 -0.020000
v 1.603901 0.000000 -0.019616
v 1.603901 1.200000 -0.019616
v 1.607653 0.000000 -0.018478
v 1.607653 1.200000 -0.018478
v 1.611111 0.000000 -0.016629
v 1.611111 1.200000 -0.016629
v 1.614142 0.000000 -0.014142
v 1.614142 1.200000 -0.014142
v 1.616629 0.000000 -0.011111
v 1.616629 1.200000 -0.011111
v 1.618477 0.000000 -0.007654
v 1.618477 1.200000 -0.007654
v 1.619615 0.000000 -0.003902
v 1.619615 1.200000 -0.003902
v 1.620000 0.000000 0.000000
v 1.620000 1.200000 0.000000
v 1.619615 0.000000 0.003902
v 1.619615 1.200000 0.003902
v 1.618477 0.000000 0.007654
v 1.618477 1.200000 0.007654
v 1.616629 0.000000 0.011111
v 1.616629 1.200000 0.011111
v 1.614142 0.000000 0.014142
v 1.614142 1.200000 0.014142
v 1.611111 0.000000 0.016629
v 1.611111 1.200000 0.016629
v 1.607653 0.000000 0.018478
v 1.607653 1.200000 0.018478
v 1.603901 0.000000 0.019616
v 1.603901 1.200000 0.019616
v 1.600000 0.000000 0.020000
v 1.600000 1.200000 0.020000
v 1.596098 0.000000 0.019616
v 1.596098 1.200000 0.019616
v 1.592346 0.000000 0.018478
v 1.592346 1.200000 0.018478
v 1.588888 0.000000 0.016629
v 1.588888 1.200000 0.016629
v 1.585857 0.000000 0.014142
v 1.585857 1.200000 0.014142
v 1.583370 0.000000 0.011111
v 1.583370 1.200000 0.011111
v 1.581522 0.000000 0.007654
v 1.581522 1.200000 0.007654
v 1.580384 0.000000 0.003902
v 1.580384 1.200000 0.003902
v 1.580000 0.000000 0.000000
v 1.580000 1.200000 0.000000
v 1.580384 0.000000 -0.003902
v 1.580384 1.200000 -0.003902
v 1.581522 0.000000 -0.007654
v 1.581522 1.200000 -0.007654
v 1.583370 0.000000 -0.011111
v 1.583370 1.200000 -0.011111
v 1.585857 0.000000 -0.014142
v 1.585857 1.200000 -0.014142
v 1.588888 0.000000 -0.016629
v 1.588888 1.200000 -0.016629
v 1.592346 0.000000 -0.018478
v 1.592346 1.200000 -0.018478
v 1.596098 0.000000 -0.019616
v 1.596098 1.200000 -0.019616
v 1.640000 0.000000 -0.020000
v 1.640000 1.200000 -0.020000
v 1.643901 0.000000 -0.019616
v 1.643901 1.200000 -0.019616
v 1.647653 0.000000 -0.018478
v 1.647653 1.200000 -0.018478
v 1.651111 0.000000 -0.016629
v 1.651111 1.200000 -0.016629
v 1.654142 0.000000 -0.014142
v 1.654142 1.200000 -0.014142
v 1.656629 0.000000 -0.011111
v 1.656629 1.200000 -0.011111
v 1.658477 0.000000 -0.007654
v 1.658477 1.200000 -0.007654
v 1.659615 0.000000 -0.003902
v 1.659615 1.200000 -0.003902
v 1.659999 0.000000 0.000000
v 1.659999 1.200000 0.000000
v 1.659615 0.000000 0.003902
v 1.659615 1.200000 0.003902
v 1.658477 0.000000 0.007654
v 1.658477 1.200000 0.007654
v 1.656629 0.000000 0.011111
v 1.656629 1.200000 0.011111
v 1.654142 0.000000 0.014142
v 1.654142 1.200000 0.014142
v 1.651111 0.000000 0.016629
v 1.651111 1.200000 0.016629
v 1.647653 0.000000 0.018478
v 1.647653 1.200000 0.018478
v 1.643901 0.000000 0.019616
v 1.643901 1.200000 0.019616
v 1.640000 0.000000 0.020000
v 1.640000 1.200000 0.020000
v 1.636098 0.000000 0.019616
v 1.636098 1.200000 0.019616
v 1.632346 0.000000 0.018478
v 1.632346 1.200000 0.018478
v 1.628888 0.000000 0.016629
v 1.628888 1.200000 0.016629
v 1.625857 0.000000 0.014142
v 1.625857 1.200000 0.014142
v 1.623370 0.000000 0.011111
v 1.623370 1.200000 0.011111
v 1.621522 0.000000 0.007654
v 1.621522 1.200000 0.007654
v 1.620384 0.000000 0.003902
v 1.620384 1.200000 0.003902
v 1.620000 0.000000 0.000000
v 1.620000 1.200000 0.000000
v 1.620384 0.000000 -0.003902
v 1.620384 1.200000 -0.003902
v 1.621522 0.000000 -0.007654
v 1.621522 1.200000 -0.007654
v 1.623370 0.000000 -0.011111
v 1.623370 1.200000 -0.011111
v 1.625857 0.000000 -0.014142
v 1.625857 1.200000 -0.014142
v 1.628888 0.000000 -0.016629
v 1.628888 1.200000 -0.016629
v 1.632346 0.000000 -0.018478
v 1.632346 1.200000 -0.018478
v 1.636098 0.000000 -0.019616
v 1.636098 1.200000 -0.019616
v 1.679999 0.000000 -0.020000
v 1.679999 1.200000 -0.020000
v 1.683901 0.000000 -0.019616
v 1.683901 1.200000 -0.019616
v 1.687653 0.000000 -0.018478
v 1.687653 1.200000 -0.018478
v 1.691111 0.000000 -0.016629
v 1.691111 1.200000 -0.016629
v 1.694142 0.000000 -0.014142
v 1.694142 1.200000 -0.014142
v 1.696629 0.000000 -0.011111
v 1.696629 1.200000 -0.011111
v 1.698477 0.000000 -0.007654
v 1.698477 1.200000 -0.007654
v 1.699615 0.000000 -0.003902
v 1.699615 1.200000 -0.003902
v 1.699999 0.000000 0.000000
v 1.699999 1.200000 0.000000
v 1.699615 0.000000 0.003902
v 1.699615 1.200000 0.003902
v 1.698477 0.000000 0.007654
v 1.698477 1.200000 0.007654
v 1.696629 0.000000 0.011111
v 1.696629 1.200000 0.011111
v 1.694142 0.000000 0.014142
v 1.694142 1.200000 0.014142
v 1.691111 0.000000 0.016629
v 1.691111 1.200000 0.016629
v 1.687653 0.000000 0.018478
v 1.687653 1.200000 0.018478
v 1.683901 0.000000 0.019616
v 1.683901 1.200000 0.019616
v 1.679999 0.000000 0.020000
v 1.679999 1.200000 0.020000
v 1.676098 0.000000 0.019616
v 1.676098 1.200000 0.019616
v 1.672346 0.000000 0.018478
v 1.672346 1.200000 0.018478
v 1.668888 0.000000 0.016629
v 1.668888 1.200000 0.016629
v 1.665857 0.000000 0.014142
v 1.665857 1.200000 0.014142
v 1.663370 0.000000 0.011111
v 1.663370 1.200000 0.011111
v 1.661522 0.000000 0.007654
v 1.661522 1.200000 0.007654
v 1.660384 0.000000 0.003902
v 1.660384 1.200000 0.003902
v 1.659999 0.000000 0.000000
v 1.659999 1.200000 0.000000
v 1.660384 0.000000 -0.003902
v 1.660384 1.200000 -0.003902
v 1.661522 0.000000 -0.007654
v 1.661522 1.200000 -0.007654
v 1.663370 0.000000 -0.011111
v 1.663370 1.200000 -0.011111
v 1.665857 0.000000 -0.014142
v 1.665857 1.200000 -0.014142
v 1.668888 0.000000 -0.016629
v 1.668888 1.200000 -0.016629
v 1.672346 0.000000 -0.018478
v 1.672346 1.200000 -0.018478
v 1.676098 0.000000 -0.019616
v 1.676098 1.200000 -0.019616
v 1.719999 0.000000 -0.020000
v 1.719999 1.200000 -0.020000
v 1.723901 0.000000 -0.019616
v 1.723901 1.200000 -0.019616
v 1.727653 0.000000 -0.018478
v 1.727653 1.200000 -0.018478
v 1.731111 0.000000 -0.016629
v 1.731111 1.200000 -0.016629
v 1.734142 0.000000 -0.014142
v 1.734142 1.200000 -0.014142
v 1.736629 0.000000 -0.011111
v 1.736629 1.200000 -0.011111
v 1.738477 0.000000 -0.007654
v 1.738477 1.200000 -0.007654
v 1.739615 0.000000 -0.003902
v 1.739615 1.200000 -0.003902
v 1.739999 0.000000 0.000000
v 1.739999 1.200000 0.000000
v 1.739615 0.000000 0.003902
v 1.739615 1.200000 0.003902
v 1.738477 0.000000 0.007654
v 1.738477 1.200000 0.007654
v 1.736629 0.000000 0.011111
v 1.736629 1.200000 0.011111
v 1.734142 0.000000 0.014142
v 1.734142 1.200000 0.014142
v 1.731111 0.000000 0.016629
v 1.731111 1.200000 0.016629
v 1.727653 0.000000 0.018478
v 1.727653 1.200000 0.018478
v 1.723901 0.000000 0.019616
v 1.723901 1.200000 0.019616
v 1.719999 0.000000 0.020000
v 1.719999 1.200000 0.020000
v 1.716098 0.000000 0.019616
v 1.716098 1.200000 0.019616
v 1.712346 0.000000 0.018478
v 1.712346 1.200000 0.018478
v 1.708888 0.000000 0.016629
v 1.708888 1.200000 0.016629
v 1.705857 0.000000 0.014142
v 1.705857 1.200000 0.014142
v 1.703370 0.000000 0.011111
v 1.703370 1.200000 0.011111
v 1.701522 0.000000 0.007654
v 1.701522 1.200000 0.007654
v 1.700384 0.000000 0.003902
v 1.700384 1.200000 0.003902
v 1.699999 0.000000 0.000000
v 1.699999 1.200000 0.000000
v 1.700384 0.000000 -0.003902
v 1.700384 1.200000 -0.003902
v 1.701522 0.000000 -0.007654
v 1.701522 1.200000 -0.007654
v 1.703370 0.000000 -0.011111
v 1.703370 1.200000 -0.011111
v 1.705857 0.000000 -0.014142
v 1.705857 1.200000 -0.014142
v 1.708888 0.000000 -0.016629
v 1.708888 1.200000 -0.016629
v 1.712346 0.000000 -0.018478
v 1.712346 1.200000 -0.018478
v 1.716098 0.000000 -0.019616
v 1.716098 1.200000 -0.019616
v 1.759999 0.000000 -0.020000
v 1.759999 1.200000 -0.020000
v 1.763901 0.000000 -0.019616
v 1.763901 1.200000 -0.019616
v 1.767653 0.000000 -0.018478
v 1.767653 1.200000 -0.018478
v 1.771111 0.000000 -0.016629
v 1.771111 1.200000 -0.016629
v 1.774142 0.000000 -0.014142
v 1.774142 1.200000 -0.014142
v 1.776629 0.000000 -0.011111
v 1.776629 1.200000 -0.011111
v 1.778477 0.000000 -0.007654
v 1.778477 1.200000 -0.007654
v 1.779615 0.000000 -0.003902
v 1.779615 1.200000 -0.003902
v 1.779999 0.000000 0.000000
v 1.779999 1.200000 0.000000
v 1.779615 0.000000 0.003902
v 1.779615 1.200000 0.003902
v 1.778477 0.000000 0.007654
v 1.778477 1.200000 0.007654
v 1.776629 0.000000 0.011111
v 1.776629 1.200000 0.011111
v 1.774142 0.000000 0.014142
v 1.774142 1.200000 0.014142
v 1.771111 0.000000 0.016629
v 1.771111 1.200000 0.016629
v 1.767653 0.000000 0.018478
v 1.767653 1.200000 0.018478
v 1.763901 0.000000 0.019616
v 1.763901 1.200000 0.019616
v 1.759999 0.000000 0.020000
v 1.759999 1.200000 0.020000
v 1.756098 0.000000 0.019616
v 1.756098 1.200000 0.019616
v 1.752346 0.000000 0.018478
v 1.752346 1.200000 0.018478
v 1.748888 0.000000 0.016629
v 1.748888 1.200000 0.016629
v 1.745857 0.000000 0.014142
v 1.745857 1.200000 0.014142
v 1.743370 0.000000 0.011111
v 1.743370 1.200000 0.011111
v 1.741522 0.000000 0.007654
v 1.741522 1.200000 0.007654
v 1.740384 0.000000 0.003902
v 1.740384 1.200000 0.003902
v 1.739999 0.000000 0.000000
v 1.739999 1.200000 0.000000
v 1.740384 0.000000 -0.003902
v 1.740384 1.200000 -0.003902
v 1.741522 0.000000 -0.007654
v 1.741522 1.200000 -0.007654
v 1.743370 0.000000 -0.011111
v 1.743370 1.200000 -0.011111
v 1.745857 0.000000 -0.014142
v 1.745857 1.200000 -0.014142
v 1.748888 0.000000 -0.016629
v 1.748888 1.200000 -0.016629
v 1.752346 0.000000 -0.018478
v 1.752346 1.200000 -0.018478
v 1.756098 0.000000 -0.019616
v 1.756098 1.200000 -0.019616
v 1.799999 0.000000 -0.020000
v 1.799999 1.200000 -0.020000
v 1.803901 0.000000 -0.019616
v 1.803901 1.200000 -0.019616
v 1.807653 0.000000 -0.018478
v 1.807653 1.200000 -0.018478
v 1.811111 0.000000 -0.016629
v 1.811111 1.200000 -0.016629
v 1.814142 0.000000 -0.014142
v 1.814142 1.200000 -0.014142
v 1.816629 0.000000 -0.011111
v 1.816629 1.200000 -0.011111
v 1.818477 0.000000 -0.007654
v 1.818477 1.200000 -0.007654
v 1.819615 0.000000 -0.003902
v 1.819615 1.200000 -0.003902
v 1.819999 0.000000 0.000000
v 1.819999 1.200000 0.000000
v 1.819615 0.000000 0.003902
v 1.819615 1.200000 0.003902
v 1.818477 0.000000 0.007654
v 1.818477 1.200000 0.007654
v 1.816629 0.000000 0.011111
v 1.816629 1.200000 0.011111
v 1.814142 0.000000 0.014142
v 1.814142 1.200000 0.014142
v 1.811111 0.000000 0.016629
v 1.811111 1.200000 0.016629
v 1.807653 0.000000 0.018478
v 1.807653 1.200000 0.018478
v 1.803901 0.000000 0.019616
v 1.803901 1.200000 0.019616
v 1.799999 0.000000 0.020000
v 1.799999 1.200000 0.020000
v 1.796098 0.000000 0.019616
v 1.796098 1.200000 0.019616
v 1.792346 0.000000 0.018478
v 1.792346 1.200000 0.018478
v 1.788888 0.000000 0.016629
v 1.788888 1.200000 0.016629
v 1.785857 0.000000 0.014142
v 1.785857 1.200000 0.014142
v 1.783370 0.000000 0.011111
v 1.783370 1.200000 0.011111
v 1.781522 0.000000 0.007654
v 1.781522 1.200000 0.007654
v 1.780384 0.000000 0.003902
v 1.780384 1.200000 0.003902
v 1.779999 0.000000 0.000000
v 1.779999 1.200000 0.000000
v 1.780384 0.000000 -0.003902
v 1.780384 1.200000 -0.003902
v 1.781522 0.000000 -0.007654
v 1.781522 1.200000 -0.007654
v 1.783370 0.000000 -0.011111
v 1.783370 1.200000 -0.011111
v 1.785857 0.000000 -0.014142
v 1.785857 1.200000 -0.014142
v 1.788888 0.000000 -0.016629
v 1.788888 1.200000 -0.016629
v 1.792346 0.000000 -0.018478
v 1.792346 1.200000 -0.018478
v 1.796098 0.000000 -0.019616
v 1.796098 1.200000 -0.019616
v 1.839999 0.000000 -0.020000
v 1.839999 1.200000 -0.020000
v 1.843901 0.000000 -0.019616
v 1.843901 1.200000 -0.019616
v 1.847653 0.000000 -0.018478
v 1.847653 1.200000 -0.018478
v 1.851111 0.000000 -0.016629
v 1.851111 1.200000 -0.016629
v 1.854141 0.000000 -0.014142
v 1.854141 1.200000 -0.014142
v 1.856629 0.000000 -0.011111
v 1.856629 1.200000 -0.011111
v 1.858477 0.000000 -0.007654
v 1.858477 1.200000 -0.007654
v 1.859615 0.000000 -0.003902
v 1.859615 1.200000 -0.003902
v 1.859999 0.000000 0.000000
v 1.859999 1.200000 0.000000
v 1.859615 0.000000 0.003902
v 1.859615 1.200000 0.003902
v 1.858477 0.000000 0.007654
v 1.858477 1.200000 0.007654
v 1.856629 0.000000 0.011111
v 1.856629 1.200000 0.011111
v 1.854141 0.000000 0.014142
v 1.854141 1.200000 0.014142
v 1.851111 0.000000 0.016629
v 1.851111 1.200000 0.016629
v 1.847653 0.000000 0.018478
v 1.847653 1.200000 0.018478
v 1.843901 0.000000 0.019616
v 1.843901 1.200000 0.019616
v 1.839999 0.000000 0.020000
v 1.839999 1.200000 0.020000
v 1.836097 0.000000 0.019616
v 1.836097 1.200000 0.019616
v 1.832346 0.000000 0.018478
v 1.832346 1.200000 0.018478
v 1.828888 0.000000 0.016629
v 1.828888 1.200000 0.016629
v 1.825857 0.000000 0.014142
v 1.825857 1.200000 0.014142
v 1.823370 0.000000 0.011111
v 1.823370 1.200000 0.011111
v 1.821522 0.000000 0.007654
v 1.821522 1.200000 0.007654
v 1.820384 0.000000 0.003902
v 1.820384 1.200000 0.003902
v 1.819999 0.000000 0.000000
v 1.819999 1.200000 0.000000
v 1.820384 0.000000 -0.003902
v 1.820384 1.200000 -0.003902
v 1.821522 0.000000 -0.007654
v 1.821522 1.200000 -0.007654
v 1.823370 0.000000 -0.011111
v 1.823370 1.200000 -0.011111
v 1.825857 0.000000 -0.014142
v 1.825857 1.200000 -0.014142
v 1.828888 0.000000 -0.016629
v 1.828888 1.200000 -0.016629
v 1.832346 0.000000 -0.018478
v 1.832346 1.200000 -0.018478
v 1.836097 0.000000 -0.019616
v 1.836097 1.200000 -0.019616
v 1.879999 0.000000 -0.020000
v 1.879999 1.200000 -0.020000
v 1.883901 0.000000 -0.019616
v 1.883901 1.200000 -0.019616
v 1.887653 0.000000 -0.018478
v 1.887653 1.200000 -0.018478
v 1.891111 0.000000 -0.016629
v 1.891111 1.200000 -0.016629
v 1.894141 0.000000 -0.014142
v 1.894141 1.200000 -0.014142
v 1.896629 0.000000 -0.011111
v 1.896629 1.200000 -0.011111
v 1.898477 0.000000 -0.007654
v 1.898477 1.200000 -0.007654
v 1.899615 0.000000 -0.003902
v 1.899615 1.200000 -0.003902
v 1.899999 0.000000 0.000000
v 1.899999 1.200000 0.000000
v 1.899615 0.000000 0.003902
v 1.899615 1.200000 0.003902
v 1.898477 0.000000 0.007654
v 1.898477 1.200000 0.007654
v 1.896629 0.000000 0.011111
v 1.896629 1.200000 0.011111
v 1.894141 0.000000 0.014142
v 1.894141 1.200000 0.014142
v 1.891111 0.000000 0.016629
v 1.891111 1.200000 0.016629
v 1.887653 0.000000 0.018478
v 1.887653 1.200000 0.018478
v 1.883901 0.000000 0.019616
v 1.883901 1.200000 0.019616
v 1.879999 0.000000 0.020000
v 1.879999 1.200000 0.020000
v 1.876097 0.000000 0.019616
v 1.876097 1.200000 0.019616
v 1.872346 0.000000 0.018478
v 1.872346 1.200000 0.018478
v 1.868888 0.000000 0.016629
v 1.868888 1.200000 0.016629
v 1.865857 0.000000 0.014142
v 1.865857 1.200000 0.014142
v 1.863370 0.000000 0.011111
v 1.863370 1.200000 0.011111
v 1.861522 0.000000 0.007654
v 1.861522 1.200000 0.007654
v 1.860384 0.000000 0.003902
v 1.860384 1.200000 0.003902
v 1.859999 0.000000 0.000000
v 1.859999 1.200000 0.000000
v 1.860384 0.000000 -0.003902
v 1.860384 1.200000 -0.003902
v 1.861522 0.000000 -0.007654
v 1.861522 1.200000 -0.007654
v 1.863370 0.000000 -0.011111
v 1.863370 1.200000 -0.011111
v 1.865857 0.000000 -0.014142
v 1.865857 1.200000 -0.014142
v 1.868888 0.000000 -0.016629
v 1.868888 1.200000 -0.016629
v 1.872346 0.000000 -0.018478
v 1.872346 1.200000 -0.018478
v 1.876097 0.000000 -0.019616
v 1.876097 1.200000 -0.019616
vn 0.0980 -0.0000 -0.9952
vn 0.2903 -0.0000 -0.9569
vn 0.4714 -0.0000 -0.8819
vn 0.6344 -0.0000 -0.7730
vn 0.7730 -0.0000 -0.6344
vn 0.8819 -0.0000 -0.4714
vn 0.9569 -0.0000 -0.2903
vn 0.9952 -0.0000 -0.0980
vn 0.9952 -0.0000 0.0980
vn 0.9569 -0.0000 0.2903
vn 0.8819 -0.0000 0.4714
vn 0.7730 -0.0000 0.6344
vn 0.6344 -0.0000 0.7730
vn 0.4714 -0.0000 0.8819
vn 0.2903 -0.0000 0.9569
vn 0.0980 -0.0000 0.9952
vn -0.0980 -0.0000 0.9952
vn -0.2903 -0.0000 0.9569
vn -0.4714 -0.0000 0.8819
vn -0.6344 -0.0000 0.7730
vn -0.7730 -0.0000 0.6344
vn -0.8819 -0.0000 0.4714
vn -0.9569 -0.0000 0.2903
vn -0.9952 -0.0000 0.0980
vn -0.9952 -0.0000 -0.0980
vn -0.9569 -0.0000 -0.2903
vn -0.8819 -0.0000 -0.4714
vn -0.7730 -0.0000 -0.6344
vn -0.6344 -0.0000 -0.7730
vn -0.4714 -0.0000 -0.8819
vn -0.0000 1.0000 -0.0000
vn -0.2903 -0.0000 -0.9569
vn -0.0980 -0.0000 -0.9952
vn -0.0000 -1.0000 -0.0000
vn 0.9952 -0.0000 -0.0981
vn 0.9952 -0.0000 0.0981
vn -0.9952 -0.0000 0.0981
vn -0.9952 -0.0000 -0.0981
vt 1.000000 0.500000
vt 1.000000 1.000000
vt 0.968750 1.000000
vt 0.968750 0.500000
vt 0.937500 1.000000
vt 0.937500 0.500000
vt 0.906250 1.000000
vt 0.906250 0.500000
vt 0.875000 1.000000
vt 0.875000 0.500000
vt 0.843750 1.000000
vt 0.843750 0.500000
vt 0.812500 1.000000
vt 0.812500 0.500000
vt 0.781250 1.000000
vt 0.781250 0.500000
vt 0.750000 1.000000
vt 0.750000 0.500000
vt 0.718750 1.000000
vt 0.718750 0.500000
vt 0.687500 1.000000
vt 0.687500 0.500000
vt 0.656250 1.000000
vt 0.656250 0.500000
vt 0.625000 1.000000
vt 0.625000 0.500000
vt 0.593750 1.000000
vt 0.593750 0.500000
vt 0.562500 1.000000
vt 0.562500 0.500000
vt 0.531250 1.000000
vt 0.531250 0.500000
vt 0.500000 1.000000
vt 0.500000 0.500000
vt 0.468750 1.000000
vt 0.468750 0.500000
vt 0.437500 1.000000
vt 0.437500 0.500000
vt 0.406250 1.000000
vt 0.406250 0.500000
vt 0.375000 1.000000
vt 0.375000 0.500000
vt 0.343750 1.000000
vt 0.343750 0.500000
vt 0.312500 1.000000
vt 0.312500 0.500000
vt 0.281250 1.000000
vt 0.281250 0.500000
vt 0.250000 1.000000
vt 0.250000 0.500000
vt 0.218750 1.000000
vt 0.218750 0.500000
vt 0.187500 1.000000
vt 0.187500 0.500000
vt 0.156250 1.000000
vt 0.156250 0.500000
vt 0.125000 1.000000
vt 0.125000 0.500000
vt 0.093750 1.000000
vt 0.093750 0.500000
vt 0.062500 1.000000
vt 0.062500 0.500000
vt 0.296822 0.485388
vt 0.250000 0.490000
vt 0.203178 0.485388
vt 0.158156 0.471731
vt 0.116663 0.449553
vt 0.080294 0.419706
vt 0.050447 0.383337
vt 0.028269 0.341844
vt 0.014612 0.296822
vt 0.010000 0.250000
vt 0.014612 0.203178
vt 0.028269 0.158156
vt 0.050447 0.116663
vt 0.080294 0.080294
vt 0.116663 0.050447
vt 0.158156 0.028269
vt 0.203178 0.014612
vt 0.250000 0.010000
vt 0.296822 0.014612
vt 0.341844 0.028269
vt 0.383337 0.050447
vt 0.419706 0.080294
vt 0.449553 0.116663
vt 0.471731 0.158156
vt 0.485388 0.203178
vt 0.490000 0.250000
vt 0.485388 0.296822
vt 0.471731 0.341844
vt 0.449553 0.383337
vt 0.419706 0.419706
vt 0.383337 0.449553
vt 0.341844 0.471731
vt 0.031250 1.000000
vt 0.031250 0.500000
vt 0.000000 1.000000
vt 0.000000 0.500000
vt 0.750000 0.490000
vt 0.796822 0.485388
vt 0.841844 0.471731
vt 0.883337 0.449553
vt 0.919706 0.419706
vt 0.949553 0.383337
vt 0.971731 0.341844
vt 0.985388 0.296822
vt 0.990000 0.250000
vt 0.985388 0.203178
vt 0.971731 0.158156
vt 0.949553 0.116663
vt 0.919706 0.080294
vt 0.883337 0.050447
vt 0.841844 0.028269
vt 0.796822 0.014612
vt 0.750000 0.010000
vt 0.703178 0.014612
vt 0.658156 0.028269
vt 0.616663 0.050447
vt 0.580294 0.080294
vt 0.550447 0.116663
vt 0.528269 0.158156
vt 0.514612 0.203178
vt 0.510000 0.250000
vt 0.514612 0.296822
vt 0.528269 0.341844
vt 0.550447 0.383337
vt 0.580294 0.419706
vt 0.616663 0.449553
vt 0.658156 0.471731
vt 0.703178 0.485388
s 0
f 1/1/1 2/2/1 4/3/1 3/4/1
f 3/4/2 4/3/2 6/5/2 5/6/2
f 5/6/3 6/5/3 8/7/3 7/8/3
f 7/8/4 8/7/4 10/9/4 9/10/4
f 9/10/5 10/9/5 12/11/5 11/12/5
f 11/12/6 12/11/6 14/13/6 13/14/6
f 13/14/7 14/13/7 16/15/7 15/16/7
f 15/16/8 16/15/8 18/17/8 17/18/8
f 17/18/9 18/17/9 20/19/9 19/20/9
f 19/20/10 20/19/10 22/21/10 21/22/10
f 21/22/11 22/21/11 24/23/11 23/24/11
f 23/24/12 24/23/12 26/25/12 25/26/12
f 25/26/13 26/25/13 28/27/13 27/28/13
f 27/28/14 28/27/14 30/29/14 29/30/14
f 29/30/15 30/29/15 32/31/15 31/32/15
f 31/32/16 32/31/16 34/33/16 33/34/16
f 33/34/17 34/33/17 36/35/17 35/36/17
f 35/36/18 36/35/18 38/37/18 37/38/18
f 37/38/19 38/37/19 40/39/19 39/40/19
f 39/40/20 40/39/20 42/41/20 41/42/20
f 41/42/21 42/41/21 44/43/21 43/44/21
f 43/44/22 44/43/22 46/45/22 45/46/22
f 45/46/23 46/45/23 48/47/23 47/48/23
f 47/48/24 48/47/24 50/49/24 49/50/24
f 49/50/25 50/49/25 52/51/25 51/52/25
f 51/52/26 52/51/26 54/53/26 53/54/26
f 53/54/27 54/53/27 56/55/27 55/56/27
f 55/56/28 56/55/28 58/57/28 57/58/28
f 57/58/29 58/57/29 60/59/29 59/60/29
f 59/60/30 60/59/30 62/61/30 61/62/30
f 4/63/31 2/64/31 64/65/31 62/66/31 60/67/31 58/68/31 56/69/31 54/70/31 52/71/31 50/72/31 48/73/31 46/74/31 44/75/31 42/76/31 40/77/31 38/78/31 36/79/31 34/80/31 32/81/31 30/82/31 28/83/31 26/84/31 24/85/31 22/86/31 20/87/31 18/88/31 16/89/31 14/90/31 12/91/31 10/92/31 8/93/31 6/94/31
f 61/62/32 62/61/32 64/95/32 63/96/32
f 63/96/33 64/95/33 2/97/33 1/98/33
f 1/99/34 3/100/34 5/101/34 7/102/34 9/103/34 11/104/34 13/105/34 15/106/34 17/107/34 19/108/34 21/109/34 23/110/34 25/111/34 27/112/34 29/113/34 31/114/34 33/115/34 35/116/34 37/117/34 39/118/34 41/119/34 43/120/34 45/121/34 47/122/34 49/123/34 51/124/34 53/125/34 55/126/34 57/127/34 59/128/34 61/129/34 63/130/34
f 65/1/1 66/2/1 68/3/1 67/4/1
f 67/4/2 68/3/2 70/5/2 69/6/2
f 69/6/3 70/5/3 72/7/3 71/8/3
f 71/8/4 72/7/4 74/9/4 73/10/4
f 73/10/5 74/9/5 76/11/5 75/12/5
f 75/12/6 76/11/6 78/13/6 77/14/6
f 77/14/7 78/13/7 80/15/7 79/16/7
f 79/16/8 80/15/8 82/17/8 81/18/8
f 81/18/9 82/17/9 84/19/9 83/20/9
f 83/20/10 84/19/10 86/21/10 85/22/10
f 85/22/11 86/21/11 88/23/11 87/24/11
f 87/24/12 88/23/12 90/25/12 89/26/12
f 89/26/13 90/25/13 92/27/13 91/28/13
f 91/28/14 92/27/14 94/29/14 93/30/14
f 93/30/15 94/29/15 96/31/15 95/32/15
f 95/32/16 96/31/16 98/33/16 97/34/16
f 97/34/17 98/33/17 100/35/17 99/36/17
f 99/36/18 100/35/18 102/37/18 101/38/18
f 101/38/19 102/37/19 104/39/19 103/40/19
f 103/40/20 104/39/20 106/41/20 105/42/20
f 105/42/21 106/41/21 108/43/21 107/44/21
f 107/44/22 108/43/22 110/45/22 109/46/22
f 109/46/23 110/45/23 112/47/23 111/48/23
f 111/48/24 112/47/24 114/49/24 113/50/24
f 113/50/25 114/49/25 116/51/25 115/52/25
f 115/52/26 116/51/26 118/53/26 117/54/26
f 117/54/27 118/53/27 120/55/27 119/56/27
f 119/56/28 120/55/28 122/57/28 121/58/28
f 121/58/29 122/57/29 124/59/29 123/60/29
f 123/60/30 124/59/30 126/61/30 125/62/30
f 68/63/31 66/64/31 128/65/31 126/66/31 124/67/31 122/68/31 120/69/31 118/70/31 116/71/31 114/72/31 112/73/31 110/74/31 108/75/31 106/76/31 104/77/31 102/78/31 100/79/31 98/80/31 96/81/31 94/82/31 92/83/31 90/84/31 88/85/31 86/86/31 84/87/31 82/88/31 80/89/31 78/90/31 76/91/31 74/92/31 72/93/31 70/94/31
f 125/62/32 126/61/32 128/95/32 127/96/32
f 127/96/33 128/95/33 66/97/33 65/98/33
f 65/99/34 67/100/34 69/101/34 71/102/34 73/103/34 75/104/34 77/105/34 79/106/34 81/107/34 83/108/34 85/109/34 87/110/34 89/111/34 91/112/34 93/113/34 95/114/34 97/115/34 99/116/34 101/117/34 103/118/34 105/119/34 107/120/34 109/121/34 111/122/34 113/123/34 115/124/34 117/125/34 119/126/34 121/127/34 123/128/34 125/129/34 127/130/34
f 129/1/1 130/2/1 132/3/1 131/4/1
f 131/4/2 132/3/2 134/5/2 133/6/2
f 133/6/3 134/5/3 136/7/3 135/8/3
f 135/8/4 136/7/4 138/9/4 137/10/4
f 137/10/5 138/9/5 140/11/5 139/12/5
f 139/12/6 140/11/6 142/13/6 141/14/6
f 141/14/7 142/13/7 144/15/7 143/16/7
f 143/16/8 144/15/8 146/17/8 145/18/8
f 145/18/9 146/17/9 148/19/9 147/20/9
f 147/20/10 148/19/10 150/21/10 149/22/10
f 149/22/11 150/21/11 152/23/11 151/24/11
f 151/24/12 152/23/12 154/25/12 153/26/12
f 153/26/13 154/25/13 156/27/13 155/28/13
f 155/28/14 156/27/14 158/29/14 157/30/14
f 157/30/15 158/29/15 160/31/15 159/32/15
f 159/32/16 160/31/16 162/33/16 161/34/16
f 161/34/17 162/33/17 164/35/17 163/36/17
f 163/36/18 164/35/18 166/37/18 165/38/18
f 165/38/19 166/37/19 168/39/19 167/40/19
f 167/40/20 168/39/20 170/41/20 169/42/20
f 169/42/21 170/41/21 172/43/21 171/44/21
f 171/44/22 172/43/22 174/45/22 173/46/22
f 173/46/23 174/45/23 176/47/23 175/48/23
f 175/48/24 176/47/24 178/49/24 177/50/24
f 177/50/25 178/49/25 180/51/25 179/52/25
f 179/52/26 180/51/26 182/53/26 181/54/26
f 181/54/27 182/53/27 184/55/27 183/56/27
f 183/56/28 184/55/28 186/57/28 185/58/28
f 185/58/29 186/57/29 188/59/29 187/60/29
f 187/60/30 188/59/30 190/61/30 189/62/30
f 132/63/31 130/64/31 192/65/31 190/66/31 188/67/31 186/68/31 184/69/31 182/70/31 180/71/31 178/72/31 176/73/31 174/74/31 172/75/31 170/76/31 168/77/31 166/78/31 164/79/31 162/80/31 160/81/31 158/82/31 156/83/31 154/84/31 152/85/31 150/86/31 148/87/31 146/88/31 144/89/31 142/90/31 140/91/31 138/92/31 136/93/31 134/94/31
f 189/62/32 190/61/32 192/95/32 191/96/32
f 191/96/33 192/95/33 130/97/33 129/98/33
f 129/99/34 131/100/34 133/101/34 135/102/34 137/103/34 139/104/34 141/105/34 143/106/34 145/107/34 147/108/34 149/109/34 151/110/34 153/111/34 155/112/34 157/113/34 159/114/34 161/115/34 163/116/34 165/117/34 167/118/34 169/119/34 171/120/34 173/121/34 175/122/34 177/123/34 179/124/34 181/125/34 183/126/34 185/127/34 187/128/34 189/129/34 191/130/34
f 193/1/1 194/2/1 196/3/1 195/4/1
f 195/4/2 196/3/2 198/5/2 197/6/2
f 197/6/3 198/5/3 200/7/3 199/8/3
f 199/8/4 200/7/4 202/9/4 201/10/4
f 201/10/5 202/9/5 204/11/5 203/12/5
f 203/12/6 204/11/6 206/13/6 205/14/6
f 205/14/7 206/13/7 208/15/7 207/16/7
f 207/16/8 208/15/8 210/17/8 209/18/8
f 209/18/9 210/17/9 212/19/9 211/20/9
f 211/20/10 212/19/10 214/21/10 213/22/10
f 213/22/11 214/21/11 216/23/11 215/24/11
f 215/24/12 216/23/12 218/25/12 217/26/12
f 217/26/13 218/25/13 220/27/13 219/28/13
f 219/28/14 220/27/14 222/29/14 221/30/14
f 221/30/15 222/29/15 224/31/15 223/32/15
f 223/32/16 224/31/16 226/33/16 225/34/16
f 225/34/17 226/33/17 228/35/17 227/36/17
f 227/36/18 228/35/18 230/37/18 229/38/18
f 229/38/19 230/37/19 232/39/19 231/40/19
f 231/40/20 232/39/20 234/41/20 233/42/20
f 233/42/21 234/41/21 236/43/21 235/44/21
f 235/44/22 236/43/22 238/45/22 237/46/22
f 237/46/23 238/45/23 240/47/23 239/48/23
f 239/48/24 240/47/24 242/49/24 241/50/24
f 241/50/25 242/49/25 244/51/25 243/52/25
f 243/52/26 244/51/26 246/53/26 245/54/26
f 245/54/27 246/53/27 248/55/27 247/56/27
f 247/56/28 248/55/28 250/57/28 249/58/28
f 249/58/29 250/57/29 252/59/29 251/60/29
f 251/60/30 252/59/30 254/61/30 253/62/30
f 196/63/31 194/64/31 256/65/31 254/66/31 252/67/31 250/68/31 248/69/31 246/70/31 244/71/31 242/72/31 240/73/31 238/74/31 236/75/31 234/76/31 232/77/31 230/78/31 228/79/31 226/80/31 224/81/31 222/82/31 220/83/31 218/84/31 216/85/31 214/86/31 212/87/31 210/88/31 208/89/31 206/90/31 204/91/31 202/92/31 200/93/31 198/94/31
f 253/62/32 254/61/32 256/95/32 255/96/32
f 255/96/33 256/95/33 194/97/33 193/98/33
f 193/99/34 195/100/34 197/101/34 199/102/34 201/103/34 203/104/34 205/105/34 207/106/34 209/107/34 211/108/34 213/109/34 215/110/34 217/111/34 219/112/34 221/113/34 223/114/34 225/115/34 227/116/34 229/117/34 231/118/34 233/119/34 235/120/34 237/121/34 239/122/34 241/123/34 243/124/34 245/125/34 247/126/34 249/127/34 251/128/34 253/129/34 255/130/34
f 257/1/1 258/2/1 260/3/1 259/4/1
f 259/4/2 260/3/2 262/5/2 261/6/2
f 261/6/3 262/5/3 264/7/3 263/8/3
f 263/8/4 264/7/4 266/9/4 265/10/4
f 265/10/5 266/9/5 268/11/5 267/12/5
f 267/12/6 268/11/6 270/13/6 269/14/6
f 269/14/7 270/13/7 272/15/7 271/16/7
f 271/16/8 272/15/8 274/17/8 273/18/8
f 273/18/9 274/17/9 276/19/9 275/20/9
f 275/20/10 276/19/10 278/21/10 277/22/10
f 277/22/11 278/21/11 280/23/11 279/24/11
f 279/24/12 280/23/12 282/25/12 281/26/12
f 281/26/13 282/25/13 284/27/13 283/28/13
f 283/28/14 284/27/14 286/29/14 285/30/14
f 285/30/15 286/29/15 288/31/15 287/32/15
f 287/32/16 288/31/16 290/33/16 289/34/16
f 289/34/17 290/33/17 292/35/17 291/36/17
f 291/36/18 292/35/18 294/37/18 293/38/18
f 293/38/19 294/37/19 296/39/19 295/40/19
f 295/40/20 296/39/20 298/41/20 297/42/20
f 297/42/21 298/41/21 300/43/21 299/44/21
f 299/44/22 300/43/22 302/45/22 301/46/22
f 301/46/23 302/45/23 304/47/23 303/48/23
f 303/48/24 304/47/24 306/49/24 305/50/24
f 305/50/25 306/49/25 308/51/25 307/52/25
f 307/52/26 308/51/26 310/53/26 309/54/26
f 309/54/27 310/53/27 312/55/27 311/56/27
f 311/56/28 312/55/28 314/57/28 313/58/28
f 313/58/29 314/57/29 316/59/29 315/60/29
f 315/60/30 316/59/30 318/61/30 317/62/30
f 260/63/31 258/64/31 320/65/31 318/66/31 316/67/31 314/68/31 312/69/31 310/70/31 308/71/31 306/72/31 304/73/31 302/74/31 300/75/31 298/76/31 296/77/31 294/78/31 292/79/31 290/80/31 288/81/31 286/82/31 284/83/31 282/84/31 280/85/31 278/86/31 276/87/31 274/88/31 272/89/31 270/90/31 268/91/31 266/92/31 264/93/31 262/94/31
f 317/62/32 318/61/32 320/95/32 319/96/32
f 319/96/33 320/95/33 258/97/33 257/98/33
f 257/99/34 259/100/34 261/101/34 263/102/34 265/103/34 267/104/34 269/105/34 271/106/34 273/107/34 275/108/34 277/109/34 279/110/34 281/111/34 283/112/34 285/113/34 287/114/34 289/115/34 291/116/34 293/117/34 295/118/34 297/119/34 299/120/34 301/121/34 303/122/34 305/123/34 307/124/34 309/125/34 311/126/34 313/127/34 315/128/34 317/129/34 319/130/34
f 321/1/1 322/2/1 324/3/1 323/4/1
f 323/4/2 324/3/2 326/5/2 325/6/2
f 325/6/3 326/5/3 328/7/3 327/8/3
f 327/8/4 328/7/4 330/9/4 329/10/4
f 329/10/5 330/9/5 332/11/5 331/12/5
f 331/12/6 332/11/6 334/13/6 333/14/6
f 333/14/7 334/13/7 336/15/7 335/16/7
f 335/16/8 336/15/8 338/17/8 337/18/8
f 337/18/9 338/17/9 340/19/9 339/20/9
f 339/20/10 340/19/10 342/21/10 341/22/10
f 341/22/11 342/21/11 344/23/11 343/24/11
f 343/24/12 344/23/12 346/25/12 345/26/12
f 345/26/13 346/25/13 348/27/13 347/28/13
f 347/28/14 348/27/14 350/29/14 349/30/14
f 349/30/15 350/29/15 352/31/15 351/32/15
f 351/32/16 352/31/16 354/33/16 353/34/16
f 353/34/17 354/33/17 356/35/17 355/36/17
f 355/36/18 356/35/18 358/37/18 357/38/18
f 357/38/19 358/37/19 360/39/19 359/40/19
f 359/40/20 360/39/20 362/41/20 361/42/20
f 361/42/21 362/41/21 364/43/21 363/44/21
f 363/44/22 364/43/22 366/45/22 365/46/22
f 365/46/23 366/45/23 368/47/23 367/48/23
f 367/48/24 368/47/24 370/49/24 369/50/24
f 369/50/25 370/49/25 372/51/25 371/52/25
f 371/52/26 372/51/26 374/53/26 373/54/26
f 373/54/27 374/53/27 376/55/27 375/56/27
f 375/56/28 376/55/28 378/57/28 377/58/28
f 377/58/29 378/57/29 380/59/29 379/60/29
f 379/60/30 380/59/30 382/61/30 381/62/30
f 324/63/31 322/64/31 384/65/31 382/66/31 380/67/31 378/68/31 376/69/31 374/70/31 372/71/31 370/72/31 368/73/31 366/74/31 364/75/31 362/76/31 360/77/31 358/78/31 356/79/31 354/80/31 352/81/31 350/82/31 348/83/31 346/84/31 344/85/31 342/86/31 340/87/31 338/88/31 336/89/31 334/90/31 332/91/31 330/92/31 328/93/31 326/94/31
f 381/62/32 382/61/32 384/95/32 383/96/32
f 383/96/33 384/95/33 322/97/33 321/98/33
f 321/99/34 323/100/34 325/101/34 327/102/34 329/103/34 331/104/34 333/105/34 335/106/34 337/107/34 339/108/34 341/109/34 343/110/34 345/111/34 347/112/34 349/113/34 351/114/34 353/115/34 355/116/34 357/117/34 359/118/34 361/119/34 363/120/34 365/121/34 367/122/34 369/123/34 371/124/34 373/125/34 375/126/34 377/127/34 379/128/34 381/129/34 383/130/34
f 385/1/1 386/2/1 388/3/1 387/4/1
f 387/4/2 388/3/2 390/5/2 389/6/2
f 389/6/3 390/5/3 392/7/3 391/8/3
f 391/8/4 392/7/4 394/9/4 393/10/4
f 393/10/5 394/9/5 396/11/5 395/12/5
f 395/12/6 396/11/6 398/13/6 397/14/6
f 397/14/7 398/13/7 400/15/7 399/16/7
f 399/16/8 400/15/8 402/17/8 401/18/8
f 401/18/9 402/17/9 404/19/9 403/20/9
f 403/20/10 404/19/10 406/21/10 405/22/10
f 405/22/11 406/21/11 408/23/11 407/24/11
f 407/24/12 408/23/12 410/25/12 409/26/12
f 409/26/13 410/25/13 412/27/13 411/28/13
f 411/28/14 412/27/14 414/29/14 413/30/14
f 413/30/15 414/29/15 416/31/15 415/32/15
f 415/32/16 416/31/16 418/33/16 417/34/16
f 417/34/17 418/33/17 420/35/17 419/36/17
f 419/36/18 420/35/18 422/37/18 421/38/18
f 421/38/19 422/37/19 424/39/19 423/40/19
f 423/40/20 424/39/20 426/41/20 425/42/20
f 425/42/21 426/41/21 428/43/21 427/44/21
f 427/44/22 428/43/22 430/45/22 429/46/22
f 429/46/23 430/45/23 432/47/23 431/48/23
f 431/48/24 432/47/24 434/49/24 433/50/24
f 433/50/25 434/49/25 436/51/25 435/52/25
f 435/52/26 436/51/26 438/53/26 437/54/26
f 437/54/27 438/53/27 440/55/27 439/56/27
f 439/56/28 440/55/28 442/57/28 441/58/28
f 441/58/29 442/57/29 444/59/29 443/60/29
f 443/60/30 444/59/30 446/61/30 445/62/30
f 388/63/31 386/64/31 448/65/31 446/66/31 444/67/31 442/68/31 440/69/31 438/70/31 436/71/31 434/72/31 432/73/31 430/74/31 428/75/31 426/76/31 424/77/31 422/78/31 420/79/31 418/80/31 416/81/31 414/82/31 412/83/31 410/84/31 408/85/31 406/86/31 404/87/31 402/88/31 400/89/31 398/90/31 396/91/31 394/92/31 392/93/31 390/94/31
f 445/62/32 446/61/32 448/95/32 447/96/32
f 447/96/33 448/95/33 386/97/33 385/98/33
f 385/99/34 387/100/34 389/101/34 391/102/34 393/103/34 395/104/34 397/105/34 399/106/34 401/107/34 403/108/34 405/109/34 407/110/34 409/111/34 411/112/34 413/113/34 415/114/34 417/115/34 419/116/34 421/117/34 423/118/34 425/119/34 427/120/34 429/121/34 431/122/34 433/123/34 435/124/34 437/125/34 439/126/34 441/127/34 443/128/34 445/129/34 447/130/34
f 449/1/1 450/2/1 452/3/1 451/4/1
f 451/4/2 452/3/2 454/5/2 453/6/2
f 453/6/3 454/5/3 456/7/3 455/8/3
f 455/8/4 456/7/4 458/9/4 457/10/4
f 457/10/5 458/9/5 460/11/5 459/12/5
f 459/12/6 460/11/6 462/13/6 461/14/6
f 461/14/7 462/13/7 464/15/7 463/16/7
f 463/16/8 464/15/8 466/17/8 465/18/8
f 465/18/9 466/17/9 468/19/9 467/20/9
f 467/20/10 468/19/10 470/21/10 469/22/10
f 469/22/11 470/21/11 472/23/11 471/24/11
f 471/24/12 472/23/12 474/25/12 473/26/12
f 473/26/13 474/25/13 476/27/13 475/28/13
f 475/28/14 476/27/14 478/29/14 477/30/14
f 477/30/15 478/29/15 480/31/15 479/32/15
f 479/32/16 480/31/16 482/33/16 481/34/16
f 481/34/17 482/33/17 484/35/17 483/36/17
f 483/36/18 484/35/18 486/37/18 485/38/18
f 485/38/19 486/37/19 488/39/19 487/40/19
f 487/40/20 488/39/20 490/41/20 489/42/20
f 489/42/21 490/41/21 492/43/21 491/44/21
f 491/44/22 492/43/22 494/45/22 493/46/22
f 493/46/23 494/45/23 496/47/23 495/48/23
f 495/48/24 496/47/24 498/49/24 497/50/24
f 497/50/25 498/49/25 500/51/25 499/52/25
f 499/52/26 500/51/26 502/53/26 501/54/26
f 501/54/27 502/53/27 504/55/27 503/56/27
f 503/56/28 504/55/28 506/57/28 505/58/28
f 505/58/29 506/57/29 508/59/29 507/60/29
f 507/60/30 508/59/30 510/61/30 509/62/30
f 452/63/31 450/64/31 512/65/31 510/66/31 508/67/31 506/68/31 504/69/31 502/70/31 500/71/31 498/72/31 496/73/31 494/74/31 492/75/31 490/76/31 488/77/31 486/78/31 484/79/31 482/80/31 480/81/31 478/82/31 476/83/31 474/84/31 472/85/31 470/86/31 468/87/31 466/88/31 464/89/31 462/90/31 460/91/31 458/92/31 456/93/31 454/94/31
f 509/62/32 510/61/32 512/95/32 511/96/32
f 511/96/33 512/95/33 450/97/33 449/98/33
f 449/99/34 451/100/34 453/101/34 455/102/34 457/103/34 459/104/34 461/105/34 463/106/34 465/107/34 467/108/34 469/109/34 471/110/34 473/111/34 475/112/34 477/113/34 479/114/34 481/115/34 483/116/34 485/117/34 487/118/34 489/119/34 491/120/34 493/121/34 495/122/34 497/123/34 499/124/34 501/125/34 503/126/34 505/127/34 507/128/34 509/129/34 511/130/34
f 513/1/1 514/2/1 516/3/1 515/4/1
f 515/4/2 516/3/2 518/5/2 517/6/2
f 517/6/3 518/5/3 520/7/3 519/8/3
f 519/8/4 520/7/4 522/9/4 521/10/4
f 521/10/5 522/9/5 524/11/5 523/12/5
f 523/12/6 524/11/6 526/13/6 525/14/6
f 525/14/7 526/13/7 528/15/7 527/16/7
f 527/16/8 528/15/8 530/17/8 529/18/8
f 529/18/9 530/17/9 532/19/9 531/20/9
f 531/20/10 532/19/10 534/21/10 533/22/10
f 533/22/11 534/21/11 536/23/11 535/24/11
f 535/24/12 536/23/12 538/25/12 537/26/12
f 537/26/13 538/25/13 540/27/13 539/28/13
f 539/28/14 540/27/14 542/29/14 541/30/14
f 541/30/15 542/29/15 544/31/15 543/32/15
f 543/32/16 544/31/16 546/33/16 545/34/16
f 545/34/17 546/33/17 548/35/17 547/36/17
f 547/36/18 548/35/18 550/37/18 549/38/18
f 549/38/19 550/37/19 552/39/19 551/40/19
f 551/40/20 552/39/20 554/41/20 553/42/20
f 553/42/21 554/41/21 556/43/21 555/44/21
f 555/44/22 556/43/22 558/45/22 557/46/22
f 557/46/23 558/45/23 560/47/23 559/48/23
f 559/48/24 560/47/24 562/49/24 561/50/24
f 561/50/25 562/49/25 564/51/25 563/52/25
f 563/52/26 564/51/26 566/53/26 565/54/26
f 565/54/27 566/53/27 568/55/27 567/56/27
f 567/56/28 568/55/28 570/57/28 569/58/28
f 569/58/29 570/57/29 572/59/29 571/60/29
f 571/60/30 572/59/30 574/61/30 573/62/30
f 516/63/31 514/64/31 576/65/31 574/66/31 572/67/31 570/68/31 568/69/31 566/70/31 564/71/31 562/72/31 560/73/31 558/74/31 556/75/31 554/76/31 552/77/31 550/78/31 548/79/31 546/80/31 544/81/31 542/82/31 540/83/31 538/84/31 536/85/31 534/86/31 532/87/31 530/88/31 528/89/31 526/90/31 524/91/31 522/92/31 520/93/31 518/94/31
f 573/62/32 574/61/32 576/95/32 575/96/32
f 575/96/33 576/95/33 514/97/33 513/98/33
f 513/99/34 515/100/34 517/101/34 519/102/34 521/103/34 523/104/34 525/105/34 527/106/34 529/107/34 531/108/34 533/109/34 535/110/34 537/111/34 539/112/34 541/113/34 543/114/34 545/115/34 547/116/34 549/117/34 551/118/34 553/119/34 555/120/34 557/121/34 559/122/34 561/123/34 563/124/34 565/125/34 567/126/34 569/127/34 571/128/34 573/129/34 575/130/34
f 577/1/1 578/2/1 580/3/1 579/4/1
f 579/4/2 580/3/2 582/5/2 581/6/2
f 581/6/3 582/5/3 584/7/3 583/8/3
f 583/8/4 584/7/4 586/9/4 585/10/4
f 585/10/5 586/9/5 588/11/5 587/12/5
f 587/12/6 588/11/6 590/13/6 589/14/6
f 589/14/7 590/13/7 592/15/7 591/16/7
f 591/16/8 592/15/8 594/17/8 593/18/8
f 593/18/9 594/17/9 596/19/9 595/20/9
f 595/20/10 596/19/10 598/21/10 597/22/10
f 597/22/11 598/21/11 600/23/11 599/24/11
f 599/24/12 600/23/12 602/25/12 601/26/12
f 601/26/13 602/25/13 604/27/13 603/28/13
f 603/28/14 604/27/14 606/29/14 605/30/14
f 605/30/15 606/29/15 608/31/15 607/32/15
f 607/32/16 608/31/16 610/33/16 609/34/16
f 609/34/17 610/33/17 612/35/17 611/36/17
f 611/36/18 612/35/18 614/37/18 613/38/18
f 613/38/19 614/37/19 616/39/19 615/40/19
f 615/40/20 616/39/20 618/41/20 617/42/20
f 617/42/21 618/41/21 620/43/21 619/44/21
f 619/44/22 620/43/22 622/45/22 621/46/22
f 621/46/23 622/45/23 624/47/23 623/48/23
f 623/48/24 624/47/24 626/49/24 625/50/24
f 625/50/25 626/49/25 628/51/25 627/52/25
f 627/52/26 628/51/26 630/53/26 629/54/26
f 629/54/27 630/53/27 632/55/27 631/56/27
f 631/56/28 632/55/28 634/57/28 633/58/28
f 633/58/29 634/57/29 636/59/29 635/60/29
f 635/60/30 636/59/30 638/61/30 637/62/30
f 580/63/31 578/64/31 640/65/31 638/66/31 636/67/31 634/68/31 632/69/31 630/70/31 628/71/31 626/72/31 624/73/31 622/74/31 620/75/31 618/76/31 616/77/31 614/78/31 612/79/31 610/80/31 608/81/31 606/82/31 604/83/31 602/84/31 600/85/31 598/86/31 596/87/31 594/88/31 592/89/31 590/90/31 588/91/31 586/92/31 584/93/31 582/94/31
f 637/62/32 638/61/32 640/95/32 639/96/32
f 639/96/33 640/95/33 578/97/33 577/98/33
f 577/99/34 579/100/34 581/101/34 583/102/34 585/103/34 587/104/34 589/105/34 591/106/34 593/107/34 595/108/34 597/109/34 599/110/34 601/111/34 603/112/34 605/113/34 607/114/34 609/115/34 611/116/34 613/117/34 615/118/34 617/119/34 619/120/34 621/121/34 623/122/34 625/123/34 627/124/34 629/125/34 631/126/34 633/127/34 635/128/34 637/129/34 639/130/34
f 641/1/1 642/2/1 644/3/1 643/4/1
f 643/4/2 644/3/2 646/5/2 645/6/2
f 645/6/3 646/5/3 648/7/3 647/8/3
f 647/8/4 648/7/4 650/9/4 649/10/4
f 649/10/5 650/9/5 652/11/5 651/12/5
f 651/12/6 652/11/6 654/13/6 653/14/6
f 653/14/7 654/13/7 656/15/7 655/16/7
f 655/16/8 656/15/8 658/17/8 657/18/8
f 657/18/9 658/17/9 660/19/9 659/20/9
f 659/20/10 660/19/10 662/21/10 661/22/10
f 661/22/11 662/21/11 664/23/11 663/24/11
f 663/24/12 664/23/12 666/25/12 665/26/12
f 665/26/13 666/25/13 668/27/13 667/28/13
f 667/28/14 668/27/14 670/29/14 669/30/14
f 669/30/15 670/29/15 672/31/15 671/32/15
f 671/32/16 672/31/16 674/33/16 673/34/16
f 673/34/17 674/33/17 676/35/17 675/36/17
f 675/36/18 676/35/18 678/37/18 677/38/18
f 677/38/19 678/37/19 680/39/19 679/40/19
f 679/40/20 680/39/20 682/41/20 681/42/20
f 681/42/21 682/41/21 684/43/21 683/44/21
f 683/44/22 684/43/22 686/45/22 685/46/22
f 685/46/23 686/45/23 688/47/23 687/48/23
f 687/48/24 688/47/24 690/49/24 689/50/24
f 689/50/25 690/49/25 692/51/25 691/52/25
f 691/52/26 692/51/26 694/53/26 693/54/26
f 693/54/27 694/53/27 696/55/27 695/56/27
f 695/56/28 696/55/28 698/57/28 697/58/28
f 697/58/29 698/57/29 700/59/29 699/60/29
f 699/60/30 700/59/30 702/61/30 701/62/30
f 644/63/31 642/64/31 704/65/31 702/66/31 700/67/31 698/68/31 696/69/31 694/70/31 692/71/31 690/72/31 688/73/31 686/74/31 684/75/31 682/76/31 680/77/31 678/78/31 676/79/31 674/80/31 672/81/31 670/82/31 668/83/31 666/84/31 664/85/31 662/86/31 660/87/31 658/88/31 656/89/31 654/90/31 652/91/31 650/92/31 648/93/31 646/94/31
f 701/62/32 702/61/32 704/95/32 703/96/32
f 703/96/33 704/95/33 642/97/33 641/98/33
f 641/99/34 643/100/34 645/101/34 647/102/34 649/103/34 651/104/34 653/105/34 655/106/34 657/107/34 659/108/34 661/109/34 663/110/34 665/111/34 667/112/34 669/113/34 671/114/34 673/115/34 675/116/34 677/117/34 679/118/34 681/119/34 683/120/34 685/121/34 687/122/34 689/123/34 691/124/34 693/125/34 695/126/34 697/127/34 699/128/34 701/129/34 703/130/34
f 705/1/1 706/2/1 708/3/1 707/4/1
f 707/4/2 708/3/2 710/5/2 709/6/2
f 709/6/3 710/5/3 712/7/3 711/8/3
f 711/8/4 712/7/4 714/9/4 713/10/4
f 713/10/5 714/9/5 716/11/5 715/12/5
f 715/12/6 716/11/6 718/13/6 717/14/6
f 717/14/7 718/13/7 720/15/7 719/16/7
f 719/16/8 720/15/8 722/17/8 721/18/8
f 721/18/9 722/17/9 724/19/9 723/20/9
f 723/20/10 724/19/10 726/21/10 725/22/10
f 725/22/11 726/21/11 728/23/11 727/24/11
f 727/24/12 728/23/12 730/25/12 729/26/12
f 729/26/13 730/25/13 732/27/13 731/28/13
f 731/28/14 732/27/14 734/29/14 733/30/14
f 733/30/15 734/29/15 736/31/15 735/32/15
f 735/32/16 736/31/16 738/33/16 737/34/16
f 737/34/17 738/33/17 740/35/17 739/36/17
f 739/36/18 740/35/18 742/37/18 741/38/18
f 741/38/19 742/37/19 744/39/19 743/40/19
f 743/40/20 744/39/20 746/41/20 745/42/20
f 745/42/21 746/41/21 748/43/21 747/44/21
f 747/44/22 748/43/22 750/45/22 749/46/22
f 749/46/23 750/45/23 752/47/23 751/48/23
f 751/48/24 752/47/24 754/49/24 753/50/24
f 753/50/25 754/49/25 756/51/25 755/52/25
f 755/52/26 756/51/26 758/53/26 757/54/26
f 757/54/27 758/53/27 760/55/27 759/56/27
f 759/56/28 760/55/28 762/57/28 761/58/28
f 761/58/29 762/57/29 764/59/29 763/60/29
f 763/60/30 764/59/30 766/61/30 765/62/30
f 708/63/31 706/64/31 768/65/31 766/66/31 764/67/31 762/68/31 760/69/31 758/70/31 756/71/31 754/72/31 752/73/31 750/74/31 748/75/31 746/76/31 744/77/31 742/78/31 740/79/31 738/80/31 736/81/31 734/82/31 732/83/31 730/84/31 728/85/31 726/86/31 724/87/31 722/88/31 720/89/31 718/90/31 716/91/31 714/92/31 712/93/31 710/94/31
f 765/62/32 766/61/32 768/95/32 767/96/32
f 767/96/33 768/95/33 706/97/33 705/98/33
f 705/99/34 707/100/34 709/101/34 711/102/34 713/103/34 715/104/34 717/105/34 719/106/34 721/107/34 723/108/34 725/109/34 727/110/34 729/111/34 731/112/34 733/113/34 735/114/34 737/115/34 739/116/34 741/117/34 743/118/34 745/119/34 747/120/34 749/121/34 751/122/34 753/123/34 755/124/34 757/125/34 759/126/34 761/127/34 763/128/34 765/129/34 767/130/34
f 769/1/1 770/2/1 772/3/1 771/4/1
f 771/4/2 772/3/2 774/5/2 773/6/2
f 773/6/3 774/5/3 776/7/3 775/8/3
f 775/8/4 776/7/4 778/9/4 777/10/4
f 777/10/5 778/9/5 780/11/5 779/12/5
f 779/12/6 780/11/6 782/13/6 781/14/6
f 781/14/7 782/13/7 784/15/7 783/16/7
f 783/16/8 784/15/8 786/17/8 785/18/8
f 785/18/9 786/17/9 788/19/9 787/20/9
f 787/20/10 788/19/10 790/21/10 789/22/10
f 789/22/11 790/21/11 792/23/11 791/24/11
f 791/24/12 792/23/12 794/25/12 793/26/12
f 793/26/13 794/25/13 796/27/13 795/28/13
f 795/28/14 796/27/14 798/29/14 797/30/14
f 797/30/15 798/29/15 800/31/15 799/32/15
f 799/32/16 800/31/16 802/33/16 801/34/16
f 801/34/17 802/33/17 804/35/17 803/36/17
f 803/36/18 804/35/18 806/37/18 805/38/18
f 805/38/19 806/37/19 808/39/19 807/40/19
f 807/40/20 808/39/20 810/41/20 809/42/20
f 809/42/21 810/41/21 812/43/21 811/44/21
f 811/44/22 812/43/22 814/45/22 813/46/22
f 813/46/23 814/45/23 816/47/23 815/48/23
f 815/48/24 816/47/24 818/49/24 817/50/24
f 817/50/25 818/49/25 820/51/25 819/52/25
f 819/52/26 820/51/26 822/53/26 821/54/26
f 821/54/27 822/53/27 824/55/27 823/56/27
f 823/56/28 824/55/28 826/57/28 825/58/28
f 825/58/29 826/57/29 828/59/29 827/60/29
f 827/60/30 828/59/30 830/61/30 829/62/30
f 772/63/31 770/64/31 832/65/31 830/66/31 828/67/31 826/68/31 824/69/31 822/70/31 820/71/31 818/72/31 816/73/31 814/74/31 812/75/31 810/76/31 808/77/31 806/78/31 804/79/31 802/80/31 800/81/31 798/82/31 796/83/31 794/84/31 792/85/31 790/86/31 788/87/31 786/88/31 784/89/31 782/90/31 780/91/31 778/92/31 776/93/31 774/94/31
f 829/62/32 830/61/32 832/95/32 831/96/32
f 831/96/33 832/95/33 770/97/33 769/98/33
f 769/99/34 771/100/34 773/101/34 775/102/34 777/103/34 779/104/34 781/105/34 783/106/34 785/107/34 787/108/34 789/109/34 791/110/34 793/111/34 795/112/34 797/113/34 799/114/34 801/115/34 803/116/34 805/117/34 807/118/34 809/119/34 811/120/34 813/121/34 815/122/34 817/123/34 819/124/34 821/125/34 823/126/34 825/127/34 827/128/34 829/129/34 831/130/34
f 833/1/1 834/2/1 836/3/1 835/4/1
f 835/4/2 836/3/2 838/5/2 837/6/2
f 837/6/3 838/5/3 840/7/3 839/8/3
f 839/8/4 840/7/4 842/9/4 841/10/4
f 841/10/5 842/9/5 844/11/5 843/12/5
f 843/12/6 844/11/6 846/13/6 845/14/6
f 845/14/7 846/13/7 848/15/7 847/16/7
f 847/16/8 848/15/8 850/17/8 849/18/8
f 849/18/9 850/17/9 852/19/9 851/20/9
f 851/20/10 852/19/10 854/21/10 853/22/10
f 853/22/11 854/21/11 856/23/11 855/24/11
f 855/24/12 856/23/12 858/25/12 857/26/12
f 857/26/13 858/25/13 860/27/13 859/28/13
f 859/28/14 860/27/14 862/29/14 861/30/14
f 861/30/15 862/29/15 864/31/15 863/32/15
f 863/32/16 864/31/16 866/33/16 865/34/16
f 865/34/17 866/33/17 868/35/17 867/36/17
f 867/36/18 868/35/18 870/37/18 869/38/18
f 869/38/19 870/37/19 872/39/19 871/40/19
f 871/40/20 872/39/20 874/41/20 873/42/20
f 873/42/21 874/41/21 876/43/21 875/44/21
f 875/44/22 876/43/22 878/45/22 877/46/22
f 877/46/23 878/45/23 880/47/23 879/48/23
f 879/48/24 880/47/24 882/49/24 881/50/24
f 881/50/25 882/49/25 884/51/25 883/52/25
f 883/52/26 884/51/26 886/53/26 885/54/26
f 885/54/27 886/53/27 888/55/27 887/56/27
f 887/56/28 888/55/28 890/57/28 889/58/28
f 889/58/29 890/57/29 892/59/29 891/60/29
f 891/60/30 892/59/30 894/61/30 893/62/30
f 836/63/31 834/64/31 896/65/31 894/66/31 892/67/31 890/68/31 888/69/31 886/70/31 884/71/31 882/72/31 880/73/31 878/74/31 876/75/31 874/76/31 872/77/31 870/78/31 868/79/31 866/80/31 864/81/31 862/82/31 860/83/31 858/84/31 856/85/31 854/86/31 852/87/31 850/88/31 848/89/31 846/90/31 844/91/31 842/92/31 840/93/31 838/94/31
f 893/62/32 894/61/32 896/95/32 895/96/32
f 895/96/33 896/95/33 834/97/33 833/98/33
f 833/99/34 835/100/34 837/101/34 839/102/34 841/103/34 843/104/34 845/105/34 847/106/34 849/107/34 851/108/34 853/109/34 855/110/34 857/111/34 859/112/34 861/113/34 863/114/34 865/115/34 867/116/34 869/117/34 871/118/34 873/119/34 875/120/34 877/121/34 879/122/34 881/123/34 883/124/34 885/125/34 887/126/34 889/127/34 891/128/34 893/129/34 895/130/34
f 897/1/1 898/2/1 900/3/1 899/4/1
f 899/4/2 900/3/2 902/5/2 901/6/2
f 901/6/3 902/5/3 904/7/3 903/8/3
f 903/8/4 904/7/4 906/9/4 905/10/4
f 905/10/5 906/9/5 908/11/5 907/12/5
f 907/12/6 908/11/6 910/13/6 909/14/6
f 909/14/7 910/13/7 912/15/7 911/16/7
f 911/16/8 912/15/8 914/17/8 913/18/8
f 913/18/9 914/17/9 916/19/9 915/20/9
f 915/20/10 916/19/10 918/21/10 917/22/10
f 917/22/11 918/21/11 920/23/11 919/24/11
f 919/24/12 920/23/12 922/25/12 921/26/12
f 921/26/13 922/25/13 924/27/13 923/28/13
f 923/28/14 924/27/14 926/29/14 925/30/14
f 925/30/15 926/29/15 928/31/15 927/32/15
f 927/32/16 928/31/16 930/33/16 929/34/16
f 929/34/17 930/33/17 932/35/17 931/36/17
f 931/36/18 932/35/18 934/37/18 933/38/18
f 933/38/19 934/37/19 936/39/19 935/40/19
f 935/40/20 936/39/20 938/41/20 937/42/20
f 937/42/21 938/41/21 940/43/21 939/44/21
f 939/44/22 940/43/22 942/45/22 941/46/22
f 941/46/23 942/45/23 944/47/23 943/48/23
f 943/48/24 944/47/24 946/49/24 945/50/24
f 945/50/25 946/49/25 948/51/25 947/52/25
f 947/52/26 948/51/26 950/53/26 949/54/26
f 949/54/27 950/53/27 952/55/27 951/56/27
f 951/56/28 952/55/28 954/57/28 953/58/28
f 953/58/29 954/57/29 956/59/29 955/60/29
f 955/60/30 956/59/30 958/61/30 957/62/30
f 900/63/31 898/64/31 960/65/31 958/66/31 956/67/31 954/68/31 952/69/31 950/70/31 948/71/31 946/72/31 944/73/31 942/74/31 940/75/31 938/76/31 936/77/31 934/78/31 932/79/31 930/80/31 928/81/31 926/82/31 924/83/31 922/84/31 920/85/31 918/86/31 916/87/31 914/88/31 912/89/31 910/90/31 908/91/31 906/92/31 904/93/31 902/94/31
f 957/62/32 958/61/32 960/95/32 959/96/32
f 959/96/33 960/95/33 898/97/33 897/98/33
f 897/99/34 899/100/34 901/101/34 903/102/34 905/103/34 907/104/34 909/105/34 911/106/34 913/107/34 915/108/34 917/109/34 919/110/34 921/111/34 923/112/34 925/113/34 927/114/34 929/115/34 931/116/34 933/117/34 935/118/34 937/119/34 939/120/34 941/121/34 943/122/34 945/123/34 947/124/34 949/125/34 951/126/34 953/127/34 955/128/34 957/129/34 959/130/34
f 961/1/1 962/2/1 964/3/1 963/4/1
f 963/4/2 964/3/2 966/5/2 965/6/2
f 965/6/3 966/5/3 968/7/3 967/8/3
f 967/8/4 968/7/4 970/9/4 969/10/4
f 969/10/5 970/9/5 972/11/5 971/12/5
f 971/12/6 972/11/6 974/13/6 973/14/6
f 973/14/7 974/13/7 976/15/7 975/16/7
f 975/16/8 976/15/8 978/17/8 977/18/8
f 977/18/9 978/17/9 980/19/9 979/20/9
f 979/20/10 980/19/10 982/21/10 981/22/10
f 981/22/11 982/21/11 984/23/11 983/24/11
f 983/24/12 984/23/12 986/25/12 985/26/12
f 985/26/13 986/25/13 988/27/13 987/28/13
f 987/28/14 988/27/14 990/29/14 989/30/14
f 989/30/15 990/29/15 992/31/15 991/32/15
f 991/32/16 992/31/16 994/33/16 993/34/16
f 993/34/17 994/33/17 996/35/17 995/36/17
f 995/36/18 996/35/18 998/37/18 997/38/18
f 997/38/19 998/37/19 1000/39/19 999/40/19
f 999/40/20 1000/39/20 1002/41/20 1001/42/20
f 1001/42/21 1002/41/21 1004/43/21 1003/44/21
f 1003/44/22 1004/43/22 1006/45/22 1005/46/22
f 1005/46/23 1006/45/23 1008/47/23 1007/48/23
f 1007/48/24 1008/47/24 1010/49/24 1009/50/24
f 1009/50/25 1010/49/25 1012/51/25 1011/52/25
f 1011/52/26 1012/51/26 1014/53/26 1013/54/26
f 1013/54/27 1014/53/27 1016/55/27 1015/56/27
f 1015/56/28 1016/55/28 1018/57/28 1017/58/28
f 1017/58/29 1018/57/29 1020/59/29 1019/60/29
f 1019/60/30 1020/59/30 1022/61/30 1021/62/30
f 964/63/31 962/64/31 1024/65/31 1022/66/31 1020/67/31 1018/68/31 1016/69/31 1014/70/31 1012/71/31 1010/72/31 1008/73/31 1006/74/31 1004/75/31 1002/76/31 1000/77/31 998/78/31 996/79/31 994/80/31 992/81/31 990/82/31 988/83/31 986/84/31 984/85/31 982/86/31 980/87/31 978/88/31 976/89/31 974/90/31 972/91/31 970/92/31 968/93/31 966/94/31
f 1021/62/32 1022/61/32 1024/95/32 1023/96/32
f 1023/96/33 1024/95/33 962/97/33 961/98/33
f 961/99/34 963/100/34 965/101/34 967/102/34 969/103/34 971/104/34 973/105/34 975/106/34 977/107/34 979/108/34 981/109/34 983/110/34 985/111/34 987/112/34 989/113/34 991/114/34 993/115/34 995/116/34 997/117/34 999/118/34 1001/119/34 1003/120/34 1005/121/34 1007/122/34 1009/123/34 1011/124/34 1013/125/34 1015/126/34 1017/127/34 1019/128/34 1021/129/34 1023/130/34
f 1025/1/1 1026/2/1 1028/3/1 1027/4/1
f 1027/4/2 1028/3/2 1030/5/2 1029/6/2
f 1029/6/3 1030/5/3 1032/7/3 1031/8/3
f 1031/8/4 1032/7/4 1034/9/4 1033/10/4
f 1033/10/5 1034/9/5 1036/11/5 1035/12/5
f 1035/12/6 1036/11/6 1038/13/6 1037/14/6
f 1037/14/7 1038/13/7 1040/15/7 1039/16/7
f 1039/16/8 1040/15/8 1042/17/8 1041/18/8
f 1041/18/9 1042/17/9 1044/19/9 1043/20/9
f 1043/20/10 1044/19/10 1046/21/10 1045/22/10
f 1045/22/11 1046/21/11 1048/23/11 1047/24/11
f 1047/24/12 1048/23/12 1050/25/12 1049/26/12
f 1049/26/13 1050/25/13 1052/27/13 1051/28/13
f 1051/28/14 1052/27/14 1054/29/14 1053/30/14
f 1053/30/15 1054/29/15 1056/31/15 1055/32/15
f 1055/32/16 1056/31/16 1058/33/16 1057/34/16
f 1057/34/17 1058/33/17 1060/35/17 1059/36/17
f 1059/36/18 1060/35/18 1062/37/18 1061/38/18
f 1061/38/19 1062/37/19 1064/39/19 1063/40/19
f 1063/40/20 1064/39/20 1066/41/20 1065/42/20
f 1065/42/21 1066/41/21 1068/43/21 1067/44/21
f 1067/44/22 1068/43/22 1070/45/22 1069/46/22
f 1069/46/23 1070/45/23 1072/47/23 1071/48/23
f 1071/48/24 1072/47/24 1074/49/24 1073/50/24
f 1073/50/25 1074/49/25 1076/51/25 1075/52/25
f 1075/52/26 1076/51/26 1078/53/26 1077/54/26
f 1077/54/27 1078/53/27 1080/55/27 1079/56/27
f 1079/56/28 1080/55/28 1082/57/28 1081/58/28
f 1081/58/29 1082/57/29 1084/59/29 1083/60/29
f 1083/60/30 1084/59/30 1086/61/30 1085/62/30
f 1028/63/31 1026/64/31 1088/65/31 1086/66/31 1084/67/31 1082/68/31 1080/69/31 1078/70/31 1076/71/31 1074/72/31 1072/73/31 1070/74/31 1068/75/31 1066/76/31 1064/77/31 1062/78/31 1060/79/31 1058/80/31 1056/81/31 1054/82/31 1052/83/31 1050/84/31 1048/85/31 1046/86/31 1044/87/31 1042/88/31 1040/89/31 1038/90/31 1036/91/31 1034/92/31 1032/93/31 1030/94/31
f 1085/62/32 1086/61/32 1088/95/32 1087/96/32
f 1087/96/33 1088/95/33 1026/97/33 1025/98/33
f 1025/99/34 1027/100/34 1029/101/34 1031/102/34 1033/103/34 1035/104/34 1037/105/34 1039/106/34 1041/107/34 1043/108/34 1045/109/34 1047/110/34 1049/111/34 1051/112/34 1053/113/34 1055/114/34 1057/115/34 1059/116/34 1061/117/34 1063/118/34 1065/119/34 1067/120/34 1069/121/34 1071/122/34 1073/123/34 1075/124/34 1077/125/34 1079/126/34 1081/127/34 1083/128/34 1085/129/34 1087/130/34
f 1089/1/1 1090/2/1 1092/3/1 1091/4/1
f 1091/4/2 1092/3/2 1094/5/2 1093/6/2
f 1093/6/3 1094/5/3 1096/7/3 1095/8/3
f 1095/8/4 1096/7/4 1098/9/4 1097/10/4
f 1097/10/5 1098/9/5 1100/11/5 1099/12/5
f 1099/12/6 1100/11/6 1102/13/6 1101/14/6
f 1101/14/7 1102/13/7 1104/15/7 1103/16/7
f 1103/16/8 1104/15/8 1106/17/8 1105/18/8
f 1105/18/9 1106/17/9 1108/19/9 1107/20/9
f 1107/20/10 1108/19/10 1110/21/10 1109/22/10
f 1109/22/11 1110/21/11 1112/23/11 1111/24/11
f 1111/24/12 1112/23/12 1114/25/12 1113/26/12
f 1113/26/13 1114/25/13 1116/27/13 1115/28/13
f 1115/28/14 1116/27/14 1118/29/14 1117/30/14
f 1117/30/15 1118/29/15 1120/31/15 1119/32/15
f 1119/32/16 1120/31/16 1122/33/16 1121/34/16
f 1121/34/17 1122/33/17 1124/35/17 1123/36/17
f 1123/36/18 1124/35/18 1126/37/18 1125/38/18
f 1125/38/19 1126/37/19 1128/39/19 1127/40/19
f 1127/40/20 1128/39/20 1130/41/20 1129/42/20
f 1129/42/21 1130/41/21 1132/43/21 1131/44/21
f 1131/44/22 1132/43/22 1134/45/22 1133/46/22
f 1133/46/23 1134/45/23 1136/47/23 1135/48/23
f 1135/48/24 1136/47/24 1138/49/24 1137/50/24
f 1137/50/25 1138/49/25 1140/51/25 1139/52/25
f 1139/52/26 1140/51/26 1142/53/26 1141/54/26
f 1141/54/27 1142/53/27 1144/55/27 1143/56/27
f 1143/56/28 1144/55/28 1146/57/28 1145/58/28
f 1145/58/29 1146/57/29 1148/59/29 1147/60/29
f 1147/60/30 1148/59/30 1150/61/30 1149/62/30
f 1092/63/31 1090/64/31 1152/65/31 1150/66/31 1148/67/31 1146/68/31 1144/69/31 1142/70/31 1140/71/31 1138/72/31 1136/73/31 1134/74/31 1132/75/31 1130/76/31 1128/77/31 1126/78/31 1124/79/31 1122/80/31 1120/81/31 1118/82/31 1116/83/31 1114/84/31 1112/85/31 1110/86/31 1108/87/31 1106/88/31 1104/89/31 1102/90/31 1100/91/31 1098/92/31 1096/93/31 1094/94/31
f 1149/62/32 1150/61/32 1152/95/32 1151/96/32
f 1151/96/33 1152/95/33 1090/97/33 1089/98/33
f 1089/99/34 1091/100/34 1093/101/34 1095/102/34 1097/103/34 1099/104/34 1101/105/34 1103/106/34 1105/107/34 1107/108/34 1109/109/34 1111/110/34 1113/111/34 1115/112/34 1117/113/34 1119/114/34 1121/115/34 1123/116/34 1125/117/34 1127/118/34 1129/119/34 1131/120/34 1133/121/34 1135/122/34 1137/123/34 1139/124/34 1141/125/34 1143/126/34 1145/127/34 1147/128/34 1149/129/34 1151/130/34
f 1153/1/1 1154/2/1 1156/3/1 1155/4/1
f 1155/4/2 1156/3/2 1158/5/2 1157/6/2
f 1157/6/3 1158/5/3 1160/7/3 1159/8/3
f 1159/8/4 1160/7/4 1162/9/4 1161/10/4
f 1161/10/5 1162/9/5 1164/11/5 1163/12/5
f 1163/12/6 1164/11/6 1166/13/6 1165/14/6
f 1165/14/7 1166/13/7 1168/15/7 1167/16/7
f 1167/16/8 1168/15/8 1170/17/8 1169/18/8
f 1169/18/9 1170/17/9 1172/19/9 1171/20/9
f 1171/20/10 1172/19/10 1174/21/10 1173/22/10
f 1173/22/11 1174/21/11 1176/23/11 1175/24/11
f 1175/24/12 1176/23/12 1178/25/12 1177/26/12
f 1177/26/13 1178/25/13 1180/27/13 1179/28/13
f 1179/28/14 1180/27/14 1182/29/14 1181/30/14
f 1181/30/15 1182/29/15 1184/31/15 1183/32/15
f 1183/32/16 1184/31/16 1186/33/16 1185/34/16
f 1185/34/17 1186/33/17 1188/35/17 1187/36/17
f 1187/36/18 1188/35/18 1190/37/18 1189/38/18
f 1189/38/19 1190/37/19 1192/39/19 1191/40/19
f 1191/40/20 1192/39/20 1194/41/20 1193/42/20
f 1193/42/21 1194/41/21 1196/43/21 1195/44/21
f 1195/44/22 1196/43/22 1198/45/22 1197/46/22
f 1197/46/23 1198/45/23 1200/47/23 1199/48/23
f 1199/48/24 1200/47/24 1202/49/24 1201/50/24
f 1201/50/25 1202/49/25 1204/51/25 1203/52/25
f 1203/52/26 1204/51/26 1206/53/26 1205/54/26
f 1205/54/27 1206/53/27 1208/55/27 1207/56/27
f 1207/56/28 1208/55/28 1210/57/28 1209/58/28
f 1209/58/29 1210/57/29 1212/59/29 1211/60/29
f 1211/60/30 1212/59/30 1214/61/30 1213/62/30
f 1156/63/31 1154/64/31 1216/65/31 1214/66/31 1212/67/31 1210/68/31 1208/69/31 1206/70/31 1204/71/31 1202/72/31 1200/73/31 1198/74/31 1196/75/31 1194/76/31 1192/77/31 1190/78/31 1188/79/31 1186/80/31 1184/81/31 1182/82/31 1180/83/31 1178/84/31 1176/85/31 1174/86/31 1172/87/31 1170/88/31 1168/89/31 1166/90/31 1164/91/31 1162/92/31 1160/93/31 1158/94/31
f 1213/62/32 1214/61/32 1216/95/32 1215/96/32
f 1215/96/33 1216/95/33 1154/97/33 1153/98/33
f 1153/99/34 1155/100/34 1157/101/34 1159/102/34 1161/103/34 1163/104/34 1165/105/34 1167/106/34 1169/107/34 1171/108/34 1173/109/34 1175/110/34 1177/111/34 1179/112/34 1181/113/34 1183/114/34 1185/115/34 1187/116/34 1189/117/34 1191/118/34 1193/119/34 1195/120/34 1197/121/34 1199/122/34 1201/123/34 1203/124/34 1205/125/34 1207/126/34 1209/127/34 1211/128/34 1213/129/34 1215/130/34
f 1217/1/1 1218/2/1 1220/3/1 1219/4/1
f 1219/4/2 1220/3/2 1222/5/2 1221/6/2
f 1221/6/3 1222/5/3 1224/7/3 1223/8/3
f 1223/8/4 1224/7/4 1226/9/4 1225/10/4
f 1225/10/5 1226/9/5 1228/11/5 1227/12/5
f 1227/12/6 1228/11/6 1230/13/6 1229/14/6
f 1229/14/7 1230/13/7 1232/15/7 1231/16/7
f 1231/16/8 1232/15/8 1234/17/8 1233/18/8
f 1233/18/9 1234/17/9 1236/19/9 1235/20/9
f 1235/20/10 1236/19/10 1238/21/10 1237/22/10
f 1237/22/11 1238/21/11 1240/23/11 1239/24/11
f 1239/24/12 1240/23/12 1242/25/12 1241/26/12
f 1241/26/13 1242/25/13 1244/27/13 1243/28/13
f 1243/28/14 1244/27/14 1246/29/14 1245/30/14
f 1245/30/15 1246/29/15 1248/31/15 1247/32/15
f 1247/32/16 1248/31/16 1250/33/16 1249/34/16
f 1249/34/17 1250/33/17 1252/35/17 1251/36/17
f 1251/36/18 1252/35/18 1254/37/18 1253/38/18
f 1253/38/19 1254/37/19 1256/39/19 1255/40/19
f 1255/40/20 1256/39/20 1258/41/20 1257/42/20
f 1257/42/21 1258/41/21 1260/43/21 1259/44/21
f 1259/44/22 1260/43/22 1262/45/22 1261/46/22
f 1261/46/23 1262/45/23 1264/47/23 1263/48/23
f 1263/48/24 1264/47/24 1266/49/24 1265/50/24
f 1265/50/25 1266/49/25 1268/51/25 1267/52/25
f 1267/52/26 1268/51/26 1270/53/26 1269/54/26
f 1269/54/27 1270/53/27 1272/55/27 1271/56/27
f 1271/56/28 1272/55/28 1274/57/28 1273/58/28
f 1273/58/29 1274/57/29 1276/59/29 1275/60/29
f 1275/60/30 1276/59/30 1278/61/30 1277/62/30
f 1220/63/31 1218/64/31 1280/65/31 1278/66/31 1276/67/31 1274/68/31 1272/69/31 1270/70/31 1268/71/31 1266/72/31 1264/73/31 1262/74/31 1260/75/31 1258/76/31 1256/77/31 1254/78/31 1252/79/31 1250/80/31 1248/81/31 1246/82/31 1244/83/31 1242/84/31 1240/85/31 1238/86/31 1236/87/31 1234/88/31 1232/89/31 1230/90/31 1228/91/31 1226/92/31 1224/93/31 1222/94/31
f 1277/62/32 1278/61/32 1280/95/32 1279/96/32
f 1279/96/33 1280/95/33 1218/97/33 1217/98/33
f 1217/99/34 1219/100/34 1221/101/34 1223/102/34 1225/103/34 1227/104/34 1229/105/34 1231/106/34 1233/107/34 1235/108/34 1237/109/34 1239/110/34 1241/111/34 1243/112/34 1245/113/34 1247/114/34 1249/115/34 1251/116/34 1253/117/34 1255/118/34 1257/119/34 1259/120/34 1261/121/34 1263/122/34 1265/123/34 1267/124/34 1269/125/34 1271/126/34 1273/127/34 1275/128/34 1277/129/34 1279/130/34
f 1281/1/1 1282/2/1 1284/3/1 1283/4/1
f 1283/4/2 1284/3/2 1286/5/2 1285/6/2
f 1285/6/3 1286/5/3 1288/7/3 1287/8/3
f 1287/8/4 1288/7/4 1290/9/4 1289/10/4
f 1289/10/5 1290/9/5 1292/11/5 1291/12/5
f 1291/12/6 1292/11/6 1294/13/6 1293/14/6
f 1293/14/7 1294/13/7 1296/15/7 1295/16/7
f 1295/16/8 1296/15/8 1298/17/8 1297/18/8
f 1297/18/9 1298/17/9 1300/19/9 1299/20/9
f 1299/20/10 1300/19/10 1302/21/10 1301/22/10
f 1301/22/11 1302/21/11 1304/23/11 1303/24/11
f 1303/24/12 1304/23/12 1306/25/12 1305/26/12
f 1305/26/13 1306/25/13 1308/27/13 1307/28/13
f 1307/28/14 1308/27/14 1310/29/14 1309/30/14
f 1309/30/15 1310/29/15 1312/31/15 1311/32/15
f 1311/32/16 1312/31/16 1314/33/16 1313/34/16
f 1313/34/17 1314/33/17 1316/35/17 1315/36/17
f 1315/36/18 1316/35/18 1318/37/18 1317/38/18
f 1317/38/19 1318/37/19 1320/39/19 1319/40/19
f 1319/40/20 1320/39/20 1322/41/20 1321/42/20
f 1321/42/21 1322/41/21 1324/43/21 1323/44/21
f 1323/44/22 1324/43/22 1326/45/22 1325/46/22
f 1325/46/23 1326/45/23 1328/47/23 1327/48/23
f 1327/48/24 1328/47/24 1330/49/24 1329/50/24
f 1329/50/25 1330/49/25 1332/51/25 1331/52/25
f 1331/52/26 1332/51/26 1334/53/26 1333/54/26
f 1333/54/27 1334/53/27 1336/55/27 1335/56/27
f 1335/56/28 1336/55/28 1338/57/28 1337/58/28
f 1337/58/29 1338/57/29 1340/59/29 1339/60/29
f 1339/60/30 1340/59/30 1342/61/30 1341/62/30
f 1284/63/31 1282/64/31 1344/65/31 1342/66/31 1340/67/31 1338/68/31 1336/69/31 1334/70/31 1332/71/31 1330/72/31 1328/73/31 1326/74/31 1324/75/31 1322/76/31 1320/77/31 1318/78/31 1316/79/31 1314/80/31 1312/81/31 1310/82/31 1308/83/31 1306/84/31 1304/85/31 1302/86/31 1300/87/31 1298/88/31 1296/89/31 1294/90/31 1292/91/31 1290/92/31 1288/93/31 1286/94/31
f 1341/62/32 1342/61/32 1344/95/32 1343/96/32
f 1343/96/33 1344/95/33 1282/97/33 1281/98/33
f 1281/99/34 1283/100/34 1285/101/34 1287/102/34 1289/103/34 1291/104/34 1293/105/34 1295/106/34 1297/107/34 1299/108/34 1301/109/34 1303/110/34 1305/111/34 1307/112/34 1309/113/34 1311/114/34 1313/115/34 1315/116/34 1317/117/34 1319/118/34 1321/119/34 1323/120/34 1325/121/34 1327/122/34 1329/123/34 1331/124/34 1333/125/34 1335/126/34 1337/127/34 1339/128/34 1341/129/34 1343/130/34
f 1345/1/1 1346/2/1 1348/3/1 1347/4/1
f 1347/4/2 1348/3/2 1350/5/2 1349/6/2
f 1349/6/3 1350/5/3 1352/7/3 1351/8/3
f 1351/8/4 1352/7/4 1354/9/4 1353/10/4
f 1353/10/5 1354/9/5 1356/11/5 1355/12/5
f 1355/12/6 1356/11/6 1358/13/6 1357/14/6
f 1357/14/7 1358/13/7 1360/15/7 1359/16/7
f 1359/16/8 1360/15/8 1362/17/8 1361/18/8
f 1361/18/9 1362/17/9 1364/19/9 1363/20/9
f 1363/20/10 1364/19/10 1366/21/10 1365/22/10
f 1365/22/11 1366/21/11 1368/23/11 1367/24/11
f 1367/24/12 1368/23/12 1370/25/12 1369/26/12
f 1369/26/13 1370/25/13 1372/27/13 1371/28/13
f 1371/28/14 1372/27/14 1374/29/14 1373/30/14
f 1373/30/15 1374/29/15 1376/31/15 1375/32/15
f 1375/32/16 1376/31/16 1378/33/16 1377/34/16
f 1377/34/17 1378/33/17 1380/35/17 1379/36/17
f 1379/36/18 1380/35/18 1382/37/18 1381/38/18
f 1381/38/19 1382/37/19 1384/39/19 1383/40/19
f 1383/40/20 1384/39/20 1386/41/20 1385/42/20
f 1385/42/21 1386/41/21 1388/43/21 1387/44/21
f 1387/44/22 1388/43/22 1390/45/22 1389/46/22
f 1389/46/23 1390/45/23 1392/47/23 1391/48/23
f 1391/48/24 1392/47/24 1394/49/24 1393/50/24
f 1393/50/25 1394/49/25 1396/51/25 1395/52/25
f 1395/52/26 1396/51/26 1398/53/26 1397/54/26
f 1397/54/27 1398/53/27 1400/55/27 1399/56/27
f 1399/56/28 1400/55/28 1402/57/28 1401/58/28
f 1401/58/29 1402/57/29 1404/59/29 1403/60/29
f 1403/60/30 1404/59/30 1406/61/30 1405/62/30
f 1348/63/31 1346/64/31 1408/65/31 1406/66/31 1404/67/31 1402/68/31 1400/69/31 1398/70/31 1396/71/31 1394/72/31 1392/73/31 1390/74/31 1388/75/31 1386/76/31 1384/77/31 1382/78/31 1380/79/31 1378/80/31 1376/81/31 1374/82/31 1372/83/31 1370/84/31 1368/85/31 1366/86/31 1364/87/31 1362/88/31 1360/89/31 1358/90/31 1356/91/31 1354/92/31 1352/93/31 1350/94/31
f 1405/62/32 1406/61/32 1408/95/32 1407/96/32
f 1407/96/33 1408/95/33 1346/97/33 1345/98/33
f 1345/99/34 1347/100/34 1349/101/34 1351/102/34 1353/103/34 1355/104/34 1357/105/34 1359/106/34 1361/107/34 1363/108/34 1365/109/34 1367/110/34 1369/111/34 1371/112/34 1373/113/34 1375/114/34 1377/115/34 1379/116/34 1381/117/34 1383/118/34 1385/119/34 1387/120/34 1389/121/34 1391/122/34 1393/123/34 1395/124/34 1397/125/34 1399/126/34 1401/127/34 1403/128/34 1405/129/34 1407/130/34
f 1409/1/1 1410/2/1 1412/3/1 1411/4/1
f 1411/4/2 1412/3/2 1414/5/2 1413/6/2
f 1413/6/3 1414/5/3 1416/7/3 1415/8/3
f 1415/8/4 1416/7/4 1418/9/4 1417/10/4
f 1417/10/5 1418/9/5 1420/11/5 1419/12/5
f 1419/12/6 1420/11/6 1422/13/6 1421/14/6
f 1421/14/7 1422/13/7 1424/15/7 1423/16/7
f 1423/16/8 1424/15/8 1426/17/8 1425/18/8
f 1425/18/9 1426/17/9 1428/19/9 1427/20/9
f 1427/20/10 1428/19/10 1430/21/10 1429/22/10
f 1429/22/11 1430/21/11 1432/23/11 1431/24/11
f 1431/24/12 1432/23/12 1434/25/12 1433/26/12
f 1433/26/13 1434/25/13 1436/27/13 1435/28/13
f 1435/28/14 1436/27/14 1438/29/14 1437/30/14
f 1437/30/15 1438/29/15 1440/31/15 1439/32/15
f 1439/32/16 1440/31/16 1442/33/16 1441/34/16
f 1441/34/17 1442/33/17 1444/35/17 1443/36/17
f 1443/36/18 1444/35/18 1446/37/18 1445/38/18
f 1445/38/19 1446/37/19 1448/39/19 1447/40/19
f 1447/40/20 1448/39/20 1450/41/20 1449/42/20
f 1449/42/21 1450/41/21 1452/43/21 1451/44/21
f 1451/44/22 1452/43/22 1454/45/22 1453/46/22
f 1453/46/23 1454/45/23 1456/47/23 1455/48/23
f 1455/48/24 1456/47/24 1458/49/24 1457/50/24
f 1457/50/25 1458/49/25 1460/51/25 1459/52/25
f 1459/52/26 1460/51/26 1462/53/26 1461/54/26
f 1461/54/27 1462/53/27 1464/55/27 1463/56/27
f 1463/56/28 1464/55/28 1466/57/28 1465/58/28
f 1465/58/29 1466/57/29 1468/59/29 1467/60/29
f 1467/60/30 1468/59/30 1470/61/30 1469/62/30
f 1412/63/31 1410/64/31 1472/65/31 1470/66/31 1468/67/31 1466/68/31 1464/69/31 1462/70/31 1460/71/31 1458/72/31 1456/73/31 1454/74/31 1452/75/31 1450/76/31 1448/77/31 1446/78/31 1444/79/31 1442/80/31 1440/81/31 1438/82/31 1436/83/31 1434/84/31 1432/85/31 1430/86/31 1428/87/31 1426/88/31 1424/89/31 1422/90/31 1420/91/31 1418/92/31 1416/93/31 1414/94/31
f 1469/62/32 1470/61/32 1472/95/32 1471/96/32
f 1471/96/33 1472/95/33 1410/97/33 1409/98/33
f 1409/99/34 1411/100/34 1413/101/34 1415/102/34 1417/103/34 1419/104/34 1421/105/34 1423/106/34 1425/107/34 1427/108/34 1429/109/34 1431/110/34 1433/111/34 1435/112/34 1437/113/34 1439/114/34 1441/115/34 1443/116/34 1445/117/34 1447/118/34 1449/119/34 1451/120/34 1453/121/34 1455/122/34 1457/123/34 1459/124/34 1461/125/34 1463/126/34 1465/127/34 1467/128/34 1469/129/34 1471/130/34
f 1473/1/1 1474/2/1 1476/3/1 1475/4/1
f 1475/4/2 1476/3/2 1478/5/2 1477/6/2
f 1477/6/3 1478/5/3 1480/7/3 1479/8/3
f 1479/8/4 1480/7/4 1482/9/4 1481/10/4
f 1481/10/5 1482/9/5 1484/11/5 1483/12/5
f 1483/12/6 1484/11/6 1486/13/6 1485/14/6
f 1485/14/7 1486/13/7 1488/15/7 1487/16/7
f 1487/16/8 1488/15/8 1490/17/8 1489/18/8
f 1489/18/9 1490/17/9 1492/19/9 1491/20/9
f 1491/20/10 1492/19/10 1494/21/10 1493/22/10
f 1493/22/11 1494/21/11 1496/23/11 1495/24/11
f 1495/24/12 1496/23/12 1498/25/12 1497/26/12
f 1497/26/13 1498/25/13 1500/27/13 1499/28/13
f 1499/28/14 1500/27/14 1502/29/14 1501/30/14
f 1501/30/15 1502/29/15 1504/31/15 1503/32/15
f 1503/32/16 1504/31/16 1506/33/16 1505/34/16
f 1505/34/17 1506/33/17 1508/35/17 1507/36/17
f 1507/36/18 1508/35/18 1510/37/18 1509/38/18
f 1509/38/19 1510/37/19 1512/39/19 1511/40/19
f 1511/40/20 1512/39/20 1514/41/20 1513/42/20
f 1513/42/21 1514/41/21 1516/43/21 1515/44/21
f 1515/44/22 1516/43/22 1518/45/22 1517/46/22
f 1517/46/23 1518/45/23 1520/47/23 1519/48/23
f 1519/48/24 1520/47/24 1522/49/24 1521/50/24
f 1521/50/25 1522/49/25 1524/51/25 1523/52/25
f 1523/52/26 1524/51/26 1526/53/26 1525/54/26
f 1525/54/27 1526/53/27 1528/55/27 1527/56/27
f 1527/56/28 1528/55/28 1530/57/28 1529/58/28
f 1529/58/29 1530/57/29 1532/59/29 1531/60/29
f 1531/60/30 1532/59/30 1534/61/30 1533/62/30
f 1476/63/31 1474/64/31 1536/65/31 1534/66/31 1532/67/31 1530/68/31 1528/69/31 1526/70/31 1524/71/31 1522/72/31 1520/73/31 1518/74/31 1516/75/31 1514/76/31 1512/77/31 1510/78/31 1508/79/31 1506/80/31 1504/81/31 1502/82/31 1500/83/31 1498/84/31 1496/85/31 1494/86/31 1492/87/31 1490/88/31 1488/89/31 1486/90/31 1484/91/31 1482/92/31 1480/93/31 1478/94/31
f 1533/62/32 1534/61/32 1536/95/32 1535/96/32
f 1535/96/33 1536/95/33 1474/97/33 1473/98/33
f 1473/99/34 1475/100/34 1477/101/34 1479/102/34 1481/103/34 1483/104/34 1485/105/34 1487/106/34 1489/107/34 1491/108/34 1493/109/34 1495/110/34 1497/111/34 1499/112/34 1501/113/34 1503/114/34 1505/115/34 1507/116/34 1509/117/34 1511/118/34 1513/119/34 1515/120/34 1517/121/34 1519/122/34 1521/123/34 1523/124/34 1525/125/34 1527/126/34 1529/127/34 1531/128/34 1533/129/34 1535/130/34
f 1537/1/1 1538/2/1 1540/3/1 1539/4/1
f 1539/4/2 1540/3/2 1542/5/2 1541/6/2
f 1541/6/3 1542/5/3 1544/7/3 1543/8/3
f 1543/8/4 1544/7/4 1546/9/4 1545/10/4
f 1545/10/5 1546/9/5 1548/11/5 1547/12/5
f 1547/12/6 1548/11/6 1550/13/6 1549/14/6
f 1549/14/7 1550/13/7 1552/15/7 1551/16/7
f 1551/16/8 1552/15/8 1554/17/8 1553/18/8
f 1553/18/9 1554/17/9 1556/19/9 1555/20/9
f 1555/20/10 1556/19/10 1558/21/10 1557/22/10
f 1557/22/11 1558/21/11 1560/23/11 1559/24/11
f 1559/24/12 1560/23/12 1562/25/12 1561/26/12
f 1561/26/13 1562/25/13 1564/27/13 1563/28/13
f 1563/28/14 1564/27/14 1566/29/14 1565/30/14
f 1565/30/15 1566/29/15 1568/31/15 1567/32/15
f 1567/32/16 1568/31/16 1570/33/16 1569/34/16
f 1569/34/17 1570/33/17 1572/35/17 1571/36/17
f 1571/36/18 1572/35/18 1574/37/18 1573/38/18
f 1573/38/19 1574/37/19 1576/39/19 1575/40/19
f 1575/40/20 1576/39/20 1578/41/20 1577/42/20
f 1577/42/21 1578/41/21 1580/43/21 1579/44/21
f 1579/44/22 1580/43/22 1582/45/22 1581/46/22
f 1581/46/23 1582/45/23 1584/47/23 1583/48/23
f 1583/48/24 1584/47/24 1586/49/24 1585/50/24
f 1585/50/25 1586/49/25 1588/51/25 1587/52/25
f 1587/52/26 1588/51/26 1590/53/26 1589/54/26
f 1589/54/27 1590/53/27 1592/55/27 1591/56/27
f 1591/56/28 1592/55/28 1594/57/28 1593/58/28
f 1593/58/29 1594/57/29 1596/59/29 1595/60/29
f 1595/60/30 1596/59/30 1598/61/30 1597/62/30
f 1540/63/31 1538/64/31 1600/65/31 1598/66/31 1596/67/31 1594/68/31 1592/69/31 1590/70/31 1588/71/31 1586/72/31 1584/73/31 1582/74/31 1580/75/31 1578/76/31 1576/77/31 1574/78/31 1572/79/31 1570/80/31 1568/81/31 1566/82/31 1564/83/31 1562/84/31 1560/85/31 1558/86/31 1556/87/31 1554/88/31 1552/89/31 1550/90/31 1548/91/31 1546/92/31 1544/93/31 1542/94/31
f 1597/62/32 1598/61/32 1600/95/32 1599/96/32
f 1599/96/33 1600/95/33 1538/97/33 1537/98/33
f 1537/99/34 1539/100/34 1541/101/34 1543/102/34 1545/103/34 1547/104/34 1549/105/34 1551/106/34 1553/107/34 1555/108/34 1557/109/34 1559/110/34 1561/111/34 1563/112/34 1565/113/34 1567/114/34 1569/115/34 1571/116/34 1573/117/34 1575/118/34 1577/119/34 1579/120/34 1581/121/34 1583/122/34 1585/123/34 1587/124/34 1589/125/34 1591/126/34 1593/127/34 1595/128/34 1597/129/34 1599/130/34
f 1601/1/1 1602/2/1 1604/3/1 1603/4/1
f 1603/4/2 1604/3/2 1606/5/2 1605/6/2
f 1605/6/3 1606/5/3 1608/7/3 1607/8/3
f 1607/8/4 1608/7/4 1610/9/4 1609/10/4
f 1609/10/5 1610/9/5 1612/11/5 1611/12/5
f 1611/12/6 1612/11/6 1614/13/6 1613/14/6
f 1613/14/7 1614/13/7 1616/15/7 1615/16/7
f 1615/16/8 1616/15/8 1618/17/8 1617/18/8
f 1617/18/9 1618/17/9 1620/19/9 1619/20/9
f 1619/20/10 1620/19/10 1622/21/10 1621/22/10
f 1621/22/11 1622/21/11 1624/23/11 1623/24/11
f 1623/24/12 1624/23/12 1626/25/12 1625/26/12
f 1625/26/13 1626/25/13 1628/27/13 1627/28/13
f 1627/28/14 1628/27/14 1630/29/14 1629/30/14
f 1629/30/15 1630/29/15 1632/31/15 1631/32/15
f 1631/32/16 1632/31/16 1634/33/16 1633/34/16
f 1633/34/17 1634/33/17 1636/35/17 1635/36/17
f 1635/36/18 1636/35/18 1638/37/18 1637/38/18
f 1637/38/19 1638/37/19 1640/39/19 1639/40/19
f 1639/40/20 1640/39/20 1642/41/20 1641/42/20
f 1641/42/21 1642/41/21 1644/43/21 1643/44/21
f 1643/44/22 1644/43/22 1646/45/22 1645/46/22
f 1645/46/23 1646/45/23 1648/47/23 1647/48/23
f 1647/48/24 1648/47/24 1650/49/24 1649/50/24
f 1649/50/25 1650/49/25 1652/51/25 1651/52/25
f 1651/52/26 1652/51/26 1654/53/26 1653/54/26
f 1653/54/27 1654/53/27 1656/55/27 1655/56/27
f 1655/56/28 1656/55/28 1658/57/28 1657/58/28
f 1657/58/29 1658/57/29 1660/59/29 1659/60/29
f 1659/60/30 1660/59/30 1662/61/30 1661/62/30
f 1604/63/31 1602/64/31 1664/65/31 1662/66/31 1660/67/31 1658/68/31 1656/69/31 1654/70/31 1652/71/31 1650/72/31 1648/73/31 1646/74/31 1644/75/31 1642/76/31 1640/77/31 1638/78/31 1636/79/31 1634/80/31 1632/81/31 1630/82/31 1628/83/31 1626/84/31 1624/85/31 1622/86/31 1620/87/31 1618/88/31 1616/89/31 1614/90/31 1612/91/31 1610/92/31 1608/93/31 1606/94/31
f 1661/62/32 1662/61/32 1664/95/32 1663/96/32
f 1663/96/33 1664/95/33 1602/97/33 1601/98/33
f 1601/99/34 1603/100/34 1605/101/34 1607/102/34 1609/103/34 1611/104/34 1613/105/34 1615/106/34 1617/107/34 1619/108/34 1621/109/34 1623/110/34 1625/111/34 1627/112/34 1629/113/34 1631/114/34 1633/115/34 1635/116/34 1637/117/34 1639/118/34 1641/119/34 1643/120/34 1645/121/34 1647/122/34 1649/123/34 1651/124/34 1653/125/34 1655/126/34 1657/127/34 1659/128/34 1661/129/34 1663/130/34
f 1665/1/1 1666/2/1 1668/3/1 1667/4/1
f 1667/4/2 1668/3/2 1670/5/2 1669/6/2
f 1669/6/3 1670/5/3 1672/7/3 1671/8/3
f 1671/8/4 1672/7/4 1674/9/4 1673/10/4
f 1673/10/5 1674/9/5 1676/11/5 1675/12/5
f 1675/12/6 1676/11/6 1678/13/6 1677/14/6
f 1677/14/7 1678/13/7 1680/15/7 1679/16/7
f 1679/16/8 1680/15/8 1682/17/8 1681/18/8
f 1681/18/9 1682/17/9 1684/19/9 1683/20/9
f 1683/20/10 1684/19/10 1686/21/10 1685/22/10
f 1685/22/11 1686/21/11 1688/23/11 1687/24/11
f 1687/24/12 1688/23/12 1690/25/12 1689/26/12
f 1689/26/13 1690/25/13 1692/27/13 1691/28/13
f 1691/28/14 1692/27/14 1694/29/14 1693/30/14
f 1693/30/15 1694/29/15 1696/31/15 1695/32/15
f 1695/32/16 1696/31/16 1698/33/16 1697/34/16
f 1697/34/17 1698/33/17 1700/35/17 1699/36/17
f 1699/36/18 1700/35/18 1702/37/18 1701/38/18
f 1701/38/19 1702/37/19 1704/39/19 1703/40/19
f 1703/40/20 1704/39/20 1706/41/20 1705/42/20
f 1705/42/21 1706/41/21 1708/43/21 1707/44/21
f 1707/44/22 1708/43/22 1710/45/22 1709/46/22
f 1709/46/23 1710/45/23 1712/47/23 1711/48/23
f 1711/48/24 1712/47/24 1714/49/24 1713/50/24
f 1713/50/25 1714/49/25 1716/51/25 1715/52/25
f 1715/52/26 1716/51/26 1718/53/26 1717/54/26
f 1717/54/27 1718/53/27 1720/55/27 1719/56/27
f 1719/56/28 1720/55/28 1722/57/28 1721/58/28
f 1721/58/29 1722/57/29 1724/59/29 1723/60/29
f 1723/60/30 1724/59/30 1726/61/30 1725/62/30
f 1668/63/31 1666/64/31 1728/65/31 1726/66/31 1724/67/31 1722/68/31 1720/69/31 1718/70/31 1716/71/31 1714/72/31 1712/73/31 1710/74/31 1708/75/31 1706/76/31 1704/77/31 1702/78/31 1700/79/31 1698/80/31 1696/81/31 1694/82/31 1692/83/31 1690/84/31 1688/85/31 1686/86/31 1684/87/31 1682/88/31 1680/89/31 1678/90/31 1676/91/31 1674/92/31 1672/93/31 1670/94/31
f 1725/62/32 1726/61/32 1728/95/32 1727/96/32
f 1727/96/33 1728/95/33 1666/97/33 1665/98/33
f 1665/99/34 1667/100/34 1669/101/34 1671/102/34 1673/103/34 1675/104/34 1677/105/34 1679/106/34 1681/107/34 1683/108/34 1685/109/34 1687/110/34 1689/111/34 1691/112/34 1693/113/34 1695/114/34 1697/115/34 1699/116/34 1701/117/34 1703/118/34 1705/119/34 1707/120/34 1709/121/34 1711/122/34 1713/123/34 1715/124/34 1717/125/34 1719/126/34 1721/127/34 1723/128/34 1725/129/34 1727/130/34
f 1729/1/1 1730/2/1 1732/3/1 1731/4/1
f 1731/4/2 1732/3/2 1734/5/2 1733/6/2
f 1733/6/3 1734/5/3 1736/7/3 1735/8/3
f 1735/8/4 1736/7/4 1738/9/4 1737/10/4
f 1737/10/5 1738/9/5 1740/11/5 1739/12/5
f 1739/12/6 1740/11/6 1742/13/6 1741/14/6
f 1741/14/7 1742/13/7 1744/15/7 1743/16/7
f 1743/16/8 1744/15/8 1746/17/8 1745/18/8
f 1745/18/9 1746/17/9 1748/19/9 1747/20/9
f 1747/20/10 1748/19/10 1750/21/10 1749/22/10
f 1749/22/11 1750/21/11 1752/23/11 1751/24/11
f 1751/24/12 1752/23/12 1754/25/12 1753/26/12
f 1753/26/13 1754/25/13 1756/27/13 1755/28/13
f 1755/28/14 1756/27/14 1758/29/14 1757/30/14
f 1757/30/15 1758/29/15 1760/31/15 1759/32/15
f 1759/32/16 1760/31/16 1762/33/16 1761/34/16
f 1761/34/17 1762/33/17 1764/35/17 1763/36/17
f 1763/36/18 1764/35/18 1766/37/18 1765/38/18
f 1765/38/19 1766/37/19 1768/39/19 1767/40/19
f 1767/40/20 1768/39/20 1770/41/20 1769/42/20
f 1769/42/21 1770/41/21 1772/43/21 1771/44/21
f 1771/44/22 1772/43/22 1774/45/22 1773/46/22
f 1773/46/23 1774/45/23 1776/47/23 1775/48/23
f 1775/48/24 1776/47/24 1778/49/24 1777/50/24
f 1777/50/25 1778/49/25 1780/51/25 1779/52/25
f 1779/52/26 1780/51/26 1782/53/26 1781/54/26
f 1781/54/27 1782/53/27 1784/55/27 1783/56/27
f 1783/56/28 1784/55/28 1786/57/28 1785/58/28
f 1785/58/29 1786/57/29 1788/59/29 1787/60/29
f 1787/60/30 1788/59/30 1790/61/30 1789/62/30
f 1732/63/31 1730/64/31 1792/65/31 1790/66/31 1788/67/31 1786/68/31 1784/69/31 1782/70/31 1780/71/31 1778/72/31 1776/73/31 1774/74/31 1772/75/31 1770/76/31 1768/77/31 1766/78/31 1764/79/31 1762/80/31 1760/81/31 1758/82/31 1756/83/31 1754/84/31 1752/85/31 1750/86/31 1748/87/31 1746/88/31 1744/89/31 1742/90/31 1740/91/31 1738/92/31 1736/93/31 1734/94/31
f 1789/62/32 1790/61/32 1792/95/32 1791/96/32
f 1791/96/33 1792/95/33 1730/97/33 1729/98/33
f 1729/99/34 1731/100/34 1733/101/34 1735/102/34 1737/103/34 1739/104/34 1741/105/34 1743/106/34 1745/107/34 1747/108/34 1749/109/34 1751/110/34 1753/111/34 1755/112/34 1757/113/34 1759/114/34 1761/115/34 1763/116/34 1765/117/34 1767/118/34 1769/119/34 1771/120/34 1773/121/34 1775/122/34 1777/123/34 1779/124/34 1781/125/34 1783/126/34 1785/127/34 1787/128/34 1789/129/34 1791/130/34
f 1793/1/1 1794/2/1 1796/3/1 1795/4/1
f 1795/4/2 1796/3/2 1798/5/2 1797/6/2
f 1797/6/3 1798/5/3 1800/7/3 1799/8/3
f 1799/8/4 1800/7/4 1802/9/4 1801/10/4
f 1801/10/5 1802/9/5 1804/11/5 1803/12/5
f 1803/12/6 1804/11/6 1806/13/6 1805/14/6
f 1805/14/7 1806/13/7 1808/15/7 1807/16/7
f 1807/16/8 1808/15/8 1810/17/8 1809/18/8
f 1809/18/9 1810/17/9 1812/19/9 1811/20/9
f 1811/20/10 1812/19/10 1814/21/10 1813/22/10
f 1813/22/11 1814/21/11 1816/23/11 1815/24/11
f 1815/24/12 1816/23/12 1818/25/12 1817/26/12
f 1817/26/13 1818/25/13 1820/27/13 1819/28/13
f 1819/28/14 1820/27/14 1822/29/14 1821/30/14
f 1821/30/15 1822/29/15 1824/31/15 1823/32/15
f 1823/32/16 1824/31/16 1826/33/16 1825/34/16
f 1825/34/17 1826/33/17 1828/35/17 1827/36/17
f 1827/36/18 1828/35/18 1830/37/18 1829/38/18
f 1829/38/19 1830/37/19 1832/39/19 1831/40/19
f 1831/40/20 1832/39/20 1834/41/20 1833/42/20
f 1833/42/21 1834/41/21 1836/43/21 1835/44/21
f 1835/44/22 1836/43/22 1838/45/22 1837/46/22
f 1837/46/23 1838/45/23 1840/47/23 1839/48/23
f 1839/48/24 1840/47/24 1842/49/24 1841/50/24
f 1841/50/25 1842/49/25 1844/51/25 1843/52/25
f 1843/52/26 1844/51/26 1846/53/26 1845/54/26
f 1845/54/27 1846/53/27 1848/55/27 1847/56/27
f 1847/56/28 1848/55/28 1850/57/28 1849/58/28
f 1849/58/29 1850/57/29 1852/59/29 1851/60/29
f 1851/60/30 1852/59/30 1854/61/30 1853/62/30
f 1796/63/31 1794/64/31 1856/65/31 1854/66/31 1852/67/31 1850/68/31 1848/69/31 1846/70/31 1844/71/31 1842/72/31 1840/73/31 1838/74/31 1836/75/31 1834/76/31 1832/77/31 1830/78/31 1828/79/31 1826/80/31 1824/81/31 1822/82/31 1820/83/31 1818/84/31 1816/85/31 1814/86/31 1812/87/31 1810/88/31 1808/89/31 1806/90/31 1804/91/31 1802/92/31 1800/93/31 1798/94/31
f 1853/62/32 1854/61/32 1856/95/32 1855/96/32
f 1855/96/33 1856/95/33 1794/97/33 1793/98/33
f 1793/99/34 1795/100/34 1797/101/34 1799/102/34 1801/103/34 1803/104/34 1805/105/34 1807/106/34 1809/107/34 1811/108/34 1813/109/34 1815/110/34 1817/111/34 1819/112/34 1821/113/34 1823/114/34 1825/115/34 1827/116/34 1829/117/34 1831/118/34 1833/119/34 1835/120/34 1837/121/34 1839/122/34 1841/123/34 1843/124/34 1845/125/34 1847/126/34 1849/127/34 1851/128/34 1853/129/34 1855/130/34
f 1857/1/1 1858/2/1 1860/3/1 1859/4/1
f 1859/4/2 1860/3/2 1862/5/2 1861/6/2
f 1861/6/3 1862/5/3 1864/7/3 1863/8/3
f 1863/8/4 1864/7/4 1866/9/4 1865/10/4
f 1865/10/5 1866/9/5 1868/11/5 1867/12/5
f 1867/12/6 1868/11/6 1870/13/6 1869/14/6
f 1869/14/7 1870/13/7 1872/15/7 1871/16/7
f 1871/16/8 1872/15/8 1874/17/8 1873/18/8
f 1873/18/9 1874/17/9 1876/19/9 1875/20/9
f 1875/20/10 1876/19/10 1878/21/10 1877/22/10
f 1877/22/11 1878/21/11 1880/23/11 1879/24/11
f 1879/24/12 1880/23/12 1882/25/12 1881/26/12
f 1881/26/13 1882/25/13 1884/27/13 1883/28/13
f 1883/28/14 1884/27/14 1886/29/14 1885/30/14
f 1885/30/15 1886/29/15 1888/31/15 1887/32/15
f 1887/32/16 1888/31/16 1890/33/16 1889/34/16
f 1889/34/17 1890/33/17 1892/35/17 1891/36/17
f 1891/36/18 1892/35/18 1894/37/18 1893/38/18
f 1893/38/19 1894/37/19 1896/39/19 1895/40/19
f 1895/40/20 1896/39/20 1898/41/20 1897/42/20
f 1897/42/21 1898/41/21 1900/43/21 1899/44/21
f 1899/44/22 1900/43/22 1902/45/22 1901/46/22
f 1901/46/23 1902/45/23 1904/47/23 1903/48/23
f 1903/48/24 1904/47/24 1906/49/24 1905/50/24
f 1905/50/25 1906/49/25 1908/51/25 1907/52/25
f 1907/52/26 1908/51/26 1910/53/26 1909/54/26
f 1909/54/27 1910/53/27 1912/55/27 1911/56/27
f 1911/56/28 1912/55/28 1914/57/28 1913/58/28
f 1913/58/29 1914/57/29 1916/59/29 1915/60/29
f 1915/60/30 1916/59/30 1918/61/30 1917/62/30
f 1860/63/31 1858/64/31 1920/65/31 1918/66/31 1916/67/31 1914/68/31 1912/69/31 1910/70/31 1908/71/31 1906/72/31 1904/73/31 1902/74/31 1900/75/31 1898/76/31 1896/77/31 1894/78/31 1892/79/31 1890/80/31 1888/81/31 1886/82/31 1884/83/31 1882/84/31 1880/85/31 1878/86/31 1876/87/31 1874/88/31 1872/89/31 1870/90/31 1868/91/31 1866/92/31 1864/93/31 1862/94/31
f 1917/62/32 1918/61/32 1920/95/32 1919/96/32
f 1919/96/33 1920/95/33 1858/97/33 1857/98/33
f 1857/99/34 1859/100/34 1861/101/34 1863/102/34 1865/103/34 1867/104/34 1869/105/34 1871/106/34 1873/107/34 1875/108/34 1877/109/34 1879/110/34 1881/111/34 1883/112/34 1885/113/34 1887/114/34 1889/115/34 1891/116/34 1893/117/34 1895/118/34 1897/119/34 1899/120/34 1901/121/34 1903/122/34 1905/123/34 1907/124/34 1909/125/34 1911/126/34 1913/127/34 1915/128/34 1917/129/34 1919/130/34
f 1921/1/1 1922/2/1 1924/3/1 1923/4/1
f 1923/4/2 1924/3/2 1926/5/2 1925/6/2
f 1925/6/3 1926/5/3 1928/7/3 1927/8/3
f 1927/8/4 1928/7/4 1930/9/4 1929/10/4
f 1929/10/5 1930/9/5 1932/11/5 1931/12/5
f 1931/12/6 1932/11/6 1934/13/6 1933/14/6
f 1933/14/7 1934/13/7 1936/15/7 1935/16/7
f 1935/16/8 1936/15/8 1938/17/8 1937/18/8
f 1937/18/9 1938/17/9 1940/19/9 1939/20/9
f 1939/20/10 1940/19/10 1942/21/10 1941/22/10
f 1941/22/11 1942/21/11 1944/23/11 1943/24/11
f 1943/24/12 1944/23/12 1946/25/12 1945/26/12
f 1945/26/13 1946/25/13 1948/27/13 1947/28/13
f 1947/28/14 1948/27/14 1950/29/14 1949/30/14
f 1949/30/15 1950/29/15 1952/31/15 1951/32/15
f 1951/32/16 1952/31/16 1954/33/16 1953/34/16
f 1953/34/17 1954/33/17 1956/35/17 1955/36/17
f 1955/36/18 1956/35/18 1958/37/18 1957/38/18
f 1957/38/19 1958/37/19 1960/39/19 1959/40/19
f 1959/40/20 1960/39/20 1962/41/20 1961/42/20
f 1961/42/21 1962/41/21 1964/43/21 1963/44/21
f 1963/44/22 1964/43/22 1966/45/22 1965/46/22
f 1965/46/23 1966/45/23 1968/47/23 1967/48/23
f 1967/48/24 1968/47/24 1970/49/24 1969/50/24
f 1969/50/25 1970/49/25 1972/51/25 1971/52/25
f 1971/52/26 1972/51/26 1974/53/26 1973/54/26
f 1973/54/27 1974/53/27 1976/55/27 1975/56/27
f 1975/56/28 1976/55/28 1978/57/28 1977/58/28
f 1977/58/29 1978/57/29 1980/59/29 1979/60/29
f 1979/60/30 1980/59/30 1982/61/30 1981/62/30
f 1924/63/31 1922/64/31 1984/65/31 1982/66/31 1980/67/31 1978/68/31 1976/69/31 1974/70/31 1972/71/31 1970/72/31 1968/73/31 1966/74/31 1964/75/31 1962/76/31 1960/77/31 1958/78/31 1956/79/31 1954/80/31 1952/81/31 1950/82/31 1948/83/31 1946/84/31 1944/85/31 1942/86/31 1940/87/31 1938/88/31 1936/89/31 1934/90/31 1932/91/31 1930/92/31 1928/93/31 1926/94/31
f 1981/62/32 1982/61/32 1984/95/32 1983/96/32
f 1983/96/33 1984/95/33 1922/97/33 1921/98/33
f 1921/99/34 1923/100/34 1925/101/34 1927/102/34 1929/103/34 1931/104/34 1933/105/34 1935/106/34 1937/107/34 1939/108/34 1941/109/34 1943/110/34 1945/111/34 1947/112/34 1949/113/34 1951/114/34 1953/115/34 1955/116/34 1957/117/34 1959/118/34 1961/119/34 1963/120/34 1965/121/34 1967/122/34 1969/123/34 1971/124/34 1973/125/34 1975/126/34 1977/127/34 1979/128/34 1981/129/34 1983/130/34
f 1985/1/1 1986/2/1 1988/3/1 1987/4/1
f 1987/4/2 1988/3/2 1990/5/2 1989/6/2
f 1989/6/3 1990/5/3 1992/7/3 1991/8/3
f 1991/8/4 1992/7/4 1994/9/4 1993/10/4
f 1993/10/5 1994/9/5 1996/11/5 1995/12/5
f 1995/12/6 1996/11/6 1998/13/6 1997/14/6
f 1997/14/7 1998/13/7 2000/15/7 1999/16/7
f 1999/16/8 2000/15/8 2002/17/8 2001/18/8
f 2001/18/9 2002/17/9 2004/19/9 2003/20/9
f 2003/20/10 2004/19/10 2006/21/10 2005/22/10
f 2005/22/11 2006/21/11 2008/23/11 2007/24/11
f 2007/24/12 2008/23/12 2010/25/12 2009/26/12
f 2009/26/13 2010/25/13 2012/27/13 2011/28/13
f 2011/28/14 2012/27/14 2014/29/14 2013/30/14
f 2013/30/15 2014/29/15 2016/31/15 2015/32/15
f 2015/32/16 2016/31/16 2018/33/16 2017/34/16
f 2017/34/17 2018/33/17 2020/35/17 2019/36/17
f 2019/36/18 2020/35/18 2022/37/18 2021/38/18
f 2021/38/19 2022/37/19 2024/39/19 2023/40/19
f 2023/40/20 2024/39/20 2026/41/20 2025/42/20
f 2025/42/21 2026/41/21 2028/43/21 2027/44/21
f 2027/44/22 2028/43/22 2030/45/22 2029/46/22
f 2029/46/23 2030/45/23 2032/47/23 2031/48/23
f 2031/48/24 2032/47/24 2034/49/24 2033/50/24
f 2033/50/25 2034/49/25 2036/51/25 2035/52/25
f 2035/52/26 2036/51/26 2038/53/26 2037/54/26
f 2037/54/27 2038/53/27 2040/55/27 2039/56/27
f 2039/56/28 2040/55/28 2042/57/28 2041/58/28
f 2041/58/29 2042/57/29 2044/59/29 2043/60/29
f 2043/60/30 2044/59/30 2046/61/30 2045/62/30
f 1988/63/31 1986/64/31 2048/65/31 2046/66/31 2044/67/31 2042/68/31 2040/69/31 2038/70/31 2036/71/31 2034/72/31 2032/73/31 2030/74/31 2028/75/31 2026/76/31 2024/77/31 2022/78/31 2020/79/31 2018/80/31 2016/81/31 2014/82/31 2012/83/31 2010/84/31 2008/85/31 2006/86/31 2004/87/31 2002/88/31 2000/89/31 1998/90/31 1996/91/31 1994/92/31 1992/93/31 1990/94/31
f 2045/62/32 2046/61/32 2048/95/32 2047/96/32
f 2047/96/33 2048/95/33 1986/97/33 1985/98/33
f 1985/99/34 1987/100/34 1989/101/34 1991/102/34 1993/103/34 1995/104/34 1997/105/34 1999/106/34 2001/107/34 2003/108/34 2005/109/34 2007/110/34 2009/111/34 2011/112/34 2013/113/34 2015/114/34 2017/115/34 2019/116/34 2021/117/34 2023/118/34 2025/119/34 2027/120/34 2029/121/34 2031/122/34 2033/123/34 2035/124/34 2037/125/34 2039/126/34 2041/127/34 2043/128/34 2045/129/34 2047/130/34
f 2049/1/1 2050/2/1 2052/3/1 2051/4/1
f 2051/4/2 2052/3/2 2054/5/2 2053/6/2
f 2053/6/3 2054/5/3 2056/7/3 2055/8/3
f 2055/8/4 2056/7/4 2058/9/4 2057/10/4
f 2057/10/5 2058/9/5 2060/11/5 2059/12/5
f 2059/12/6 2060/11/6 2062/13/6 2061/14/6
f 2061/14/7 2062/13/7 2064/15/7 2063/16/7
f 2063/16/8 2064/15/8 2066/17/8 2065/18/8
f 2065/18/9 2066/17/9 2068/19/9 2067/20/9
f 2067/20/10 2068/19/10 2070/21/10 2069/22/10
f 2069/22/11 2070/21/11 2072/23/11 2071/24/11
f 2071/24/12 2072/23/12 2074/25/12 2073/26/12
f 2073/26/13 2074/25/13 2076/27/13 2075/28/13
f 2075/28/14 2076/27/14 2078/29/14 2077/30/14
f 2077/30/15 2078/29/15 2080/31/15 2079/32/15
f 2079/32/16 2080/31/16 2082/33/16 2081/34/16
f 2081/34/17 2082/33/17 2084/35/17 2083/36/17
f 2083/36/18 2084/35/18 2086/37/18 2085/38/18
f 2085/38/19 2086/37/19 2088/39/19 2087/40/19
f 2087/40/20 2088/39/20 2090/41/20 2089/42/20
f 2089/42/21 2090/41/21 2092/43/21 2091/44/21
f 2091/44/22 2092/43/22 2094/45/22 2093/46/22
f 2093/46/23 2094/45/23 2096/47/23 2095/48/23
f 2095/48/24 2096/47/24 2098/49/24 2097/50/24
f 2097/50/25 2098/49/25 2100/51/25 2099/52/25
f 2099/52/26 2100/51/26 2102/53/26 2101/54/26
f 2101/54/27 2102/53/27 2104/55/27 2103/56/27
f 2103/56/28 2104/55/28 2106/57/28 2105/58/28
f 2105/58/29 2106/57/29 2108/59/29 2107/60/29
f 2107/60/30 2108/59/30 2110/61/30 2109/62/30
f 2052/63/31 2050/64/31 2112/65/31 2110/66/31 2108/67/31 2106/68/31 2104/69/31 2102/70/31 2100/71/31 2098/72/31 2096/73/31 2094/74/31 2092/75/31 2090/76/31 2088/77/31 2086/78/31 2084/79/31 2082/80/31 2080/81/31 2078/82/31 2076/83/31 2074/84/31 2072/85/31 2070/86/31 2068/87/31 2066/88/31 2064/89/31 2062/90/31 2060/91/31 2058/92/31 2056/93/31 2054/94/31
f 2109/62/32 2110/61/32 2112/95/32 2111/96/32
f 2111/96/33 2112/95/33 2050/97/33 2049/98/33
f 2049/99/34 2051/100/34 2053/101/34 2055/102/34 2057/103/34 2059/104/34 2061/105/34 2063/106/34 2065/107/34 2067/108/34 2069/109/34 2071/110/34 2073/111/34 2075/112/34 2077/113/34 2079/114/34 2081/115/34 2083/116/34 2085/117/34 2087/118/34 2089/119/34 2091/120/34 2093/121/34 2095/122/34 2097/123/34 2099/124/34 2101/125/34 2103/126/34 2105/127/34 2107/128/34 2109/129/34 2111/130/34
f 2113/1/1 2114/2/1 2116/3/1 2115/4/1
f 2115/4/2 2116/3/2 2118/5/2 2117/6/2
f 2117/6/3 2118/5/3 2120/7/3 2119/8/3
f 2119/8/4 2120/7/4 2122/9/4 2121/10/4
f 2121/10/5 2122/9/5 2124/11/5 2123/12/5
f 2123/12/6 2124/11/6 2126/13/6 2125/14/6
f 2125/14/7 2126/13/7 2128/15/7 2127/16/7
f 2127/16/8 2128/15/8 2130/17/8 2129/18/8
f 2129/18/9 2130/17/9 2132/19/9 2131/20/9
f 2131/20/10 2132/19/10 2134/21/10 2133/22/10
f 2133/22/11 2134/21/11 2136/23/11 2135/24/11
f 2135/24/12 2136/23/12 2138/25/12 2137/26/12
f 2137/26/13 2138/25/13 2140/27/13 2139/28/13
f 2139/28/14 2140/27/14 2142/29/14 2141/30/14
f 2141/30/15 2142/29/15 2144/31/15 2143/32/15
f 2143/32/16 2144/31/16 2146/33/16 2145/34/16
f 2145/34/17 2146/33/17 2148/35/17 2147/36/17
f 2147/36/18 2148/35/18 2150/37/18 2149/38/18
f 2149/38/19 2150/37/19 2152/39/19 2151/40/19
f 2151/40/20 2152/39/20 2154/41/20 2153/42/20
f 2153/42/21 2154/41/21 2156/43/21 2155/44/21
f 2155/44/22 2156/43/22 2158/45/22 2157/46/22
f 2157/46/23 2158/45/23 2160/47/23 2159/48/23
f 2159/48/24 2160/47/24 2162/49/24 2161/50/24
f 2161/50/25 2162/49/25 2164/51/25 2163/52/25
f 2163/52/26 2164/51/26 2166/53/26 2165/54/26
f 2165/54/27 2166/53/27 2168/55/27 2167/56/27
f 2167/56/28 2168/55/28 2170/57/28 2169/58/28
f 2169/58/29 2170/57/29 2172/59/29 2171/60/29
f 2171/60/30 2172/59/30 2174/61/30 2173/62/30
f 2116/63/31 2114/64/31 2176/65/31 2174/66/31 2172/67/31 2170/68/31 2168/69/31 2166/70/31 2164/71/31 2162/72/31 2160/73/31 2158/74/31 2156/75/31 2154/76/31 2152/77/31 2150/78/31 2148/79/31 2146/80/31 2144/81/31 2142/82/31 2140/83/31 2138/84/31 2136/85/31 2134/86/31 2132/87/31 2130/88/31 2128/89/31 2126/90/31 2124/91/31 2122/92/31 2120/93/31 2118/94/31
f 2173/62/32 2174/61/32 2176/95/32 2175/96/32
f 2175/96/33 2176/95/33 2114/97/33 2113/98/33
f 2113/99/34 2115/100/34 2117/101/34 2119/102/34 2121/103/34 2123/104/34 2125/105/34 2127/106/34 2129/107/34 2131/108/34 2133/109/34 2135/110/34 2137/111/34 2139/112/34 2141/113/34 2143/114/34 2145/115/34 2147/116/34 2149/117/34 2151/118/34 2153/119/34 2155/120/34 2157/121/34 2159/122/34 2161/123/34 2163/124/34 2165/125/34 2167/126/34 2169/127/34 2171/128/34 2173/129/34 2175/130/34
f 2177/1/1 2178/2/1 2180/3/1 2179/4/1
f 2179/4/2 2180/3/2 2182/5/2 2181/6/2
f 2181/6/3 2182/5/3 2184/7/3 2183/8/3
f 2183/8/4 2184/7/4 2186/9/4 2185/10/4
f 2185/10/5 2186/9/5 2188/11/5 2187/12/5
f 2187/12/6 2188/11/6 2190/13/6 2189/14/6
f 2189/14/7 2190/13/7 2192/15/7 2191/16/7
f 2191/16/8 2192/15/8 2194/17/8 2193/18/8
f 2193/18/9 2194/17/9 2196/19/9 2195/20/9
f 2195/20/10 2196/19/10 2198/21/10 2197/22/10
f 2197/22/11 2198/21/11 2200/23/11 2199/24/11
f 2199/24/12 2200/23/12 2202/25/12 2201/26/12
f 2201/26/13 2202/25/13 2204/27/13 2203/28/13
f 2203/28/14 2204/27/14 2206/29/14 2205/30/14
f 2205/30/15 2206/29/15 2208/31/15 2207/32/15
f 2207/32/16 2208/31/16 2210/33/16 2209/34/16
f 2209/34/17 2210/33/17 2212/35/17 2211/36/17
f 2211/36/18 2212/35/18 2214/37/18 2213/38/18
f 2213/38/19 2214/37/19 2216/39/19 2215/40/19
f 2215/40/20 2216/39/20 2218/41/20 2217/42/20
f 2217/42/21 2218/41/21 2220/43/21 2219/44/21
f 2219/44/22 2220/43/22 2222/45/22 2221/46/22
f 2221/46/23 2222/45/23 2224/47/23 2223/48/23
f 2223/48/24 2224/47/24 2226/49/24 2225/50/24
f 2225/50/25 2226/49/25 2228/51/25 2227/52/25
f 2227/52/26 2228/51/26 2230/53/26 2229/54/26
f 2229/54/27 2230/53/27 2232/55/27 2231/56/27
f 2231/56/28 2232/55/28 2234/57/28 2233/58/28
f 2233/58/29 2234/57/29 2236/59/29 2235/60/29
f 2235/60/30 2236/59/30 2238/61/30 2237/62/30
f 2180/63/31 2178/64/31 2240/65/31 2238/66/31 2236/67/31 2234/68/31 2232/69/31 2230/70/31 2228/71/31 2226/72/31 2224/73/31 2222/74/31 2220/75/31 2218/76/31 2216/77/31 2214/78/31 2212/79/31 2210/80/31 2208/81/31 2206/82/31 2204/83/31 2202/84/31 2200/85/31 2198/86/31 2196/87/31 2194/88/31 2192/89/31 2190/90/31 2188/91/31 2186/92/31 2184/93/31 2182/94/31
f 2237/62/32 2238/61/32 2240/95/32 2239/96/32
f 2239/96/33 2240/95/33 2178/97/33 2177/98/33
f 2177/99/34 2179/100/34 2181/101/34 2183/102/34 2185/103/34 2187/104/34 2189/105/34 2191/106/34 2193/107/34 2195/108/34 2197/109/34 2199/110/34 2201/111/34 2203/112/34 2205/113/34 2207/114/34 2209/115/34 2211/116/34 2213/117/34 2215/118/34 2217/119/34 2219/120/34 2221/121/34 2223/122/34 2225/123/34 2227/124/34 2229/125/34 2231/126/34 2233/127/34 2235/128/34 2237/129/34 2239/130/34
f 2241/1/1 2242/2/1 2244/3/1 2243/4/1
f 2243/4/2 2244/3/2 2246/5/2 2245/6/2
f 2245/6/3 2246/5/3 2248/7/3 2247/8/3
f 2247/8/4 2248/7/4 2250/9/4 2249/10/4
f 2249/10/5 2250/9/5 2252/11/5 2251/12/5
f 2251/12/6 2252/11/6 2254/13/6 2253/14/6
f 2253/14/7 2254/13/7 2256/15/7 2255/16/7
f 2255/16/8 2256/15/8 2258/17/8 2257/18/8
f 2257/18/9 2258/17/9 2260/19/9 2259/20/9
f 2259/20/10 2260/19/10 2262/21/10 2261/22/10
f 2261/22/11 2262/21/11 2264/23/11 2263/24/11
f 2263/24/12 2264/23/12 2266/25/12 2265/26/12
f 2265/26/13 2266/25/13 2268/27/13 2267/28/13
f 2267/28/14 2268/27/14 2270/29/14 2269/30/14
f 2269/30/15 2270/29/15 2272/31/15 2271/32/15
f 2271/32/16 2272/31/16 2274/33/16 2273/34/16
f 2273/34/17 2274/33/17 2276/35/17 2275/36/17
f 2275/36/18 2276/35/18 2278/37/18 2277/38/18
f 2277/38/19 2278/37/19 2280/39/19 2279/40/19
f 2279/40/20 2280/39/20 2282/41/20 2281/42/20
f 2281/42/21 2282/41/21 2284/43/21 2283/44/21
f 2283/44/22 2284/43/22 2286/45/22 2285/46/22
f 2285/46/23 2286/45/23 2288/47/23 2287/48/23
f 2287/48/24 2288/47/24 2290/49/24 2289/50/24
f 2289/50/25 2290/49/25 2292/51/25 2291/52/25
f 2291/52/26 2292/51/26 2294/53/26 2293/54/26
f 2293/54/27 2294/53/27 2296/55/27 2295/56/27
f 2295/56/28 2296/55/28 2298/57/28 2297/58/28
f 2297/58/29 2298/57/29 2300/59/29 2299/60/29
f 2299/60/30 2300/59/30 2302/61/30 2301/62/30
f 2244/63/31 2242/64/31 2304/65/31 2302/66/31 2300/67/31 2298/68/31 2296/69/31 2294/70/31 2292/71/31 2290/72/31 2288/73/31 2286/74/31 2284/75/31 2282/76/31 2280/77/31 2278/78/31 2276/79/31 2274/80/31 2272/81/31 2270/82/31 2268/83/31 2266/84/31 2264/85/31 2262/86/31 2260/87/31 2258/88/31 2256/89/31 2254/90/31 2252/91/31 2250/92/31 2248/93/31 2246/94/31
f 2301/62/32 2302/61/32 2304/95/32 2303/96/32
f 2303/96/33 2304/95/33 2242/97/33 2241/98/33
f 2241/99/34 2243/100/34 2245/101/34 2247/102/34 2249/103/34 2251/104/34 2253/105/34 2255/106/34 2257/107/34 2259/108/34 2261/109/34 2263/110/34 2265/111/34 2267/112/34 2269/113/34 2271/114/34 2273/115/34 2275/116/34 2277/117/34 2279/118/34 2281/119/34 2283/120/34 2285/121/34 2287/122/34 2289/123/34 2291/124/34 2293/125/34 2295/126/34 2297/127/34 2299/128/34 2301/129/34 2303/130/34
f 2305/1/1 2306/2/1 2308/3/1 2307/4/1
f 2307/4/2 2308/3/2 2310/5/2 2309/6/2
f 2309/6/3 2310/5/3 2312/7/3 2311/8/3
f 2311/8/4 2312/7/4 2314/9/4 2313/10/4
f 2313/10/5 2314/9/5 2316/11/5 2315/12/5
f 2315/12/6 2316/11/6 2318/13/6 2317/14/6
f 2317/14/7 2318/13/7 2320/15/7 2319/16/7
f 2319/16/8 2320/15/8 2322/17/8 2321/18/8
f 2321/18/9 2322/17/9 2324/19/9 2323/20/9
f 2323/20/10 2324/19/10 2326/21/10 2325/22/10
f 2325/22/11 2326/21/11 2328/23/11 2327/24/11
f 2327/24/12 2328/23/12 2330/25/12 2329/26/12
f 2329/26/13 2330/25/13 2332/27/13 2331/28/13
f 2331/28/14 2332/27/14 2334/29/14 2333/30/14
f 2333/30/15 2334/29/15 2336/31/15 2335/32/15
f 2335/32/16 2336/31/16 2338/33/16 2337/34/16
f 2337/34/17 2338/33/17 2340/35/17 2339/36/17
f 2339/36/18 2340/35/18 2342/37/18 2341/38/18
f 2341/38/19 2342/37/19 2344/39/19 2343/40/19
f 2343/40/20 2344/39/20 2346/41/20 2345/42/20
f 2345/42/21 2346/41/21 2348/43/21 2347/44/21
f 2347/44/22 2348/43/22 2350/45/22 2349/46/22
f 2349/46/23 2350/45/23 2352/47/23 2351/48/23
f 2351/48/24 2352/47/24 2354/49/24 2353/50/24
f 2353/50/25 2354/49/25 2356/51/25 2355/52/25
f 2355/52/26 2356/51/26 2358/53/26 2357/54/26
f 2357/54/27 2358/53/27 2360/55/27 2359/56/27
f 2359/56/28 2360/55/28 2362/57/28 2361/58/28
f 2361/58/29 2362/57/29 2364/59/29 2363/60/29
f 2363/60/30 2364/59/30 2366/61/30 2365/62/30
f 2308/63/31 2306/64/31 2368/65/31 2366/66/31 2364/67/31 2362/68/31 2360/69/31 2358/70/31 2356/71/31 2354/72/31 2352/73/31 2350/74/31 2348/75/31 2346/76/31 2344/77/31 2342/78/31 2340/79/31 2338/80/31 2336/81/31 2334/82/31 2332/83/31 2330/84/31 2328/85/31 2326/86/31 2324/87/31 2322/88/31 2320/89/31 2318/90/31 2316/91/31 2314/92/31 2312/93/31 2310/94/31
f 2365/62/32 2366/61/32 2368/95/32 2367/96/32
f 2367/96/33 2368/95/33 2306/97/33 2305/98/33
f 2305/99/34 2307/100/34 2309/101/34 2311/102/34 2313/103/34 2315/104/34 2317/105/34 2319/106/34 2321/107/34 2323/108/34 2325/109/34 2327/110/34 2329/111/34 2331/112/34 2333/113/34 2335/114/34 2337/115/34 2339/116/34 2341/117/34 2343/118/34 2345/119/34 2347/120/34 2349/121/34 2351/122/34 2353/123/34 2355/124/34 2357/125/34 2359/126/34 2361/127/34 2363/128/34 2365/129/34 2367/130/34
f 2369/1/1 2370/2/1 2372/3/1 2371/4/1
f 2371/4/2 2372/3/2 2374/5/2 2373/6/2
f 2373/6/3 2374/5/3 2376/7/3 2375/8/3
f 2375/8/4 2376/7/4 2378/9/4 2377/10/4
f 2377/10/5 2378/9/5 2380/11/5 2379/12/5
f 2379/12/6 2380/11/6 2382/13/6 2381/14/6
f 2381/14/7 2382/13/7 2384/15/7 2383/16/7
f 2383/16/8 2384/15/8 2386/17/8 2385/18/8
f 2385/18/9 2386/17/9 2388/19/9 2387/20/9
f 2387/20/10 2388/19/10 2390/21/10 2389/22/10
f 2389/22/11 2390/21/11 2392/23/11 2391/24/11
f 2391/24/12 2392/23/12 2394/25/12 2393/26/12
f 2393/26/13 2394/25/13 2396/27/13 2395/28/13
f 2395/28/14 2396/27/14 2398/29/14 2397/30/14
f 2397/30/15 2398/29/15 2400/31/15 2399/32/15
f 2399/32/16 2400/31/16 2402/33/16 2401/34/16
f 2401/34/17 2402/33/17 2404/35/17 2403/36/17
f 2403/36/18 2404/35/18 2406/37/18 2405/38/18
f 2405/38/19 2406/37/19 2408/39/19 2407/40/19
f 2407/40/20 2408/39/20 2410/41/20 2409/42/20
f 2409/42/21 2410/41/21 2412/43/21 2411/44/21
f 2411/44/22 2412/43/22 2414/45/22 2413/46/22
f 2413/46/23 2414/45/23 2416/47/23 2415/48/23
f 2415/48/24 2416/47/24 2418/49/24 2417/50/24
f 2417/50/25 2418/49/25 2420/51/25 2419/52/25
f 2419/52/26 2420/51/26 2422/53/26 2421/54/26
f 2421/54/27 2422/53/27 2424/55/27 2423/56/27
f 2423/56/28 2424/55/28 2426/57/28 2425/58/28
f 2425/58/29 2426/57/29 2428/59/29 2427/60/29
f 2427/60/30 2428/59/30 2430/61/30 2429/62/30
f 2372/63/31 2370/64/31 2432/65/31 2430/66/31 2428/67/31 2426/68/31 2424/69/31 2422/70/31 2420/71/31 2418/72/31 2416/73/31 2414/74/31 2412/75/31 2410/76/31 2408/77/31 2406/78/31 2404/79/31 2402/80/31 2400/81/31 2398/82/31 2396/83/31 2394/84/31 2392/85/31 2390/86/31 2388/87/31 2386/88/31 2384/89/31 2382/90/31 2380/91/31 2378/92/31 2376/93/31 2374/94/31
f 2429/62/32 2430/61/32 2432/95/32 2431/96/32
f 2431/96/33 2432/95/33 2370/97/33 2369/98/33
f 2369/99/34 2371/100/34 2373/101/34 2375/102/34 2377/103/34 2379/104/34 2381/105/34 2383/106/34 2385/107/34 2387/108/34 2389/109/34 2391/110/34 2393/111/34 2395/112/34 2397/113/34 2399/114/34 2401/115/34 2403/116/34 2405/117/34 2407/118/34 2409/119/34 2411/120/34 2413/121/34 2415/122/34 2417/123/34 2419/124/34 2421/125/34 2423/126/34 2425/127/34 2427/128/34 2429/129/34 2431/130/34
f 2433/1/1 2434/2/1 2436/3/1 2435/4/1
f 2435/4/2 2436/3/2 2438/5/2 2437/6/2
f 2437/6/3 2438/5/3 2440/7/3 2439/8/3
f 2439/8/4 2440/7/4 2442/9/4 2441/10/4
f 2441/10/5 2442/9/5 2444/11/5 2443/12/5
f 2443/12/6 2444/11/6 2446/13/6 2445/14/6
f 2445/14/7 2446/13/7 2448/15/7 2447/16/7
f 2447/16/8 2448/15/8 2450/17/8 2449/18/8
f 2449/18/9 2450/17/9 2452/19/9 2451/20/9
f 2451/20/10 2452/19/10 2454/21/10 2453/22/10
f 2453/22/11 2454/21/11 2456/23/11 2455/24/11
f 2455/24/12 2456/23/12 2458/25/12 2457/26/12
f 2457/26/13 2458/25/13 2460/27/13 2459/28/13
f 2459/28/14 2460/27/14 2462/29/14 2461/30/14
f 2461/30/15 2462/29/15 2464/31/15 2463/32/15
f 2463/32/16 2464/31/16 2466/33/16 2465/34/16
f 2465/34/17 2466/33/17 2468/35/17 2467/36/17
f 2467/36/18 2468/35/18 2470/37/18 2469/38/18
f 2469/38/19 2470/37/19 2472/39/19 2471/40/19
f 2471/40/20 2472/39/20 2474/41/20 2473/42/20
f 2473/42/21 2474/41/21 2476/43/21 2475/44/21
f 2475/44/22 2476/43/22 2478/45/22 2477/46/22
f 2477/46/23 2478/45/23 2480/47/23 2479/48/23
f 2479/48/24 2480/47/24 2482/49/24 2481/50/24
f 2481/50/25 2482/49/25 2484/51/25 2483/52/25
f 2483/52/26 2484/51/26 2486/53/26 2485/54/26
f 2485/54/27 2486/53/27 2488/55/27 2487/56/27
f 2487/56/28 2488/55/28 2490/57/28 2489/58/28
f 2489/58/29 2490/57/29 2492/59/29 2491/60/29
f 2491/60/30 2492/59/30 2494/61/30 2493/62/30
f 2436/63/31 2434/64/31 2496/65/31 2494/66/31 2492/67/31 2490/68/31 2488/69/31 2486/70/31 2484/71/31 2482/72/31 2480/73/31 2478/74/31 2476/75/31 2474/76/31 2472/77/31 2470/78/31 2468/79/31 2466/80/31 2464/81/31 2462/82/31 2460/83/31 2458/84/31 2456/85/31 2454/86/31 2452/87/31 2450/88/31 2448/89/31 2446/90/31 2444/91/31 2442/92/31 2440/93/31 2438/94/31
f 2493/62/32 2494/61/32 2496/95/32 2495/96/32
f 2495/96/33 2496/95/33 2434/97/33 2433/98/33
f 2433/99/34 2435/100/34 2437/101/34 2439/102/34 2441/103/34 2443/104/34 2445/105/34 2447/106/34 2449/107/34 2451/108/34 2453/109/34 2455/110/34 2457/111/34 2459/112/34 2461/113/34 2463/114/34 2465/115/34 2467/116/34 2469/117/34 2471/118/34 2473/119/34 2475/120/34 2477/121/34 2479/122/34 2481/123/34 2483/124/34 2485/125/34 2487/126/34 2489/127/34 2491/128/34 2493/129/34 2495/130/34
f 2497/1/1 2498/2/1 2500/3/1 2499/4/1
f 2499/4/2 2500/3/2 2502/5/2 2501/6/2
f 2501/6/3 2502/5/3 2504/7/3 2503/8/3
f 2503/8/4 2504/7/4 2506/9/4 2505/10/4
f 2505/10/5 2506/9/5 2508/11/5 2507/12/5
f 2507/12/6 2508/11/6 2510/13/6 2509/14/6
f 2509/14/7 2510/13/7 2512/15/7 2511/16/7
f 2511/16/8 2512/15/8 2514/17/8 2513/18/8
f 2513/18/9 2514/17/9 2516/19/9 2515/20/9
f 2515/20/10 2516/19/10 2518/21/10 2517/22/10
f 2517/22/11 2518/21/11 2520/23/11 2519/24/11
f 2519/24/12 2520/23/12 2522/25/12 2521/26/12
f 2521/26/13 2522/25/13 2524/27/13 2523/28/13
f 2523/28/14 2524/27/14 2526/29/14 2525/30/14
f 2525/30/15 2526/29/15 2528/31/15 2527/32/15
f 2527/32/16 2528/31/16 2530/33/16 2529/34/16
f 2529/34/17 2530/33/17 2532/35/17 2531/36/17
f 2531/36/18 2532/35/18 2534/37/18 2533/38/18
f 2533/38/19 2534/37/19 2536/39/19 2535/40/19
f 2535/40/20 2536/39/20 2538/41/20 2537/42/20
f 2537/42/21 2538/41/21 2540/43/21 2539/44/21
f 2539/44/22 2540/43/22 2542/45/22 2541/46/22
f 2541/46/23 2542/45/23 2544/47/23 2543/48/23
f 2543/48/24 2544/47/24 2546/49/24 2545/50/24
f 2545/50/25 2546/49/25 2548/51/25 2547/52/25
f 2547/52/26 2548/51/26 2550/53/26 2549/54/26
f 2549/54/27 2550/53/27 2552/55/27 2551/56/27
f 2551/56/28 2552/55/28 2554/57/28 2553/58/28
f 2553/58/29 2554/57/29 2556/59/29 2555/60/29
f 2555/60/30 2556/59/30 2558/61/30 2557/62/30
f 2500/63/31 2498/64/31 2560/65/31 2558/66/31 2556/67/31 2554/68/31 2552/69/31 2550/70/31 2548/71/31 2546/72/31 2544/73/31 2542/74/31 2540/75/31 2538/76/31 2536/77/31 2534/78/31 2532/79/31 2530/80/31 2528/81/31 2526/82/31 2524/83/31 2522/84/31 2520/85/31 2518/86/31 2516/87/31 2514/88/31 2512/89/31 2510/90/31 2508/91/31 2506/92/31 2504/93/31 2502/94/31
f 2557/62/32 2558/61/32 2560/95/32 2559/96/32
f 2559/96/33 2560/95/33 2498/97/33 2497/98/33
f 2497/99/34 2499/100/34 2501/101/34 2503/102/34 2505/103/34 2507/104/34 2509/105/34 2511/106/34 2513/107/34 2515/108/34 2517/109/34 2519/110/34 2521/111/34 2523/112/34 2525/113/34 2527/114/34 2529/115/34 2531/116/34 2533/117/34 2535/118/34 2537/119/34 2539/120/34 2541/121/34 2543/122/34 2545/123/34 2547/124/34 2549/125/34 2551/126/34 2553/127/34 2555/128/34 2557/129/34 2559/130/34
f 2561/1/1 2562/2/1 2564/3/1 2563/4/1
f 2563/4/2 2564/3/2 2566/5/2 2565/6/2
f 2565/6/3 2566/5/3 2568/7/3 2567/8/3
f 2567/8/4 2568/7/4 2570/9/4 2569/10/4
f 2569/10/5 2570/9/5 2572/11/5 2571/12/5
f 2571/12/6 2572/11/6 2574/13/6 2573/14/6
f 2573/14/7 2574/13/7 2576/15/7 2575/16/7
f 2575/16/8 2576/15/8 2578/17/8 2577/18/8
f 2577/18/9 2578/17/9 2580/19/9 2579/20/9
f 2579/20/10 2580/19/10 2582/21/10 2581/22/10
f 2581/22/11 2582/21/11 2584/23/11 2583/24/11
f 2583/24/12 2584/23/12 2586/25/12 2585/26/12
f 2585/26/13 2586/25/13 2588/27/13 2587/28/13
f 2587/28/14 2588/27/14 2590/29/14 2589/30/14
f 2589/30/15 2590/29/15 2592/31/15 2591/32/15
f 2591/32/16 2592/31/16 2594/33/16 2593/34/16
f 2593/34/17 2594/33/17 2596/35/17 2595/36/17
f 2595/36/18 2596/35/18 2598/37/18 2597/38/18
f 2597/38/19 2598/37/19 2600/39/19 2599/40/19
f 2599/40/20 2600/39/20 2602/41/20 2601/42/20
f 2601/42/21 2602/41/21 2604/43/21 2603/44/21
f 2603/44/22 2604/43/22 2606/45/22 2605/46/22
f 2605/46/23 2606/45/23 2608/47/23 2607/48/23
f 2607/48/24 2608/47/24 2610/49/24 2609/50/24
f 2609/50/25 2610/49/25 2612/51/25 2611/52/25
f 2611/52/26 2612/51/26 2614/53/26 2613/54/26
f 2613/54/27 2614/53/27 2616/55/27 2615/56/27
f 2615/56/28 2616/55/28 2618/57/28 2617/58/28
f 2617/58/29 2618/57/29 2620/59/29 2619/60/29
f 2619/60/30 2620/59/30 2622/61/30 2621/62/30
f 2564/63/31 2562/64/31 2624/65/31 2622/66/31 2620/67/31 2618/68/31 2616/69/31 2614/70/31 2612/71/31 2610/72/31 2608/73/31 2606/74/31 2604/75/31 2602/76/31 2600/77/31 2598/78/31 2596/79/31 2594/80/31 2592/81/31 2590/82/31 2588/83/31 2586/84/31 2584/85/31 2582/86/31 2580/87/31 2578/88/31 2576/89/31 2574/90/31 2572/91/31 2570/92/31 2568/93/31 2566/94/31
f 2621/62/32 2622/61/32 2624/95/32 2623/96/32
f 2623/96/33 2624/95/33 2562/97/33 2561/98/33
f 2561/99/34 2563/100/34 2565/101/34 2567/102/34 2569/103/34 2571/104/34 2573/105/34 2575/106/34 2577/107/34 2579/108/34 2581/109/34 2583/110/34 2585/111/34 2587/112/34 2589/113/34 2591/114/34 2593/115/34 2595/116/34 2597/117/34 2599/118/34 2601/119/34 2603/120/34 2605/121/34 2607/122/34 2609/123/34 2611/124/34 2613/125/34 2615/126/34 2617/127/34 2619/128/34 2621/129/34 2623/130/34
f 2625/1/1 2626/2/1 2628/3/1 2627/4/1
f 2627/4/2 2628/3/2 2630/5/2 2629/6/2
f 2629/6/3 2630/5/3 2632/7/3 2631/8/3
f 2631/8/4 2632/7/4 2634/9/4 2633/10/4
f 2633/10/5 2634/9/5 2636/11/5 2635/12/5
f 2635/12/6 2636/11/6 2638/13/6 2637/14/6
f 2637/14/7 2638/13/7 2640/15/7 2639/16/7
f 2639/16/8 2640/15/8 2642/17/8 2641/18/8
f 2641/18/9 2642/17/9 2644/19/9 2643/20/9
f 2643/20/10 2644/19/10 2646/21/10 2645/22/10
f 2645/22/11 2646/21/11 2648/23/11 2647/24/11
f 2647/24/12 2648/23/12 2650/25/12 2649/26/12
f 2649/26/13 2650/25/13 2652/27/13 2651/28/13
f 2651/28/14 2652/27/14 2654/29/14 2653/30/14
f 2653/30/15 2654/29/15 2656/31/15 2655/32/15
f 2655/32/16 2656/31/16 2658/33/16 2657/34/16
f 2657/34/17 2658/33/17 2660/35/17 2659/36/17
f 2659/36/18 2660/35/18 2662/37/18 2661/38/18
f 2661/38/19 2662/37/19 2664/39/19 2663/40/19
f 2663/40/20 2664/39/20 2666/41/20 2665/42/20
f 2665/42/21 2666/41/21 2668/43/21 2667/44/21
f 2667/44/22 2668/43/22 2670/45/22 2669/46/22
f 2669/46/23 2670/45/23 2672/47/23 2671/48/23
f 2671/48/24 2672/47/24 2674/49/24 2673/50/24
f 2673/50/25 2674/49/25 2676/51/25 2675/52/25
f 2675/52/26 2676/51/26 2678/53/26 2677/54/26
f 2677/54/27 2678/53/27 2680/55/27 2679/56/27
f 2679/56/28 2680/55/28 2682/57/28 2681/58/28
f 2681/58/29 2682/57/29 2684/59/29 2683/60/29
f 2683/60/30 2684/59/30 2686/61/30 2685/62/30
f 2628/63/31 2626/64/31 2688/65/31 2686/66/31 2684/67/31 2682/68/31 2680/69/31 2678/70/31 2676/71/31 2674/72/31 2672/73/31 2670/74/31 2668/75/31 2666/76/31 2664/77/31 2662/78/31 2660/79/31 2658/80/31 2656/81/31 2654/82/31 2652/83/31 2650/84/31 2648/85/31 2646/86/31 2644/87/31 2642/88/31 2640/89/31 2638/90/31 2636/91/31 2634/92/31 2632/93/31 2630/94/31
f 2685/62/32 2686/61/32 2688/95/32 2687/96/32
f 2687/96/33 2688/95/33 2626/97/33 2625/98/33
f 2625/99/34 2627/100/34 2629/101/34 2631/102/34 2633/103/34 2635/104/34 2637/105/34 2639/106/34 2641/107/34 2643/108/34 2645/109/34 2647/110/34 2649/111/34 2651/112/34 2653/113/34 2655/114/34 2657/115/34 2659/116/34 2661/117/34 2663/118/34 2665/119/34 2667/120/34 2669/121/34 2671/122/34 2673/123/34 2675/124/34 2677/125/34 2679/126/34 2681/127/34 2683/128/34 2685/129/34 2687/130/34
f 2689/1/1 2690/2/1 2692/3/1 2691/4/1
f 2691/4/2 2692/3/2 2694/5/2 2693/6/2
f 2693/6/3 2694/5/3 2696/7/3 2695/8/3
f 2695/8/4 2696/7/4 2698/9/4 2697/10/4
f 2697/10/5 2698/9/5 2700/11/5 2699/12/5
f 2699/12/6 2700/11/6 2702/13/6 2701/14/6
f 2701/14/7 2702/13/7 2704/15/7 2703/16/7
f 2703/16/35 2704/15/35 2706/17/35 2705/18/35
f 2705/18/36 2706/17/36 2708/19/36 2707/20/36
f 2707/20/10 2708/19/10 2710/21/10 2709/22/10
f 2709/22/11 2710/21/11 2712/23/11 2711/24/11
f 2711/24/12 2712/23/12 2714/25/12 2713/26/12
f 2713/26/13 2714/25/13 2716/27/13 2715/28/13
f 2715/28/14 2716/27/14 2718/29/14 2717/30/14
f 2717/30/15 2718/29/15 2720/31/15 2719/32/15
f 2719/32/16 2720/31/16 2722/33/16 2721/34/16
f 2721/34/17 2722/33/17 2724/35/17 2723/36/17
f 2723/36/18 2724/35/18 2726/37/18 2725/38/18
f 2725/38/19 2726/37/19 2728/39/19 2727/40/19
f 2727/40/20 2728/39/20 2730/41/20 2729/42/20
f 2729/42/21 2730/41/21 2732/43/21 2731/44/21
f 2731/44/22 2732/43/22 2734/45/22 2733/46/22
f 2733/46/23 2734/45/23 2736/47/23 2735/48/23
f 2735/48/24 2736/47/24 2738/49/24 2737/50/24
f 2737/50/25 2738/49/25 2740/51/25 2739/52/25
f 2739/52/26 2740/51/26 2742/53/26 2741/54/26
f 2741/54/27 2742/53/27 2744/55/27 2743/56/27
f 2743/56/28 2744/55/28 2746/57/28 2745/58/28
f 2745/58/29 2746/57/29 2748/59/29 2747/60/29
f 2747/60/30 2748/59/30 2750/61/30 2749/62/30
f 2692/63/31 2690/64/31 2752/65/31 2750/66/31 2748/67/31 2746/68/31 2744/69/31 2742/70/31 2740/71/31 2738/72/31 2736/73/31 2734/74/31 2732/75/31 2730/76/31 2728/77/31 2726/78/31 2724/79/31 2722/80/31 2720/81/31 2718/82/31 2716/83/31 2714/84/31 2712/85/31 2710/86/31 2708/87/31 2706/88/31 2704/89/31 2702/90/31 2700/91/31 2698/92/31 2696/93/31 2694/94/31
f 2749/62/32 2750/61/32 2752/95/32 2751/96/32
f 2751/96/33 2752/95/33 2690/97/33 2689/98/33
f 2689/99/34 2691/100/34 2693/101/34 2695/102/34 2697/103/34 2699/104/34 2701/105/34 2703/106/34 2705/107/34 2707/108/34 2709/109/34 2711/110/34 2713/111/34 2715/112/34 2717/113/34 2719/114/34 2721/115/34 2723/116/34 2725/117/34 2727/118/34 2729/119/34 2731/120/34 2733/121/34 2735/122/34 2737/123/34 2739/124/34 2741/125/34 2743/126/34 2745/127/34 2747/128/34 2749/129/34 2751/130/34
f 2753/1/1 2754/2/1 2756/3/1 2755/4/1
f 2755/4/2 2756/3/2 2758/5/2 2757/6/2
f 2757/6/3 2758/5/3 2760/7/3 2759/8/3
f 2759/8/4 2760/7/4 2762/9/4 2761/10/4
f 2761/10/5 2762/9/5 2764/11/5 2763/12/5
f 2763/12/6 2764/11/6 2766/13/6 2765/14/6
f 2765/14/7 2766/13/7 2768/15/7 2767/16/7
f 2767/16/8 2768/15/8 2770/17/8 2769/18/8
f 2769/18/9 2770/17/9 2772/19/9 2771/20/9
f 2771/20/10 2772/19/10 2774/21/10 2773/22/10
f 2773/22/11 2774/21/11 2776/23/11 2775/24/11
f 2775/24/12 2776/23/12 2778/25/12 2777/26/12
f 2777/26/13 2778/25/13 2780/27/13 2779/28/13
f 2779/28/14 2780/27/14 2782/29/14 2781/30/14
f 2781/30/15 2782/29/15 2784/31/15 2783/32/15
f 2783/32/16 2784/31/16 2786/33/16 2785/34/16
f 2785/34/17 2786/33/17 2788/35/17 2787/36/17
f 2787/36/18 2788/35/18 2790/37/18 2789/38/18
f 2789/38/19 2790/37/19 2792/39/19 2791/40/19
f 2791/40/20 2792/39/20 2794/41/20 2793/42/20
f 2793/42/21 2794/41/21 2796/43/21 2795/44/21
f 2795/44/22 2796/43/22 2798/45/22 2797/46/22
f 2797/46/23 2798/45/23 2800/47/23 2799/48/23
f 2799/48/24 2800/47/24 2802/49/24 2801/50/24
f 2801/50/25 2802/49/25 2804/51/25 2803/52/25
f 2803/52/26 2804/51/26 2806/53/26 2805/54/26
f 2805/54/27 2806/53/27 2808/55/27 2807/56/27
f 2807/56/28 2808/55/28 2810/57/28 2809/58/28
f 2809/58/29 2810/57/29 2812/59/29 2811/60/29
f 2811/60/30 2812/59/30 2814/61/30 2813/62/30
f 2756/63/31 2754/64/31 2816/65/31 2814/66/31 2812/67/31 2810/68/31 2808/69/31 2806/70/31 2804/71/31 2802/72/31 2800/73/31 2798/74/31 2796/75/31 2794/76/31 2792/77/31 2790/78/31 2788/79/31 2786/80/31 2784/81/31 2782/82/31 2780/83/31 2778/84/31 2776/85/31 2774/86/31 2772/87/31 2770/88/31 2768/89/31 2766/90/31 2764/91/31 2762/92/31 2760/93/31 2758/94/31
f 2813/62/32 2814/61/32 2816/95/32 2815/96/32
f 2815/96/33 2816/95/33 2754/97/33 2753/98/33
f 2753/99/34 2755/100/34 2757/101/34 2759/102/34 2761/103/34 2763/104/34 2765/105/34 2767/106/34 2769/107/34 2771/108/34 2773/109/34 2775/110/34 2777/111/34 2779/112/34 2781/113/34 2783/114/34 2785/115/34 2787/116/34 2789/117/34 2791/118/34 2793/119/34 2795/120/34 2797/121/34 2799/122/34 2801/123/34 2803/124/34 2805/125/34 2807/126/34 2809/127/34 2811/128/34 2813/129/34 2815/130/34
f 2817/1/1 2818/2/1 2820/3/1 2819/4/1
f 2819/4/2 2820/3/2 2822/5/2 2821/6/2
f 2821/6/3 2822/5/3 2824/7/3 2823/8/3
f 2823/8/4 2824/7/4 2826/9/4 2825/10/4
f 2825/10/5 2826/9/5 2828/11/5 2827/12/5
f 2827/12/6 2828/11/6 2830/13/6 2829/14/6
f 2829/14/7 2830/13/7 2832/15/7 2831/16/7
f 2831/16/35 2832/15/35 2834/17/35 2833/18/35
f 2833/18/36 2834/17/36 2836/19/36 2835/20/36
f 2835/20/10 2836/19/10 2838/21/10 2837/22/10
f 2837/22/11 2838/21/11 2840/23/11 2839/24/11
f 2839/24/12 2840/23/12 2842/25/12 2841/26/12
f 2841/26/13 2842/25/13 2844/27/13 2843/28/13
f 2843/28/14 2844/27/14 2846/29/14 2845/30/14
f 2845/30/15 2846/29/15 2848/31/15 2847/32/15
f 2847/32/16 2848/31/16 2850/33/16 2849/34/16
f 2849/34/17 2850/33/17 2852/35/17 2851/36/17
f 2851/36/18 2852/35/18 2854/37/18 2853/38/18
f 2853/38/19 2854/37/19 2856/39/19 2855/40/19
f 2855/40/20 2856/39/20 2858/41/20 2857/42/20
f 2857/42/21 2858/41/21 2860/43/21 2859/44/21
f 2859/44/22 2860/43/22 2862/45/22 2861/46/22
f 2861/46/23 2862/45/23 2864/47/23 2863/48/23
f 2863/48/37 2864/47/37 2866/49/37 2865/50/37
f 2865/50/38 2866/49/38 2868/51/38 2867/52/38
f 2867/52/26 2868/51/26 2870/53/26 2869/54/26
f 2869/54/27 2870/53/27 2872/55/27 2871/56/27
f 2871/56/28 2872/55/28 2874/57/28 2873/58/28
f 2873/58/29 2874/57/29 2876/59/29 2875/60/29
f 2875/60/30 2876/59/30 2878/61/30 2877/62/30
f 2820/63/31 2818/64/31 2880/65/31 2878/66/31 2876/67/31 2874/68/31 2872/69/31 2870/70/31 2868/71/31 2866/72/31 2864/73/31 2862/74/31 2860/75/31 2858/76/31 2856/77/31 2854/78/31 2852/79/31 2850/80/31 2848/81/31 2846/82/31 2844/83/31 2842/84/31 2840/85/31 2838/86/31 2836/87/31 2834/88/31 2832/89/31 2830/90/31 2828/91/31 2826/92/31 2824/93/31 2822/94/31
f 2877/62/32 2878/61/32 2880/95/32 2879/96/32
f 2879/96/33 2880/95/33 2818/97/33 2817/98/33
f 2817/99/34 2819/100/34 2821/101/34 2823/102/34 2825/103/34 2827/104/34 2829/105/34 2831/106/34 2833/107/34 2835/108/34 2837/109/34 2839/110/34 2841/111/34 2843/112/34 2845/113/34 2847/114/34 2849/115/34 2851/116/34 2853/117/34 2855/118/34 2857/119/34 2859/120/34 2861/121/34 2863/122/34 2865/123/34 2867/124/34 2869/125/34 2871/126/34 2873/127/34 2875/128/34 2877/129/34 2879/130/34
f 2881/1/1 2882/2/1 2884/3/1 2883/4/1
f 2883/4/2 2884/3/2 2886/5/2 2885/6/2
f 2885/6/3 2886/5/3 2888/7/3 2887/8/3
f 2887/8/4 2888/7/4 2890/9/4 2889/10/4
f 2889/10/5 2890/9/5 2892/11/5 2891/12/5
f 2891/12/6 2892/11/6 2894/13/6 2893/14/6
f 2893/14/7 2894/13/7 2896/15/7 2895/16/7
f 2895/16/8 2896/15/8 2898/17/8 2897/18/8
f 2897/18/9 2898/17/9 2900/19/9 2899/20/9
f 2899/20/10 2900/19/10 2902/21/10 2901/22/10
f 2901/22/11 2902/21/11 2904/23/11 2903/24/11
f 2903/24/12 2904/23/12 2906/25/12 2905/26/12
f 2905/26/13 2906/25/13 2908/27/13 2907/28/13
f 2907/28/14 2908/27/14 2910/29/14 2909/30/14
f 2909/30/15 2910/29/15 2912/31/15 2911/32/15
f 2911/32/16 2912/31/16 2914/33/16 2913/34/16
f 2913/34/17 2914/33/17 2916/35/17 2915/36/17
f 2915/36/18 2916/35/18 2918/37/18 2917/38/18
f 2917/38/19 2918/37/19 2920/39/19 2919/40/19
f 2919/40/20 2920/39/20 2922/41/20 2921/42/20
f 2921/42/21 2922/41/21 2924/43/21 2923/44/21
f 2923/44/22 2924/43/22 2926/45/22 2925/46/22
f 2925/46/23 2926/45/23 2928/47/23 2927/48/23
f 2927/48/24 2928/47/24 2930/49/24 2929/50/24
f 2929/50/25 2930/49/25 2932/51/25 2931/52/25
f 2931/52/26 2932/51/26 2934/53/26 2933/54/26
f 2933/54/27 2934/53/27 2936/55/27 2935/56/27
f 2935/56/28 2936/55/28 2938/57/28 2937/58/28
f 2937/58/29 2938/57/29 2940/59/29 2939/60/29
f 2939/60/30 2940/59/30 2942/61/30 2941/62/30
f 2884/63/31 2882/64/31 2944/65/31 2942/66/31 2940/67/31 2938/68/31 2936/69/31 2934/70/31 2932/71/31 2930/72/31 2928/73/31 2926/74/31 2924/75/31 2922/76/31 2920/77/31 2918/78/31 2916/79/31 2914/80/31 2912/81/31 2910/82/31 2908/83/31 2906/84/31 2904/85/31 2902/86/31 2900/87/31 2898/88/31 2896/89/31 2894/90/31 2892/91/31 2890/92/31 2888/93/31 2886/94/31
f 2941/62/32 2942/61/32 2944/95/32 2943/96/32
f 2943/96/33 2944/95/33 2882/97/33 2881/98/33
f 2881/99/34 2883/100/34 2885/101/34 2887/102/34 2889/103/34 2891/104/34 2893/105/34 2895/106/34 2897/107/34 2899/108/34 2901/109/34 2903/110/34 2905/111/34 2907/112/34 2909/113/34 2911/114/34 2913/115/34 2915/116/34 2917/117/34 2919/118/34 2921/119/34 2923/120/34 2925/121/34 2927/122/34 2929/123/34 2931/124/34 2933/125/34 2935/126/34 2937/127/34 2939/128/34 2941/129/34 2943/130/34
f 2945/1/1 2946/2/1 2948/3/1 2947/4/1
f 2947/4/2 2948/3/2 2950/5/2 2949/6/2
f 2949/6/3 2950/5/3 2952/7/3 2951/8/3
f 2951/8/4 2952/7/4 2954/9/4 2953/10/4
f 2953/10/5 2954/9/5 2956/11/5 2955/12/5
f 2955/12/6 2956/11/6 2958/13/6 2957/14/6
f 2957/14/7 2958/13/7 2960/15/7 2959/16/7
f 2959/16/8 2960/15/8 2962/17/8 2961/18/8
f 2961/18/9 2962/17/9 2964/19/9 2963/20/9
f 2963/20/10 2964/19/10 2966/21/10 2965/22/10
f 2965/22/11 2966/21/11 2968/23/11 2967/24/11
f 2967/24/12 2968/23/12 2970/25/12 2969/26/12
f 2969/26/13 2970/25/13 2972/27/13 2971/28/13
f 2971/28/14 2972/27/14 2974/29/14 2973/30/14
f 2973/30/15 2974/29/15 2976/31/15 2975/32/15
f 2975/32/16 2976/31/16 2978/33/16 2977/34/16
f 2977/34/17 2978/33/17 2980/35/17 2979/36/17
f 2979/36/18 2980/35/18 2982/37/18 2981/38/18
f 2981/38/19 2982/37/19 2984/39/19 2983/40/19
f 2983/40/20 2984/39/20 2986/41/20 2985/42/20
f 2985/42/21 2986/41/21 2988/43/21 2987/44/21
f 2987/44/22 2988/43/22 2990/45/22 2989/46/22
f 2989/46/23 2990/45/23 2992/47/23 2991/48/23
f 2991/48/24 2992/47/24 2994/49/24 2993/50/24
f 2993/50/25 2994/49/25 2996/51/25 2995/52/25
f 2995/52/26 2996/51/26 2998/53/26 2997/54/26
f 2997/54/27 2998/53/27 3000/55/27 2999/56/27
f 2999/56/28 3000/55/28 3002/57/28 3001/58/28
f 3001/58/29 3002/57/29 3004/59/29 3003/60/29
f 3003/60/30 3004/59/30 3006/61/30 3005/62/30
f 2948/63/31 2946/64/31 3008/65/31 3006/66/31 3004/67/31 3002/68/31 3000/69/31 2998/70/31 2996/71/31 2994/72/31 2992/73/31 2990/74/31 2988/75/31 2986/76/31 2984/77/31 2982/78/31 2980/79/31 2978/80/31 2976/81/31 2974/82/31 2972/83/31 2970/84/31 2968/85/31 2966/86/31 2964/87/31 2962/88/31 2960/89/31 2958/90/31 2956/91/31 2954/92/31 2952/93/31 2950/94/31
f 3005/62/32 3006/61/32 3008/95/32 3007/96/32
f 3007/96/33 3008/95/33 2946/97/33 2945/98/33
f 2945/99/34 2947/100/34 2949/101/34 2951/102/34 2953/103/34 2955/104/34 2957/105/34 2959/106/34 2961/107/34 2963/108/34 2965/109/34 2967/110/34 2969/111/34 2971/112/34 2973/113/34 2975/114/34 2977/115/34 2979/116/34 2981/117/34 2983/118/34 2985/119/34 2987/120/34 2989/121/34 2991/122/34 2993/123/34 2995/124/34 2997/125/34 2999/126/34 3001/127/34 3003/128/34 3005/129/34 3007/130/34
f 3009/1/1 3010/2/1 3012/3/1 3011/4/1
f 3011/4/2 3012/3/2 3014/5/2 3013/6/2
f 3013/6/3 3014/5/3 3016/7/3 3015/8/3
f 3015/8/4 3016/7/4 3018/9/4 3017/10/4
f 3017/10/5 3018/9/5 3020/11/5 3019/12/5
f 3019/12/6 3020/11/6 3022/13/6 3021/14/6
f 3021/14/7 3022/13/7 3024/15/7 3023/16/7
f 3023/16/35 3024/15/35 3026/17/35 3025/18/35
f 3025/18/36 3026/17/36 3028/19/36 3027/20/36
f 3027/20/10 3028/19/10 3030/21/10 3029/22/10
f 3029/22/11 3030/21/11 3032/23/11 3031/24/11
f 3031/24/12 3032/23/12 3034/25/12 3033/26/12
f 3033/26/13 3034/25/13 3036/27/13 3035/28/13
f 3035/28/14 3036/27/14 3038/29/14 3037/30/14
f 3037/30/15 3038/29/15 3040/31/15 3039/32/15
f 3039/32/16 3040/31/16 3042/33/16 3041/34/16
f 3041/34/17 3042/33/17 3044/35/17 3043/36/17
f 3043/36/18 3044/35/18 3046/37/18 3045/38/18
f 3045/38/19 3046/37/19 3048/39/19 3047/40/19
f 3047/40/20 3048/39/20 3050/41/20 3049/42/20
f 3049/42/21 3050/41/21 3052/43/21 3051/44/21
f 3051/44/22 3052/43/22 3054/45/22 3053/46/22
f 3053/46/23 3054/45/23 3056/47/23 3055/48/23
f 3055/48/37 3056/47/37 3058/49/37 3057/50/37
f 3057/50/38 3058/49/38 3060/51/38 3059/52/38
f 3059/52/26 3060/51/26 3062/53/26 3061/54/26
f 3061/54/27 3062/53/27 3064/55/27 3063/56/27
f 3063/56/28 3064/55/28 3066/57/28 3065/58/28
f 3065/58/29 3066/57/29 3068/59/29 3067/60/29
f 3067/60/30 3068/59/30 3070/61/30 3069/62/30
f 3012/63/31 3010/64/31 3072/65/31 3070/66/31 3068/67/31 3066/68/31 3064/69/31 3062/70/31 3060/71/31 3058/72/31 3056/73/31 3054/74/31 3052/75/31 3050/76/31 3048/77/31 3046/78/31 3044/79/31 3042/80/31 3040/81/31 3038/82/31 3036/83/31 3034/84/31 3032/85/31 3030/86/31 3028/87/31 3026/88/31 3024/89/31 3022/90/31 3020/91/31 3018/92/31 3016/93/31 3014/94/31
f 3069/62/32 3070/61/32 3072/95/32 3071/96/32
f 3071/96/33 3072/95/33 3010/97/33 3009/98/33
f 3009/99/34 3011/100/34 3013/101/34 3015/102/34 3017/103/34 3019/104/34 3021/105/34 3023/106/34 3025/107/34 3027/108/34 3029/109/34 3031/110/34 3033/111/34 3035/112/34 3037/113/34 3039/114/34 3041/115/34 3043/116/34 3045/117/34 3047/118/34 3049/119/34 3051/120/34 3053/121/34 3055/122/34 3057/123/34 3059/124/34 3061/125/34 3063/126/34 3065/127/34 3067/128/34 3069/129/34 3071/130/34
