# Blender 5.2.2 LTS
# www.blender.org
mtllib snake.mtl
o NurbsPath.001
v -1.942470 0.041824 0.038040
v -1.944585 0.044011 0.038594
v -1.947474 0.044811 0.039352
v -1.950363 0.044011 0.040109
v -1.952478 0.041824 0.040664
v -1.953252 0.038838 0.040867
v -1.952478 0.035851 0.040664
v -1.950363 0.033664 0.040109
v -1.947474 0.032864 0.039352
v -1.944585 0.033664 0.038594
v -1.942470 0.035851 0.038040
v -1.941695 0.038838 0.037837
v -1.851668 0.045287 0.340345
v -1.856190 0.050009 0.341704
v -1.862367 0.051737 0.343560
v -1.868544 0.050009 0.345416
v -1.873066 0.045288 0.346774
v -1.874721 0.038838 0.347272
v -1.873066 0.032388 0.346774
v -1.868544 0.027666 0.345416
v -1.862367 0.025938 0.343560
v -1.856190 0.027666 0.341704
v -1.851668 0.032388 0.340345
v -1.850013 0.038838 0.339848
v -1.761401 0.048532 0.602843
v -1.768104 0.055629 0.605173
v -1.777261 0.058227 0.608356
v -1.786418 0.055629 0.611540
v -1.793121 0.048532 0.613870
v -1.795575 0.038838 0.614723
v -1.793121 0.029143 0.613870
v -1.786418 0.022046 0.611540
v -1.777261 0.019449 0.608356
v -1.768104 0.022046 0.605173
v -1.761401 0.029143 0.602843
v -1.758947 0.038838 0.601990
v -1.671742 0.051568 0.827410
v -1.680369 0.060887 0.830933
v -1.692155 0.064298 0.835746
v -1.703940 0.060887 0.840559
v -1.712567 0.051568 0.844083
v -1.715725 0.038838 0.845373
v -1.712568 0.026107 0.844083
v -1.703940 0.016788 0.840559
v -1.692155 0.013377 0.835746
v -1.680369 0.016788 0.830933
v -1.671742 0.026107 0.827410
v -1.668584 0.038838 0.826120
v -1.582828 0.054405 1.015859
v -1.593065 0.065801 1.020868
v -1.607048 0.069973 1.027710
v -1.621032 0.065801 1.034552
v -1.631268 0.054405 1.039560
v -1.635015 0.038838 1.041394
v -1.631268 0.023270 1.039560
v -1.621032 0.011874 1.034552
v -1.607048 0.007703 1.027710
v -1.593065 0.011874 1.020868
v -1.582829 0.023270 1.015859
v -1.579082 0.038838 1.014026
v -1.494908 0.057053 1.169938
v -1.506334 0.070388 1.176813
v -1.521942 0.075269 1.186204
v -1.537550 0.070388 1.195595
v -1.548976 0.057053 1.202470
v -1.553158 0.038838 1.204987
v -1.548976 0.020622 1.202470
v -1.537550 0.007287 1.195595
v -1.521942 0.002407 1.186204
v -1.506334 0.007287 1.176813
v -1.494908 0.020622 1.169938
v -1.490726 0.038838 1.167421
v -1.408412 0.059522 1.291352
v -1.420425 0.074665 1.300570
v -1.436835 0.080207 1.313163
v -1.453246 0.074665 1.325755
v -1.465258 0.059522 1.334973
v -1.469656 0.038838 1.338347
v -1.465258 0.018153 1.334973
v -1.453246 0.003011 1.325755
v -1.436835 -0.002532 1.313163
v -1.420425 0.003011 1.300570
v -1.408412 0.018153 1.291352
v -1.404015 0.038838 1.287978
v -1.324047 0.061823 1.381884
v -1.335747 0.078649 1.393977
v -1.351729 0.084807 1.410496
v -1.367711 0.078649 1.427014
v -1.379411 0.061823 1.439107
v -1.383693 0.038838 1.443533
v -1.379411 0.015853 1.439107
v -1.367711 -0.000973 1.427014
v -1.351729 -0.007132 1.410496
v -1.335747 -0.000973 1.393977
v -1.324047 0.015853 1.381884
v -1.319765 0.038838 1.377458
v -1.242773 0.063964 1.443687
v -1.252853 0.082357 1.459072
v -1.266623 0.089090 1.480089
v -1.280392 0.082357 1.501106
v -1.290472 0.063964 1.516492
v -1.294162 0.038838 1.522123
v -1.290472 0.013712 1.516492
v -1.280392 -0.004682 1.501107
v -1.266623 -0.011414 1.480089
v -1.252853 -0.004682 1.459072
v -1.242773 0.013712 1.443687
v -1.239083 0.038838 1.438055
v -1.165370 0.065956 1.479699
v -1.172194 0.085808 1.498342
v -1.181516 0.093075 1.523808
v -1.190838 0.085808 1.549274
v -1.197662 0.065956 1.567916
v -1.200160 0.038838 1.574740
v -1.197662 0.011719 1.567916
v -1.190838 -0.008133 1.549274
v -1.181516 -0.015399 1.523808
v -1.172194 -0.008133 1.498342
v -1.165370 0.011719 1.479699
v -1.162873 0.038838 1.472876
v -1.091464 0.067810 1.493553
v -1.093554 0.089019 1.514659
v -1.096410 0.096782 1.543490
v -1.099266 0.089019 1.572321
v -1.101356 0.067810 1.593427
v -1.102121 0.038838 1.601152
v -1.101356 0.009865 1.593427
v -1.099266 -0.011344 1.572321
v -1.096410 -0.019107 1.543490
v -1.093554 -0.011344 1.514659
v -1.091464 0.009865 1.493553
v -1.090699 0.038838 1.485827
v -1.019075 0.069535 1.488353
v -1.015790 0.092007 1.510584
v -1.011304 0.100233 1.540951
v -1.006817 0.092007 1.571319
v -1.003532 0.069535 1.593550
v -1.002330 0.038838 1.601687
v -1.003532 0.008140 1.593550
v -1.006817 -0.014332 1.571319
v -1.011304 -0.022557 1.540952
v -1.015790 -0.014332 1.510584
v -1.019075 0.008140 1.488353
v -1.020277 0.038838 1.480216
v -0.945867 0.071142 1.465604
v -0.937554 0.094791 1.487743
v -0.926197 0.103447 1.517986
v -0.914841 0.094791 1.548229
v -0.906527 0.071142 1.570368
v -0.903484 0.038838 1.578472
v -0.906527 0.006533 1.570368
v -0.914841 -0.017116 1.548229
v -0.926197 -0.025772 1.517986
v -0.937554 -0.017116 1.487743
v -0.945867 0.006533 1.465604
v -0.948910 0.038838 1.457501
v -0.870623 0.072642 1.425806
v -0.858141 0.097388 1.447173
v -0.841091 0.106446 1.476362
v -0.824040 0.097388 1.505551
v -0.811558 0.072642 1.526919
v -0.806989 0.038838 1.534740
v -0.811558 0.005034 1.526919
v -0.824040 -0.019713 1.505551
v -0.841091 -0.028770 1.476362
v -0.858141 -0.019713 1.447173
v -0.870623 0.005034 1.425806
v -0.875192 0.038838 1.417984
v -0.793284 0.074044 1.369585
v -0.777519 0.099816 1.389974
v -0.755984 0.109250 1.417826
v -0.734450 0.099816 1.445677
v -0.718685 0.074044 1.466066
v -0.712915 0.038838 1.473529
v -0.718685 0.003632 1.466066
v -0.734449 -0.022141 1.445677
v -0.755984 -0.031574 1.417826
v -0.777519 -0.022141 1.389974
v -0.793284 0.003632 1.369585
v -0.799054 0.038838 1.362122
v -0.714262 0.075359 1.298064
v -0.695926 0.102094 1.317520
v -0.670878 0.111879 1.344098
v -0.645830 0.102094 1.370676
v -0.627494 0.075359 1.390133
v -0.620783 0.038838 1.397254
v -0.627494 0.002317 1.390133
v -0.645830 -0.024418 1.370676
v -0.670878 -0.034204 1.344099
v -0.695926 -0.024418 1.317521
v -0.714262 0.002317 1.298064
v -0.720974 0.038838 1.290943
v -0.634001 0.076597 1.212707
v -0.613617 0.104239 1.231377
v -0.585772 0.114356 1.256879
v -0.557926 0.104239 1.282382
v -0.537542 0.076597 1.301052
v -0.530081 0.038838 1.307885
v -0.537542 0.001078 1.301052
v -0.557926 -0.026563 1.282382
v -0.585772 -0.036681 1.256879
v -0.613617 -0.026563 1.231377
v -0.634001 0.001078 1.212707
v -0.641462 0.038838 1.205874
v -0.552845 0.077769 1.115131
v -0.530791 0.106269 1.133183
v -0.500665 0.116701 1.157844
v -0.470540 0.106269 1.182504
v -0.448486 0.077769 1.200556
v -0.440414 0.038838 1.207164
v -0.448486 -0.000094 1.200556
v -0.470539 -0.028594 1.182504
v -0.500665 -0.039026 1.157844
v -0.530791 -0.028594 1.133184
v -0.552845 -0.000094 1.115131
v -0.560917 0.038838 1.108523
v -0.471033 0.078886 1.006997
v -0.447587 0.108204 1.024599
v -0.415559 0.118935 1.048643
v -0.383531 0.108204 1.072687
v -0.360085 0.078886 1.090288
v -0.351503 0.038838 1.096731
v -0.360085 -0.001211 1.090288
v -0.383531 -0.030529 1.072687
v -0.415559 -0.041260 1.048643
v -0.447587 -0.030529 1.024599
v -0.471033 -0.001211 1.006997
v -0.479615 0.038838 1.000555
v -0.388731 0.079959 0.889961
v -0.364100 0.110061 0.907266
v -0.330452 0.121080 0.930905
v -0.296805 0.110061 0.954544
v -0.272174 0.079959 0.971849
v -0.263158 0.038838 0.978183
v -0.272174 -0.002283 0.971849
v -0.296805 -0.032386 0.954544
v -0.330452 -0.043404 0.930905
v -0.364100 -0.032386 0.907266
v -0.388731 -0.002283 0.889961
v -0.397747 0.038838 0.883627
v -0.306052 0.080997 0.765652
v -0.280395 0.111860 0.782805
v -0.245346 0.123156 0.806235
v -0.210297 0.111860 0.829666
v -0.184640 0.080997 0.846818
v -0.175249 0.038838 0.853096
v -0.184640 -0.003322 0.846818
v -0.210297 -0.034184 0.829666
v -0.245346 -0.045481 0.806235
v -0.280395 -0.034185 0.782805
v -0.306052 -0.003322 0.765652
v -0.315444 0.038838 0.759374
v -0.223075 0.082012 0.635670
v -0.196518 0.113618 0.652806
v -0.160240 0.125186 0.676214
v -0.123962 0.113618 0.699622
v -0.097404 0.082012 0.716758
v -0.087684 0.038838 0.723030
v -0.097404 -0.004337 0.716758
v -0.123962 -0.035943 0.699622
v -0.160240 -0.047511 0.676214
v -0.196518 -0.035943 0.652806
v -0.223075 -0.004337 0.635670
v -0.232796 0.038838 0.629398
v -0.139853 0.083015 0.501580
v -0.112499 0.115354 0.518833
v -0.075133 0.127192 0.542400
v -0.037768 0.115354 0.565967
v -0.010414 0.083015 0.583219
v -0.000402 0.038838 0.589534
v -0.010414 -0.005339 0.583219
v -0.037768 -0.037679 0.565967
v -0.075133 -0.049516 0.542400
v -0.112499 -0.037679 0.518833
v -0.139853 -0.005339 0.501580
v -0.149865 0.038838 0.495266
v -0.056421 0.084016 0.364914
v -0.028360 0.117088 0.382417
v 0.009973 0.129194 0.406326
v 0.048306 0.117088 0.430235
v 0.076367 0.084016 0.447738
v 0.086638 0.038838 0.454145
v 0.076367 -0.006340 0.447738
v 0.048306 -0.039413 0.430235
v 0.009973 -0.051518 0.406326
v -0.028360 -0.039413 0.382417
v -0.056421 -0.006340 0.364914
v -0.066692 0.038838 0.358507
v 0.027200 0.085026 0.227167
v 0.055889 0.118838 0.245061
v 0.095080 0.131214 0.269504
v 0.134270 0.118838 0.293947
v 0.162959 0.085026 0.311841
v 0.173460 0.038838 0.318391
v 0.162959 -0.007351 0.311841
v 0.134270 -0.041163 0.293947
v 0.095080 -0.053539 0.269504
v 0.055889 -0.041163 0.245061
v 0.027200 -0.007351 0.227167
v 0.016699 0.038838 0.220617
v 0.111004 0.086057 0.089799
v 0.140244 0.120623 0.108236
v 0.180186 0.133275 0.133420
v 0.220128 0.120623 0.158605
v 0.249367 0.086057 0.177042
v 0.260070 0.038838 0.183790
v 0.249367 -0.008381 0.177042
v 0.220128 -0.042948 0.158605
v 0.180186 -0.055600 0.133421
v 0.140244 -0.042948 0.108236
v 0.111005 -0.008381 0.089800
v 0.100302 0.038838 0.083051
v 0.195003 0.087118 -0.045765
v 0.224711 0.122462 -0.026617
v 0.265292 0.135399 -0.000460
v 0.305874 0.122463 0.025696
v 0.335582 0.087119 0.044844
v 0.346456 0.038838 0.051853
v 0.335582 -0.009443 0.044844
v 0.305874 -0.044787 0.025696
v 0.265292 -0.057724 -0.000460
v 0.224711 -0.044787 -0.026617
v 0.195003 -0.009443 -0.045765
v 0.184129 0.038838 -0.052774
v 0.279225 0.088223 -0.178143
v 0.309306 0.124375 -0.158091
v 0.350399 0.137608 -0.130699
v 0.391491 0.124375 -0.103307
v 0.421573 0.088223 -0.083255
v 0.432583 0.038838 -0.075915
v 0.421573 -0.010547 -0.083255
v 0.391491 -0.046700 -0.103307
v 0.350399 -0.059933 -0.130699
v 0.309306 -0.046700 -0.158091
v 0.279225 -0.010548 -0.178143
v 0.268214 0.038838 -0.185482
v 0.363726 0.089381 -0.305993
v 0.394063 0.126381 -0.284812
v 0.435505 0.139924 -0.255878
v 0.476947 0.126381 -0.226944
v 0.507284 0.089381 -0.205762
v 0.518388 0.038838 -0.198009
v 0.507284 -0.011705 -0.205762
v 0.476947 -0.048705 -0.226943
v 0.435505 -0.062248 -0.255878
v 0.394064 -0.048706 -0.284812
v 0.363726 -0.011705 -0.305993
v 0.352622 0.038838 -0.313746
v 0.448600 0.090603 -0.428022
v 0.479036 0.128498 -0.405445
v 0.520611 0.142369 -0.374604
v 0.562187 0.128498 -0.343764
v 0.592622 0.090603 -0.321186
v 0.603763 0.038838 -0.312923
v 0.592623 -0.012928 -0.321186
v 0.562187 -0.050823 -0.343763
v 0.520612 -0.064694 -0.374604
v 0.479036 -0.050823 -0.405445
v 0.448601 -0.012928 -0.428022
v 0.437460 0.038838 -0.436286
v 0.533997 0.091902 -0.542985
v 0.564310 0.130748 -0.518692
v 0.605718 0.144966 -0.485509
v 0.647126 0.130748 -0.452325
v 0.677439 0.091902 -0.428033
v 0.688534 0.038838 -0.419141
v 0.677439 -0.014226 -0.428032
v 0.647126 -0.053072 -0.452325
v 0.605718 -0.067291 -0.485508
v 0.564310 -0.053072 -0.518692
v 0.533997 -0.014227 -0.542985
v 0.522901 0.038838 -0.551876
v 0.620147 0.093288 -0.649687
v 0.650019 0.133148 -0.623296
v 0.690824 0.147738 -0.587244
v 0.731630 0.133148 -0.551193
v 0.761502 0.093288 -0.524802
v 0.772436 0.038838 -0.515142
v 0.761502 -0.015612 -0.524801
v 0.731630 -0.055473 -0.551193
v 0.690824 -0.070062 -0.587244
v 0.650019 -0.055473 -0.623296
v 0.620147 -0.015612 -0.649687
v 0.609213 0.038838 -0.659347
v 0.707410 0.094772 -0.746979
v 0.736370 0.135719 -0.718031
v 0.775931 0.150707 -0.678489
v 0.815491 0.135719 -0.638946
v 0.844452 0.094772 -0.609999
v 0.855052 0.038838 -0.599404
v 0.844452 -0.017097 -0.609999
v 0.815491 -0.058044 -0.638946
v 0.775931 -0.073031 -0.678489
v 0.736370 -0.058044 -0.718031
v 0.707410 -0.017097 -0.746978
v 0.696809 0.038838 -0.757574
v 0.796331 0.096367 -0.833718
v 0.823679 0.138481 -0.801692
v 0.861037 0.153895 -0.757943
v 0.898395 0.138481 -0.714194
v 0.925743 0.096367 -0.682168
v 0.935753 0.038838 -0.670445
v 0.925743 -0.018691 -0.682167
v 0.898395 -0.060805 -0.714194
v 0.861037 -0.076220 -0.757943
v 0.823679 -0.060805 -0.801692
v 0.796331 -0.018691 -0.833718
v 0.786321 0.038838 -0.845441
v 0.887716 0.098082 -0.908687
v 0.912410 0.141453 -0.873034
v 0.946143 0.157327 -0.824331
v 0.979877 0.141453 -0.775627
v 1.004571 0.098083 -0.739974
v 1.013610 0.038838 -0.726924
v 1.004571 -0.020407 -0.739974
v 0.979877 -0.063777 -0.775627
v 0.946143 -0.079652 -0.824331
v 0.912410 -0.063777 -0.873034
v 0.887716 -0.020407 -0.908687
v 0.878677 0.038838 -0.921737
v 0.982647 0.099931 -0.970395
v 1.003189 0.144655 -0.930668
v 1.031250 0.161025 -0.876400
v 1.059310 0.144655 -0.822132
v 1.079852 0.099931 -0.782405
v 1.087371 0.038838 -0.767864
v 1.079852 -0.022256 -0.782405
v 1.059310 -0.066980 -0.822132
v 1.031250 -0.083350 -0.876400
v 1.003189 -0.066980 -0.930668
v 0.982647 -0.022256 -0.970395
v 0.975128 0.038838 -0.984936
v 1.082315 0.101925 -1.016754
v 1.096702 0.148108 -0.972870
v 1.116356 0.165012 -0.912922
v 1.136010 0.148108 -0.852975
v 1.150398 0.101925 -0.809090
v 1.155664 0.038838 -0.793027
v 1.150398 -0.024249 -0.809090
v 1.136010 -0.070432 -0.852975
v 1.116356 -0.087336 -0.912922
v 1.096702 -0.070432 -0.972870
v 1.082315 -0.024249 -1.016754
v 1.077048 0.038838 -1.032817
v 1.187386 0.104074 -1.044805
v 1.193335 0.151831 -0.997421
v 1.201462 0.169311 -0.932692
v 1.209590 0.151831 -0.867964
v 1.215539 0.104074 -0.820580
v 1.217717 0.038838 -0.803236
v 1.215539 -0.026399 -0.820579
v 1.209590 -0.074155 -0.867964
v 1.201462 -0.091635 -0.932692
v 1.193335 -0.074155 -0.997420
v 1.187386 -0.026399 -1.044805
v 1.185208 0.038838 -1.062149
v 1.296997 0.106392 -1.051069
v 1.292590 0.155844 -1.001813
v 1.286569 0.173945 -0.934528
v 1.280548 0.155844 -0.867243
v 1.276140 0.106392 -0.817987
v 1.274527 0.038838 -0.799958
v 1.276140 -0.028716 -0.817987
v 1.280548 -0.078169 -0.867243
v 1.286569 -0.096270 -0.934528
v 1.292590 -0.078169 -1.001813
v 1.296997 -0.028716 -1.051069
v 1.298611 0.038838 -1.069098
v 1.408395 0.108888 -1.032912
v 1.392876 0.160169 -0.984037
v 1.371675 0.178939 -0.917271
v 1.350475 0.160169 -0.850505
v 1.334955 0.108888 -0.801629
v 1.329274 0.038838 -0.783740
v 1.334955 -0.031213 -0.801629
v 1.350475 -0.082494 -0.850505
v 1.371675 -0.101264 -0.917271
v 1.392875 -0.082494 -0.984036
v 1.408395 -0.031213 -1.032912
v 1.414076 0.038838 -1.050802
v 1.518266 0.111577 -0.989753
v 1.492280 0.164825 -0.943276
v 1.456782 0.184316 -0.879787
v 1.421283 0.164825 -0.816298
v 1.395297 0.111577 -0.769821
v 1.385785 0.038838 -0.752809
v 1.395297 -0.033901 -0.769821
v 1.421283 -0.087150 -0.816298
v 1.456781 -0.106640 -0.879787
v 1.492280 -0.087150 -0.943276
v 1.518266 -0.033901 -0.989753
v 1.527778 0.038838 -1.006764
v 1.624612 0.114468 -0.922534
v 1.589649 0.169833 -0.879606
v 1.541888 0.190098 -0.820964
v 1.494127 0.169833 -0.762323
v 1.459164 0.114468 -0.719394
v 1.446366 0.038838 -0.703681
v 1.459164 -0.036792 -0.719394
v 1.494127 -0.092158 -0.762323
v 1.541888 -0.112423 -0.820964
v 1.589649 -0.092158 -0.879606
v 1.624612 -0.036793 -0.922534
v 1.637410 0.038838 -0.938247
v 1.727200 0.117574 -0.832221
v 1.684848 0.175213 -0.793124
v 1.626995 0.196311 -0.739715
v 1.569141 0.175213 -0.686307
v 1.526789 0.117574 -0.647210
v 1.511288 0.038838 -0.632899
v 1.526789 -0.039899 -0.647210
v 1.569141 -0.097538 -0.686307
v 1.626994 -0.118636 -0.739715
v 1.684848 -0.097538 -0.793123
v 1.727200 -0.039899 -0.832221
v 1.742701 0.038838 -0.846532
v 1.826769 0.120907 -0.718985
v 1.778305 0.180987 -0.683479
v 1.712101 0.202977 -0.634976
v 1.645897 0.180987 -0.586473
v 1.597432 0.120908 -0.550967
v 1.579693 0.038838 -0.537971
v 1.597432 -0.043232 -0.550967
v 1.645897 -0.103311 -0.586473
v 1.712101 -0.125302 -0.634976
v 1.778304 -0.103312 -0.683478
v 1.826769 -0.043232 -0.718985
v 1.844508 0.038837 -0.731981
v 1.924251 0.124480 -0.582279
v 1.870556 0.187174 -0.549915
v 1.797207 0.210122 -0.505705
v 1.723858 0.187174 -0.461495
v 1.670163 0.124480 -0.429132
v 1.650509 0.038838 -0.417286
v 1.670163 -0.046804 -0.429132
v 1.723858 -0.109499 -0.461495
v 1.797207 -0.132447 -0.505705
v 1.870556 -0.109499 -0.549915
v 1.924251 -0.046805 -0.582279
v 1.943905 0.038837 -0.594125
v 2.020421 0.128303 -0.421160
v 1.962050 0.193796 -0.391458
v 1.882314 0.217768 -0.350886
v 1.802577 0.193796 -0.310313
v 1.744206 0.128303 -0.280612
v 1.722841 0.038838 -0.269740
v 1.744206 -0.050628 -0.280612
v 1.802577 -0.116121 -0.310313
v 1.882313 -0.140093 -0.350886
v 1.962050 -0.116121 -0.391458
v 2.020421 -0.050628 -0.421159
v 2.041786 0.038837 -0.432031
v 2.115843 0.132389 -0.234534
v 2.053112 0.200874 -0.207057
v 1.967420 0.225941 -0.169524
v 1.881728 0.200874 -0.131990
v 1.818997 0.132389 -0.104513
v 1.796036 0.038838 -0.094456
v 1.818997 -0.054714 -0.104513
v 1.881728 -0.123199 -0.131990
v 1.967420 -0.148266 -0.169524
v 2.053112 -0.123199 -0.207057
v 2.115843 -0.054714 -0.234534
v 2.138804 0.038837 -0.244591
v 2.210966 0.136751 -0.021130
v 2.144001 0.208428 0.004432
v 2.052526 0.234664 0.039351
v 1.961051 0.208428 0.074270
v 1.894087 0.136751 0.099832
v 1.869576 0.038838 0.109189
v 1.894087 -0.059075 0.099832
v 1.961051 -0.130753 0.074270
v 2.052526 -0.156989 0.039351
v 2.144001 -0.130753 0.004432
v 2.210966 -0.059076 -0.021130
v 2.235476 0.038837 -0.030487
v 2.044142 0.150537 0.512699
v 1.977178 0.222215 0.538261
v 1.885702 0.248451 0.573180
v 1.794227 0.222215 0.608099
v 1.727263 0.150537 0.633661
v 1.702752 0.052624 0.643018
v 1.727263 -0.045289 0.633661
v 1.794227 -0.116967 0.608099
v 1.885702 -0.143203 0.573180
v 1.977177 -0.116967 0.538261
v 2.044142 -0.045289 0.512699
v 2.068652 0.052624 0.503343
v 2.170316 0.179192 0.704066
v 2.202000 0.052624 0.691971
v 2.083755 0.271846 0.737109
v 1.965509 0.305759 0.782247
v 1.847264 0.271846 0.827385
v 1.760703 0.179192 0.860428
v 1.729019 0.052624 0.872522
v 1.760702 -0.073943 0.860428
v 1.847264 -0.166598 0.827385
v 1.965509 -0.200511 0.782247
v 2.083754 -0.166598 0.737109
v 2.170316 -0.073944 0.704066
v 2.235521 0.200175 0.772971
v 2.272458 0.052624 0.758871
v 2.134609 0.308189 0.811492
v 1.996760 0.347725 0.864113
v 1.858912 0.308189 0.916734
v 1.758000 0.200175 0.955256
v 1.721063 0.052624 0.969355
v 1.758000 -0.094927 0.955256
v 1.858911 -0.202941 0.916734
v 1.996760 -0.242477 0.864113
v 2.134609 -0.202942 0.811492
v 2.235521 -0.094927 0.772971
v 2.216221 0.175402 0.842722
v 2.246956 0.052624 0.830989
v 2.132251 0.265282 0.874776
v 2.017545 0.298181 0.918562
v 1.902840 0.265283 0.962349
v 1.818870 0.175403 0.994403
v 1.788135 0.052624 1.006135
v 1.818870 -0.070154 0.994403
v 1.902840 -0.160035 0.962349
v 2.017545 -0.192933 0.918562
v 2.132250 -0.160035 0.874776
v 2.216221 -0.070155 0.842722
v 2.202595 0.159418 0.884662
v 2.229329 0.052624 0.874457
v 2.129558 0.237596 0.912543
v 2.029786 0.266211 0.950629
v 1.930015 0.237596 0.988715
v 1.856977 0.159418 1.016596
v 1.830243 0.052624 1.026801
v 1.856977 -0.054170 1.016596
v 1.930014 -0.132348 0.988715
v 2.029786 -0.160964 0.950629
v 2.129557 -0.132348 0.912543
v 2.202595 -0.054170 0.884662
v 2.157148 0.146915 0.977340
v 2.212523 0.052624 0.942144
v 2.142975 0.162085 0.982750
v 2.050200 0.226371 1.004108
v 1.966793 0.162085 1.050004
v 1.952620 0.146915 1.055414
v 1.887878 0.052624 1.066071
v 1.909625 -0.034250 1.057770
v 1.969039 -0.097846 1.035089
v 2.050200 -0.121123 1.004108
v 2.131361 -0.097846 0.973126
v 2.190776 -0.034250 0.950446
v 2.151508 0.142357 0.984704
v 2.169163 0.052624 0.992022
v 2.140453 0.154190 0.988924
v 2.061304 0.168074 1.033195
v 1.972788 0.154190 1.052927
v 1.961733 0.142357 1.057147
v 1.953445 0.052624 1.074368
v 1.967895 -0.005101 1.068851
v 2.007374 -0.047359 1.053781
v 2.061304 -0.062826 1.033195
v 2.115233 -0.047359 1.012608
v 2.154712 -0.005101 0.997538
v 2.131349 0.090996 1.030324
v 2.140955 0.052624 1.026657
v 2.105105 0.119087 1.040342
v 2.069256 0.129369 1.054027
v 2.033407 0.119087 1.067711
v 2.007164 0.090996 1.077729
v 1.997558 0.052624 1.081396
v 2.007164 0.014251 1.077729
v 2.033407 -0.013839 1.067711
v 2.069256 -0.024121 1.054027
v 2.105105 -0.013839 1.040342
v 2.131349 0.014251 1.030324
v 1.973303 0.140506 1.047663
v 1.984359 0.152340 1.043443
v 1.964191 0.145064 1.045931
v 1.978364 0.160235 1.040520
v 2.120872 0.149830 0.984460
v 2.123394 0.157725 0.978286
v 2.098909 0.057681 1.107146
v 2.100175 0.052624 1.106663
v 2.095451 0.061383 1.108466
v 2.090726 0.062738 1.110270
v 2.086002 0.061383 1.112073
v 2.082543 0.057681 1.113393
v 2.081277 0.052624 1.113877
v 2.082543 0.047567 1.113393
v 2.086002 0.043865 1.112073
v 2.090726 0.042510 1.110270
v 2.095451 0.043865 1.108466
v 2.098909 0.047567 1.107146
v 2.190776 0.139497 0.950446
v 2.131362 0.203093 0.973126
v 1.969039 0.203093 1.035089
v 1.909625 0.139498 1.057770
v 2.154712 0.110349 0.997538
v 2.115233 0.152607 1.012608
v 2.007375 0.152607 1.053781
v 1.967895 0.110349 1.068851
v 2.168405 0.159256 1.006830
v 2.154232 0.174426 1.012241
v 1.978051 0.174426 1.079494
v 1.963878 0.159256 1.084905
v 2.162766 0.154698 1.014194
v 2.151710 0.166531 1.018415
v 1.984046 0.166531 1.082417
v 1.972990 0.154698 1.086638
v -1.944585 0.044011 0.038594
v -1.856190 0.050009 0.341704
v -1.768104 0.055629 0.605173
v -1.680369 0.060887 0.830933
v -1.593065 0.065801 1.020868
v -1.506334 0.070388 1.176813
v -1.420425 0.074665 1.300570
v -1.335747 0.078649 1.393977
v -1.252853 0.082357 1.459072
v -1.172194 0.085808 1.498342
v -1.093554 0.089019 1.514659
v -1.015790 0.092007 1.510584
v -0.937554 0.094791 1.487743
v -0.858141 0.097388 1.447173
v -0.777519 0.099816 1.389974
v -0.695926 0.102094 1.317520
v -0.613617 0.104239 1.231377
v -0.530791 0.106269 1.133183
v -0.447587 0.108204 1.024599
v -0.364100 0.110061 0.907266
v -0.280395 0.111860 0.782805
v -0.196518 0.113618 0.652806
v -0.112499 0.115354 0.518833
v -0.028360 0.117088 0.382417
v 0.055889 0.118838 0.245061
v 0.140244 0.120623 0.108236
v 0.224711 0.122462 -0.026617
v 0.309306 0.124375 -0.158091
v 0.394063 0.126381 -0.284812
v 0.479036 0.128498 -0.405445
v 0.564310 0.130748 -0.518692
v 0.650019 0.133148 -0.623296
v 0.736370 0.135719 -0.718031
v 0.823679 0.138481 -0.801692
v 0.912410 0.141453 -0.873034
v 1.003189 0.144655 -0.930668
v 1.096702 0.148108 -0.972870
v 1.193335 0.151831 -0.997421
v 1.292590 0.155844 -1.001813
v 1.392876 0.160169 -0.984037
v 1.492280 0.164825 -0.943276
v 1.589649 0.169833 -0.879606
v 1.684848 0.175213 -0.793124
v 1.778305 0.180987 -0.683479
v 1.870556 0.187174 -0.549915
v 1.962050 0.193796 -0.391458
v 2.053112 0.200874 -0.207057
v 2.144001 0.208428 0.004432
v 1.977178 0.222215 0.538261
v 2.083755 0.271846 0.737109
v 2.134609 0.308189 0.811492
v 2.132251 0.265282 0.874776
v 2.129558 0.237596 0.912543
v 2.131362 0.203093 0.973126
v 2.115233 0.152607 1.012608
v 2.105105 0.119087 1.040342
v 2.131927 0.137996 0.980240
v 2.137567 0.142554 0.972876
v 2.095451 0.061383 1.108466
v 2.142975 0.162085 0.982750
v 2.140453 0.154190 0.988924
v 2.154232 0.174426 1.012241
v 2.151710 0.166531 1.018415
v 2.117159 0.075636 1.067751
v 2.110466 0.068376 1.085480
v 2.116044 0.074426 1.070706
v 2.114928 0.073216 1.073661
v 2.113813 0.072006 1.076615
v 2.112697 0.070796 1.079570
v 2.111582 0.069586 1.082525
v 2.114419 0.052624 1.083953
v 2.122910 0.052624 1.065573
v 2.115835 0.052624 1.080890
v 2.117250 0.052624 1.077827
v 2.118665 0.052624 1.074763
v 2.120080 0.052624 1.071700
v 2.121495 0.052624 1.068636
v 2.101424 0.092503 1.073734
v 2.099691 0.079887 1.089617
v 2.101135 0.090400 1.076381
v 2.100846 0.088297 1.079028
v 2.100557 0.086195 1.081676
v 2.100268 0.084092 1.084323
v 2.099979 0.081990 1.086970
v 2.079921 0.098649 1.081966
v 2.084977 0.084128 1.095210
v 2.080764 0.096229 1.084173
v 2.081606 0.093808 1.086380
v 2.082449 0.091388 1.088588
v 2.083292 0.088968 1.090795
v 2.084134 0.086548 1.093003
v 2.058436 0.092468 1.090185
v 2.070247 0.079921 1.100815
v 2.060405 0.090377 1.091957
v 2.062373 0.088286 1.093728
v 2.064342 0.086195 1.095500
v 2.066310 0.084104 1.097272
v 2.068279 0.082013 1.099043
v 2.042717 0.075622 1.096198
v 2.059455 0.068390 1.104923
v 2.045506 0.074417 1.097652
v 2.048296 0.073211 1.099106
v 2.051086 0.072006 1.100560
v 2.053875 0.070801 1.102014
v 2.056665 0.069595 1.103468
v 2.036969 0.052624 1.098400
v 2.055498 0.052624 1.106425
v 2.040057 0.052624 1.099737
v 2.043146 0.052624 1.101075
v 2.046234 0.052624 1.102412
v 2.049322 0.052624 1.103750
v 2.052410 0.052624 1.105087
v 2.042731 0.029632 1.096205
v 2.059441 0.036852 1.104915
v 2.045516 0.030835 1.097657
v 2.048301 0.032038 1.099108
v 2.051086 0.033242 1.100560
v 2.053871 0.034445 1.102012
v 2.056656 0.035648 1.103463
v 2.058456 0.012802 1.090204
v 2.070227 0.025304 1.100796
v 2.060418 0.014885 1.091969
v 2.062380 0.016969 1.093735
v 2.064342 0.019053 1.095500
v 2.066303 0.021137 1.097265
v 2.068265 0.023221 1.099031
v 2.079936 0.006640 1.082003
v 2.084963 0.021079 1.095173
v 2.080773 0.009046 1.084198
v 2.081611 0.011453 1.086393
v 2.082449 0.013859 1.088588
v 2.083287 0.016266 1.090783
v 2.084125 0.018673 1.092978
v 2.101417 0.012796 1.073798
v 2.099698 0.025309 1.089553
v 2.101130 0.014882 1.076424
v 2.100843 0.016967 1.079050
v 2.100557 0.019053 1.081676
v 2.100271 0.021138 1.084301
v 2.099984 0.023224 1.086927
v 2.117146 0.029626 1.067786
v 2.110479 0.036858 1.085445
v 2.116035 0.030831 1.070729
v 2.114924 0.032036 1.073672
v 2.113813 0.033242 1.076615
v 2.112701 0.034447 1.079559
v 2.111590 0.035652 1.082502
v 2.111097 0.069061 1.083803
v 2.102919 0.061193 1.100591
v 2.110069 0.067978 1.086368
v 2.108781 0.066680 1.089299
v 2.107320 0.065255 1.092394
v 2.105787 0.063800 1.095444
v 2.104286 0.062415 1.098240
v 2.105077 0.052624 1.099754
v 2.115202 0.052624 1.082253
v 2.106746 0.052624 1.097291
v 2.108590 0.052624 1.094369
v 2.110483 0.052624 1.091188
v 2.112296 0.052624 1.087963
v 2.113905 0.052624 1.084916
v 2.099858 0.081114 1.088069
v 2.097052 0.067444 1.102849
v 2.099553 0.079237 1.090365
v 2.099141 0.076985 1.092969
v 2.098650 0.074510 1.095702
v 2.098114 0.071981 1.098379
v 2.097569 0.069571 1.100816
v 2.084498 0.085499 1.093956
v 2.089052 0.069763 1.105884
v 2.085222 0.083333 1.095853
v 2.086035 0.080737 1.097981
v 2.086881 0.077886 1.100196
v 2.087702 0.074977 1.102347
v 2.088442 0.072206 1.104288
v 2.069156 0.081080 1.099830
v 2.081033 0.067483 1.108932
v 2.070887 0.079209 1.101337
v 2.072908 0.076965 1.102999
v 2.075080 0.074502 1.104702
v 2.077255 0.071988 1.106331
v 2.079286 0.069594 1.107773
v 2.057933 0.069047 1.104126
v 2.075152 0.061209 1.111168
v 2.060400 0.067968 1.105350
v 2.063302 0.066675 1.106671
v 2.066441 0.065256 1.108001
v 2.069604 0.063806 1.109248
v 2.072576 0.062426 1.110328
v 2.053832 0.052624 1.105700
v 2.072993 0.052624 1.111986
v 2.056565 0.052624 1.106819
v 2.059788 0.052624 1.108016
v 2.063279 0.052624 1.109209
v 2.066801 0.052624 1.110317
v 2.070114 0.052624 1.111264
v 2.057947 0.036207 1.104134
v 2.075138 0.044032 1.111163
v 2.060410 0.037284 1.105355
v 2.063307 0.038574 1.106674
v 2.066441 0.039992 1.108002
v 2.069599 0.041439 1.109247
v 2.072565 0.042817 1.110326
v 2.069176 0.024190 1.099849
v 2.081013 0.037741 1.108920
v 2.070902 0.026055 1.101351
v 2.072916 0.028290 1.103007
v 2.075080 0.030745 1.104704
v 2.077248 0.033250 1.106327
v 2.079272 0.035636 1.107765
v 2.084512 0.019790 1.093993
v 2.089041 0.035440 1.105856
v 2.085232 0.021943 1.095879
v 2.086040 0.024525 1.097996
v 2.086882 0.027360 1.100199
v 2.087698 0.030254 1.102338
v 2.088435 0.033010 1.104268
v 2.099851 0.024185 1.088133
v 2.097067 0.037746 1.102796
v 2.099565 0.026051 1.090405
v 2.099166 0.028288 1.092984
v 2.098683 0.030745 1.095694
v 2.098148 0.033252 1.098351
v 2.097597 0.035640 1.100773
v 2.111084 0.036201 1.083837
v 2.102937 0.044039 1.100561
v 2.110060 0.037279 1.086393
v 2.108777 0.038572 1.089312
v 2.107322 0.039992 1.092396
v 2.105795 0.041441 1.095433
v 2.104299 0.042821 1.098219
v 2.099691 0.079887 1.089617
v 2.101424 0.092503 1.073734
v 2.099979 0.081990 1.086970
v 2.100268 0.084092 1.084323
v 2.100557 0.086195 1.081676
v 2.100846 0.088297 1.079028
v 2.101135 0.090400 1.076381
v 2.097052 0.067444 1.102849
v 2.099858 0.081114 1.088069
v 2.097597 0.069554 1.100806
v 2.098160 0.071953 1.098361
v 2.098702 0.074478 1.095682
v 2.099187 0.076956 1.092951
v 2.099581 0.079220 1.090354
vn 0.8272 0.5011 -0.2542
vn 0.1236 0.9913 -0.0457
vn -0.0086 0.9998 -0.0203
vn -0.4894 0.8646 0.1142
vn -0.8404 0.4986 0.2124
vn -0.9687 -0.0000 0.2483
vn -0.8404 -0.4986 0.2124
vn -0.4894 -0.8646 0.1142
vn -0.0086 -0.9998 -0.0203
vn 0.4735 -0.8670 -0.1552
vn 0.8272 -0.5011 -0.2542
vn 0.9569 -0.0000 -0.2905
vn 0.8219 0.5013 -0.2707
vn 0.1224 0.9913 -0.0484
vn -0.0097 0.9997 -0.0207
vn -0.4876 0.8644 0.1229
vn -0.8365 0.4984 0.2278
vn -0.9639 -0.0000 0.2661
vn -0.8365 -0.4984 0.2278
vn -0.4876 -0.8644 0.1229
vn -0.0097 -0.9997 -0.0207
vn 0.4698 -0.8672 -0.1648
vn 0.8219 -0.5013 -0.2707
vn 0.9509 -0.0000 -0.3094
vn 0.8088 0.5016 -0.3069
vn 0.1202 0.9913 -0.0544
vn -0.0118 0.9997 -0.0215
vn -0.4829 0.8640 0.1424
vn -0.8266 0.4981 0.2619
vn -0.9522 -0.0000 0.3056
vn -0.8266 -0.4981 0.2619
vn -0.4829 -0.8640 0.1424
vn -0.0118 -0.9997 -0.0215
vn 0.4613 -0.8675 -0.1860
vn 0.8088 -0.5016 -0.3069
vn 0.9363 -0.0000 -0.3512
vn 0.7904 0.5020 -0.3511
vn 0.1170 0.9912 -0.0616
vn -0.0145 0.9996 -0.0221
vn -0.4760 0.8635 0.1665
vn -0.8124 0.4976 0.3040
vn -0.9352 -0.0000 0.3542
vn -0.8124 -0.4976 0.3040
vn -0.4760 -0.8635 0.1665
vn -0.0145 -0.9996 -0.0221
vn 0.4493 -0.8679 -0.2117
vn 0.7904 -0.5020 -0.3511
vn 0.9155 -0.0000 -0.4023
vn 0.7635 0.5026 -0.4055
vn 0.1123 0.9912 -0.0705
vn -0.0182 0.9996 -0.0225
vn -0.4656 0.8629 0.1967
vn -0.7912 0.4970 0.3563
vn -0.9100 -0.0000 0.4145
vn -0.7912 -0.4970 0.3563
vn -0.4656 -0.8629 0.1967
vn -0.0182 -0.9996 -0.0225
vn 0.4321 -0.8685 -0.2431
vn 0.7635 -0.5026 -0.4055
vn 0.8853 -0.0000 -0.4651
vn 0.7236 0.5034 -0.4722
vn 0.1054 0.9911 -0.0813
vn -0.0231 0.9995 -0.0221
vn -0.4493 0.8620 0.2349
vn -0.7590 0.4961 0.4217
vn -0.8718 -0.0000 0.4898
vn -0.7590 -0.4961 0.4217
vn -0.4493 -0.8620 0.2349
vn -0.0231 -0.9995 -0.0221
vn 0.4067 -0.8692 -0.2812
vn 0.7236 -0.5034 -0.4722
vn 0.8401 -0.0000 -0.5424
vn 0.6631 0.5045 -0.5530
vn 0.0950 0.9910 -0.0943
vn -0.0293 0.9994 -0.0201
vn -0.4230 0.8607 0.2831
vn -0.7085 0.4950 0.5030
vn -0.8124 -0.0000 0.5831
vn -0.7085 -0.4950 0.5030
vn -0.4230 -0.8607 0.2831
vn -0.0293 -0.9994 -0.0201
vn 0.3688 -0.8702 -0.3266
vn 0.6631 -0.5045 -0.5530
vn 0.7714 -0.0000 -0.6363
vn 0.5710 0.5059 -0.6466
vn 0.0792 0.9909 -0.1090
vn -0.0366 0.9992 -0.0154
vn -0.3804 0.8592 0.3421
vn -0.6289 0.4935 0.6007
vn -0.7193 -0.0000 0.6947
vn -0.6289 -0.4935 0.6007
vn -0.3804 -0.8592 0.3421
vn -0.0366 -0.9992 -0.0154
vn 0.3123 -0.8716 -0.3780
vn 0.5710 -0.5059 -0.6466
vn 0.6664 -0.0000 -0.7456
vn 0.4351 0.5075 -0.7437
vn 0.0562 0.9907 -0.1236
vn -0.0433 0.9990 -0.0068
vn -0.3125 0.8576 0.4085
vn -0.5065 0.4921 0.7080
vn -0.5770 -0.0000 0.8168
vn -0.5065 -0.4921 0.7080
vn -0.3125 -0.8576 0.4085
vn -0.0433 -0.9990 -0.0068
vn 0.2309 -0.8731 -0.4294
vn 0.4351 -0.5075 -0.7437
vn 0.5106 -0.0000 -0.8598
vn 0.2510 0.5088 -0.8235
vn 0.0258 0.9906 -0.1342
vn -0.0462 0.9989 0.0052
vn -0.2130 0.8565 0.4702
vn -0.3332 0.4910 0.8049
vn -0.3768 -0.0000 0.9263
vn -0.3332 -0.4910 0.8049
vn -0.2130 -0.8565 0.4702
vn -0.0462 -0.9989 0.0052
vn 0.1240 -0.8743 -0.4694
vn 0.2510 -0.5088 -0.8235
vn 0.2980 -0.0000 -0.9546
vn 0.0363 0.5090 -0.8600
vn -0.0084 0.9906 -0.1368
vn -0.0430 0.9989 0.0170
vn -0.0884 0.8564 0.5087
vn -0.1214 0.4909 0.8627
vn -0.1334 -0.0000 0.9911
vn -0.1214 -0.4909 0.8627
vn -0.0884 -0.8564 0.5087
vn -0.0430 -0.9989 0.0170
vn 0.0028 -0.8744 -0.4851
vn 0.0363 -0.5090 -0.8600
vn 0.0487 -0.0000 -0.9988
vn -0.1709 0.5079 -0.8443
vn -0.0397 0.9906 -0.1307
vn -0.0351 0.9991 0.0242
vn 0.0399 0.8574 0.5132
vn 0.0935 0.4918 0.8657
vn 0.1128 -0.0000 0.9936
vn 0.0935 -0.4918 0.8657
vn 0.0399 -0.8574 0.5132
vn -0.0351 -0.9991 0.0242
vn -0.1125 -0.8735 -0.4737
vn -0.1709 -0.5079 -0.8443
vn -0.1928 -0.0000 -0.9812
vn -0.3400 0.5062 -0.7925
vn -0.0638 0.9908 -0.1196
vn -0.0264 0.9993 0.0262
vn 0.1497 0.8589 0.4897
vn 0.2765 0.4932 0.8248
vn 0.3226 -0.0000 0.9465
vn 0.2765 -0.4932 0.8248
vn 0.1497 -0.8589 0.4897
vn -0.0264 -0.9993 0.0262
vn -0.2061 -0.8720 -0.4440
vn -0.3400 -0.5062 -0.7925
vn -0.3896 -0.0000 -0.9210
vn -0.4637 0.5048 -0.7281
vn -0.0804 0.9909 -0.1077
vn -0.0194 0.9995 0.0250
vn 0.2323 0.8605 0.4533
vn 0.4144 0.4947 0.7639
vn 0.4807 -0.0000 0.8769
vn 0.4144 -0.4947 0.7639
vn 0.2323 -0.8605 0.4533
vn -0.0194 -0.9995 0.0250
vn -0.2746 -0.8706 -0.4081
vn -0.4637 -0.5048 -0.7281
vn -0.5334 -0.0000 -0.8459
vn -0.5499 0.5036 -0.6663
vn -0.0913 0.9911 -0.0973
vn -0.0145 0.9996 0.0225
vn 0.2905 0.8619 0.4156
vn 0.5120 0.4960 0.7013
vn 0.5926 -0.0000 0.8055
vn 0.5120 -0.4960 0.7013
vn 0.2905 -0.8619 0.4156
vn -0.0145 -0.9996 0.0225
vn -0.3225 -0.8695 -0.3740
vn -0.5499 -0.5036 -0.6663
vn -0.6336 -0.0000 -0.7737
vn -0.6095 0.5028 -0.6130
vn -0.0986 0.9912 -0.0887
vn -0.0113 0.9997 0.0199
vn 0.3308 0.8629 0.3821
vn 0.5797 0.4970 0.6457
vn 0.6705 -0.0000 0.7419
vn 0.5797 -0.4970 0.6457
vn 0.3308 -0.8629 0.3821
vn -0.0113 -0.9997 0.0199
vn -0.3558 -0.8687 -0.3447
vn -0.6095 -0.5028 -0.6130
vn -0.7027 -0.0000 -0.7115
vn -0.6511 0.5021 -0.5692
vn -0.1036 0.9912 -0.0820
vn -0.0092 0.9998 0.0176
vn 0.3588 0.8637 0.3541
vn 0.6269 0.4977 0.5994
vn 0.7248 -0.0000 0.6889
vn 0.6269 -0.4977 0.5994
vn 0.3588 -0.8637 0.3541
vn -0.0092 -0.9998 0.0176
vn -0.3791 -0.8681 -0.3206
vn -0.6511 -0.5021 -0.5692
vn -0.7509 -0.0000 -0.6604
vn -0.6804 0.5016 -0.5343
vn -0.1071 0.9913 -0.0768
vn -0.0078 0.9998 0.0156
vn 0.3784 0.8642 0.3315
vn 0.6602 0.4983 0.5620
vn 0.7632 -0.0000 0.6462
vn 0.6602 -0.4983 0.5620
vn 0.3784 -0.8642 0.3315
vn -0.0078 -0.9998 0.0156
vn -0.3956 -0.8676 -0.3014
vn -0.6804 -0.5016 -0.5343
vn -0.7849 -0.0000 -0.6197
vn -0.7014 0.5012 -0.5068
vn -0.1095 0.9913 -0.0727
vn -0.0069 0.9999 0.0141
vn 0.3924 0.8647 0.3137
vn 0.6840 0.4987 0.5325
vn 0.7905 -0.0000 0.6124
vn 0.6840 -0.4987 0.5325
vn 0.3924 -0.8647 0.3137
vn -0.0069 -0.9999 0.0141
vn -0.4074 -0.8672 -0.2863
vn -0.7014 -0.5012 -0.5068
vn -0.8091 -0.0000 -0.5876
vn -0.7164 0.5009 -0.4856
vn -0.1113 0.9913 -0.0696
vn -0.0064 0.9999 0.0129
vn 0.4023 0.8650 0.2999
vn 0.7009 0.4990 0.5096
vn 0.8101 -0.0000 0.5863
vn 0.7009 -0.4990 0.5096
vn 0.4023 -0.8650 0.2999
vn -0.0064 -0.9999 0.0129
vn -0.4160 -0.8669 -0.2747
vn -0.7164 -0.5009 -0.4856
vn -0.8265 -0.0000 -0.5629
vn -0.7271 0.5006 -0.4698
vn -0.1125 0.9914 -0.0673
vn -0.0061 0.9999 0.0120
vn 0.4092 0.8653 0.2896
vn 0.7128 0.4993 0.4925
vn 0.8239 -0.0000 0.5667
vn 0.7128 -0.4993 0.4925
vn 0.4092 -0.8653 0.2896
vn -0.0061 -0.9999 0.0120
vn -0.4221 -0.8666 -0.2660
vn -0.7271 -0.5006 -0.4698
vn -0.8388 -0.0000 -0.5444
vn -0.7344 0.5004 -0.4585
vn -0.1133 0.9914 -0.0656
vn -0.0061 0.9999 0.0114
vn 0.4138 0.8655 0.2823
vn 0.7209 0.4995 0.4804
vn 0.8333 -0.0000 0.5529
vn 0.7209 -0.4995 0.4804
vn 0.4138 -0.8655 0.2823
vn -0.0061 -0.9999 0.0114
vn -0.4264 -0.8664 -0.2598
vn -0.7344 -0.5004 -0.4585
vn -0.8472 -0.0000 -0.5312
vn -0.7390 0.5002 -0.4512
vn -0.1138 0.9914 -0.0645
vn -0.0062 0.9999 0.0109
vn 0.4166 0.8657 0.2776
vn 0.7259 0.4997 0.4726
vn 0.8391 -0.0000 0.5440
vn 0.7259 -0.4997 0.4726
vn 0.4166 -0.8657 0.2776
vn -0.0062 -0.9999 0.0109
vn -0.4292 -0.8662 -0.2558
vn -0.7390 -0.5002 -0.4512
vn -0.8525 -0.0000 -0.5228
vn -0.7413 0.5000 -0.4476
vn -0.1140 0.9914 -0.0639
vn -0.0065 0.9999 0.0107
vn 0.4177 0.8659 0.2753
vn 0.7282 0.4999 0.4689
vn 0.8418 -0.0000 0.5398
vn 0.7282 -0.4999 0.4689
vn 0.4177 -0.8659 0.2753
vn -0.0065 -0.9999 0.0107
vn -0.4307 -0.8660 -0.2539
vn -0.7413 -0.5000 -0.4476
vn -0.8550 -0.0000 -0.5186
vn -0.7415 0.4999 -0.4476
vn -0.1140 0.9914 -0.0638
vn -0.0069 0.9999 0.0107
vn 0.4174 0.8660 0.2753
vn 0.7280 0.5001 0.4690
vn 0.8417 -0.0000 0.5400
vn 0.7280 -0.5001 0.4690
vn 0.4174 -0.8660 0.2753
vn -0.0069 -0.9999 0.0107
vn -0.4311 -0.8659 -0.2539
vn -0.7415 -0.4999 -0.4475
vn -0.8551 -0.0000 -0.5184
vn -0.7396 0.4997 -0.4509
vn -0.1137 0.9914 -0.0641
vn -0.0075 0.9999 0.0108
vn 0.4155 0.8662 0.2775
vn 0.7253 0.5002 0.4729
vn 0.8388 -0.0000 0.5445
vn 0.7253 -0.5002 0.4729
vn 0.4155 -0.8662 0.2775
vn -0.0075 -0.9999 0.0108
vn -0.4303 -0.8657 -0.2558
vn -0.7396 -0.4997 -0.4509
vn -0.8528 -0.0000 -0.5223
vn -0.7355 0.4995 -0.4578
vn -0.1131 0.9915 -0.0650
vn -0.0084 0.9999 0.0110
vn 0.4121 0.8664 0.2821
vn 0.7201 0.5004 0.4807
vn 0.8329 -0.0000 0.5534
vn 0.7201 -0.5004 0.4807
vn 0.4121 -0.8664 0.2821
vn -0.0084 -0.9999 0.0110
vn -0.4283 -0.8655 -0.2597
vn -0.7355 -0.4995 -0.4578
vn -0.8479 -0.0000 -0.5302
vn -0.7289 0.4993 -0.4684
vn -0.1123 0.9915 -0.0663
vn -0.0095 0.9999 0.0114
vn 0.4068 0.8666 0.2890
vn 0.7119 0.5006 0.4925
vn 0.8237 -0.0000 0.5670
vn 0.7119 -0.5006 0.4925
vn 0.4068 -0.8666 0.2890
vn -0.0095 -0.9999 0.0114
vn -0.4251 -0.8653 -0.2657
vn -0.7289 -0.4993 -0.4684
vn -0.8401 -0.0000 -0.5425
vn -0.7194 0.4990 -0.4831
vn -0.1111 0.9915 -0.0681
vn -0.0109 0.9999 0.0119
vn 0.3994 0.8668 0.2985
vn 0.7003 0.5008 0.5087
vn 0.8105 -0.0000 0.5857
vn 0.7003 -0.5008 0.5087
vn 0.3994 -0.8668 0.2985
vn -0.0109 -0.9999 0.0119
vn -0.4203 -0.8650 -0.2741
vn -0.7194 -0.4990 -0.4831
vn -0.8288 -0.0000 -0.5595
vn -0.7063 0.4987 -0.5024
vn -0.1094 0.9915 -0.0706
vn -0.0127 0.9998 0.0125
vn 0.3892 0.8671 0.3110
vn 0.6842 0.5011 0.5299
vn 0.7923 -0.0000 0.6102
vn 0.6842 -0.5011 0.5299
vn 0.3892 -0.8671 0.3110
vn -0.0127 -0.9998 0.0125
vn -0.4135 -0.8647 -0.2851
vn -0.7063 -0.4987 -0.5024
vn -0.8133 -0.0000 -0.5819
vn -0.6883 0.4984 -0.5271
vn -0.1071 0.9915 -0.0737
vn -0.0151 0.9998 0.0132
vn 0.3755 0.8674 0.3266
vn 0.6623 0.5014 0.5567
vn 0.7674 -0.0000 0.6411
vn 0.6623 -0.5014 0.5567
vn 0.3755 -0.8674 0.3266
vn -0.0151 -0.9998 0.0132
vn -0.4043 -0.8643 -0.2992
vn -0.6883 -0.4984 -0.5271
vn -0.7921 -0.0000 -0.6104
vn -0.6638 0.4979 -0.5580
vn -0.1041 0.9915 -0.0778
vn -0.0182 0.9997 0.0137
vn 0.3569 0.8678 0.3458
vn 0.6326 0.5018 0.5899
vn 0.7338 -0.0000 0.6794
vn 0.6326 -0.5018 0.5899
vn 0.3569 -0.8678 0.3458
vn -0.0182 -0.9997 0.0137
vn -0.3916 -0.8638 -0.3169
vn -0.6638 -0.4979 -0.5580
vn -0.7633 -0.0000 -0.6461
vn -0.6303 0.4973 -0.5961
vn -0.0999 0.9915 -0.0828
vn -0.0222 0.9997 0.0139
vn 0.3317 0.8683 0.3689
vn 0.5922 0.5024 0.6300
vn 0.6878 -0.0000 0.7259
vn 0.5922 -0.5024 0.6300
vn 0.3317 -0.8683 0.3689
vn -0.0222 -0.9997 0.0139
vn -0.3741 -0.8632 -0.3390
vn -0.6303 -0.4973 -0.5961
vn -0.7238 -0.0000 -0.6900
vn -0.5839 0.4966 -0.6423
vn -0.0942 0.9916 -0.0890
vn -0.0274 0.9995 0.0134
vn 0.2973 0.8689 0.3958
vn 0.5367 0.5030 0.6775
vn 0.6246 -0.0000 0.7809
vn 0.5367 -0.5030 0.6775
vn 0.2973 -0.8689 0.3958
vn -0.0274 -0.9995 0.0134
vn -0.3496 -0.8624 -0.3662
vn -0.5839 -0.4966 -0.6423
vn -0.6693 -0.0000 -0.7430
vn -0.5190 0.4956 -0.6964
vn -0.0861 0.9916 -0.0965
vn -0.0337 0.9994 0.0115
vn 0.2503 0.8697 0.4255
vn 0.4600 0.5039 0.7311
vn 0.5372 -0.0000 0.8435
vn 0.4600 -0.5039 0.7311
vn 0.2503 -0.8697 0.4255
vn -0.0337 -0.9994 0.0115
vn -0.3149 -0.8614 -0.3986
vn -0.5190 -0.4956 -0.6964
vn -0.5934 -0.0000 -0.8049
vn -0.4286 0.4944 -0.7562
vn -0.0747 0.9916 -0.1052
vn -0.0411 0.9991 0.0073
vn 0.1864 0.8706 0.4554
vn 0.3547 0.5049 0.7869
vn 0.4168 -0.0000 0.9090
vn 0.3547 -0.5049 0.7869
vn 0.1864 -0.8706 0.4554
vn -0.0411 -0.9991 0.0073
vn -0.2658 -0.8601 -0.4354
vn -0.4286 -0.4944 -0.7562
vn -0.4879 -0.0000 -0.8729
vn -0.3055 0.4932 -0.8145
vn -0.0589 0.9917 -0.1144
vn -0.0483 0.9988 -0.0002
vn 0.1026 0.8715 0.4795
vn 0.2143 0.5060 0.8355
vn 0.2554 -0.0000 0.9668
vn 0.2143 -0.5060 0.8355
vn 0.1026 -0.8715 0.4795
vn -0.0483 -0.9988 -0.0002
vn -0.1974 -0.8587 -0.4728
vn -0.3055 -0.4932 -0.8145
vn -0.3448 -0.0000 -0.9387
vn -0.1477 0.4922 -0.8578
vn -0.0380 0.9917 -0.1226
vn -0.0532 0.9985 -0.0111
vn 0.0007 0.8722 0.4891
vn 0.0394 0.5069 0.8611
vn 0.0533 -0.0000 0.9986
vn 0.0394 -0.5069 0.8611
vn 0.0007 -0.8722 0.4891
vn -0.0532 -0.9985 -0.0111
vn -0.1077 -0.8576 -0.5029
vn -0.1477 -0.4922 -0.8578
vn -0.1623 -0.0000 -0.9867
vn 0.0349 0.4918 -0.8700
vn -0.0126 0.9917 -0.1276
vn -0.0537 0.9983 -0.0235
vn -0.1096 0.8723 0.4765
vn -0.1537 0.5070 0.8481
vn -0.1708 -0.0000 0.9853
vn -0.1537 -0.5070 0.8481
vn -0.1096 -0.8723 0.4765
vn -0.0537 -0.9983 -0.0235
vn -0.0016 -0.8571 -0.5152
vn 0.0349 -0.4918 -0.8700
vn 0.0480 -0.0000 -0.9988
vn 0.2199 0.4921 -0.8423
vn 0.0144 0.9917 -0.1275
vn -0.0494 0.9982 -0.0342
vn -0.2123 0.8717 0.4417
vn -0.3363 0.5063 0.7941
vn -0.3830 -0.0000 0.9238
vn -0.3363 -0.5063 0.7941
vn -0.2123 -0.8717 0.4417
vn -0.0494 -0.9982 -0.0342
vn 0.1078 -0.8574 -0.5033
vn 0.2199 -0.4921 -0.8423
vn 0.2604 -0.0000 -0.9655
vn 0.3833 0.4929 -0.7811
vn 0.0399 0.9917 -0.1224
vn -0.0420 0.9983 -0.0410
vn -0.2956 0.8707 0.3930
vn -0.4857 0.5052 0.7133
vn -0.5564 -0.0000 0.8309
vn -0.4857 -0.5052 0.7133
vn -0.2956 -0.8707 0.3930
vn -0.0420 -0.9983 -0.0410
vn 0.2055 -0.8583 -0.4702
vn 0.3833 -0.4929 -0.7811
vn 0.4477 -0.0000 -0.8942
vn 0.5122 0.4940 -0.7026
vn 0.0613 0.9916 -0.1138
vn -0.0341 0.9985 -0.0440
vn -0.3566 0.8698 0.3410
vn -0.5963 0.5042 0.6246
vn -0.6848 -0.0000 0.7287
vn -0.5963 -0.5042 0.6246
vn -0.3566 -0.8698 0.3410
vn -0.0341 -0.9985 -0.0440
vn 0.2831 -0.8595 -0.4256
vn 0.5122 -0.4940 -0.7026
vn 0.5954 -0.0000 -0.8034
vn 0.6067 0.4951 -0.6219
vn 0.0780 0.9915 -0.1038
vn -0.0272 0.9986 -0.0443
vn -0.3991 0.8690 0.2926
vn -0.6741 0.5034 0.5406
vn -0.7753 -0.0000 0.6316
vn -0.6741 -0.5034 0.5406
vn -0.3991 -0.8690 0.2926
vn -0.0272 -0.9986 -0.0443
vn 0.3403 -0.8607 -0.3787
vn 0.6067 -0.4951 -0.6219
vn 0.7037 -0.0000 -0.7105
vn 0.6737 0.4961 -0.5478
vn 0.0904 0.9915 -0.0937
vn -0.0218 0.9988 -0.0432
vn -0.4280 0.8683 0.2506
vn -0.7276 0.5027 0.4667
vn -0.8377 -0.0000 0.5461
vn -0.7276 -0.5027 0.4667
vn -0.4280 -0.8683 0.2506
vn -0.0218 -0.9988 -0.0432
vn 0.3810 -0.8617 -0.3352
vn 0.6737 -0.4961 -0.5478
vn 0.7804 -0.0000 -0.6253
vn 0.7208 0.4968 -0.4833
vn 0.0994 0.9915 -0.0844
vn -0.0176 0.9990 -0.0415
vn -0.4478 0.8678 0.2154
vn -0.7645 0.5022 0.4042
vn -0.8808 -0.0000 0.4735
vn -0.7645 -0.5021 0.4042
vn -0.4478 -0.8678 0.2154
vn -0.0176 -0.9990 -0.0415
vn 0.4098 -0.8625 -0.2971
vn 0.7208 -0.4968 -0.4833
vn 0.8343 -0.0000 -0.5513
vn 0.7543 0.4974 -0.4286
vn 0.1060 0.9914 -0.0763
vn -0.0145 0.9991 -0.0397
vn -0.4615 0.8674 0.1861
vn -0.7901 0.5017 0.3521
vn -0.9108 -0.0000 0.4129
vn -0.7901 -0.5017 0.3521
vn -0.4615 -0.8674 0.1861
vn -0.0145 -0.9991 -0.0397
vn 0.4302 -0.8631 -0.2646
vn 0.7543 -0.4974 -0.4286
vn 0.8726 -0.0000 -0.4885
vn 0.7783 0.4978 -0.3826
vn 0.1109 0.9914 -0.0692
vn -0.0121 0.9992 -0.0380
vn -0.4711 0.8671 0.1619
vn -0.8083 0.5014 0.3087
vn -0.9320 -0.0000 0.3626
vn -0.8083 -0.5014 0.3087
vn -0.4711 -0.8671 0.1619
vn -0.0121 -0.9992 -0.0380
vn 0.4450 -0.8636 -0.2372
vn 0.7783 -0.4978 -0.3826
vn 0.9001 -0.0000 -0.4357
vn 0.8832 0.4647 -0.0627
vn 0.1125 0.9933 -0.0251
vn 0.0554 0.9984 -0.0124
vn -0.4848 0.8745 -0.0163
vn -0.8680 0.4964 -0.0086
vn -1.0000 -0.0021 0.0029
vn -0.8648 -0.5021 0.0050
vn -0.4751 -0.8799 0.0103
vn 0.0650 -0.9978 0.0161
vn 0.5571 -0.8304 -0.0104
vn 0.8830 -0.4663 -0.0542
vn 0.9970 -0.0014 -0.0768
vn 0.8434 0.5186 -0.1402
vn 0.1324 0.9898 -0.0525
vn -0.1146 0.9815 -0.1536
vn -0.5882 0.7975 -0.1346
vn -0.8917 0.4417 -0.0990
vn -0.9968 0.0013 -0.0799
vn -0.8930 -0.4409 -0.0906
vn -0.5871 -0.8012 -0.1162
vn -0.1053 -0.9865 -0.1255
vn 0.4430 -0.8886 -0.1186
vn 0.8485 -0.5138 -0.1268
vn 0.9903 0.0022 -0.1389
vn 0.6351 0.4689 -0.6138
vn 0.7525 -0.0000 -0.6586
vn 0.0554 0.9769 -0.2064
vn -0.1237 0.9379 -0.3241
vn -0.5618 0.8122 -0.1569
vn -0.8826 0.4689 -0.0345
vn -0.9999 -0.0000 0.0104
vn -0.8826 -0.4689 -0.0345
vn -0.5618 -0.8122 -0.1569
vn -0.1237 -0.9379 -0.3241
vn 0.3144 -0.8122 -0.4914
vn 0.6351 -0.4689 -0.6138
vn 0.8456 0.4965 -0.1960
vn 0.9699 -0.0000 -0.2434
vn 0.1236 0.9923 0.0067
vn 0.0422 0.9930 0.1107
vn -0.4216 0.8599 0.2877
vn -0.7611 0.4965 0.4174
vn -0.8854 -0.0000 0.4648
vn -0.7611 -0.4965 0.4174
vn -0.4216 -0.8599 0.2877
vn 0.0422 -0.9930 0.1107
vn 0.5061 -0.8599 -0.0664
vn 0.8456 -0.4965 -0.1960
vn 0.8422 0.3743 0.3881
vn 0.9359 -0.0000 0.3523
vn 0.2228 0.9314 0.2880
vn 0.2364 0.7487 0.6193
vn -0.1133 0.6484 0.7528
vn -0.3693 0.3743 0.8506
vn -0.4630 -0.0000 0.8863
vn -0.3693 -0.3743 0.8506
vn -0.1133 -0.6484 0.7528
vn 0.2364 -0.7487 0.6193
vn 0.5861 -0.6484 0.4858
vn 0.8422 -0.3743 0.3881
vn 0.8519 0.3868 0.3532
vn 0.9487 -0.0000 0.3163
vn 0.2199 0.9370 0.2716
vn 0.2260 0.7735 0.5921
vn -0.1353 0.6699 0.7300
vn -0.3998 0.3868 0.8310
vn -0.4966 -0.0000 0.8680
vn -0.3998 -0.3868 0.8310
vn -0.1353 -0.6699 0.7300
vn 0.2260 -0.7735 0.5921
vn 0.5873 -0.6699 0.4542
vn 0.8519 -0.3868 0.3532
vn 0.8186 0.2841 0.4992
vn 0.8998 -0.0000 0.4364
vn 0.0605 0.9179 0.3922
vn 0.2598 0.6850 0.6807
vn -0.0529 0.6632 0.7466
vn -0.2777 0.2841 0.9177
vn -0.3801 -0.0000 0.9249
vn -0.2944 -0.3425 0.8922
vn -0.0601 -0.5932 0.8028
vn 0.2598 -0.6850 0.6807
vn 0.5798 -0.5932 0.5585
vn 0.8140 -0.3425 0.4691
vn 0.6499 -0.1415 0.7467
vn 0.7636 -0.0000 0.6457
vn -0.0265 0.9284 0.3706
vn 0.3122 0.4832 0.8180
vn 0.5985 0.2270 0.7683
vn 0.0130 -0.1415 0.9899
vn -0.1391 -0.0000 0.9903
vn -0.0787 -0.2416 0.9672
vn 0.0865 -0.4184 0.9041
vn 0.3122 -0.4832 0.8180
vn 0.5379 -0.4184 0.7318
vn 0.7032 -0.2416 0.6687
vn 0.7651 0.2948 0.5725
vn 0.8389 -0.0000 0.5443
vn 0.3360 0.9271 0.1662
vn 0.2881 0.5896 0.7546
vn 0.0126 0.5106 0.8597
vn -0.1890 0.2948 0.9367
vn -0.2628 -0.0000 0.9649
vn -0.1890 -0.2948 0.9367
vn 0.0126 -0.5106 0.8597
vn 0.2881 -0.5896 0.7546
vn 0.5635 -0.5106 0.6495
vn 0.7651 -0.2948 0.5725
vn -0.1481 0.9479 0.2820
vn -0.8104 0.2389 0.5349
vn 0.8068 0.3336 0.4876
vn -0.0466 -0.5799 0.8134
vn 0.9607 0.2389 -0.1412
vn 0.5768 -0.5799 0.5754
vn 0.7460 0.2778 0.6052
vn 0.8156 -0.0000 0.5786
vn 0.8234 0.3455 0.4501
vn 0.2965 0.5556 0.7768
vn 0.0370 0.4812 0.8759
vn -0.1530 0.2778 0.9484
vn -0.2225 -0.0000 0.9749
vn -0.1530 -0.2778 0.9484
vn 0.0370 -0.4811 0.8759
vn 0.2965 -0.5556 0.7768
vn 0.5560 -0.4812 0.6777
vn 0.7460 -0.2778 0.6052
vn 0.8140 0.3425 0.4691
vn 0.2776 0.8852 0.3733
vn -0.0601 0.5932 0.8028
vn -0.2944 0.3425 0.8922
vn 0.7032 0.2416 0.6687
vn 0.3137 0.8099 0.4957
vn 0.0865 0.4184 0.9041
vn -0.0787 0.2416 0.9672
vn 0.8509 0.2411 0.4668
vn -0.3711 0.9260 0.0694
vn 0.7312 -0.5526 -0.3999
vn -0.3234 0.2411 0.9150
vn -0.9674 0.1969 0.1591
vn -0.3196 0.9457 0.0597
vn -0.4774 -0.2294 -0.8482
vn 0.8273 0.1969 -0.5260
vn 0.3647 0.9241 -0.1139
vn 0.3614 0.9245 -0.1209
vn 0.3553 0.9247 -0.1369
vn 0.3466 0.9249 -0.1563
vn 0.3341 0.9252 -0.1799
vn 0.3156 0.9256 -0.2089
vn 0.2879 0.9262 -0.2436
vn 0.2462 0.9269 -0.2832
vn 0.1856 0.9278 -0.3236
vn 0.1051 0.9286 -0.3560
vn 0.0126 0.9287 -0.3705
vn -0.0765 0.9282 -0.3642
vn -0.1498 0.9273 -0.3430
vn -0.2040 0.9265 -0.3162
vn -0.2420 0.9258 -0.2902
vn -0.2685 0.9254 -0.2676
vn -0.2871 0.9250 -0.2490
vn -0.3002 0.9247 -0.2340
vn -0.3097 0.9245 -0.2222
vn -0.3165 0.9243 -0.2131
vn -0.3213 0.9242 -0.2063
vn -0.3247 0.9241 -0.2015
vn -0.3269 0.9240 -0.1984
vn -0.3281 0.9239 -0.1969
vn -0.3283 0.9238 -0.1969
vn -0.3276 0.9237 -0.1985
vn -0.3260 0.9236 -0.2016
vn -0.3233 0.9235 -0.2063
vn -0.3194 0.9234 -0.2129
vn -0.3139 0.9233 -0.2215
vn -0.3063 0.9231 -0.2326
vn -0.2960 0.9229 -0.2464
vn -0.2818 0.9226 -0.2636
vn -0.2619 0.9222 -0.2845
vn -0.2340 0.9218 -0.3092
vn -0.1947 0.9212 -0.3368
vn -0.1406 0.9207 -0.3641
vn -0.0706 0.9202 -0.3850
vn 0.0112 0.9200 -0.3917
vn 0.0945 0.9202 -0.3800
vn 0.1680 0.9205 -0.3527
vn 0.2258 0.9211 -0.3172
vn 0.2681 0.9216 -0.2807
vn 0.2979 0.9220 -0.2472
vn 0.3188 0.9224 -0.2181
vn 0.3336 0.9226 -0.1935
vn 0.3442 0.9229 -0.1728
vn 0.4180 0.9084 -0.0044
vn 0.3289 0.9391 -0.1000
vn 0.2765 0.9117 -0.3039
vn 0.3286 0.9421 -0.0677
vn 0.4179 0.8772 0.2367
vn 0.4207 0.8808 0.2174
vn 0.3553 0.9112 0.2086
vn 0.3218 0.8824 0.3433
vn 0.5696 0.8174 0.0860
vn 0.2983 0.9479 0.1116
vn -0.2767 0.3336 0.9012
vn 0.9015 0.2343 0.3639
vn 0.4341 0.8901 0.1391
vn 0.1162 0.7293 0.6743
vn 0.4853 0.8702 -0.0849
vn 0.3871 0.8439 -0.3714
vn 0.8201 0.3490 0.4534
vn -0.2270 -0.2853 0.9312
vn 0.8204 0.3493 0.4528
vn 0.8204 0.3493 0.4527
vn -0.2826 -0.0085 0.9592
vn 0.9075 -0.0000 0.4201
vn 0.9078 -0.0000 0.4194
vn 0.2693 0.9408 0.2058
vn 0.0001 1.0000 0.0006
vn 0.2302 0.9183 0.3220
vn 0.2302 0.9183 0.3221
vn 0.3347 0.9395 0.0724
vn -0.3603 0.8529 0.3779
vn -0.0582 0.8935 0.4454
vn 0.2554 0.6980 0.6690
vn 0.2914 -0.6089 0.7378
vn 0.2552 0.6986 0.6685
vn 0.2552 0.6985 0.6685
vn -0.0707 0.6045 0.7935
vn 0.5821 -0.5184 0.6264
vn -0.0711 0.6050 0.7931
vn -0.3093 0.3490 0.8846
vn 0.7804 -0.2989 0.5492
vn -0.3100 0.3493 0.8843
vn -0.3967 -0.0000 0.9179
vn 0.8537 -0.0099 0.5206
vn -0.3974 -0.0000 0.9176
vn -0.3093 -0.3490 0.8846
vn 0.7762 0.3031 0.5529
vn -0.3100 -0.3493 0.8843
vn -0.0707 -0.6045 0.7935
vn 0.5654 0.5314 0.6308
vn -0.0711 -0.6050 0.7931
vn 0.2554 -0.6980 0.6690
vn 0.2824 0.6132 0.7378
vn 0.2552 -0.6985 0.6685
vn 0.2552 -0.6986 0.6685
vn 0.5814 -0.6045 0.5446
vn 0.0002 0.5321 0.8467
vn 0.5815 -0.6049 0.5440
vn 0.5815 -0.6050 0.5439
vn 0.8201 -0.3490 0.4535
vn -0.1991 0.3195 0.9264
vn 0.8204 -0.3493 0.4528
vn 0.8204 -0.3493 0.4527
vn -0.4157 -0.3903 0.8215
vn 0.7517 0.2829 0.5957
vn 0.8084 0.3367 0.4828
vn 0.7973 0.3255 0.5083
vn 0.7873 0.3157 0.5296
vn 0.7769 0.3059 0.5503
vn 0.7643 0.2942 0.5738
vn 0.8226 -0.0000 0.5687
vn -0.5140 0.0008 0.8578
vn 0.8380 0.0001 0.5456
vn 0.8535 0.0001 0.5211
vn 0.8664 0.0001 0.4994
vn 0.8788 0.0001 0.4772
vn 0.8927 -0.0000 0.4506
vn 0.3277 0.8880 0.3225
vn 0.5837 0.4967 0.6423
vn 0.5042 0.6241 0.5969
vn 0.5026 0.6044 0.6181
vn 0.5019 0.5863 0.6358
vn 0.5011 0.5678 0.6531
vn 0.4985 0.5464 0.6730
vn 0.2218 -0.7857 0.5776
vn 0.2941 0.5657 0.7704
vn 0.2637 0.6733 0.6907
vn 0.2708 0.6509 0.7092
vn 0.2767 0.6313 0.7245
vn 0.2823 0.6115 0.7392
vn 0.2885 0.5883 0.7554
vn 0.5885 -0.6799 0.4375
vn 0.0299 0.4899 0.8713
vn -0.0508 0.5831 0.8108
vn -0.0332 0.5637 0.8253
vn -0.0182 0.5468 0.8371
vn -0.0034 0.5296 0.8482
vn 0.0136 0.5096 0.8603
vn 0.8565 -0.3925 0.3351
vn -0.1636 0.2829 0.9451
vn -0.2811 0.3367 0.8987
vn -0.2558 0.3255 0.9103
vn -0.2342 0.3157 0.9195
vn -0.2126 0.3058 0.9281
vn -0.1876 0.2942 0.9371
vn 0.9546 -0.0007 0.2978
vn -0.2343 -0.0000 0.9722
vn -0.3654 -0.0000 0.9309
vn -0.3373 -0.0000 0.9414
vn -0.3132 -0.0000 0.9497
vn -0.2891 -0.0000 0.9573
vn -0.2613 -0.0000 0.9653
vn 0.8561 0.3933 0.3354
vn -0.1636 -0.2828 0.9451
vn -0.2811 -0.3367 0.8987
vn -0.2558 -0.3254 0.9103
vn -0.2342 -0.3156 0.9195
vn -0.2126 -0.3058 0.9281
vn -0.1876 -0.2942 0.9372
vn 0.5872 0.6806 0.4381
vn 0.0299 -0.4899 0.8713
vn -0.0509 -0.5831 0.8108
vn -0.0333 -0.5637 0.8253
vn -0.0183 -0.5467 0.8371
vn -0.0035 -0.5296 0.8482
vn 0.0136 -0.5095 0.8604
vn 0.2210 0.7858 0.5777
vn 0.2941 -0.5657 0.7704
vn 0.2637 -0.6733 0.6907
vn 0.2707 -0.6509 0.7093
vn 0.2766 -0.6313 0.7245
vn 0.2822 -0.6115 0.7392
vn 0.2884 -0.5883 0.7555
vn -0.1468 0.6799 0.7184
vn 0.5583 -0.4899 0.6696
vn 0.5782 -0.5831 0.5706
vn 0.5748 -0.5637 0.5932
vn 0.5715 -0.5467 0.6120
vn 0.5679 -0.5296 0.6302
vn 0.5632 -0.5095 0.6505
vn -0.4144 0.3944 0.8202
vn 0.7518 -0.2828 0.5957
vn 0.8085 -0.3366 0.4828
vn 0.7974 -0.3254 0.5082
vn 0.7874 -0.3156 0.5296
vn 0.7770 -0.3057 0.5503
vn 0.7644 -0.2941 0.5737
vn -0.0001 1.0000 0.0007
vn 0.6282 0.7464 -0.2196
vn 0.1947 0.8855 0.4220
vn 0.6154 0.7141 -0.3337
vn 0.5834 0.8120 -0.0180
vn 0.4156 0.8668 0.2756
vn 0.8565 0.2911 0.4262
vn 0.3229 0.8893 0.3237
vn 0.6248 0.4684 0.6247
vn 0.6322 0.4867 0.6029
vn 0.6372 0.5027 0.5842
vn 0.6421 0.5183 0.5649
vn 0.6483 0.5349 0.5418
vt 0.000000 1.000000
vt 0.021277 1.000000
vt 0.021277 0.916667
vt 0.000000 0.916667
vt 0.000000 0.083333
vt 0.021277 0.083333
vt 0.021277 0.000000
vt 0.000000 0.000000
vt 0.000000 0.166667
vt 0.021277 0.166667
vt 0.021277 0.083333
vt 0.000000 0.250000
vt 0.021277 0.250000
vt 0.000000 0.333333
vt 0.021277 0.333333
vt 0.000000 0.416667
vt 0.021277 0.416667
vt 0.000000 0.500000
vt 0.021277 0.500000
vt 0.000000 0.583333
vt 0.021277 0.583333
vt 0.000000 0.666667
vt 0.021277 0.666667
vt 0.000000 0.750000
vt 0.021277 0.750000
vt 0.000000 0.833333
vt 0.021277 0.833333
vt 0.042553 1.000000
vt 0.042553 0.916667
vt 0.042553 0.083333
vt 0.042553 0.000000
vt 0.042553 0.166667
vt 0.042553 0.250000
vt 0.042553 0.333333
vt 0.042553 0.416667
vt 0.042553 0.500000
vt 0.042553 0.583333
vt 0.042553 0.666667
vt 0.042553 0.750000
vt 0.042553 0.833333
vt 0.063830 1.000000
vt 0.063830 0.916667
vt 0.063830 0.083333
vt 0.063830 0.000000
vt 0.063830 0.166667
vt 0.063830 0.083333
vt 0.063830 0.250000
vt 0.063830 0.333333
vt 0.063830 0.416667
vt 0.063830 0.500000
vt 0.063830 0.583333
vt 0.063830 0.666667
vt 0.063830 0.750000
vt 0.063830 0.833333
vt 0.085106 1.000000
vt 0.085106 0.916667
vt 0.085106 0.083333
vt 0.085106 0.000000
vt 0.085106 0.166667
vt 0.085106 0.250000
vt 0.085106 0.333333
vt 0.085106 0.416667
vt 0.085106 0.500000
vt 0.085106 0.583333
vt 0.085106 0.666667
vt 0.085106 0.750000
vt 0.085106 0.833333
vt 0.106383 1.000000
vt 0.106383 0.916667
vt 0.106383 0.083333
vt 0.106383 0.000000
vt 0.106383 0.166667
vt 0.106383 0.250000
vt 0.106383 0.333333
vt 0.106383 0.416667
vt 0.106383 0.500000
vt 0.106383 0.583333
vt 0.106383 0.666667
vt 0.106383 0.750000
vt 0.106383 0.833333
vt 0.127660 1.000000
vt 0.127660 0.916667
vt 0.127660 0.083333
vt 0.127660 0.000000
vt 0.127660 0.166667
vt 0.127660 0.250000
vt 0.127660 0.333333
vt 0.127660 0.416667
vt 0.127660 0.500000
vt 0.127660 0.583333
vt 0.127660 0.666667
vt 0.127660 0.750000
vt 0.127660 0.833333
vt 0.148936 1.000000
vt 0.148936 0.916667
vt 0.148936 0.083333
vt 0.148936 0.000000
vt 0.148936 0.166667
vt 0.148936 0.083333
vt 0.148936 0.250000
vt 0.148936 0.333333
vt 0.148936 0.416667
vt 0.148936 0.500000
vt 0.148936 0.583333
vt 0.148936 0.666667
vt 0.148936 0.750000
vt 0.148936 0.833333
vt 0.170213 1.000000
vt 0.170213 0.916667
vt 0.170213 0.083333
vt 0.170213 0.000000
vt 0.170213 0.166667
vt 0.170213 0.083333
vt 0.170213 0.250000
vt 0.170213 0.333333
vt 0.170213 0.416667
vt 0.170213 0.500000
vt 0.170213 0.583333
vt 0.170213 0.666667
vt 0.170213 0.750000
vt 0.170213 0.833333
vt 0.191489 1.000000
vt 0.191489 0.916667
vt 0.191489 0.083333
vt 0.191489 0.000000
vt 0.191489 0.166667
vt 0.191489 0.083333
vt 0.191489 0.250000
vt 0.191489 0.333333
vt 0.191489 0.416667
vt 0.191489 0.500000
vt 0.191489 0.583333
vt 0.191489 0.666667
vt 0.191489 0.750000
vt 0.191489 0.833333
vt 0.212766 1.000000
vt 0.212766 0.916667
vt 0.212766 0.083333
vt 0.212766 0.000000
vt 0.212766 0.166667
vt 0.212766 0.083333
vt 0.212766 0.250000
vt 0.212766 0.333333
vt 0.212766 0.416667
vt 0.212766 0.500000
vt 0.212766 0.583333
vt 0.212766 0.666667
vt 0.212766 0.750000
vt 0.212766 0.833333
vt 0.234043 1.000000
vt 0.234043 0.916667
vt 0.234043 0.083333
vt 0.234043 0.000000
vt 0.234043 0.166667
vt 0.234043 0.250000
vt 0.234043 0.333333
vt 0.234043 0.416667
vt 0.234043 0.500000
vt 0.234043 0.583333
vt 0.234043 0.666667
vt 0.234043 0.750000
vt 0.234043 0.833333
vt 0.255319 1.000000
vt 0.255319 0.916667
vt 0.255319 0.083333
vt 0.255319 0.000000
vt 0.255319 0.166667
vt 0.255319 0.250000
vt 0.255319 0.333333
vt 0.255319 0.416667
vt 0.255319 0.500000
vt 0.255319 0.583333
vt 0.255319 0.666667
vt 0.255319 0.750000
vt 0.255319 0.833333
vt 0.276596 1.000000
vt 0.276596 0.916667
vt 0.276596 0.083333
vt 0.276596 0.000000
vt 0.276596 0.166667
vt 0.276596 0.083333
vt 0.276596 0.250000
vt 0.276596 0.333333
vt 0.276596 0.416667
vt 0.276596 0.500000
vt 0.276596 0.583333
vt 0.276596 0.666667
vt 0.276596 0.750000
vt 0.276596 0.833333
vt 0.297872 1.000000
vt 0.297872 0.916667
vt 0.297872 0.083333
vt 0.297872 0.000000
vt 0.297872 0.166667
vt 0.297872 0.250000
vt 0.297872 0.333333
vt 0.297872 0.416667
vt 0.297872 0.500000
vt 0.297872 0.583333
vt 0.297872 0.666667
vt 0.297872 0.750000
vt 0.297872 0.833333
vt 0.319149 1.000000
vt 0.319149 0.916667
vt 0.319149 0.083333
vt 0.319149 0.000000
vt 0.319149 0.166667
vt 0.319149 0.083333
vt 0.319149 0.250000
vt 0.319149 0.333333
vt 0.319149 0.416667
vt 0.319149 0.500000
vt 0.319149 0.583333
vt 0.319149 0.666667
vt 0.319149 0.750000
vt 0.319149 0.833333
vt 0.340426 1.000000
vt 0.340426 0.916667
vt 0.340426 0.083333
vt 0.340426 0.000000
vt 0.340426 0.166667
vt 0.340426 0.083333
vt 0.340426 0.250000
vt 0.340426 0.333333
vt 0.340426 0.416667
vt 0.340426 0.500000
vt 0.340426 0.583333
vt 0.340426 0.666667
vt 0.340426 0.750000
vt 0.340426 0.833333
vt 0.361702 1.000000
vt 0.361702 0.916667
vt 0.361702 0.083333
vt 0.361702 0.000000
vt 0.361702 0.166667
vt 0.361702 0.083333
vt 0.361702 0.250000
vt 0.361702 0.333333
vt 0.361702 0.416667
vt 0.361702 0.500000
vt 0.361702 0.583333
vt 0.361702 0.666667
vt 0.361702 0.750000
vt 0.361702 0.833333
vt 0.382979 1.000000
vt 0.382979 0.916667
vt 0.382979 0.083333
vt 0.382979 0.000000
vt 0.382979 0.166667
vt 0.382979 0.250000
vt 0.382979 0.333333
vt 0.382979 0.416667
vt 0.382979 0.500000
vt 0.382979 0.583333
vt 0.382979 0.666667
vt 0.382979 0.750000
vt 0.382979 0.833333
vt 0.404255 1.000000
vt 0.404255 0.916667
vt 0.404255 0.083333
vt 0.404255 0.000000
vt 0.404255 0.166667
vt 0.404255 0.083333
vt 0.404255 0.250000
vt 0.404255 0.333333
vt 0.404255 0.416667
vt 0.404255 0.500000
vt 0.404255 0.583333
vt 0.404255 0.666667
vt 0.404255 0.750000
vt 0.404255 0.833333
vt 0.425532 1.000000
vt 0.425532 0.916667
vt 0.425532 0.083333
vt 0.425532 0.000000
vt 0.425532 0.166667
vt 0.425532 0.083333
vt 0.425532 0.250000
vt 0.425532 0.333333
vt 0.425532 0.416667
vt 0.425532 0.500000
vt 0.425532 0.583333
vt 0.425532 0.666667
vt 0.425532 0.750000
vt 0.425532 0.833333
vt 0.446809 1.000000
vt 0.446809 0.916667
vt 0.446809 0.083333
vt 0.446809 0.000000
vt 0.446809 0.166667
vt 0.446809 0.083333
vt 0.446809 0.250000
vt 0.446809 0.333333
vt 0.446809 0.416667
vt 0.446809 0.500000
vt 0.446809 0.583333
vt 0.446809 0.666667
vt 0.446809 0.750000
vt 0.446809 0.833333
vt 0.468085 1.000000
vt 0.468085 0.916667
vt 0.468085 0.083333
vt 0.468085 0.000000
vt 0.468085 0.166667
vt 0.468085 0.250000
vt 0.468085 0.333333
vt 0.468085 0.416667
vt 0.468085 0.500000
vt 0.468085 0.583333
vt 0.468085 0.666667
vt 0.468085 0.750000
vt 0.468085 0.833333
vt 0.489362 1.000000
vt 0.489362 0.916667
vt 0.489362 0.083333
vt 0.489362 0.000000
vt 0.489362 0.166667
vt 0.489362 0.250000
vt 0.489362 0.333333
vt 0.489362 0.416667
vt 0.489362 0.500000
vt 0.489362 0.583333
vt 0.489362 0.666667
vt 0.489362 0.750000
vt 0.489362 0.833333
vt 0.510638 1.000000
vt 0.510638 0.916667
vt 0.510638 0.083333
vt 0.510638 0.000000
vt 0.510638 0.166667
vt 0.510638 0.083333
vt 0.510638 0.250000
vt 0.510638 0.333333
vt 0.510638 0.416667
vt 0.510638 0.500000
vt 0.510638 0.583333
vt 0.510638 0.666667
vt 0.510638 0.750000
vt 0.510638 0.833333
vt 0.531915 1.000000
vt 0.531915 0.916667
vt 0.531915 0.083333
vt 0.531915 0.000000
vt 0.531915 0.166667
vt 0.531915 0.083333
vt 0.531915 0.250000
vt 0.531915 0.333333
vt 0.531915 0.416667
vt 0.531915 0.500000
vt 0.531915 0.583333
vt 0.531915 0.666667
vt 0.531915 0.750000
vt 0.531915 0.833333
vt 0.553191 1.000000
vt 0.553191 0.916667
vt 0.553191 0.083333
vt 0.553191 0.000000
vt 0.553191 0.166667
vt 0.553191 0.250000
vt 0.553191 0.333333
vt 0.553191 0.416667
vt 0.553191 0.500000
vt 0.553191 0.583333
vt 0.553191 0.666667
vt 0.553191 0.750000
vt 0.553191 0.833333
vt 0.574468 1.000000
vt 0.574468 0.916667
vt 0.574468 0.083333
vt 0.574468 0.000000
vt 0.574468 0.166667
vt 0.574468 0.083333
vt 0.574468 0.250000
vt 0.574468 0.333333
vt 0.574468 0.416667
vt 0.574468 0.500000
vt 0.574468 0.583333
vt 0.574468 0.666667
vt 0.574468 0.750000
vt 0.574468 0.833333
vt 0.595745 1.000000
vt 0.595745 0.916667
vt 0.595745 0.083333
vt 0.595745 0.000000
vt 0.595745 0.166667
vt 0.595745 0.083333
vt 0.595745 0.250000
vt 0.595745 0.333333
vt 0.595745 0.416667
vt 0.595745 0.500000
vt 0.595745 0.583333
vt 0.595745 0.666667
vt 0.595745 0.750000
vt 0.595745 0.833333
vt 0.617021 1.000000
vt 0.617021 0.916667
vt 0.617021 0.083333
vt 0.617021 0.000000
vt 0.617021 0.166667
vt 0.617021 0.083333
vt 0.617021 0.250000
vt 0.617021 0.333333
vt 0.617021 0.416667
vt 0.617021 0.500000
vt 0.617021 0.583333
vt 0.617021 0.666667
vt 0.617021 0.750000
vt 0.617021 0.833333
vt 0.638298 1.000000
vt 0.638298 0.916667
vt 0.638298 0.083333
vt 0.638298 0.000000
vt 0.638298 0.166667
vt 0.638298 0.083333
vt 0.638298 0.250000
vt 0.638298 0.333333
vt 0.638298 0.416667
vt 0.638298 0.500000
vt 0.638298 0.583333
vt 0.638298 0.666667
vt 0.638298 0.750000
vt 0.638298 0.833333
vt 0.659574 1.000000
vt 0.659574 0.916667
vt 0.659574 0.083333
vt 0.659574 0.000000
vt 0.659574 0.166667
vt 0.659574 0.083333
vt 0.659574 0.250000
vt 0.659574 0.333333
vt 0.659574 0.416667
vt 0.659574 0.500000
vt 0.659574 0.583333
vt 0.659574 0.666667
vt 0.659574 0.750000
vt 0.659574 0.833333
vt 0.680851 1.000000
vt 0.680851 0.916667
vt 0.680851 0.083333
vt 0.680851 0.000000
vt 0.680851 0.166667
vt 0.680851 0.250000
vt 0.680851 0.333333
vt 0.680851 0.416667
vt 0.680851 0.500000
vt 0.680851 0.583333
vt 0.680851 0.666667
vt 0.680851 0.750000
vt 0.680851 0.833333
vt 0.702128 1.000000
vt 0.702128 0.916667
vt 0.702128 0.083333
vt 0.702128 0.000000
vt 0.702128 0.166667
vt 0.702128 0.083333
vt 0.702128 0.250000
vt 0.702128 0.333333
vt 0.702128 0.416667
vt 0.702128 0.500000
vt 0.702128 0.583333
vt 0.702128 0.666667
vt 0.702128 0.750000
vt 0.702128 0.833333
vt 0.723404 1.000000
vt 0.723404 0.916667
vt 0.723404 0.083333
vt 0.723404 0.000000
vt 0.723404 0.166667
vt 0.723404 0.083333
vt 0.723404 0.250000
vt 0.723404 0.333333
vt 0.723404 0.416667
vt 0.723404 0.500000
vt 0.723404 0.583333
vt 0.723404 0.666667
vt 0.723404 0.750000
vt 0.723404 0.833333
vt 0.744681 1.000000
vt 0.744681 0.916667
vt 0.744681 0.083333
vt 0.744681 0.000000
vt 0.744681 0.166667
vt 0.744681 0.083333
vt 0.744681 0.250000
vt 0.744681 0.333333
vt 0.744681 0.416667
vt 0.744681 0.500000
vt 0.744681 0.583333
vt 0.744681 0.666667
vt 0.744681 0.750000
vt 0.744681 0.833333
vt 0.765957 1.000000
vt 0.765957 0.916667
vt 0.765957 0.083333
vt 0.765957 0.000000
vt 0.765957 0.166667
vt 0.765957 0.250000
vt 0.765957 0.333333
vt 0.765957 0.416667
vt 0.765957 0.500000
vt 0.765957 0.583333
vt 0.765957 0.666667
vt 0.765957 0.750000
vt 0.765957 0.833333
vt 0.787234 1.000000
vt 0.787234 0.916667
vt 0.787234 0.083333
vt 0.787234 0.000000
vt 0.787234 0.166667
vt 0.787234 0.250000
vt 0.787234 0.333333
vt 0.787234 0.416667
vt 0.787234 0.500000
vt 0.787234 0.583333
vt 0.787234 0.666667
vt 0.787234 0.750000
vt 0.787234 0.833333
vt 0.808511 1.000000
vt 0.808511 0.916667
vt 0.808511 0.083333
vt 0.808511 0.000000
vt 0.808511 0.166667
vt 0.808511 0.250000
vt 0.808511 0.333333
vt 0.808511 0.416667
vt 0.808511 0.500000
vt 0.808511 0.583333
vt 0.808511 0.666667
vt 0.808511 0.750000
vt 0.808511 0.833333
vt 0.829787 1.000000
vt 0.829787 0.916667
vt 0.829787 0.083333
vt 0.829787 0.000000
vt 0.829787 0.166667
vt 0.829787 0.083333
vt 0.829787 0.250000
vt 0.829787 0.333333
vt 0.829787 0.416667
vt 0.829787 0.500000
vt 0.829787 0.583333
vt 0.829787 0.666667
vt 0.829787 0.750000
vt 0.829787 0.833333
vt 0.851064 1.000000
vt 0.851064 0.916667
vt 0.851064 0.083333
vt 0.851064 0.000000
vt 0.851064 0.166667
vt 0.851064 0.250000
vt 0.851064 0.333333
vt 0.851064 0.416667
vt 0.851064 0.500000
vt 0.851064 0.583333
vt 0.851064 0.666667
vt 0.851064 0.750000
vt 0.851064 0.833333
vt 0.872340 1.000000
vt 0.872340 0.916667
vt 0.872340 0.083333
vt 0.872340 0.000000
vt 0.872340 0.166667
vt 0.872340 0.250000
vt 0.872340 0.333333
vt 0.872340 0.416667
vt 0.872340 0.500000
vt 0.872340 0.583333
vt 0.872340 0.666667
vt 0.872340 0.750000
vt 0.872340 0.833333
vt 0.893617 1.000000
vt 0.893617 0.916667
vt 0.893617 0.083333
vt 0.893617 0.000000
vt 0.893617 0.166667
vt 0.893617 0.083333
vt 0.893617 0.250000
vt 0.893617 0.333333
vt 0.893617 0.416667
vt 0.893617 0.500000
vt 0.893617 0.583333
vt 0.893617 0.666667
vt 0.893617 0.750000
vt 0.893617 0.833333
vt 0.914894 1.000000
vt 0.914894 0.916667
vt 0.914894 0.083333
vt 0.914894 0.000000
vt 0.914894 0.166667
vt 0.914894 0.083333
vt 0.914894 0.250000
vt 0.914894 0.333333
vt 0.914894 0.416667
vt 0.914894 0.500000
vt 0.914894 0.583333
vt 0.914894 0.666667
vt 0.914894 0.750000
vt 0.914894 0.833333
vt 0.936170 1.000000
vt 0.936170 0.916667
vt 0.936170 0.083333
vt 0.936170 0.000000
vt 0.936170 0.166667
vt 0.936170 0.250000
vt 0.936170 0.333333
vt 0.936170 0.416667
vt 0.936170 0.500000
vt 0.936170 0.583333
vt 0.936170 0.666667
vt 0.936170 0.750000
vt 0.936170 0.833333
vt 0.957447 1.000000
vt 0.957447 0.916667
vt 0.957447 0.083333
vt 0.957447 0.000000
vt 0.957447 0.166667
vt 0.957447 0.083333
vt 0.957447 0.250000
vt 0.957447 0.333333
vt 0.957447 0.416667
vt 0.957447 0.500000
vt 0.957447 0.583333
vt 0.957447 0.666667
vt 0.957447 0.750000
vt 0.957447 0.833333
vt 0.978723 1.000000
vt 0.978723 0.916667
vt 0.978723 0.083333
vt 0.978723 0.000000
vt 0.978723 0.166667
vt 0.978723 0.250000
vt 0.978723 0.333333
vt 0.978723 0.416667
vt 0.978723 0.500000
vt 0.978723 0.583333
vt 0.978723 0.666667
vt 0.978723 0.750000
vt 0.978723 0.833333
vt 1.000000 1.000000
vt 1.000000 0.916667
vt 1.000000 0.083333
vt 1.000000 0.000000
vt 1.000000 0.166667
vt 1.000000 0.250000
vt 1.000000 0.333333
vt 1.000000 0.416667
vt 1.000000 0.500000
vt 1.000000 0.583333
vt 1.000000 0.666667
vt 1.000000 0.750000
vt 1.000000 0.833333
vt 1.000000 0.083333
vt 1.000000 0.280036
vt 1.000000 0.303298
vt 1.000000 0.301480
vt 1.000000 0.281854
vt 1.000000 0.030036
vt 1.000000 0.053427
vt 1.000000 0.051361
vt 1.000000 0.031854
vt 1.000000 0.052961
vt 1.000000 0.051816
vt 1.000000 0.051480
vt 1.000000 0.053298
vt 1.000000 0.916667
vt 1.000000 1.000004
vt 1.000000 0.916667
vt 1.000000 1.000008
vt 1.000000 1.000006
vt 1.000000 1.000003
vt 1.000000 0.085677
vt 1.000000 0.084505
vt 1.000000 0.084596
vt 1.000000 0.085864
vt 0.500000 8914.166992
vt 0.500000 8914.167969
vt 1.000000 0.084783
vt 1.000000 0.086233
vt 0.500000 -76193.304688
vt 0.500000 -76193.296875
vt 0.500000 30342.824219
vt 0.500000 30342.824219
vt 0.500000 52793.417969
vt 1.000000 0.166667
vt 1.000000 0.166667
vt 1.000000 0.166667
vt 1.000000 0.166668
vt 1.000000 0.166667
vt 1.000000 0.166667
vt 1.000000 0.250000
vt 1.000000 0.250000
vt 1.000000 0.250000
vt 1.000000 0.250001
vt 1.000000 0.250001
vt 1.000000 0.250001
vt 1.000000 0.333333
vt 1.000000 0.333334
vt 1.000000 0.333334
vt 1.000000 0.333334
vt 1.000000 0.416667
vt 1.000000 0.416667
vt 1.000000 0.500000
vt 1.000000 0.500000
vt 1.000000 0.500000
vt 1.000000 0.499999
vt 1.000000 0.500000
vt 1.000000 0.583333
vt 1.000000 0.583333
vt 1.000000 0.583334
vt 1.000000 0.583334
vt 1.000000 0.583333
vt 1.000000 0.666667
vt 1.000000 0.666667
vt 1.000000 0.666666
vt 1.000000 0.666668
vt 1.000000 0.666668
vt 1.000000 0.666666
vt 1.000000 0.750000
vt 1.000000 0.750000
vt 1.000000 0.750000
vt 1.000000 0.750000
vt 1.000000 0.750001
vt 1.000000 0.833333
vt 1.000000 0.833333
vt 1.000000 0.833333
vt 1.000000 0.833333
vt 1.000000 0.833333
vt 1.000000 1.000000
vt 1.000000 0.916666
vt 1.000000 0.999920
vt 1.000000 0.916667
vt 1.000000 0.999710
vt 1.000000 0.999411
vt 1.000000 0.999751
vt 1.000000 0.999939
vt 1.000000 0.085650
vt 1.000000 0.084491
vt 0.500000 130.027344
vt 0.500000 -113.351891
vt 0.500000 77.788940
vt 0.500000 -55.913422
vt 1.000000 0.084530
vt 1.000000 0.084519
vt 0.500000 -16421.894531
vt 0.500000 -2.152766
vt 0.500000 -7513.989258
vt 0.500000 -9305.521484
vt 0.500000 9620.760742
vt 0.500000 8426.759766
vt 1.000000 0.166666
vt 1.000000 0.166666
vt 1.000000 0.166666
vt 1.000000 0.166665
vt 1.000000 0.166665
vt 1.000000 0.166666
vt 1.000000 0.166666
vt 1.000000 0.250000
vt 1.000000 0.250000
vt 1.000000 0.250000
vt 1.000000 0.250000
vt 1.000000 0.250000
vt 1.000000 0.249999
vt 1.000000 0.249999
vt 1.000000 0.333333
vt 1.000000 0.333333
vt 1.000000 0.333333
vt 1.000000 0.333333
vt 1.000000 0.333333
vt 1.000000 0.333333
vt 1.000000 0.416667
vt 1.000000 0.416667
vt 1.000000 0.500000
vt 1.000000 0.499999
vt 1.000000 0.500000
vt 1.000000 0.500000
vt 1.000000 0.500000
vt 1.000000 0.500001
vt 1.000000 0.583333
vt 1.000000 0.583333
vt 1.000000 0.583334
vt 1.000000 0.583332
vt 1.000000 0.583331
vt 1.000000 0.666666
vt 1.000000 0.666667
vt 1.000000 0.666666
vt 1.000000 0.666667
vt 1.000000 0.666668
vt 1.000000 0.750000
vt 1.000000 0.750000
vt 1.000000 0.750002
vt 1.000000 0.750001
vt 1.000000 0.833333
vt 1.000000 0.833333
vt 1.000000 -0.000000
vt 1.000000 -0.000003
vt 1.000000 -0.000006
vt 1.000000 -0.000008
vt 1.000000 -0.000004
vt 1.000000 0.000063
vt 1.000000 0.000255
vt 1.000000 0.000599
vt 1.000000 0.000289
vt 1.000000 0.000081
vt 1.000000 0.000001
vt 1.000000 0.079536
s 1
usemtl verdee
f 1/1/1 13/2/13 24/3/24 12/4/12
f 707/5/707 708/6/708 13/7/13 1/8/1
f 3/9/3 15/10/15 14/11/14 2/5/2
f 4/12/4 16/13/16 15/10/15 3/9/3
f 5/14/5 17/15/17 16/13/16 4/12/4
f 6/16/6 18/17/18 17/15/17 5/14/5
f 7/18/7 19/19/19 18/17/18 6/16/6
f 8/20/8 20/21/20 19/19/19 7/18/7
f 9/22/9 21/23/21 20/21/20 8/20/8
f 10/24/10 22/25/22 21/23/21 9/22/9
f 11/26/11 23/27/23 22/25/22 10/24/10
f 12/4/12 24/3/24 23/27/23 11/26/11
f 13/2/13 25/28/25 36/29/36 24/3/24
f 708/6/708 709/30/709 25/31/25 13/7/13
f 15/10/15 27/32/27 26/30/26 14/11/14
f 16/13/16 28/33/28 27/32/27 15/10/15
f 17/15/17 29/34/29 28/33/28 16/13/16
f 18/17/18 30/35/30 29/34/29 17/15/17
f 19/19/19 31/36/31 30/35/30 18/17/18
f 20/21/20 32/37/32 31/36/31 19/19/19
f 21/23/21 33/38/33 32/37/32 20/21/20
f 22/25/22 34/39/34 33/38/33 21/23/21
f 23/27/23 35/40/35 34/39/34 22/25/22
f 24/3/24 36/29/36 35/40/35 23/27/23
f 25/28/25 37/41/37 48/42/48 36/29/36
f 709/30/709 710/43/710 37/44/37 25/31/25
f 27/32/27 39/45/39 38/46/38 26/30/26
f 28/33/28 40/47/40 39/45/39 27/32/27
f 29/34/29 41/48/41 40/47/40 28/33/28
f 30/35/30 42/49/42 41/48/41 29/34/29
f 31/36/31 43/50/43 42/49/42 30/35/30
f 32/37/32 44/51/44 43/50/43 31/36/31
f 33/38/33 45/52/45 44/51/44 32/37/32
f 34/39/34 46/53/46 45/52/45 33/38/33
f 35/40/35 47/54/47 46/53/46 34/39/34
f 36/29/36 48/42/48 47/54/47 35/40/35
f 37/41/37 49/55/49 60/56/60 48/42/48
f 710/43/710 711/57/711 49/58/49 37/44/37
f 39/45/39 51/59/51 50/57/50 38/46/38
f 40/47/40 52/60/52 51/59/51 39/45/39
f 41/48/41 53/61/53 52/60/52 40/47/40
f 42/49/42 54/62/54 53/61/53 41/48/41
f 43/50/43 55/63/55 54/62/54 42/49/42
f 44/51/44 56/64/56 55/63/55 43/50/43
f 45/52/45 57/65/57 56/64/56 44/51/44
f 46/53/46 58/66/58 57/65/57 45/52/45
f 47/54/47 59/67/59 58/66/58 46/53/46
f 48/42/48 60/56/60 59/67/59 47/54/47
f 49/55/49 61/68/61 72/69/72 60/56/60
f 711/57/711 712/70/712 61/71/61 49/58/49
f 51/59/51 63/72/63 62/70/62 50/57/50
f 52/60/52 64/73/64 63/72/63 51/59/51
f 53/61/53 65/74/65 64/73/64 52/60/52
f 54/62/54 66/75/66 65/74/65 53/61/53
f 55/63/55 67/76/67 66/75/66 54/62/54
f 56/64/56 68/77/68 67/76/67 55/63/55
f 57/65/57 69/78/69 68/77/68 56/64/56
f 58/66/58 70/79/70 69/78/69 57/65/57
f 59/67/59 71/80/71 70/79/70 58/66/58
f 60/56/60 72/69/72 71/80/71 59/67/59
f 61/68/61 73/81/73 84/82/84 72/69/72
f 712/70/712 713/83/713 73/84/73 61/71/61
f 63/72/63 75/85/75 74/83/74 62/70/62
f 64/73/64 76/86/76 75/85/75 63/72/63
f 65/74/65 77/87/77 76/86/76 64/73/64
f 66/75/66 78/88/78 77/87/77 65/74/65
f 67/76/67 79/89/79 78/88/78 66/75/66
f 68/77/68 80/90/80 79/89/79 67/76/67
f 69/78/69 81/91/81 80/90/80 68/77/68
f 70/79/70 82/92/82 81/91/81 69/78/69
f 71/80/71 83/93/83 82/92/82 70/79/70
f 72/69/72 84/82/84 83/93/83 71/80/71
f 73/81/73 85/94/85 96/95/96 84/82/84
f 713/83/713 714/96/714 85/97/85 73/84/73
f 75/85/75 87/98/87 86/99/86 74/83/74
f 76/86/76 88/100/88 87/98/87 75/85/75
f 77/87/77 89/101/89 88/100/88 76/86/76
f 78/88/78 90/102/90 89/101/89 77/87/77
f 79/89/79 91/103/91 90/102/90 78/88/78
f 80/90/80 92/104/92 91/103/91 79/89/79
f 81/91/81 93/105/93 92/104/92 80/90/80
f 82/92/82 94/106/94 93/105/93 81/91/81
f 83/93/83 95/107/95 94/106/94 82/92/82
f 84/82/84 96/95/96 95/107/95 83/93/83
f 85/94/85 97/108/97 108/109/108 96/95/96
f 714/96/714 715/110/715 97/111/97 85/97/85
f 87/98/87 99/112/99 98/113/98 86/99/86
f 88/100/88 100/114/100 99/112/99 87/98/87
f 89/101/89 101/115/101 100/114/100 88/100/88
f 90/102/90 102/116/102 101/115/101 89/101/89
f 91/103/91 103/117/103 102/116/102 90/102/90
f 92/104/92 104/118/104 103/117/103 91/103/91
f 93/105/93 105/119/105 104/118/104 92/104/92
f 94/106/94 106/120/106 105/119/105 93/105/93
f 95/107/95 107/121/107 106/120/106 94/106/94
f 96/95/96 108/109/108 107/121/107 95/107/95
f 97/108/97 109/122/109 120/123/120 108/109/108
f 715/110/715 716/124/716 109/125/109 97/111/97
f 99/112/99 111/126/111 110/127/110 98/113/98
f 100/114/100 112/128/112 111/126/111 99/112/99
f 101/115/101 113/129/113 112/128/112 100/114/100
f 102/116/102 114/130/114 113/129/113 101/115/101
f 103/117/103 115/131/115 114/130/114 102/116/102
f 104/118/104 116/132/116 115/131/115 103/117/103
f 105/119/105 117/133/117 116/132/116 104/118/104
f 106/120/106 118/134/118 117/133/117 105/119/105
f 107/121/107 119/135/119 118/134/118 106/120/106
f 108/109/108 120/123/120 119/135/119 107/121/107
f 109/122/109 121/136/121 132/137/132 120/123/120
f 716/124/716 717/138/717 121/139/121 109/125/109
f 111/126/111 123/140/123 122/141/122 110/127/110
f 112/128/112 124/142/124 123/140/123 111/126/111
f 113/129/113 125/143/125 124/142/124 112/128/112
f 114/130/114 126/144/126 125/143/125 113/129/113
f 115/131/115 127/145/127 126/144/126 114/130/114
f 116/132/116 128/146/128 127/145/127 115/131/115
f 117/133/117 129/147/129 128/146/128 116/132/116
f 118/134/118 130/148/130 129/147/129 117/133/117
f 119/135/119 131/149/131 130/148/130 118/134/118
f 120/123/120 132/137/132 131/149/131 119/135/119
f 121/136/121 133/150/133 144/151/144 132/137/132
f 717/138/717 718/152/718 133/153/133 121/139/121
f 123/140/123 135/154/135 134/152/134 122/141/122
f 124/142/124 136/155/136 135/154/135 123/140/123
f 125/143/125 137/156/137 136/155/136 124/142/124
f 126/144/126 138/157/138 137/156/137 125/143/125
f 127/145/127 139/158/139 138/157/138 126/144/126
f 128/146/128 140/159/140 139/158/139 127/145/127
f 129/147/129 141/160/141 140/159/140 128/146/128
f 130/148/130 142/161/142 141/160/141 129/147/129
f 131/149/131 143/162/143 142/161/142 130/148/130
f 132/137/132 144/151/144 143/162/143 131/149/131
f 133/150/133 145/163/145 156/164/156 144/151/144
f 718/152/718 719/165/719 145/166/145 133/153/133
f 135/154/135 147/167/147 146/165/146 134/152/134
f 136/155/136 148/168/148 147/167/147 135/154/135
f 137/156/137 149/169/149 148/168/148 136/155/136
f 138/157/138 150/170/150 149/169/149 137/156/137
f 139/158/139 151/171/151 150/170/150 138/157/138
f 140/159/140 152/172/152 151/171/151 139/158/139
f 141/160/141 153/173/153 152/172/152 140/159/140
f 142/161/142 154/174/154 153/173/153 141/160/141
f 143/162/143 155/175/155 154/174/154 142/161/142
f 144/151/144 156/164/156 155/175/155 143/162/143
f 145/163/145 157/176/157 168/177/168 156/164/156
f 719/165/719 720/178/720 157/179/157 145/166/145
f 147/167/147 159/180/159 158/181/158 146/165/146
f 148/168/148 160/182/160 159/180/159 147/167/147
f 149/169/149 161/183/161 160/182/160 148/168/148
f 150/170/150 162/184/162 161/183/161 149/169/149
f 151/171/151 163/185/163 162/184/162 150/170/150
f 152/172/152 164/186/164 163/185/163 151/171/151
f 153/173/153 165/187/165 164/186/164 152/172/152
f 154/174/154 166/188/166 165/187/165 153/173/153
f 155/175/155 167/189/167 166/188/166 154/174/154
f 156/164/156 168/177/168 167/189/167 155/175/155
f 157/176/157 169/190/169 180/191/180 168/177/168
f 720/178/720 721/192/721 169/193/169 157/179/157
f 159/180/159 171/194/171 170/192/170 158/181/158
f 160/182/160 172/195/172 171/194/171 159/180/159
f 161/183/161 173/196/173 172/195/172 160/182/160
f 162/184/162 174/197/174 173/196/173 161/183/161
f 163/185/163 175/198/175 174/197/174 162/184/162
f 164/186/164 176/199/176 175/198/175 163/185/163
f 165/187/165 177/200/177 176/199/176 164/186/164
f 166/188/166 178/201/178 177/200/177 165/187/165
f 167/189/167 179/202/179 178/201/178 166/188/166
f 168/177/168 180/191/180 179/202/179 167/189/167
f 169/190/169 181/203/181 192/204/192 180/191/180
f 721/192/721 722/205/722 181/206/181 169/193/169
f 171/194/171 183/207/183 182/208/182 170/192/170
f 172/195/172 184/209/184 183/207/183 171/194/171
f 173/196/173 185/210/185 184/209/184 172/195/172
f 174/197/174 186/211/186 185/210/185 173/196/173
f 175/198/175 187/212/187 186/211/186 174/197/174
f 176/199/176 188/213/188 187/212/187 175/198/175
f 177/200/177 189/214/189 188/213/188 176/199/176
f 178/201/178 190/215/190 189/214/189 177/200/177
f 179/202/179 191/216/191 190/215/190 178/201/178
f 180/191/180 192/204/192 191/216/191 179/202/179
f 181/203/181 193/217/193 204/218/204 192/204/192
f 722/205/722 723/219/723 193/220/193 181/206/181
f 183/207/183 195/221/195 194/222/194 182/208/182
f 184/209/184 196/223/196 195/221/195 183/207/183
f 185/210/185 197/224/197 196/223/196 184/209/184
f 186/211/186 198/225/198 197/224/197 185/210/185
f 187/212/187 199/226/199 198/225/198 186/211/186
f 188/213/188 200/227/200 199/226/199 187/212/187
f 189/214/189 201/228/201 200/227/200 188/213/188
f 190/215/190 202/229/202 201/228/201 189/214/189
f 191/216/191 203/230/203 202/229/202 190/215/190
f 192/204/192 204/218/204 203/230/203 191/216/191
f 193/217/193 205/231/205 216/232/216 204/218/204
f 723/219/723 724/233/724 205/234/205 193/220/193
f 195/221/195 207/235/207 206/236/206 194/222/194
f 196/223/196 208/237/208 207/235/207 195/221/195
f 197/224/197 209/238/209 208/237/208 196/223/196
f 198/225/198 210/239/210 209/238/209 197/224/197
f 199/226/199 211/240/211 210/239/210 198/225/198
f 200/227/200 212/241/212 211/240/211 199/226/199
f 201/228/201 213/242/213 212/241/212 200/227/200
f 202/229/202 214/243/214 213/242/213 201/228/201
f 203/230/203 215/244/215 214/243/214 202/229/202
f 204/218/204 216/232/216 215/244/215 203/230/203
f 205/231/205 217/245/217 228/246/228 216/232/216
f 724/233/724 725/247/725 217/248/217 205/234/205
f 207/235/207 219/249/219 218/247/218 206/236/206
f 208/237/208 220/250/220 219/249/219 207/235/207
f 209/238/209 221/251/221 220/250/220 208/237/208
f 210/239/210 222/252/222 221/251/221 209/238/209
f 211/240/211 223/253/223 222/252/222 210/239/210
f 212/241/212 224/254/224 223/253/223 211/240/211
f 213/242/213 225/255/225 224/254/224 212/241/212
f 214/243/214 226/256/226 225/255/225 213/242/213
f 215/244/215 227/257/227 226/256/226 214/243/214
f 216/232/216 228/246/228 227/257/227 215/244/215
f 217/245/217 229/258/229 240/259/240 228/246/228
f 725/247/725 726/260/726 229/261/229 217/248/217
f 219/249/219 231/262/231 230/263/230 218/247/218
f 220/250/220 232/264/232 231/262/231 219/249/219
f 221/251/221 233/265/233 232/264/232 220/250/220
f 222/252/222 234/266/234 233/265/233 221/251/221
f 223/253/223 235/267/235 234/266/234 222/252/222
f 224/254/224 236/268/236 235/267/235 223/253/223
f 225/255/225 237/269/237 236/268/236 224/254/224
f 226/256/226 238/270/238 237/269/237 225/255/225
f 227/257/227 239/271/239 238/270/238 226/256/226
f 228/246/228 240/259/240 239/271/239 227/257/227
f 229/258/229 241/272/241 252/273/252 240/259/240
f 726/260/726 727/274/727 241/275/241 229/261/229
f 231/262/231 243/276/243 242/277/242 230/263/230
f 232/264/232 244/278/244 243/276/243 231/262/231
f 233/265/233 245/279/245 244/278/244 232/264/232
f 234/266/234 246/280/246 245/279/245 233/265/233
f 235/267/235 247/281/247 246/280/246 234/266/234
f 236/268/236 248/282/248 247/281/247 235/267/235
f 237/269/237 249/283/249 248/282/248 236/268/236
f 238/270/238 250/284/250 249/283/249 237/269/237
f 239/271/239 251/285/251 250/284/250 238/270/238
f 240/259/240 252/273/252 251/285/251 239/271/239
f 241/272/241 253/286/253 264/287/264 252/273/252
f 727/274/727 728/288/728 253/289/253 241/275/241
f 243/276/243 255/290/255 254/291/254 242/277/242
f 244/278/244 256/292/256 255/290/255 243/276/243
f 245/279/245 257/293/257 256/292/256 244/278/244
f 246/280/246 258/294/258 257/293/257 245/279/245
f 247/281/247 259/295/259 258/294/258 246/280/246
f 248/282/248 260/296/260 259/295/259 247/281/247
f 249/283/249 261/297/261 260/296/260 248/282/248
f 250/284/250 262/298/262 261/297/261 249/283/249
f 251/285/251 263/299/263 262/298/262 250/284/250
f 252/273/252 264/287/264 263/299/263 251/285/251
f 253/286/253 265/300/265 276/301/276 264/287/264
f 728/288/728 729/302/729 265/303/265 253/289/253
f 255/290/255 267/304/267 266/302/266 254/291/254
f 256/292/256 268/305/268 267/304/267 255/290/255
f 257/293/257 269/306/269 268/305/268 256/292/256
f 258/294/258 270/307/270 269/306/269 257/293/257
f 259/295/259 271/308/271 270/307/270 258/294/258
f 260/296/260 272/309/272 271/308/271 259/295/259
f 261/297/261 273/310/273 272/309/272 260/296/260
f 262/298/262 274/311/274 273/310/273 261/297/261
f 263/299/263 275/312/275 274/311/274 262/298/262
f 264/287/264 276/301/276 275/312/275 263/299/263
f 265/300/265 277/313/277 288/314/288 276/301/276
f 729/302/729 730/315/730 277/316/277 265/303/265
f 267/304/267 279/317/279 278/315/278 266/302/266
f 268/305/268 280/318/280 279/317/279 267/304/267
f 269/306/269 281/319/281 280/318/280 268/305/268
f 270/307/270 282/320/282 281/319/281 269/306/269
f 271/308/271 283/321/283 282/320/282 270/307/270
f 272/309/272 284/322/284 283/321/283 271/308/271
f 273/310/273 285/323/285 284/322/284 272/309/272
f 274/311/274 286/324/286 285/323/285 273/310/273
f 275/312/275 287/325/287 286/324/286 274/311/274
f 276/301/276 288/314/288 287/325/287 275/312/275
f 277/313/277 289/326/289 300/327/300 288/314/288
f 730/315/730 731/328/731 289/329/289 277/316/277
f 279/317/279 291/330/291 290/331/290 278/315/278
f 280/318/280 292/332/292 291/330/291 279/317/279
f 281/319/281 293/333/293 292/332/292 280/318/280
f 282/320/282 294/334/294 293/333/293 281/319/281
f 283/321/283 295/335/295 294/334/294 282/320/282
f 284/322/284 296/336/296 295/335/295 283/321/283
f 285/323/285 297/337/297 296/336/296 284/322/284
f 286/324/286 298/338/298 297/337/297 285/323/285
f 287/325/287 299/339/299 298/338/298 286/324/286
f 288/314/288 300/327/300 299/339/299 287/325/287
f 289/326/289 301/340/301 312/341/312 300/327/300
f 731/328/731 732/342/732 301/343/301 289/329/289
f 291/330/291 303/344/303 302/345/302 290/331/290
f 292/332/292 304/346/304 303/344/303 291/330/291
f 293/333/293 305/347/305 304/346/304 292/332/292
f 294/334/294 306/348/306 305/347/305 293/333/293
f 295/335/295 307/349/307 306/348/306 294/334/294
f 296/336/296 308/350/308 307/349/307 295/335/295
f 297/337/297 309/351/309 308/350/308 296/336/296
f 298/338/298 310/352/310 309/351/309 297/337/297
f 299/339/299 311/353/311 310/352/310 298/338/298
f 300/327/300 312/341/312 311/353/311 299/339/299
f 301/340/301 313/354/313 324/355/324 312/341/312
f 732/342/732 733/356/733 313/357/313 301/343/301
f 303/344/303 315/358/315 314/356/314 302/345/302
f 304/346/304 316/359/316 315/358/315 303/344/303
f 305/347/305 317/360/317 316/359/316 304/346/304
f 306/348/306 318/361/318 317/360/317 305/347/305
f 307/349/307 319/362/319 318/361/318 306/348/306
f 308/350/308 320/363/320 319/362/319 307/349/307
f 309/351/309 321/364/321 320/363/320 308/350/308
f 310/352/310 322/365/322 321/364/321 309/351/309
f 311/353/311 323/366/323 322/365/322 310/352/310
f 312/341/312 324/355/324 323/366/323 311/353/311
f 313/354/313 325/367/325 336/368/336 324/355/324
f 733/356/733 734/369/734 325/370/325 313/357/313
f 315/358/315 327/371/327 326/372/326 314/356/314
f 316/359/316 328/373/328 327/371/327 315/358/315
f 317/360/317 329/374/329 328/373/328 316/359/316
f 318/361/318 330/375/330 329/374/329 317/360/317
f 319/362/319 331/376/331 330/375/330 318/361/318
f 320/363/320 332/377/332 331/376/331 319/362/319
f 321/364/321 333/378/333 332/377/332 320/363/320
f 322/365/322 334/379/334 333/378/333 321/364/321
f 323/366/323 335/380/335 334/379/334 322/365/322
f 324/355/324 336/368/336 335/380/335 323/366/323
f 325/367/325 337/381/337 348/382/348 336/368/336
f 734/369/734 735/383/735 337/384/337 325/370/325
f 327/371/327 339/385/339 338/386/338 326/372/326
f 328/373/328 340/387/340 339/385/339 327/371/327
f 329/374/329 341/388/341 340/387/340 328/373/328
f 330/375/330 342/389/342 341/388/341 329/374/329
f 331/376/331 343/390/343 342/389/342 330/375/330
f 332/377/332 344/391/344 343/390/343 331/376/331
f 333/378/333 345/392/345 344/391/344 332/377/332
f 334/379/334 346/393/346 345/392/345 333/378/333
f 335/380/335 347/394/347 346/393/346 334/379/334
f 336/368/336 348/382/348 347/394/347 335/380/335
f 337/381/337 349/395/349 360/396/360 348/382/348
f 735/383/735 736/397/736 349/398/349 337/384/337
f 339/385/339 351/399/351 350/400/350 338/386/338
f 340/387/340 352/401/352 351/399/351 339/385/339
f 341/388/341 353/402/353 352/401/352 340/387/340
f 342/389/342 354/403/354 353/402/353 341/388/341
f 343/390/343 355/404/355 354/403/354 342/389/342
f 344/391/344 356/405/356 355/404/355 343/390/343
f 345/392/345 357/406/357 356/405/356 344/391/344
f 346/393/346 358/407/358 357/406/357 345/392/345
f 347/394/347 359/408/359 358/407/358 346/393/346
f 348/382/348 360/396/360 359/408/359 347/394/347
f 349/395/349 361/409/361 372/410/372 360/396/360
f 736/397/736 737/411/737 361/412/361 349/398/349
f 351/399/351 363/413/363 362/414/362 350/400/350
f 352/401/352 364/415/364 363/413/363 351/399/351
f 353/402/353 365/416/365 364/415/364 352/401/352
f 354/403/354 366/417/366 365/416/365 353/402/353
f 355/404/355 367/418/367 366/417/366 354/403/354
f 356/405/356 368/419/368 367/418/367 355/404/355
f 357/406/357 369/420/369 368/419/368 356/405/356
f 358/407/358 370/421/370 369/420/369 357/406/357
f 359/408/359 371/422/371 370/421/370 358/407/358
f 360/396/360 372/410/372 371/422/371 359/408/359
f 361/409/361 373/423/373 384/424/384 372/410/372
f 737/411/737 738/425/738 373/426/373 361/412/361
f 363/413/363 375/427/375 374/428/374 362/414/362
f 364/415/364 376/429/376 375/427/375 363/413/363
f 365/416/365 377/430/377 376/429/376 364/415/364
f 366/417/366 378/431/378 377/430/377 365/416/365
f 367/418/367 379/432/379 378/431/378 366/417/366
f 368/419/368 380/433/380 379/432/379 367/418/367
f 369/420/369 381/434/381 380/433/380 368/419/368
f 370/421/370 382/435/382 381/434/381 369/420/369
f 371/422/371 383/436/383 382/435/382 370/421/370
f 372/410/372 384/424/384 383/436/383 371/422/371
f 373/423/373 385/437/385 396/438/396 384/424/384
f 738/425/738 739/439/739 385/440/385 373/426/373
f 375/427/375 387/441/387 386/439/386 374/428/374
f 376/429/376 388/442/388 387/441/387 375/427/375
f 377/430/377 389/443/389 388/442/388 376/429/376
f 378/431/378 390/444/390 389/443/389 377/430/377
f 379/432/379 391/445/391 390/444/390 378/431/378
f 380/433/380 392/446/392 391/445/391 379/432/379
f 381/434/381 393/447/393 392/446/392 380/433/380
f 382/435/382 394/448/394 393/447/393 381/434/381
f 383/436/383 395/449/395 394/448/394 382/435/382
f 384/424/384 396/438/396 395/449/395 383/436/383
f 385/437/385 397/450/397 408/451/408 396/438/396
f 739/439/739 740/452/740 397/453/397 385/440/385
f 387/441/387 399/454/399 398/455/398 386/439/386
f 388/442/388 400/456/400 399/454/399 387/441/387
f 389/443/389 401/457/401 400/456/400 388/442/388
f 390/444/390 402/458/402 401/457/401 389/443/389
f 391/445/391 403/459/403 402/458/402 390/444/390
f 392/446/392 404/460/404 403/459/403 391/445/391
f 393/447/393 405/461/405 404/460/404 392/446/392
f 394/448/394 406/462/406 405/461/405 393/447/393
f 395/449/395 407/463/407 406/462/406 394/448/394
f 396/438/396 408/451/408 407/463/407 395/449/395
f 397/450/397 409/464/409 420/465/420 408/451/408
f 740/452/740 741/466/741 409/467/409 397/453/397
f 399/454/399 411/468/411 410/469/410 398/455/398
f 400/456/400 412/470/412 411/468/411 399/454/399
f 401/457/401 413/471/413 412/470/412 400/456/400
f 402/458/402 414/472/414 413/471/413 401/457/401
f 403/459/403 415/473/415 414/472/414 402/458/402
f 404/460/404 416/474/416 415/473/415 403/459/403
f 405/461/405 417/475/417 416/474/416 404/460/404
f 406/462/406 418/476/418 417/475/417 405/461/405
f 407/463/407 419/477/419 418/476/418 406/462/406
f 408/451/408 420/465/420 419/477/419 407/463/407
f 409/464/409 421/478/421 432/479/432 420/465/420
f 741/466/741 742/480/742 421/481/421 409/467/409
f 411/468/411 423/482/423 422/483/422 410/469/410
f 412/470/412 424/484/424 423/482/423 411/468/411
f 413/471/413 425/485/425 424/484/424 412/470/412
f 414/472/414 426/486/426 425/485/425 413/471/413
f 415/473/415 427/487/427 426/486/426 414/472/414
f 416/474/416 428/488/428 427/487/427 415/473/415
f 417/475/417 429/489/429 428/488/428 416/474/416
f 418/476/418 430/490/430 429/489/429 417/475/417
f 419/477/419 431/491/431 430/490/430 418/476/418
f 420/465/420 432/479/432 431/491/431 419/477/419
f 421/478/421 433/492/433 444/493/444 432/479/432
f 742/480/742 743/494/743 433/495/433 421/481/421
f 423/482/423 435/496/435 434/494/434 422/483/422
f 424/484/424 436/497/436 435/496/435 423/482/423
f 425/485/425 437/498/437 436/497/436 424/484/424
f 426/486/426 438/499/438 437/498/437 425/485/425
f 427/487/427 439/500/439 438/499/438 426/486/426
f 428/488/428 440/501/440 439/500/439 427/487/427
f 429/489/429 441/502/441 440/501/440 428/488/428
f 430/490/430 442/503/442 441/502/441 429/489/429
f 431/491/431 443/504/443 442/503/442 430/490/430
f 432/479/432 444/493/444 443/504/443 431/491/431
f 433/492/433 445/505/445 456/506/456 444/493/444
f 743/494/743 744/507/744 445/508/445 433/495/433
f 435/496/435 447/509/447 446/507/446 434/494/434
f 436/497/436 448/510/448 447/509/447 435/496/435
f 437/498/437 449/511/449 448/510/448 436/497/436
f 438/499/438 450/512/450 449/511/449 437/498/437
f 439/500/439 451/513/451 450/512/450 438/499/438
f 440/501/440 452/514/452 451/513/451 439/500/439
f 441/502/441 453/515/453 452/514/452 440/501/440
f 442/503/442 454/516/454 453/515/453 441/502/441
f 443/504/443 455/517/455 454/516/454 442/503/442
f 444/493/444 456/506/456 455/517/455 443/504/443
f 445/505/445 457/518/457 468/519/468 456/506/456
f 744/507/744 745/520/745 457/521/457 445/508/445
f 447/509/447 459/522/459 458/520/458 446/507/446
f 448/510/448 460/523/460 459/522/459 447/509/447
f 449/511/449 461/524/461 460/523/460 448/510/448
f 450/512/450 462/525/462 461/524/461 449/511/449
f 451/513/451 463/526/463 462/525/462 450/512/450
f 452/514/452 464/527/464 463/526/463 451/513/451
f 453/515/453 465/528/465 464/527/464 452/514/452
f 454/516/454 466/529/466 465/528/465 453/515/453
f 455/517/455 467/530/467 466/529/466 454/516/454
f 456/506/456 468/519/468 467/530/467 455/517/455
f 457/518/457 469/531/469 480/532/480 468/519/468
f 745/520/745 746/533/746 469/534/469 457/521/457
f 459/522/459 471/535/471 470/536/470 458/520/458
f 460/523/460 472/537/472 471/535/471 459/522/459
f 461/524/461 473/538/473 472/537/472 460/523/460
f 462/525/462 474/539/474 473/538/473 461/524/461
f 463/526/463 475/540/475 474/539/474 462/525/462
f 464/527/464 476/541/476 475/540/475 463/526/463
f 465/528/465 477/542/477 476/541/476 464/527/464
f 466/529/466 478/543/478 477/542/477 465/528/465
f 467/530/467 479/544/479 478/543/478 466/529/466
f 468/519/468 480/532/480 479/544/479 467/530/467
f 469/531/469 481/545/481 492/546/492 480/532/480
f 746/533/746 747/547/747 481/548/481 469/534/469
f 471/535/471 483/549/483 482/547/482 470/536/470
f 472/537/472 484/550/484 483/549/483 471/535/471
f 473/538/473 485/551/485 484/550/484 472/537/472
f 474/539/474 486/552/486 485/551/485 473/538/473
f 475/540/475 487/553/487 486/552/486 474/539/474
f 476/541/476 488/554/488 487/553/487 475/540/475
f 477/542/477 489/555/489 488/554/488 476/541/476
f 478/543/478 490/556/490 489/555/489 477/542/477
f 479/544/479 491/557/491 490/556/490 478/543/478
f 480/532/480 492/546/492 491/557/491 479/544/479
f 481/545/481 493/558/493 504/559/504 492/546/492
f 747/547/747 748/560/748 493/561/493 481/548/481
f 483/549/483 495/562/495 494/560/494 482/547/482
f 484/550/484 496/563/496 495/562/495 483/549/483
f 485/551/485 497/564/497 496/563/496 484/550/484
f 486/552/486 498/565/498 497/564/497 485/551/485
f 487/553/487 499/566/499 498/565/498 486/552/486
f 488/554/488 500/567/500 499/566/499 487/553/487
f 489/555/489 501/568/501 500/567/500 488/554/488
f 490/556/490 502/569/502 501/568/501 489/555/489
f 491/557/491 503/570/503 502/569/502 490/556/490
f 492/546/492 504/559/504 503/570/503 491/557/491
f 493/558/493 505/571/505 516/572/516 504/559/504
f 748/560/748 749/573/749 505/574/505 493/561/493
f 495/562/495 507/575/507 506/576/506 494/560/494
f 496/563/496 508/577/508 507/575/507 495/562/495
f 497/564/497 509/578/509 508/577/508 496/563/496
f 498/565/498 510/579/510 509/578/509 497/564/497
f 499/566/499 511/580/511 510/579/510 498/565/498
f 500/567/500 512/581/512 511/580/511 499/566/499
f 501/568/501 513/582/513 512/581/512 500/567/500
f 502/569/502 514/583/514 513/582/513 501/568/501
f 503/570/503 515/584/515 514/583/514 502/569/502
f 504/559/504 516/572/516 515/584/515 503/570/503
f 505/571/505 517/585/517 528/586/528 516/572/516
f 749/573/749 750/587/750 517/588/517 505/574/505
f 507/575/507 519/589/519 518/590/518 506/576/506
f 508/577/508 520/591/520 519/589/519 507/575/507
f 509/578/509 521/592/521 520/591/520 508/577/508
f 510/579/510 522/593/522 521/592/521 509/578/509
f 511/580/511 523/594/523 522/593/522 510/579/510
f 512/581/512 524/595/524 523/594/523 511/580/511
f 513/582/513 525/596/525 524/595/524 512/581/512
f 514/583/514 526/597/526 525/596/525 513/582/513
f 515/584/515 527/598/527 526/597/526 514/583/514
f 516/572/516 528/586/528 527/598/527 515/584/515
f 517/585/517 529/599/529 540/600/540 528/586/528
f 750/587/750 751/601/751 529/602/529 517/588/517
f 519/589/519 531/603/531 530/601/530 518/590/518
f 520/591/520 532/604/532 531/603/531 519/589/519
f 521/592/521 533/605/533 532/604/532 520/591/520
f 522/593/522 534/606/534 533/605/533 521/592/521
f 523/594/523 535/607/535 534/606/534 522/593/522
f 524/595/524 536/608/536 535/607/535 523/594/523
f 525/596/525 537/609/537 536/608/536 524/595/524
f 526/597/526 538/610/538 537/609/537 525/596/525
f 527/598/527 539/611/539 538/610/538 526/597/526
f 528/586/528 540/600/540 539/611/539 527/598/527
f 529/599/529 541/612/541 552/613/552 540/600/540
f 751/601/751 752/614/752 541/615/541 529/602/529
f 531/603/531 543/616/543 542/617/542 530/601/530
f 532/604/532 544/618/544 543/616/543 531/603/531
f 533/605/533 545/619/545 544/618/544 532/604/532
f 534/606/534 546/620/546 545/619/545 533/605/533
f 535/607/535 547/621/547 546/620/546 534/606/534
f 536/608/536 548/622/548 547/621/547 535/607/535
f 537/609/537 549/623/549 548/622/548 536/608/536
f 538/610/538 550/624/550 549/623/549 537/609/537
f 539/611/539 551/625/551 550/624/550 538/610/538
f 540/600/540 552/613/552 551/625/551 539/611/539
f 541/612/541 553/626/553 564/627/564 552/613/552
f 752/614/752 753/628/753 553/629/553 541/615/541
f 543/616/543 555/630/555 554/628/554 542/617/542
f 544/618/544 556/631/556 555/630/555 543/616/543
f 545/619/545 557/632/557 556/631/556 544/618/544
f 546/620/546 558/633/558 557/632/557 545/619/545
f 547/621/547 559/634/559 558/633/558 546/620/546
f 548/622/548 560/635/560 559/634/559 547/621/547
f 549/623/549 561/636/561 560/635/560 548/622/548
f 550/624/550 562/637/562 561/636/561 549/623/549
f 551/625/551 563/638/563 562/637/562 550/624/550
f 552/613/552 564/627/564 563/638/563 551/625/551
f 553/626/553 565/639/565 576/640/576 564/627/564
f 753/628/753 754/641/754 565/642/565 553/629/553
f 555/630/555 567/643/567 566/641/566 554/628/554
f 556/631/556 568/644/568 567/643/567 555/630/555
f 557/632/557 569/645/569 568/644/568 556/631/556
f 558/633/558 570/646/570 569/645/569 557/632/557
f 559/634/559 571/647/571 570/646/570 558/633/558
f 560/635/560 572/648/572 571/647/571 559/634/559
f 561/636/561 573/649/573 572/648/572 560/635/560
f 562/637/562 574/650/574 573/649/573 561/636/561
f 563/638/563 575/651/575 574/650/574 562/637/562
f 564/627/564 576/640/576 575/651/575 563/638/563
f 574/650/574 575/651/575 587/651/587 586/650/586
f 569/645/569 570/646/570 582/646/582 581/645/581
f 571/647/571 572/648/572 584/648/584 583/647/583
f 575/651/575 576/640/576 588/640/588 587/651/587
f 566/641/566 567/643/567 579/643/579 578/641/578
f 573/649/573 574/650/574 586/650/586 585/649/585
f 568/644/568 569/645/569 581/645/581 580/644/580
f 570/646/570 571/647/571 583/647/583 582/646/582
f 754/641/754 566/641/566 578/641/578 755/652/755
f 576/640/576 565/639/565 577/639/577 588/640/588
f 572/648/572 573/649/573 585/649/585 584/648/584
f 567/643/567 568/644/568 580/644/580 579/643/579
f 581/645/581 582/646/582 595/646/595 594/645/594
f 597/648/597 598/649/598 610/649/610 609/648/609
f 578/641/578 579/643/579 592/643/592 591/641/591
f 585/649/585 586/650/586 599/650/599 598/649/598
f 582/646/582 583/647/583 596/647/596 595/646/595
f 579/643/579 580/644/580 593/644/593 592/643/592
f 586/650/586 587/651/587 600/651/600 599/650/599
f 588/640/588 577/639/577 589/639/589 590/640/590
f 583/647/583 584/648/584 597/648/597 596/647/596
f 580/644/580 581/645/581 594/645/594 593/644/593
f 587/651/587 588/640/588 590/640/590 600/651/600
f 755/652/755 578/641/578 591/641/591 756/652/756
f 584/648/584 585/649/585 598/649/598 597/648/597
f 757/641/757 603/641/603 615/641/615 758/641/758
f 594/645/594 595/646/595 607/646/607 606/645/606
f 591/641/591 592/643/592 604/643/604 603/641/603
f 598/649/598 599/650/599 611/650/611 610/649/610
f 595/646/595 596/647/596 608/647/608 607/646/607
f 592/643/592 593/644/593 605/644/605 604/643/604
f 599/650/599 600/651/600 612/651/612 611/650/611
f 590/640/590 589/639/589 601/639/601 602/640/602
f 596/647/596 597/648/597 609/648/609 608/647/608
f 593/644/593 594/645/594 606/645/606 605/644/605
f 600/651/600 590/640/590 602/640/602 612/651/612
f 756/652/756 591/641/591 603/641/603 757/641/757
f 617/644/617 618/645/618 630/645/630 629/644/629
f 609/648/609 610/649/610 622/649/622 621/648/621
f 606/645/606 607/646/607 619/646/619 618/645/618
f 603/641/603 604/643/604 616/643/616 615/641/615
f 610/649/610 611/650/611 623/650/623 622/649/622
f 607/646/607 608/647/608 620/647/620 619/646/619
f 604/643/604 605/644/605 617/644/617 616/643/616
f 611/650/611 612/651/612 624/651/624 623/650/623
f 602/640/602 601/639/601 613/639/613 614/640/614
f 608/647/608 609/648/609 621/648/621 620/647/620
f 605/644/605 606/645/606 618/645/618 617/644/617
f 612/651/612 602/640/602 614/640/614 624/651/624
f 629/644/629 630/645/630 694/645/694 693/644/693
f 624/651/624 614/640/614 626/640/626 636/651/636
f 758/641/758 615/641/615 627/641/627 759/641/759
f 621/648/621 622/649/622 634/649/634 633/648/633
f 618/645/618 619/646/619 631/646/631 630/645/630
f 615/641/615 616/643/616 628/643/628 627/641/627
f 622/649/622 623/650/623 635/650/635 634/649/634
f 619/646/619 620/647/620 632/647/632 631/646/631
f 616/643/616 617/644/617 629/644/629 628/643/628
f 623/650/623 624/651/624 636/651/636 635/650/635
f 614/640/614 613/639/613 625/639/625 626/640/626
f 620/647/620 621/648/621 633/648/633 632/647/632
f 645/648/645 646/649/646 658/649/658 657/648/657
f 636/651/636 626/640/626 638/640/638 648/651/648
f 759/641/759 627/641/627 692/641/692 760/652/760
f 633/648/633 634/649/634 646/649/646 645/648/645
f 630/645/630 631/646/631 643/646/643 694/645/694
f 627/641/627 628/643/628 640/643/640 692/641/692
f 634/649/634 635/650/635 647/650/647 646/649/646
f 631/646/631 632/647/632 644/647/644 643/646/643
f 628/643/628 629/644/629 693/644/693 640/643/640
f 635/650/635 636/651/636 648/651/648 647/650/647
f 626/640/626 625/639/625 691/639/691 638/640/638
f 632/647/632 633/648/633 645/648/645 644/647/644
f 761/641/761 696/641/696 663/641/663 762/641/762
f 694/645/694 643/646/643 655/646/655 698/645/698
f 692/641/692 640/643/640 652/643/652 696/641/696
f 646/649/646 647/650/647 659/650/659 658/649/658
f 643/646/643 644/647/644 656/647/656 655/646/655
f 640/643/640 693/644/693 697/644/697 652/643/652
f 647/650/647 648/651/648 660/651/660 659/650/659
f 638/640/638 691/639/691 695/639/695 650/640/650
f 644/647/644 645/648/645 657/648/657 656/647/656
f 641/653/641 642/654/642 702/654/702 701/653/701
f 648/651/648 638/640/638 650/640/650 660/651/660
f 654/655/654 653/656/653 705/656/705 706/655/706
f 657/648/657 658/649/658 670/649/670 669/648/669
f 698/645/698 655/646/655 667/646/667 666/645/666
f 696/641/696 652/643/652 664/643/664 663/641/663
f 658/649/658 659/650/659 671/650/671 670/649/670
f 655/646/655 656/647/656 668/647/668 667/646/667
f 652/643/652 697/644/697 665/644/665 664/643/664
f 659/650/659 660/651/660 672/651/672 671/650/671
f 650/640/650 695/639/695 661/639/661 662/640/662
f 656/647/656 657/648/657 669/648/669 668/647/668
f 697/644/697 698/645/698 666/645/666 665/644/665
f 660/651/660 650/640/650 662/640/662 672/651/672
f 764/657/764 678/658/678 677/659/677 763/660/763
f 702/654/702 706/655/706 673/655/673 675/654/675
f 676/653/676 675/654/675 673/655/673 674/656/674
f 768/658/768 769/659/769 677/659/677 678/658/678
f 703/660/703 699/657/699 764/657/764 763/660/763
f 766/661/766 637/657/637 691/642/691 760/652/760
f 642/654/642 641/653/641 693/644/693 694/645/694
f 767/662/767 651/663/651 696/641/696 761/641/761
f 653/656/653 654/655/654 698/645/698 697/644/697
f 654/655/654 642/654/642 694/645/694 698/645/698
f 651/663/651 639/664/639 692/641/692 696/641/696
f 641/653/641 653/656/653 697/644/697 693/644/693
f 637/657/637 649/660/649 695/642/695 691/642/691
f 768/658/768 700/664/700 704/663/704 769/659/769
f 653/656/653 641/653/641 701/653/701 705/656/705
f 642/654/642 654/655/654 706/655/706 702/654/702
f 767/662/767 649/660/649 703/660/703 769/659/769
f 766/661/766 639/664/639 700/664/700 768/658/768
f 639/664/639 651/663/651 704/663/704 700/664/700
f 637/657/637 766/661/766 768/658/768 699/657/699
f 651/663/651 767/662/767 769/659/769 704/663/704
f 649/660/649 767/662/767 761/641/761 695/642/695
f 639/664/639 766/661/766 760/652/760 692/641/692
f 695/642/695 761/641/761 762/641/762 661/642/661
f 625/642/625 759/641/759 760/652/760 691/642/691
f 613/642/613 758/641/758 759/641/759 625/642/625
f 589/642/589 756/652/756 757/641/757 601/642/601
f 601/642/601 757/641/757 758/641/758 613/642/613
f 577/642/577 755/652/755 756/652/756 589/642/589
f 565/642/565 754/641/754 755/652/755 577/642/577
f 554/628/554 566/641/566 754/641/754 753/628/753
f 542/617/542 554/628/554 753/628/753 752/614/752
f 530/601/530 542/617/542 752/614/752 751/601/751
f 518/590/518 530/601/530 751/601/751 750/587/750
f 506/576/506 518/590/518 750/587/750 749/573/749
f 494/560/494 506/576/506 749/573/749 748/560/748
f 482/547/482 494/560/494 748/560/748 747/547/747
f 470/536/470 482/547/482 747/547/747 746/533/746
f 458/520/458 470/536/470 746/533/746 745/520/745
f 446/507/446 458/520/458 745/520/745 744/507/744
f 434/494/434 446/507/446 744/507/744 743/494/743
f 422/483/422 434/494/434 743/494/743 742/480/742
f 410/469/410 422/483/422 742/480/742 741/466/741
f 398/455/398 410/469/410 741/466/741 740/452/740
f 386/439/386 398/455/398 740/452/740 739/439/739
f 374/428/374 386/439/386 739/439/739 738/425/738
f 362/414/362 374/428/374 738/425/738 737/411/737
f 350/400/350 362/414/362 737/411/737 736/397/736
f 338/386/338 350/400/350 736/397/736 735/383/735
f 326/372/326 338/386/338 735/383/735 734/369/734
f 314/356/314 326/372/326 734/369/734 733/356/733
f 302/345/302 314/356/314 733/356/733 732/342/732
f 290/331/290 302/345/302 732/342/732 731/328/731
f 278/315/278 290/331/290 731/328/731 730/315/730
f 266/302/266 278/315/278 730/315/730 729/302/729
f 254/291/254 266/302/266 729/302/729 728/288/728
f 242/277/242 254/291/254 728/288/728 727/274/727
f 230/263/230 242/277/242 727/274/727 726/260/726
f 218/247/218 230/263/230 726/260/726 725/247/725
f 206/236/206 218/247/218 725/247/725 724/233/724
f 194/222/194 206/236/206 724/233/724 723/219/723
f 182/208/182 194/222/194 723/219/723 722/205/722
f 170/192/170 182/208/182 722/205/722 721/192/721
f 158/181/158 170/192/170 721/192/721 720/178/720
f 146/165/146 158/181/158 720/178/720 719/165/719
f 134/152/134 146/165/146 719/165/719 718/152/718
f 122/141/122 134/152/134 718/152/718 717/138/717
f 110/127/110 122/141/122 717/138/717 716/124/716
f 98/113/98 110/127/110 716/124/716 715/110/715
f 86/99/86 98/113/98 715/110/715 714/96/714
f 74/83/74 86/99/86 714/96/714 713/83/713
f 62/70/62 74/83/74 713/83/713 712/70/712
f 50/57/50 62/70/62 712/70/712 711/57/711
f 38/46/38 50/57/50 711/57/711 710/43/710
f 26/30/26 38/46/38 710/43/710 709/30/709
f 14/11/14 26/30/26 709/30/709 708/6/708
f 2/5/2 14/11/14 708/6/708 707/5/707
f 771/639/771 777/665/774 779/640/776 776/666/773
f 776/666/773 779/640/776 780/667/776 775/668/772
f 775/668/772 780/667/776 781/640/776 774/639/773
f 774/639/773 781/640/776 782/640/776 773/669/773
f 773/669/773 782/640/776 783/665/776 772/670/772
f 772/670/772 783/665/776 778/640/775 770/639/770
f 939/671/900 784/672/777 786/673/779 944/674/904
f 944/674/904 786/673/779 787/675/780 943/676/904
f 943/676/904 787/675/780 788/677/781 942/678/903
f 942/678/903 788/677/781 789/679/782 941/680/902
f 941/680/902 789/679/782 790/681/783 940/682/901
f 940/682/901 790/681/783 785/683/778 938/683/899
f 784/672/777 791/684/784 793/685/786 786/673/779
f 786/673/779 793/685/786 794/686/787 787/675/780
f 787/675/780 794/686/787 795/643/786 788/677/781
f 788/677/781 795/643/786 796/687/786 789/679/782
f 789/679/782 796/687/786 797/688/786 790/681/783
f 790/681/783 797/688/786 792/689/785 785/683/778
f 791/684/784 798/690/788 800/691/790 793/685/786
f 793/685/786 800/691/790 801/692/790 794/686/787
f 794/686/787 801/692/790 802/644/790 795/643/786
f 795/643/786 802/644/790 803/693/790 796/687/786
f 796/687/786 803/693/790 804/694/790 797/688/786
f 797/688/786 804/694/790 799/695/789 792/689/785
f 798/690/788 805/645/791 807/696/793 800/691/790
f 800/691/790 807/696/793 808/697/793 801/692/790
f 801/692/790 808/697/793 809/645/793 802/644/790
f 802/644/790 809/645/793 810/698/793 803/693/790
f 803/693/790 810/698/793 811/697/793 804/694/790
f 804/694/790 811/697/793 806/699/792 799/695/789
f 805/645/791 812/700/794 814/646/796 807/696/793
f 807/696/793 814/646/796 815/700/796 808/697/793
f 808/697/793 815/700/796 816/646/796 809/645/793
f 809/645/793 816/646/796 817/701/796 810/698/793
f 810/698/793 817/701/796 818/701/796 811/697/793
f 811/697/793 818/701/796 813/646/795 806/699/792
f 812/700/794 819/647/797 821/702/799 814/646/796
f 814/646/796 821/702/799 822/703/799 815/700/796
f 815/700/796 822/703/799 823/647/799 816/646/796
f 816/646/796 823/647/799 824/704/799 817/701/796
f 817/701/796 824/704/799 825/705/799 818/701/796
f 818/701/796 825/705/799 820/706/798 813/646/795
f 819/647/797 826/707/800 828/707/802 821/702/799
f 821/702/799 828/707/802 829/708/802 822/703/799
f 822/703/799 829/708/802 830/648/802 823/647/799
f 823/647/799 830/648/802 831/709/802 824/704/799
f 824/704/799 831/709/802 832/710/802 825/705/799
f 825/705/799 832/710/802 827/711/801 820/706/798
f 826/707/800 833/712/803 835/713/805 828/707/802
f 828/707/802 835/713/805 836/714/806 829/708/802
f 829/708/802 836/714/806 837/649/806 830/648/802
f 830/648/802 837/649/806 838/715/805 831/709/802
f 831/709/802 838/715/805 839/716/805 832/710/802
f 832/710/802 839/716/805 834/717/804 827/711/801
f 833/712/803 840/718/807 842/719/809 835/713/805
f 835/713/805 842/719/809 843/720/810 836/714/806
f 836/714/806 843/720/810 844/650/810 837/649/806
f 837/649/806 844/650/810 845/721/810 838/715/805
f 838/715/805 845/721/810 846/722/810 839/716/805
f 839/716/805 846/722/810 841/721/808 834/717/804
f 840/718/807 847/723/811 849/724/813 842/719/809
f 842/719/809 849/724/813 850/725/814 843/720/810
f 843/720/810 850/725/814 851/651/813 844/650/810
f 844/650/810 851/651/813 852/726/813 845/721/810
f 845/721/810 852/726/813 853/727/814 846/722/810
f 846/722/810 853/727/814 848/651/812 841/721/808
f 847/723/811 778/640/775 783/665/776 849/724/813
f 849/724/813 783/665/776 782/640/776 850/725/814
f 850/725/814 782/640/776 781/640/776 851/651/813
f 851/651/813 781/640/776 780/667/776 852/726/813
f 852/726/813 780/667/776 779/640/776 853/727/814
f 853/727/814 779/640/776 777/665/774 848/651/812
f 855/728/816 861/729/822 863/665/824 860/730/821
f 860/730/821 863/665/824 864/731/825 859/732/820
f 859/732/820 864/731/825 865/665/826 858/733/819
f 858/733/819 865/665/826 866/731/827 857/734/818
f 857/734/818 866/731/827 867/731/828 856/735/817
f 856/735/817 867/731/828 862/665/823 854/639/815
f 946/736/906 868/737/829 870/738/831 951/739/911
f 951/739/911 870/738/831 871/740/832 950/741/910
f 950/741/910 871/740/832 872/742/833 949/743/909
f 949/743/909 872/742/833 873/744/834 948/745/908
f 948/745/908 873/744/834 874/746/835 947/747/907
f 947/747/907 874/746/835 869/748/830 945/749/905
f 868/737/829 875/750/836 877/751/838 870/738/831
f 870/738/831 877/751/838 878/752/839 871/740/832
f 871/740/832 878/752/839 879/753/840 872/742/833
f 872/742/833 879/753/840 880/754/841 873/744/834
f 873/744/834 880/754/841 881/755/842 874/746/835
f 874/746/835 881/755/842 876/756/837 869/748/830
f 875/750/836 882/757/843 884/758/845 877/751/838
f 877/751/838 884/758/845 885/759/846 878/752/839
f 878/752/839 885/759/846 886/760/847 879/753/840
f 879/753/840 886/760/847 887/761/848 880/754/841
f 880/754/841 887/761/848 888/762/849 881/755/842
f 881/755/842 888/762/849 883/763/844 876/756/837
f 882/757/843 889/764/850 891/765/852 884/758/845
f 884/758/845 891/765/852 892/766/853 885/759/846
f 885/759/846 892/766/853 893/767/854 886/760/847
f 886/760/847 893/767/854 894/768/855 887/761/848
f 887/761/848 894/768/855 895/769/856 888/762/849
f 888/762/849 895/769/856 890/645/851 883/763/844
f 889/764/850 896/700/857 898/770/859 891/765/852
f 891/765/852 898/770/859 899/646/860 892/766/853
f 892/766/853 899/646/860 900/646/861 893/767/854
f 893/767/854 900/646/861 901/701/862 894/768/855
f 894/768/855 901/701/862 902/771/863 895/769/856
f 895/769/856 902/771/863 897/646/858 890/645/851
f 896/700/857 903/772/864 905/773/866 898/770/859
f 898/770/859 905/773/866 906/774/867 899/646/860
f 899/646/860 906/774/867 907/775/868 900/646/861
f 900/646/861 907/775/868 908/772/869 901/701/862
f 901/701/862 908/772/869 909/776/870 902/771/863
f 902/771/863 909/776/870 904/777/865 897/646/858
f 903/772/864 910/709/871 912/778/873 905/773/866
f 905/773/866 912/778/873 913/779/874 906/774/867
f 906/774/867 913/779/874 914/707/875 907/775/868
f 907/775/868 914/707/875 915/780/876 908/772/869
f 908/772/869 915/780/876 916/781/877 909/776/870
f 909/776/870 916/781/877 911/782/872 904/777/865
f 910/709/871 917/783/878 919/784/880 912/778/873
f 912/778/873 919/784/880 920/785/881 913/779/874
f 913/779/874 920/785/881 921/783/882 914/707/875
f 914/707/875 921/783/882 922/786/883 915/780/876
f 915/780/876 922/786/883 923/783/884 916/781/877
f 916/781/877 923/783/884 918/787/879 911/782/872
f 917/783/878 924/650/885 926/788/887 919/784/880
f 919/784/880 926/788/887 927/789/888 920/785/881
f 920/785/881 927/789/888 928/789/889 921/783/882
f 921/783/882 928/789/889 929/790/890 922/786/883
f 922/786/883 929/790/890 930/791/891 923/783/884
f 923/783/884 930/791/891 925/650/886 918/787/879
f 924/650/885 931/651/892 933/792/894 926/788/887
f 926/788/887 933/792/894 934/723/895 927/789/888
f 927/789/888 934/723/895 935/726/896 928/789/889
f 928/789/889 935/726/896 936/793/897 929/790/890
f 929/790/890 936/793/897 937/793/898 930/791/891
f 930/791/891 937/793/898 932/726/893 925/650/886
f 931/651/892 862/665/823 867/731/828 933/792/894
f 933/792/894 867/731/828 866/731/827 934/723/895
f 934/723/895 866/731/827 865/665/826 935/726/896
f 935/726/896 865/665/826 864/731/825 936/793/897
f 936/793/897 864/731/825 863/665/824 937/793/898
f 937/793/898 863/665/824 861/729/822 932/726/893
f 770/794/770 939/671/900 944/674/904 772/795/772
f 772/795/772 944/674/904 943/676/904 773/796/773
f 773/796/773 943/676/904 942/678/903 774/642/773
f 774/642/773 942/678/903 941/680/902 775/797/772
f 775/797/772 941/680/902 940/682/901 776/798/773
f 776/798/773 940/682/901 938/683/899 771/642/771
f 854/642/815 946/736/906 951/739/911 856/799/817
f 856/799/817 951/739/911 950/741/910 857/800/818
f 857/800/818 950/741/910 949/743/909 858/801/819
f 858/801/819 949/743/909 948/745/908 859/802/820
f 859/802/820 948/745/908 947/747/907 860/803/821
f 860/803/821 947/747/907 945/749/905 855/804/816
f 777/665/774 771/639/771 854/639/815 862/665/823
f 771/642/771 938/683/899 946/736/906 854/642/815
f 662/640/662 661/639/661 770/639/770 778/640/775
f 661/642/661 762/641/762 939/671/900 770/794/770
f 672/651/672 662/640/662 778/640/775 847/723/811
f 848/651/812 777/665/774 862/665/823 931/651/892
f 938/683/899 785/683/778 868/737/829 946/736/906
f 762/641/762 663/641/663 784/672/777 939/671/900
f 785/683/778 792/689/785 875/750/836 868/737/829
f 663/641/663 664/643/664 791/684/784 784/672/777
f 792/689/785 799/695/789 882/757/843 875/750/836
f 664/643/664 665/644/665 798/690/788 791/684/784
f 799/695/789 806/699/792 889/764/850 882/757/843
f 665/644/665 666/645/666 805/645/791 798/690/788
f 806/699/792 813/646/795 896/700/857 889/764/850
f 666/645/666 667/646/667 812/700/794 805/645/791
f 813/646/795 820/706/798 903/772/864 896/700/857
f 667/646/667 668/647/668 819/647/797 812/700/794
f 820/706/798 827/711/801 910/709/871 903/772/864
f 668/647/668 669/648/669 826/707/800 819/647/797
f 827/711/801 834/717/804 917/783/878 910/709/871
f 669/648/669 670/649/670 833/712/803 826/707/800
f 834/717/804 841/721/808 924/650/885 917/783/878
f 670/649/670 671/650/671 840/718/807 833/712/803
f 841/721/808 848/651/812 931/651/892 924/650/885
f 671/650/671 672/651/672 847/723/811 840/718/807
f 861/729/822 855/728/816 679/639/679 680/640/680
f 855/804/816 945/749/905 765/805/765 679/642/679
f 932/726/893 861/729/822 680/640/680 690/651/690
f 945/749/905 869/748/830 681/805/681 765/805/765
f 869/748/830 876/756/837 682/643/682 681/641/681
f 876/756/837 883/763/844 683/644/683 682/643/682
f 883/763/844 890/645/851 684/645/684 683/644/683
f 890/645/851 897/646/858 685/646/685 684/645/684
f 897/646/858 904/777/865 686/647/686 685/646/685
f 904/777/865 911/782/872 687/648/687 686/647/686
f 911/782/872 918/787/879 688/649/688 687/648/687
f 918/787/879 925/650/886 689/650/689 688/649/688
f 925/650/886 932/726/893 690/651/690 689/650/689
usemtl black
f 705/656/705 701/653/701 676/653/676 674/656/674
f 701/653/701 702/654/702 675/654/675 676/653/676
f 769/659/769 703/660/703 763/660/763 677/659/677
f 706/655/706 705/656/705 674/656/674 673/655/673
f 649/660/649 637/657/637 699/657/699 703/660/703
f 699/657/699 768/658/768 678/658/678 764/657/764
