# Blender 5.2.2 LTS
# www.blender.org
mtllib bicicleta.mtl
o Bici_Cuadro
v -0.519536 0.000307 0.012000
v -0.519536 0.000307 -0.012000
v -0.502057 0.009322 -0.012000
v -0.502057 0.009322 0.012000
v 0.540085 0.007601 -0.009000
v 0.540085 0.007601 0.009000
v 0.557971 0.009621 0.009000
v 0.557971 0.009621 -0.009000
v -0.030796 -0.007536 0.012667
v -0.025279 -0.007184 -0.010800
v -0.027170 0.023268 -0.014727
v -0.027170 0.023268 0.014727
v -0.069222 -0.011868 0.012000
v -0.069222 -0.011868 -0.012000
v -0.068778 0.012660 -0.012000
v -0.068778 0.012660 0.012000
v -0.104000 -0.012000 0.012000
v -0.104000 -0.012000 -0.012000
v -0.104000 0.012000 -0.012000
v -0.104000 0.012000 0.012000
v -0.138667 -0.012000 0.012000
v -0.138667 -0.012000 -0.012000
v -0.138667 0.012000 -0.012000
v -0.138667 0.012000 0.012000
v -0.173333 -0.012000 0.012000
v -0.173333 -0.012000 -0.012000
v -0.173333 0.012000 -0.012000
v -0.173333 0.012000 0.012000
v -0.208000 -0.012000 0.012000
v -0.208000 -0.012000 -0.012000
v -0.208000 0.012000 -0.012000
v -0.208000 0.012000 0.012000
v -0.242667 -0.012000 0.012000
v -0.242667 -0.012000 -0.012000
v -0.242667 0.012000 -0.012000
v -0.242667 0.012000 0.012000
v -0.277333 -0.012000 0.012000
v -0.277333 -0.012000 -0.012000
v -0.277333 0.012000 -0.012000
v -0.277333 0.012000 0.012000
v -0.312000 -0.012000 0.012000
v -0.312000 -0.012000 -0.012000
v -0.312000 0.012000 -0.012000
v -0.312000 0.012000 0.012000
v -0.346667 -0.012000 0.012000
v -0.346667 -0.012000 -0.012000
v -0.346667 0.012000 -0.012000
v -0.346667 0.012000 0.012000
v -0.381333 -0.012000 0.012000
v -0.381333 -0.012000 -0.012000
v -0.381333 0.012000 -0.012000
v -0.381333 0.012000 0.012000
v -0.416000 -0.012000 0.012000
v -0.416000 -0.012000 -0.012000
v -0.416000 0.012000 -0.012000
v -0.416000 0.012000 0.012000
v -0.450667 -0.012000 0.012000
v -0.450667 -0.012000 -0.012000
v -0.450667 0.012000 -0.012000
v -0.450667 0.012000 0.012000
v -0.487111 -0.010917 0.012000
v -0.487111 -0.010917 -0.012000
v -0.483556 0.010917 -0.012000
v -0.483556 0.010917 0.012000
v -0.509370 0.033770 0.012000
v -0.509370 0.033770 -0.012000
v -0.489519 0.024008 -0.012000
v -0.489519 0.024008 0.012000
v -0.488666 0.064735 0.012000
v -0.488666 0.064735 -0.012000
v -0.469111 0.050821 -0.012000
v -0.469111 0.050821 0.012000
v -0.468111 0.093624 0.012000
v -0.468111 0.093624 -0.012000
v -0.448556 0.079710 -0.012000
v -0.448556 0.079710 0.012000
v -0.447555 0.122513 0.012000
v -0.447555 0.122513 -0.012000
v -0.428000 0.108599 -0.012000
v -0.428000 0.108598 0.012000
v -0.427000 0.151402 0.012000
v -0.427000 0.151402 -0.012000
v -0.407445 0.137487 -0.012000
v -0.407445 0.137487 0.012000
v -0.406444 0.180290 0.012000
v -0.406444 0.180290 -0.012000
v -0.386889 0.166376 -0.012000
v -0.386889 0.166376 0.012000
v -0.385889 0.209179 0.012000
v -0.385889 0.209179 -0.012000
v -0.366334 0.195265 -0.012000
v -0.366334 0.195265 0.012000
v -0.365333 0.238068 0.012000
v -0.365333 0.238068 -0.012000
v -0.345778 0.224154 -0.012000
v -0.345778 0.224154 0.012000
v -0.344777 0.266957 0.012000
v -0.344777 0.266957 -0.012000
v -0.325223 0.253043 -0.012000
v -0.325223 0.253043 0.012000
v -0.324222 0.295846 0.012000
v -0.324222 0.295846 -0.012000
v -0.304667 0.281932 -0.012000
v -0.304667 0.281932 0.012000
v -0.303666 0.324735 0.012000
v -0.303666 0.324735 -0.012000
v -0.284111 0.310821 -0.012000
v -0.284111 0.310821 0.012000
v -0.283111 0.353624 0.012000
v -0.283111 0.353624 -0.012000
v -0.263556 0.339710 -0.012000
v -0.263556 0.339710 0.012000
v -0.262555 0.382513 0.012000
v -0.262555 0.382513 -0.012000
v -0.243000 0.368598 -0.012000
v -0.243000 0.368598 0.012000
v -0.242000 0.411401 0.012000
v -0.242000 0.411402 -0.012000
v -0.222445 0.397487 -0.012000
v -0.222445 0.397487 0.012000
v -0.221444 0.440290 0.012000
v -0.221444 0.440290 -0.012000
v -0.201889 0.426376 -0.012000
v -0.201889 0.426376 0.012000
v -0.200917 0.469205 0.012000
v -0.200917 0.469205 -0.012000
v -0.181475 0.455393 -0.012000
v -0.181475 0.455393 0.012000
v -0.173606 0.499487 0.012000
v -0.171083 0.499452 -0.013680
v -0.157685 0.477517 -0.013680
v -0.156939 0.478546 0.013680
v 0.008246 0.041800 0.013680
v 0.008246 0.041800 -0.013680
v -0.030840 0.061037 -0.012000
v -0.030840 0.061037 0.012000
v -0.007354 0.068313 0.012000
v -0.007354 0.068313 -0.012000
v -0.039655 0.094174 -0.012000
v -0.039655 0.094174 0.012000
v -0.016595 0.100826 0.012000
v -0.016595 0.100826 -0.012000
v -0.049030 0.126674 -0.012000
v -0.049030 0.126674 0.012000
v -0.025970 0.133326 0.012000
v -0.025970 0.133326 -0.012000
v -0.058405 0.159174 -0.012000
v -0.058405 0.159174 0.012000
v -0.035345 0.165826 0.012000
v -0.035345 0.165826 -0.012000
v -0.067780 0.191674 -0.012000
v -0.067780 0.191674 0.012000
v -0.044720 0.198326 0.012000
v -0.044720 0.198326 -0.012000
v -0.077155 0.224174 -0.012000
v -0.077155 0.224174 0.012000
v -0.054095 0.230826 0.012000
v -0.054095 0.230826 -0.012000
v -0.086530 0.256674 -0.012000
v -0.086530 0.256674 0.012000
v -0.063470 0.263326 0.012000
v -0.063470 0.263326 -0.012000
v -0.095905 0.289174 -0.012000
v -0.095905 0.289174 0.012000
v -0.072845 0.295826 0.012000
v -0.072845 0.295826 -0.012000
v -0.105280 0.321674 -0.012000
v -0.105280 0.321674 0.012000
v -0.082220 0.328326 0.012000
v -0.082220 0.328326 -0.012000
v -0.114655 0.354174 -0.012000
v -0.114655 0.354174 0.012000
v -0.091595 0.360826 0.012000
v -0.091595 0.360826 -0.012000
v -0.124030 0.386674 -0.012000
v -0.124030 0.386674 0.012000
v -0.100970 0.393326 0.012000
v -0.100970 0.393326 -0.012000
v -0.133405 0.419174 -0.012000
v -0.133405 0.419174 0.012000
v -0.110345 0.425826 0.012000
v -0.110345 0.425826 -0.012000
v -0.142639 0.451547 -0.012000
v -0.142639 0.451547 0.012000
v -0.119692 0.458300 0.012000
v -0.119692 0.458300 -0.012000
v -0.125154 0.493736 0.013680
v -0.129945 0.490776 -0.013680
v 0.022820 0.020061 -0.014160
v 0.021027 0.016872 0.012545
v 0.053130 0.048994 -0.012000
v 0.053130 0.048994 0.012000
v 0.034171 0.063591 0.012000
v 0.034171 0.063591 -0.012000
v 0.074943 0.077199 -0.012000
v 0.074943 0.077199 0.012000
v 0.055966 0.091892 0.012000
v 0.055966 0.091892 -0.012000
v 0.096761 0.105381 -0.012000
v 0.096761 0.105381 0.012000
v 0.077784 0.120073 0.012000
v 0.077784 0.120073 -0.012000
v 0.118580 0.133563 -0.012000
v 0.118580 0.133563 0.012000
v 0.099602 0.148255 0.012000
v 0.099602 0.148255 -0.012000
v 0.140398 0.161745 -0.012000
v 0.140398 0.161745 0.012000
v 0.121420 0.176437 0.012000
v 0.121420 0.176437 -0.012000
v 0.162216 0.189927 -0.012000
v 0.162216 0.189927 0.012000
v 0.143239 0.204619 0.012000
v 0.143239 0.204619 -0.012000
v 0.184034 0.218108 -0.012000
v 0.184034 0.218108 0.012000
v 0.165057 0.232801 0.012000
v 0.165057 0.232801 -0.012000
v 0.205852 0.246290 -0.012000
v 0.205852 0.246290 0.012000
v 0.186875 0.260982 0.012000
v 0.186875 0.260982 -0.012000
v 0.227671 0.274472 -0.012000
v 0.227671 0.274472 0.012000
v 0.208693 0.289164 0.012000
v 0.208693 0.289164 -0.012000
v 0.249489 0.302654 -0.012000
v 0.249489 0.302654 0.012000
v 0.230511 0.317346 0.012000
v 0.230511 0.317346 -0.012000
v 0.271307 0.330836 -0.012000
v 0.271307 0.330836 0.012000
v 0.252330 0.345528 0.012000
v 0.252329 0.345528 -0.012000
v 0.293125 0.359018 -0.012000
v 0.293125 0.359018 0.012000
v 0.274148 0.373710 0.012000
v 0.274148 0.373710 -0.012000
v 0.314943 0.387199 -0.012000
v 0.314943 0.387199 0.012000
v 0.295966 0.401892 0.012000
v 0.295966 0.401892 -0.012000
v 0.336761 0.415381 -0.012000
v 0.336761 0.415381 0.012000
v 0.317784 0.430073 0.012000
v 0.317784 0.430073 -0.012000
v 0.358580 0.443563 -0.012000
v 0.358580 0.443563 0.012000
v 0.339602 0.458255 0.012000
v 0.339602 0.458255 -0.012000
v 0.380398 0.471745 -0.012000
v 0.380398 0.471745 0.012000
v 0.361420 0.486437 0.012000
v 0.361420 0.486437 -0.012000
v 0.402216 0.499927 -0.012000
v 0.402216 0.499927 0.012000
v 0.383239 0.514619 0.012000
v 0.383239 0.514619 -0.012000
v 0.424034 0.528109 -0.012000
v 0.424034 0.528109 0.012000
v 0.405057 0.542801 0.012000
v 0.405057 0.542801 -0.012000
v 0.445461 0.556395 -0.012000
v 0.445461 0.556395 0.012000
v 0.427055 0.570592 0.012000
v 0.427055 0.570592 -0.012000
v 0.467402 0.578015 -0.013680
v 0.467402 0.578015 0.013680
v 0.442211 0.596921 0.013680
v 0.442211 0.596921 -0.013680
v -0.108833 0.511706 0.012000
v -0.110707 0.511346 -0.012000
v -0.120719 0.532105 -0.012000
v -0.121019 0.530387 0.013680
v -0.078119 0.519259 0.012000
v -0.078119 0.519260 -0.012000
v -0.081881 0.542963 -0.012000
v -0.081881 0.542963 0.012000
v -0.043119 0.524815 0.012000
v -0.043119 0.524815 -0.012000
v -0.046881 0.548518 -0.012000
v -0.046881 0.548518 0.012000
v -0.008119 0.530371 0.012000
v -0.008119 0.530371 -0.012000
v -0.011881 0.554074 -0.012000
v -0.011881 0.554074 0.012000
v 0.026881 0.535926 0.012000
v 0.026881 0.535926 -0.012000
v 0.023119 0.559629 -0.012000
v 0.023119 0.559629 0.012000
v 0.061881 0.541482 0.012000
v 0.061881 0.541482 -0.012000
v 0.058119 0.565185 -0.012000
v 0.058119 0.565185 0.012000
v 0.096881 0.547037 0.012000
v 0.096881 0.547037 -0.012000
v 0.093119 0.570741 -0.012000
v 0.093119 0.570741 0.012000
v 0.131881 0.552593 0.012000
v 0.131881 0.552593 -0.012000
v 0.128119 0.576296 -0.012000
v 0.128119 0.576296 0.012000
v 0.166881 0.558148 0.012000
v 0.166881 0.558148 -0.012000
v 0.163119 0.581852 -0.012000
v 0.163119 0.581852 0.012000
v 0.201881 0.563704 0.012000
v 0.201881 0.563704 -0.012000
v 0.198119 0.587407 -0.012000
v 0.198119 0.587407 0.012000
v 0.236881 0.569260 0.012000
v 0.236881 0.569259 -0.012000
v 0.233119 0.592963 -0.012000
v 0.233119 0.592963 0.012000
v 0.271881 0.574815 0.012000
v 0.271881 0.574815 -0.012000
v 0.268119 0.598518 -0.012000
v 0.268119 0.598518 0.012000
v 0.306881 0.580371 0.012000
v 0.306881 0.580371 -0.012000
v 0.303119 0.604074 -0.012000
v 0.303119 0.604074 0.012000
v 0.341881 0.585926 0.012000
v 0.341881 0.585926 -0.012000
v 0.338119 0.609630 -0.012000
v 0.338119 0.609630 0.012000
v 0.376881 0.591482 0.012000
v 0.376881 0.591482 -0.012000
v 0.373119 0.615185 -0.012000
v 0.373119 0.615185 0.012000
v 0.411612 0.597466 0.012000
v 0.411612 0.597466 -0.012000
v 0.408065 0.620826 -0.012000
v 0.408065 0.620826 0.012000
v 0.445942 0.619109 -0.012000
v 0.445942 0.619109 0.012000
v 0.487981 0.587660 0.012000
v 0.487981 0.587660 -0.012000
v 0.476299 0.549575 -0.012000
v 0.476299 0.549575 0.012000
v 0.499791 0.552419 0.012000
v 0.499791 0.552419 -0.012000
v 0.479742 0.515320 -0.012000
v 0.479742 0.515320 0.012000
v 0.503591 0.518013 0.012000
v 0.503591 0.518013 -0.012000
v 0.483631 0.480876 -0.012000
v 0.483631 0.480876 0.012000
v 0.507480 0.483569 0.012000
v 0.507480 0.483569 -0.012000
v 0.487520 0.446432 -0.012000
v 0.487520 0.446432 0.012000
v 0.511369 0.449124 0.012000
v 0.511369 0.449124 -0.012000
v 0.491409 0.411987 -0.012000
v 0.491409 0.411987 0.012000
v 0.515258 0.414680 0.012000
v 0.515258 0.414680 -0.012000
v 0.495298 0.377543 -0.012000
v 0.495298 0.377543 0.012000
v 0.519147 0.380235 0.012000
v 0.519147 0.380235 -0.012000
v 0.499187 0.343098 -0.012000
v 0.499187 0.343098 0.012000
v 0.523035 0.345791 0.012000
v 0.523035 0.345791 -0.012000
v 0.503076 0.308654 -0.012000
v 0.503076 0.308654 0.012000
v 0.526924 0.311346 0.012000
v 0.526924 0.311346 -0.012000
v 0.506965 0.274209 -0.012000
v 0.506965 0.274209 0.012000
v 0.530813 0.276902 0.012000
v 0.530813 0.276902 -0.012000
v 0.510854 0.239765 -0.012000
v 0.510854 0.239765 0.012000
v 0.534702 0.242457 0.012000
v 0.534702 0.242457 -0.012000
v 0.514742 0.205320 -0.012000
v 0.514742 0.205320 0.012000
v 0.538591 0.208013 0.012000
v 0.538591 0.208013 -0.012000
v 0.518631 0.170876 -0.012000
v 0.518631 0.170876 0.012000
v 0.542480 0.173569 0.012000
v 0.542480 0.173569 -0.012000
v 0.522520 0.136432 -0.012000
v 0.522520 0.136432 0.012000
v 0.546369 0.139124 0.012000
v 0.546369 0.139124 -0.012000
v 0.526409 0.101987 -0.012000
v 0.526409 0.101987 0.012000
v 0.550258 0.104680 0.012000
v 0.550258 0.104680 -0.012000
v 0.530298 0.067543 -0.012000
v 0.530298 0.067543 0.012000
v 0.554146 0.070235 0.012000
v 0.554146 0.070235 -0.012000
v 0.534187 0.033098 -0.012000
v 0.534187 0.033098 0.012000
v 0.558035 0.035791 0.012000
v 0.558035 0.035791 -0.012000
v 0.000681 0.004782 -0.013522
v 0.029540 0.017906 -0.001846
v 0.000174 0.000596 0.000171
v -0.006818 0.001092 0.013528
v -0.031271 -0.012374 0.001852
v 0.018512 0.031468 0.017041
v -0.007454 0.034288 0.017208
v -0.001512 0.018171 0.017306
v -0.030343 0.004467 0.016986
v 0.478689 0.584112 0.016805
v -0.029792 0.004479 -0.016884
v -0.140653 0.487265 0.017110
v -0.007454 0.034288 -0.017208
v 0.018554 0.031712 -0.017137
v -0.001307 0.018496 -0.017401
v -0.036013 0.027149 -0.000000
v -0.121485 0.490186 -0.000000
v -0.143899 0.483600 -0.017110
v -0.117506 0.504723 0.012180
v -0.111120 0.522288 0.016805
v -0.126967 0.512280 0.017110
v -0.149200 0.516172 0.012180
v -0.050866 -0.011198 -0.011898
v -0.165833 0.490651 0.016805
v -0.176282 0.502690 -0.000180
v -0.167896 0.487127 -0.017110
v 0.491363 0.588872 0.000000
v -0.145850 0.518141 -0.012180
v -0.115713 0.521725 -0.016500
v -0.069306 -0.016467 0.000000
v -0.122553 0.503297 -0.012180
v -0.148565 0.498943 -0.017110
v -0.108595 0.507498 0.000000
v -0.051252 -0.011128 0.012083
v -0.122649 0.535911 0.000180
v 0.538338 0.005493 0.000000
v 0.478689 0.584112 -0.016805
v -0.050064 0.014798 0.012278
v 0.468919 0.605903 0.012000
v 0.445037 0.609279 0.016805
v 0.549241 0.006724 0.010972
v 0.456092 0.589136 0.017110
v -0.068695 0.017260 -0.000000
v 0.456092 0.589136 -0.017110
v -0.050064 0.014798 -0.012278
v 0.445037 0.609279 -0.016805
v 0.468919 0.605903 -0.012000
v 0.560144 0.007955 0.000000
v 0.446194 0.622668 0.000000
v 0.549241 0.006724 -0.010972
v -0.069000 0.000396 -0.016500
v -0.069000 0.000396 0.016500
v -0.086653 -0.011983 0.012000
v -0.104000 -0.016500 0.000000
v -0.086653 -0.011983 -0.012000
v -0.104000 -0.000000 -0.016500
v -0.086597 0.012083 -0.012000
v -0.104000 0.016500 -0.000000
v -0.086597 0.012083 0.012000
v -0.104000 0.000000 0.016500
v -0.121333 -0.012000 0.012000
v -0.138667 -0.016500 0.000000
v -0.121333 -0.012000 -0.012000
v -0.138667 -0.000000 -0.016500
v -0.121333 0.012000 -0.012000
v -0.138667 0.016500 -0.000000
v -0.121333 0.012000 0.012000
v -0.138667 0.000000 0.016500
v -0.156000 -0.012000 0.012000
v -0.173333 -0.016500 0.000000
v -0.156000 -0.012000 -0.012000
v -0.173333 -0.000000 -0.016500
v -0.156000 0.012000 -0.012000
v -0.173333 0.016500 -0.000000
v -0.156000 0.012000 0.012000
v -0.173333 0.000000 0.016500
v -0.190667 -0.012000 0.012000
v -0.208000 -0.016500 0.000000
v -0.190667 -0.012000 -0.012000
v -0.208000 -0.000000 -0.016500
v -0.190667 0.012000 -0.012000
v -0.208000 0.016500 -0.000000
v -0.190667 0.012000 0.012000
v -0.208000 0.000000 0.016500
v -0.225333 -0.012000 0.012000
v -0.242667 -0.016500 0.000000
v -0.225333 -0.012000 -0.012000
v -0.242667 -0.000000 -0.016500
v -0.225333 0.012000 -0.012000
v -0.242667 0.016500 -0.000000
v -0.225333 0.012000 0.012000
v -0.242667 0.000000 0.016500
v -0.260000 -0.012000 0.012000
v -0.277333 -0.016500 0.000000
v -0.260000 -0.012000 -0.012000
v -0.277333 -0.000000 -0.016500
v -0.260000 0.012000 -0.012000
v -0.277333 0.016500 -0.000000
v -0.260000 0.012000 0.012000
v -0.277333 0.000000 0.016500
v -0.294667 -0.012000 0.012000
v -0.312000 -0.016500 0.000000
v -0.294667 -0.012000 -0.012000
v -0.312000 -0.000000 -0.016500
v -0.294667 0.012000 -0.012000
v -0.312000 0.016500 -0.000000
v -0.294667 0.012000 0.012000
v -0.312000 0.000000 0.016500
v -0.329333 -0.012000 0.012000
v -0.346667 -0.016500 0.000000
v -0.329333 -0.012000 -0.012000
v -0.346667 -0.000000 -0.016500
v -0.329333 0.012000 -0.012000
v -0.346667 0.016500 -0.000000
v -0.329333 0.012000 0.012000
v -0.346667 0.000000 0.016500
v -0.364000 -0.012000 0.012000
v -0.381333 -0.016500 0.000000
v -0.364000 -0.012000 -0.012000
v -0.381333 -0.000000 -0.016500
v -0.364000 0.012000 -0.012000
v -0.381333 0.016500 -0.000000
v -0.364000 0.012000 0.012000
v -0.381333 0.000000 0.016500
v -0.398667 -0.012000 0.012000
v -0.416000 -0.016500 0.000000
v -0.398667 -0.012000 -0.012000
v -0.416000 -0.000000 -0.016500
v -0.398667 0.012000 -0.012000
v -0.416000 0.016500 -0.000000
v -0.398667 0.012000 0.012000
v -0.416000 0.000000 0.016500
v -0.433333 -0.012000 0.012000
v -0.450667 -0.016500 0.000000
v -0.433333 -0.012000 -0.012000
v -0.450667 -0.000000 -0.016500
v -0.433333 0.012000 -0.012000
v -0.450667 0.016500 -0.000000
v -0.433333 0.012000 0.012000
v -0.450667 0.000000 0.016500
v -0.468222 -0.011865 0.012000
v -0.487777 -0.015011 0.000000
v -0.468222 -0.011865 -0.012000
v -0.485333 -0.000000 -0.016500
v -0.467778 0.011865 -0.012000
v -0.482889 0.015011 -0.000000
v -0.467778 0.011865 0.012000
v -0.485333 0.000000 0.016500
v -0.506830 -0.007889 0.012000
v -0.522813 -0.001383 0.000000
v -0.506830 -0.007889 -0.012000
v -0.510796 0.004815 -0.016500
v -0.496202 0.009093 -0.012000
v -0.498779 0.011013 -0.000000
v -0.496202 0.009093 0.012000
v -0.510796 0.004815 0.016500
v -0.518571 0.015639 0.012000
v -0.513092 0.035600 0.000000
v -0.518571 0.015639 -0.012000
v -0.499445 0.028889 -0.016500
v -0.498573 0.014454 -0.012000
v -0.485797 0.022178 -0.000000
v -0.498573 0.014454 0.012000
v -0.499444 0.028889 0.016500
v -0.498963 0.050031 0.012000
v -0.492333 0.067344 0.000000
v -0.498963 0.050031 -0.012000
v -0.478889 0.057778 -0.016500
v -0.479371 0.036636 -0.012000
v -0.465445 0.048212 -0.000000
v -0.479371 0.036636 0.012000
v -0.478889 0.057778 0.016500
v -0.478389 0.079179 0.012000
v -0.471777 0.096233 0.000000
v -0.478389 0.079179 -0.012000
v -0.458333 0.086667 -0.016500
v -0.458834 0.065265 -0.012000
v -0.444889 0.077101 -0.000000
v -0.458834 0.065265 0.012000
v -0.458333 0.086667 0.016500
v -0.457833 0.108068 0.012000
v -0.451222 0.125122 0.000000
v -0.457833 0.108068 -0.012000
v -0.437778 0.115556 -0.016500
v -0.438278 0.094154 -0.012000
v -0.424334 0.105990 -0.000000
v -0.438278 0.094154 0.012000
v -0.437778 0.115556 0.016500
v -0.437278 0.136957 0.012000
v -0.430666 0.154010 0.000000
v -0.437278 0.136957 -0.012000
v -0.417222 0.144444 -0.016500
v -0.417723 0.123043 -0.012000
v -0.403778 0.134879 -0.000000
v -0.417723 0.123043 0.012000
v -0.417222 0.144444 0.016500
v -0.416722 0.165846 0.012000
v -0.410111 0.182899 0.000000
v -0.416722 0.165846 -0.012000
v -0.396667 0.173333 -0.016500
v -0.397167 0.151932 -0.012000
v -0.383223 0.163767 -0.000000
v -0.397167 0.151932 0.012000
v -0.396667 0.173333 0.016500
v -0.396166 0.194735 0.012000
v -0.389555 0.211788 0.000000
v -0.396166 0.194735 -0.012000
v -0.376111 0.202222 -0.016500
v -0.376611 0.180821 -0.012000
v -0.362667 0.192656 -0.000000
v -0.376611 0.180821 0.012000
v -0.376111 0.202222 0.016500
v -0.375611 0.223624 0.012000
v -0.369000 0.240677 0.000000
v -0.375611 0.223624 -0.012000
v -0.355556 0.231111 -0.016500
v -0.356056 0.209710 -0.012000
v -0.342112 0.221545 -0.000000
v -0.356056 0.209710 0.012000
v -0.355556 0.231111 0.016500
v -0.355055 0.252513 0.012000
v -0.348444 0.269566 0.000000
v -0.355055 0.252513 -0.012000
v -0.335000 0.260000 -0.016500
v -0.335500 0.238599 -0.012000
v -0.321556 0.250434 -0.000000
v -0.335500 0.238599 0.012000
v -0.335000 0.260000 0.016500
v -0.334500 0.281402 0.012000
v -0.327889 0.298455 0.000000
v -0.334500 0.281402 -0.012000
v -0.314444 0.288889 -0.016500
v -0.314945 0.267487 -0.012000
v -0.301000 0.279323 -0.000000
v -0.314945 0.267487 0.012000
v -0.314445 0.288889 0.016500
v -0.313944 0.310290 0.012000
v -0.307333 0.327344 0.000000
v -0.313944 0.310290 -0.012000
v -0.293889 0.317778 -0.016500
v -0.294389 0.296376 -0.012000
v -0.280445 0.308212 -0.000000
v -0.294389 0.296376 0.012000
v -0.293889 0.317778 0.016500
v -0.293389 0.339179 0.012000
v -0.286777 0.356233 0.000000
v -0.293389 0.339179 -0.012000
v -0.273333 0.346667 -0.016500
v -0.273834 0.325265 -0.012000
v -0.259889 0.337101 -0.000000
v -0.273834 0.325265 0.012000
v -0.273333 0.346667 0.016500
v -0.272833 0.368068 0.012000
v -0.266222 0.385122 0.000000
v -0.272833 0.368068 -0.012000
v -0.252778 0.375556 -0.016500
v -0.253278 0.354154 -0.012000
v -0.239334 0.365990 -0.000000
v -0.253278 0.354154 0.012000
v -0.252778 0.375556 0.016500
v -0.252278 0.396957 0.012000
v -0.245666 0.414010 0.000000
v -0.252278 0.396957 -0.012000
v -0.232222 0.404444 -0.016500
v -0.232723 0.383043 -0.012000
v -0.218778 0.394879 -0.000000
v -0.232723 0.383043 0.012000
v -0.232222 0.404444 0.016500
v -0.231722 0.425846 0.012000
v -0.225111 0.442899 0.000000
v -0.231722 0.425846 -0.012000
v -0.211667 0.433333 -0.016500
v -0.212167 0.411932 -0.012000
v -0.198223 0.423767 -0.000000
v -0.212167 0.411932 0.012000
v -0.211667 0.433333 0.016500
v -0.211170 0.454738 0.012000
v -0.204562 0.471795 0.000000
v -0.211170 0.454738 -0.012000
v -0.191196 0.462299 -0.016500
v -0.191629 0.440837 -0.012000
v -0.177829 0.452803 -0.000000
v -0.191629 0.440837 0.012000
v -0.191196 0.462299 0.016500
v -0.189837 0.483862 0.012000
v -0.189799 0.483773 -0.012180
v -0.171158 0.469224 -0.012180
v -0.158493 0.472750 0.000000
v -0.171051 0.469370 0.012180
v -0.027678 0.043448 -0.012278
v -0.027678 0.043448 0.012278
v -0.035243 0.059673 0.000000
v -0.002258 0.052796 0.012180
v -0.019097 0.064675 0.016500
v 0.009489 0.047024 -0.000000
v -0.002258 0.052796 -0.012180
v -0.002951 0.069677 -0.000000
v -0.019097 0.064675 -0.016500
v -0.035037 0.077844 -0.012000
v -0.035037 0.077844 0.012000
v -0.043979 0.092927 -0.000000
v -0.011924 0.084574 0.012000
v -0.028125 0.097500 0.016500
v -0.011924 0.084574 -0.012000
v -0.012271 0.102073 0.000000
v -0.028125 0.097500 -0.016500
v -0.044342 0.110424 -0.012000
v -0.044342 0.110424 0.012000
v -0.053354 0.125427 -0.000000
v -0.021283 0.117076 0.012000
v -0.037500 0.130000 0.016500
v -0.021283 0.117076 -0.012000
v -0.021646 0.134573 0.000000
v -0.037500 0.130000 -0.016500
v -0.053717 0.142924 -0.012000
v -0.053717 0.142924 0.012000
v -0.062729 0.157927 -0.000000
v -0.030658 0.149576 0.012000
v -0.046875 0.162500 0.016500
v -0.030658 0.149576 -0.012000
v -0.031021 0.167073 0.000000
v -0.046875 0.162500 -0.016500
v -0.063092 0.175424 -0.012000
v -0.063092 0.175424 0.012000
v -0.072104 0.190427 -0.000000
v -0.040033 0.182076 0.012000
v -0.056250 0.195000 0.016500
v -0.040033 0.182076 -0.012000
v -0.040396 0.199573 0.000000
v -0.056250 0.195000 -0.016500
v -0.072467 0.207924 -0.012000
v -0.072467 0.207924 0.012000
v -0.081479 0.222927 -0.000000
v -0.049408 0.214576 0.012000
v -0.065625 0.227500 0.016500
v -0.049408 0.214576 -0.012000
v -0.049771 0.232073 0.000000
v -0.065625 0.227500 -0.016500
v -0.081842 0.240424 -0.012000
v -0.081842 0.240424 0.012000
v -0.090854 0.255427 -0.000000
v -0.058783 0.247076 0.012000
v -0.075000 0.260000 0.016500
v -0.058783 0.247076 -0.012000
v -0.059146 0.264573 0.000000
v -0.075000 0.260000 -0.016500
v -0.091217 0.272924 -0.012000
v -0.091217 0.272924 0.012000
v -0.100229 0.287927 -0.000000
v -0.068158 0.279576 0.012000
v -0.084375 0.292500 0.016500
v -0.068158 0.279576 -0.012000
v -0.068521 0.297073 0.000000
v -0.084375 0.292500 -0.016500
v -0.100592 0.305424 -0.012000
v -0.100592 0.305424 0.012000
v -0.109604 0.320427 -0.000000
v -0.077533 0.312076 0.012000
v -0.093750 0.325000 0.016500
v -0.077533 0.312076 -0.012000
v -0.077896 0.329573 0.000000
v -0.093750 0.325000 -0.016500
v -0.109967 0.337924 -0.012000
v -0.109967 0.337924 0.012000
v -0.118979 0.352927 -0.000000
v -0.086908 0.344576 0.012000
v -0.103125 0.357500 0.016500
v -0.086908 0.344576 -0.012000
v -0.087271 0.362073 0.000000
v -0.103125 0.357500 -0.016500
v -0.119342 0.370424 -0.012000
v -0.119342 0.370424 0.012000
v -0.128354 0.385427 -0.000000
v -0.096283 0.377076 0.012000
v -0.112500 0.390000 0.016500
v -0.096283 0.377076 -0.012000
v -0.096646 0.394573 0.000000
v -0.112500 0.390000 -0.016500
v -0.128717 0.402924 -0.012000
v -0.128717 0.402924 0.012000
v -0.137729 0.417927 -0.000000
v -0.105658 0.409576 0.012000
v -0.121875 0.422500 0.016500
v -0.105658 0.409576 -0.012000
v -0.106021 0.427073 0.000000
v -0.121875 0.422500 -0.016500
v -0.138075 0.435408 -0.012000
v -0.138075 0.435408 0.012000
v -0.146941 0.450280 -0.000000
v -0.115029 0.442073 0.012000
v -0.131165 0.454924 0.016500
v -0.115029 0.442073 -0.012000
v -0.115389 0.459567 0.000000
v -0.131165 0.454924 -0.016500
v -0.147662 0.466789 -0.012180
v -0.147556 0.466936 0.012180
v -0.123909 0.474719 0.012180
v -0.124390 0.474373 -0.012180
v 0.041434 0.034867 -0.012248
v 0.056684 0.046257 -0.000000
v 0.041393 0.034624 0.012069
v 0.043650 0.056292 0.016500
v 0.022948 0.050085 0.012180
v 0.030616 0.066328 0.000000
v 0.022948 0.050085 -0.012180
v 0.043650 0.056292 -0.016500
v 0.064035 0.063106 -0.012000
v 0.078501 0.074445 -0.000000
v 0.064035 0.063106 0.012000
v 0.065455 0.084545 0.016500
v 0.045060 0.077786 0.012000
v 0.052408 0.094646 0.000000
v 0.045060 0.077786 -0.012000
v 0.065455 0.084545 -0.016500
v 0.085852 0.091290 -0.012000
v 0.100320 0.102626 -0.000000
v 0.085852 0.091290 0.012000
v 0.087273 0.112727 0.016500
v 0.066875 0.105982 0.012000
v 0.074226 0.122828 0.000000
v 0.066875 0.105982 -0.012000
v 0.087273 0.112727 -0.016500
v 0.107671 0.119472 -0.012000
v 0.122138 0.130808 -0.000000
v 0.107671 0.119472 0.012000
v 0.109091 0.140909 0.016500
v 0.088693 0.134164 0.012000
v 0.096044 0.151010 0.000000
v 0.088693 0.134164 -0.012000
v 0.109091 0.140909 -0.016500
v 0.129489 0.147654 -0.012000
v 0.143956 0.158990 -0.000000
v 0.129489 0.147654 0.012000
v 0.130909 0.169091 0.016500
v 0.110511 0.162346 0.012000
v 0.117862 0.179192 0.000000
v 0.110511 0.162346 -0.012000
v 0.130909 0.169091 -0.016500
v 0.151307 0.175836 -0.012000
v 0.165774 0.187172 -0.000000
v 0.151307 0.175836 0.012000
v 0.152727 0.197273 0.016500
v 0.132329 0.190528 0.012000
v 0.139680 0.207374 0.000000
v 0.132330 0.190528 -0.012000
v 0.152727 0.197273 -0.016500
v 0.173125 0.204018 -0.012000
v 0.187592 0.215354 -0.000000
v 0.173125 0.204018 0.012000
v 0.174545 0.225455 0.016500
v 0.154148 0.218710 0.012000
v 0.161499 0.235555 0.000000
v 0.154148 0.218710 -0.012000
v 0.174545 0.225455 -0.016500
v 0.194943 0.232199 -0.012000
v 0.209411 0.243536 -0.000000
v 0.194943 0.232199 0.012000
v 0.196364 0.253636 0.016500
v 0.175966 0.246892 0.012000
v 0.183317 0.263737 0.000000
v 0.175966 0.246892 -0.012000
v 0.196364 0.253636 -0.016500
v 0.216761 0.260381 -0.012000
v 0.231229 0.271717 -0.000000
v 0.216761 0.260381 0.012000
v 0.218182 0.281818 0.016500
v 0.197784 0.275073 0.012000
v 0.205135 0.291919 0.000000
v 0.197784 0.275073 -0.012000
v 0.218182 0.281818 -0.016500
v 0.238580 0.288563 -0.012000
v 0.253047 0.299899 -0.000000
v 0.238580 0.288563 0.012000
v 0.240000 0.310000 0.016500
v 0.219602 0.303255 0.012000
v 0.226953 0.320101 0.000000
v 0.219602 0.303255 -0.012000
v 0.240000 0.310000 -0.016500
v 0.260398 0.316745 -0.012000
v 0.274865 0.328081 -0.000000
v 0.260398 0.316745 0.012000
v 0.261818 0.338182 0.016500
v 0.241420 0.331437 0.012000
v 0.248771 0.348283 0.000000
v 0.241420 0.331437 -0.012000
v 0.261818 0.338182 -0.016500
v 0.282216 0.344927 -0.012000
v 0.296683 0.356263 -0.000000
v 0.282216 0.344927 0.012000
v 0.283636 0.366364 0.016500
v 0.263239 0.359619 0.012000
v 0.270589 0.376465 0.000000
v 0.263239 0.359619 -0.012000
v 0.283636 0.366364 -0.016500
v 0.304034 0.373109 -0.012000
v 0.318502 0.384445 -0.000000
v 0.304034 0.373108 0.012000
v 0.305455 0.394545 0.016500
v 0.285057 0.387801 0.012000
v 0.292408 0.404646 0.000000
v 0.285057 0.387801 -0.012000
v 0.305455 0.394545 -0.016500
v 0.325852 0.401290 -0.012000
v 0.340320 0.412626 -0.000000
v 0.325852 0.401290 0.012000
v 0.327273 0.422727 0.016500
v 0.306875 0.415982 0.012000
v 0.314226 0.432828 0.000000
v 0.306875 0.415982 -0.012000
v 0.327273 0.422727 -0.016500
v 0.347670 0.429472 -0.012000
v 0.362138 0.440808 -0.000000
v 0.347671 0.429472 0.012000
v 0.349091 0.450909 0.016500
v 0.328693 0.444164 0.012000
v 0.336044 0.461010 0.000000
v 0.328693 0.444164 -0.012000
v 0.349091 0.450909 -0.016500
v 0.369489 0.457654 -0.012000
v 0.383956 0.468990 -0.000000
v 0.369489 0.457654 0.012000
v 0.370909 0.479091 0.016500
v 0.350511 0.472346 0.012000
v 0.357862 0.489192 0.000000
v 0.350511 0.472346 -0.012000
v 0.370909 0.479091 -0.016500
v 0.391307 0.485836 -0.012000
v 0.405774 0.497172 -0.000000
v 0.391307 0.485836 0.012000
v 0.392727 0.507273 0.016500
v 0.372330 0.500528 0.012000
v 0.379680 0.517374 0.000000
v 0.372330 0.500528 -0.012000
v 0.392727 0.507273 -0.016500
v 0.413125 0.514018 -0.012000
v 0.427592 0.525354 -0.000000
v 0.413125 0.514018 0.012000
v 0.414545 0.535455 0.016500
v 0.394148 0.528710 0.012000
v 0.401499 0.545555 0.000000
v 0.394148 0.528710 -0.012000
v 0.414545 0.535455 -0.016500
v 0.434894 0.542212 -0.012000
v 0.448912 0.553733 -0.000000
v 0.434894 0.542212 0.012000
v 0.436258 0.563493 0.016500
v 0.415988 0.556843 0.012000
v 0.423604 0.573254 0.000000
v 0.415988 0.556843 -0.012000
v 0.436258 0.563493 -0.016500
v 0.455657 0.569898 -0.012180
v 0.466537 0.573002 0.000000
v 0.455656 0.569898 0.012180
v 0.437515 0.583752 0.012180
v 0.437568 0.594767 -0.000000
v 0.437515 0.583752 -0.012180
v -0.095083 0.516232 0.012000
v -0.095317 0.516187 -0.012000
v -0.077413 0.514815 -0.000000
v -0.099861 0.539522 -0.012000
v -0.080000 0.531111 -0.016500
v -0.099719 0.539504 0.012180
v -0.082587 0.547407 0.000000
v -0.080000 0.531111 0.016500
v -0.060619 0.522037 0.012000
v -0.060619 0.522037 -0.012000
v -0.042413 0.520371 0.000000
v -0.064381 0.545741 -0.012000
v -0.045000 0.536667 -0.016500
v -0.064381 0.545740 0.012000
v -0.047587 0.552963 -0.000000
v -0.045000 0.536667 0.016500
v -0.025619 0.527593 0.012000
v -0.025619 0.527593 -0.012000
v -0.007413 0.525926 0.000000
v -0.029381 0.551296 -0.012000
v -0.010000 0.542222 -0.016500
v -0.029381 0.551296 0.012000
v -0.012587 0.558518 -0.000000
v -0.010000 0.542222 0.016500
v 0.009381 0.533148 0.012000
v 0.009381 0.533148 -0.012000
v 0.027587 0.531482 0.000000
v 0.005619 0.556852 -0.012000
v 0.025000 0.547778 -0.016500
v 0.005619 0.556852 0.012000
v 0.022413 0.564074 -0.000000
v 0.025000 0.547778 0.016500
v 0.044381 0.538704 0.012000
v 0.044381 0.538704 -0.012000
v 0.062587 0.537037 0.000000
v 0.040619 0.562407 -0.012000
v 0.060000 0.553333 -0.016500
v 0.040619 0.562407 0.012000
v 0.057413 0.569629 -0.000000
v 0.060000 0.553333 0.016500
v 0.079381 0.544260 0.012000
v 0.079381 0.544260 -0.012000
v 0.097587 0.542593 0.000000
v 0.075619 0.567963 -0.012000
v 0.095000 0.558889 -0.016500
v 0.075619 0.567963 0.012000
v 0.092413 0.575185 -0.000000
v 0.095000 0.558889 0.016500
v 0.114381 0.549815 0.012000
v 0.114381 0.549815 -0.012000
v 0.132587 0.548149 0.000000
v 0.110619 0.573518 -0.012000
v 0.130000 0.564445 -0.016500
v 0.110619 0.573518 0.012000
v 0.127413 0.580740 -0.000000
v 0.130000 0.564444 0.016500
v 0.149381 0.555371 0.012000
v 0.149381 0.555371 -0.012000
v 0.167587 0.553704 0.000000
v 0.145619 0.579074 -0.012000
v 0.165000 0.570000 -0.016500
v 0.145619 0.579074 0.012000
v 0.162413 0.586296 -0.000000
v 0.165000 0.570000 0.016500
v 0.184381 0.560926 0.012000
v 0.184381 0.560926 -0.012000
v 0.202587 0.559260 0.000000
v 0.180619 0.584629 -0.012000
v 0.200000 0.575556 -0.016500
v 0.180619 0.584629 0.012000
v 0.197413 0.591852 -0.000000
v 0.200000 0.575556 0.016500
v 0.219381 0.566482 0.012000
v 0.219381 0.566482 -0.012000
v 0.237587 0.564815 0.000000
v 0.215619 0.590185 -0.012000
v 0.235000 0.581111 -0.016500
v 0.215619 0.590185 0.012000
v 0.232413 0.597407 -0.000000
v 0.235000 0.581111 0.016500
v 0.254381 0.572037 0.012000
v 0.254381 0.572037 -0.012000
v 0.272587 0.570371 0.000000
v 0.250619 0.595741 -0.012000
v 0.270000 0.586667 -0.016500
v 0.250619 0.595741 0.012000
v 0.267413 0.602963 -0.000000
v 0.270000 0.586667 0.016500
v 0.289381 0.577593 0.012000
v 0.289381 0.577593 -0.012000
v 0.307587 0.575926 0.000000
v 0.285619 0.601296 -0.012000
v 0.305000 0.592222 -0.016500
v 0.285619 0.601296 0.012000
v 0.302413 0.608518 -0.000000
v 0.305000 0.592222 0.016500
v 0.324381 0.583148 0.012000
v 0.324381 0.583148 -0.012000
v 0.342587 0.581482 0.000000
v 0.320619 0.606852 -0.012000
v 0.340000 0.597778 -0.016500
v 0.320619 0.606852 0.012000
v 0.337413 0.614074 -0.000000
v 0.340000 0.597778 0.016500
v 0.359381 0.588704 0.012000
v 0.359381 0.588704 -0.012000
v 0.377587 0.587037 0.000000
v 0.355619 0.612407 -0.012000
v 0.375000 0.603333 -0.016500
v 0.355619 0.612407 0.012000
v 0.372413 0.619629 -0.000000
v 0.375000 0.603333 0.016500
v 0.394348 0.594313 0.012000
v 0.394348 0.594313 -0.012000
v 0.412277 0.593086 0.000000
v 0.390612 0.617974 -0.012000
v 0.409839 0.609146 -0.016500
v 0.390612 0.617974 0.012000
v 0.407400 0.625206 -0.000000
v 0.409839 0.609146 0.016500
v 0.428134 0.600254 0.012180
v 0.428134 0.600254 -0.012180
v 0.425844 0.622823 -0.012000
v 0.425844 0.622824 0.012000
v 0.474530 0.565773 -0.012180
v 0.471894 0.549041 -0.000000
v 0.474530 0.565773 0.012180
v 0.488045 0.550997 0.016500
v 0.496990 0.569684 0.012000
v 0.504196 0.552953 0.000000
v 0.496990 0.569684 -0.012000
v 0.488045 0.550997 -0.016500
v 0.477854 0.532519 -0.012000
v 0.475271 0.514816 -0.000000
v 0.477854 0.532519 0.012000
v 0.491667 0.516667 0.016500
v 0.501658 0.535230 0.012000
v 0.508063 0.518518 0.000000
v 0.501658 0.535230 -0.012000
v 0.491667 0.516667 -0.016500
v 0.481687 0.498098 -0.012000
v 0.479160 0.480371 -0.000000
v 0.481687 0.498098 0.012000
v 0.495556 0.482222 0.016500
v 0.505535 0.500791 0.012000
v 0.511951 0.484073 0.000000
v 0.505535 0.500791 -0.012000
v 0.495556 0.482222 -0.016500
v 0.485576 0.463654 -0.012000
v 0.483049 0.445927 -0.000000
v 0.485576 0.463654 0.012000
v 0.499444 0.447778 0.016500
v 0.509424 0.466346 0.012000
v 0.515840 0.449629 0.000000
v 0.509424 0.466346 -0.012000
v 0.499444 0.447778 -0.016500
v 0.489465 0.429209 -0.012000
v 0.486938 0.411482 -0.000000
v 0.489465 0.429209 0.012000
v 0.503333 0.413333 0.016500
v 0.513313 0.431902 0.012000
v 0.519729 0.415185 0.000000
v 0.513313 0.431902 -0.012000
v 0.503333 0.413333 -0.016500
v 0.493354 0.394765 -0.012000
v 0.490826 0.377038 -0.000000
v 0.493354 0.394765 0.012000
v 0.507222 0.378889 0.016500
v 0.517202 0.397457 0.012000
v 0.523618 0.380740 0.000000
v 0.517202 0.397457 -0.012000
v 0.507222 0.378889 -0.016500
v 0.497243 0.360320 -0.012000
v 0.494715 0.342593 -0.000000
v 0.497243 0.360320 0.012000
v 0.511111 0.344444 0.016500
v 0.521091 0.363013 0.012000
v 0.527507 0.346296 0.000000
v 0.521091 0.363013 -0.012000
v 0.511111 0.344444 -0.016500
v 0.501131 0.325876 -0.012000
v 0.498604 0.308149 -0.000000
v 0.501131 0.325876 0.012000
v 0.515000 0.310000 0.016500
v 0.524980 0.328569 0.012000
v 0.531396 0.311851 0.000000
v 0.524980 0.328569 -0.012000
v 0.515000 0.310000 -0.016500
v 0.505020 0.291432 -0.012000
v 0.502493 0.273704 -0.000000
v 0.505020 0.291432 0.012000
v 0.518889 0.275556 0.016500
v 0.528869 0.294124 0.012000
v 0.535285 0.277407 0.000000
v 0.528869 0.294124 -0.012000
v 0.518889 0.275556 -0.016500
v 0.508909 0.256987 -0.012000
v 0.506382 0.239260 -0.000000
v 0.508909 0.256987 0.012000
v 0.522778 0.241111 0.016500
v 0.532758 0.259680 0.012000
v 0.539174 0.242962 0.000000
v 0.532758 0.259680 -0.012000
v 0.522778 0.241111 -0.016500
v 0.512798 0.222543 -0.012000
v 0.510271 0.204816 -0.000000
v 0.512798 0.222543 0.012000
v 0.526667 0.206667 0.016500
v 0.536647 0.225235 0.012000
v 0.543063 0.208518 0.000000
v 0.536647 0.225235 -0.012000
v 0.526667 0.206667 -0.016500
v 0.516687 0.188098 -0.012000
v 0.514160 0.170371 -0.000000
v 0.516687 0.188098 0.012000
v 0.530556 0.172222 0.016500
v 0.540535 0.190791 0.012000
v 0.546951 0.174073 0.000000
v 0.540535 0.190791 -0.012000
v 0.530556 0.172222 -0.016500
v 0.520576 0.153654 -0.012000
v 0.518049 0.135927 -0.000000
v 0.520576 0.153654 0.012000
v 0.534445 0.137778 0.016500
v 0.544424 0.156346 0.012000
v 0.550840 0.139629 0.000000
v 0.544424 0.156346 -0.012000
v 0.534445 0.137778 -0.016500
v 0.524465 0.119209 -0.012000
v 0.521938 0.101482 -0.000000
v 0.524465 0.119209 0.012000
v 0.538333 0.103333 0.016500
v 0.548313 0.121902 0.012000
v 0.554729 0.105184 0.000000
v 0.548313 0.121902 -0.012000
v 0.538333 0.103333 -0.016500
v 0.528354 0.084765 -0.012000
v 0.525826 0.067038 -0.000000
v 0.528354 0.084765 0.012000
v 0.542222 0.068889 0.016500
v 0.552202 0.087457 0.012000
v 0.558618 0.070740 0.000000
v 0.552202 0.087457 -0.012000
v 0.542222 0.068889 -0.016500
v 0.532242 0.050320 -0.012000
v 0.529715 0.032593 -0.000000
v 0.532242 0.050320 0.012000
v 0.546111 0.034444 0.016500
v 0.556091 0.053013 0.012000
v 0.562507 0.036296 0.000000
v 0.556091 0.053013 -0.012000
v 0.546111 0.034444 -0.016500
v 0.536519 0.017023 -0.011486
v 0.536519 0.017023 0.011486
v 0.559346 0.019601 0.011486
v 0.559346 0.019601 -0.011486
v 0.011488 0.006487 -0.005576
v -0.011741 -0.005065 0.005642
v 0.003861 0.026963 0.017651
v -0.011114 0.007608 0.017099
v 0.463716 0.599082 -0.017090
v -0.156000 -0.016500 0.000000
v 0.003877 0.027054 -0.017687
v -0.009972 0.008162 -0.017097
v -0.121333 0.000000 0.016500
v -0.118135 0.513899 0.016823
v 0.463716 0.599082 0.017090
v -0.121333 0.016500 -0.000000
v -0.121333 -0.000000 -0.016500
v -0.121333 -0.016500 0.000000
v -0.086625 0.000050 0.016500
v -0.154380 0.490973 -0.017640
v -0.086587 0.016595 -0.000000
v -0.086625 0.000050 -0.016500
v -0.086663 -0.016496 0.000000
v -0.050670 0.001579 0.016580
v -0.134067 0.510989 -0.016590
v -0.145746 0.503479 0.017135
v -0.050455 0.019622 0.000000
v -0.050573 0.001561 -0.016554
v -0.051481 -0.015913 0.000192
v 0.549688 0.002764 0.000000
v 0.470726 0.608275 0.000000
v -0.150305 0.520752 -0.000000
v -0.117664 0.500627 0.000000
v -0.156000 -0.000000 -0.016500
v -0.156000 0.016500 -0.000000
v -0.156000 0.000000 0.016500
v -0.190667 -0.016500 0.000000
v -0.190667 -0.000000 -0.016500
v -0.190667 0.016500 -0.000000
v -0.190667 0.000000 0.016500
v -0.225333 -0.016500 0.000000
v -0.225333 -0.000000 -0.016500
v -0.225333 0.016500 -0.000000
v -0.225333 0.000000 0.016500
v -0.260000 -0.016500 0.000000
v -0.260000 -0.000000 -0.016500
v -0.260000 0.016500 -0.000000
v -0.260000 0.000000 0.016500
v -0.294667 -0.016500 0.000000
v -0.294667 -0.000000 -0.016500
v -0.294667 0.016500 -0.000000
v -0.294667 0.000000 0.016500
v -0.329333 -0.016500 0.000000
v -0.329333 -0.000000 -0.016500
v -0.329333 0.016500 -0.000000
v -0.329333 0.000000 0.016500
v -0.364000 -0.016500 0.000000
v -0.364000 -0.000000 -0.016500
v -0.364000 0.016500 -0.000000
v -0.364000 0.000000 0.016500
v -0.398667 -0.016500 0.000000
v -0.398667 -0.000000 -0.016500
v -0.398667 0.016500 -0.000000
v -0.398667 0.000000 0.016500
v -0.433333 -0.016500 0.000000
v -0.433333 -0.000000 -0.016500
v -0.433333 0.016500 -0.000000
v -0.433333 0.000000 0.016500
v -0.468305 -0.016314 0.000000
v -0.468000 -0.000000 -0.016500
v -0.467694 0.016314 -0.000000
v -0.468000 0.000000 0.016500
v -0.508823 -0.011073 0.000000
v -0.501516 0.000602 -0.016500
v -0.494209 0.012277 -0.000000
v -0.501516 0.000602 0.016500
v -0.522320 0.015861 0.000000
v -0.508572 0.015046 -0.016500
v -0.494823 0.014231 -0.000000
v -0.508572 0.015046 0.016500
v -0.502636 0.052542 0.000000
v -0.489167 0.043333 -0.016500
v -0.475697 0.034124 -0.000000
v -0.489167 0.043333 0.016500
v -0.482055 0.081788 0.000000
v -0.468611 0.072222 -0.016500
v -0.455167 0.062656 -0.000000
v -0.468611 0.072222 0.016500
v -0.461500 0.110677 0.000000
v -0.448056 0.101111 -0.016500
v -0.434612 0.091545 -0.000000
v -0.448056 0.101111 0.016500
v -0.440944 0.139566 0.000000
v -0.427500 0.130000 -0.016500
v -0.414056 0.120434 -0.000000
v -0.427500 0.130000 0.016500
v -0.420388 0.168455 0.000000
v -0.406944 0.158889 -0.016500
v -0.393500 0.149323 -0.000000
v -0.406944 0.158889 0.016500
v -0.399833 0.197344 0.000000
v -0.386389 0.187778 -0.016500
v -0.372945 0.178212 -0.000000
v -0.386389 0.187778 0.016500
v -0.379277 0.226233 0.000000
v -0.365833 0.216667 -0.016500
v -0.352389 0.207101 -0.000000
v -0.365833 0.216667 0.016500
v -0.358722 0.255121 0.000000
v -0.345278 0.245556 -0.016500
v -0.331834 0.235990 -0.000000
v -0.345278 0.245556 0.016500
v -0.338166 0.284010 0.000000
v -0.324722 0.274444 -0.016500
v -0.311278 0.264879 -0.000000
v -0.324722 0.274445 0.016500
v -0.317611 0.312899 0.000000
v -0.304167 0.303333 -0.016500
v -0.290723 0.293767 -0.000000
v -0.304167 0.303333 0.016500
v -0.297055 0.341788 0.000000
v -0.283611 0.332222 -0.016500
v -0.270167 0.322656 -0.000000
v -0.283611 0.332222 0.016500
v -0.276500 0.370677 0.000000
v -0.263056 0.361111 -0.016500
v -0.249612 0.351545 -0.000000
v -0.263056 0.361111 0.016500
v -0.255944 0.399566 0.000000
v -0.242500 0.390000 -0.016500
v -0.229056 0.380434 -0.000000
v -0.242500 0.390000 0.016500
v -0.235389 0.428455 0.000000
v -0.221944 0.418889 -0.016500
v -0.208500 0.409323 -0.000000
v -0.221944 0.418889 0.016500
v -0.214834 0.457345 0.000000
v -0.201399 0.447787 -0.016500
v -0.187965 0.438230 -0.000000
v -0.201399 0.447787 0.016500
v -0.193326 0.486494 -0.000045
v -0.180676 0.476395 -0.016590
v -0.167873 0.466435 -0.000000
v -0.180432 0.476766 0.016545
v -0.032661 0.042179 -0.000000
v -0.014734 0.048157 0.016614
v 0.002077 0.054721 -0.000000
v -0.014734 0.048157 -0.016614
v -0.039371 0.076583 -0.000000
v -0.023481 0.081209 0.016500
v -0.007591 0.085836 0.000000
v -0.023481 0.081209 -0.016500
v -0.048666 0.109177 -0.000000
v -0.032813 0.113750 0.016500
v -0.016959 0.118323 0.000000
v -0.032813 0.113750 -0.016500
v -0.058041 0.141677 -0.000000
v -0.042188 0.146250 0.016500
v -0.026334 0.150823 0.000000
v -0.042188 0.146250 -0.016500
v -0.067416 0.174177 -0.000000
v -0.051563 0.178750 0.016500
v -0.035709 0.183323 0.000000
v -0.051563 0.178750 -0.016500
v -0.076791 0.206677 -0.000000
v -0.060938 0.211250 0.016500
v -0.045084 0.215823 0.000000
v -0.060938 0.211250 -0.016500
v -0.086166 0.239177 -0.000000
v -0.070313 0.243750 0.016500
v -0.054459 0.248323 0.000000
v -0.070313 0.243750 -0.016500
v -0.095541 0.271677 -0.000000
v -0.079688 0.276250 0.016500
v -0.063834 0.280823 0.000000
v -0.079688 0.276250 -0.016500
v -0.104916 0.304177 -0.000000
v -0.089063 0.308750 0.016500
v -0.073209 0.313323 0.000000
v -0.089063 0.308750 -0.016500
v -0.114291 0.336677 -0.000000
v -0.098438 0.341250 0.016500
v -0.082584 0.345823 0.000000
v -0.098438 0.341250 -0.016500
v -0.123666 0.369177 -0.000000
v -0.107813 0.373750 0.016500
v -0.091959 0.378323 0.000000
v -0.107813 0.373750 -0.016500
v -0.133041 0.401677 -0.000000
v -0.117188 0.406250 0.016500
v -0.101334 0.410823 0.000000
v -0.117188 0.406250 -0.016500
v -0.142396 0.434159 -0.000000
v -0.126552 0.438740 0.016500
v -0.110708 0.443322 0.000000
v -0.126552 0.438740 -0.016500
v -0.151691 0.465158 0.000000
v -0.135742 0.471028 0.016590
v -0.119707 0.475635 -0.000000
v -0.136115 0.470592 -0.016590
v 0.045085 0.032114 -0.000191
v 0.032320 0.042453 0.016573
v 0.019756 0.053059 0.000000
v 0.032330 0.042513 -0.016597
v 0.067593 0.060353 -0.000000
v 0.054547 0.070446 0.016500
v 0.041502 0.080538 0.000000
v 0.054547 0.070446 -0.016500
v 0.089411 0.088536 -0.000000
v 0.076364 0.098636 0.016500
v 0.063317 0.108737 0.000000
v 0.076364 0.098636 -0.016500
v 0.111229 0.116717 -0.000000
v 0.098182 0.126818 0.016500
v 0.085135 0.136919 0.000000
v 0.098182 0.126818 -0.016500
v 0.133047 0.144899 -0.000000
v 0.120000 0.155000 0.016500
v 0.106953 0.165101 0.000000
v 0.120000 0.155000 -0.016500
v 0.154865 0.173081 -0.000000
v 0.141818 0.183182 0.016500
v 0.128771 0.193283 0.000000
v 0.141818 0.183182 -0.016500
v 0.176683 0.201263 -0.000000
v 0.163636 0.211364 0.016500
v 0.150589 0.221465 0.000000
v 0.163636 0.211364 -0.016500
v 0.198502 0.229445 -0.000000
v 0.185455 0.239545 0.016500
v 0.172408 0.249646 0.000000
v 0.185455 0.239545 -0.016500
v 0.220320 0.257626 -0.000000
v 0.207273 0.267727 0.016500
v 0.194226 0.277828 0.000000
v 0.207273 0.267727 -0.016500
v 0.242138 0.285808 -0.000000
v 0.229091 0.295909 0.016500
v 0.216044 0.306010 0.000000
v 0.229091 0.295909 -0.016500
v 0.263956 0.313990 -0.000000
v 0.250909 0.324091 0.016500
v 0.237862 0.334192 0.000000
v 0.250909 0.324091 -0.016500
v 0.285774 0.342172 -0.000000
v 0.272727 0.352273 0.016500
v 0.259680 0.362374 0.000000
v 0.272727 0.352273 -0.016500
v 0.307592 0.370354 -0.000000
v 0.294545 0.380455 0.016500
v 0.281499 0.390555 0.000000
v 0.294546 0.380455 -0.016500
v 0.329411 0.398536 -0.000000
v 0.316364 0.408636 0.016500
v 0.303317 0.418737 0.000000
v 0.316364 0.408636 -0.016500
v 0.351229 0.426717 -0.000000
v 0.338182 0.436818 0.016500
v 0.325135 0.446919 0.000000
v 0.338182 0.436818 -0.016500
v 0.373047 0.454899 -0.000000
v 0.360000 0.465000 0.016500
v 0.346953 0.475101 0.000000
v 0.360000 0.465000 -0.016500
v 0.394865 0.483081 -0.000000
v 0.381818 0.493182 0.016500
v 0.368771 0.503283 0.000000
v 0.381818 0.493182 -0.016500
v 0.416683 0.511263 -0.000000
v 0.403636 0.521364 0.016500
v 0.390589 0.531465 0.000000
v 0.403636 0.521364 -0.016500
v 0.438439 0.539469 -0.000000
v 0.425441 0.549528 0.016500
v 0.412444 0.559586 0.000000
v 0.425441 0.549528 -0.016500
v 0.458615 0.567091 0.000000
v 0.446747 0.577034 0.016590
v 0.434028 0.585872 0.000000
v 0.446747 0.577034 -0.016590
v -0.094436 0.511817 -0.000000
v -0.097589 0.527855 -0.016500
v -0.100707 0.543887 0.000045
v -0.097085 0.527940 0.016545
v -0.059913 0.517593 0.000000
v -0.062500 0.533889 -0.016500
v -0.065087 0.550185 -0.000000
v -0.062500 0.533889 0.016500
v -0.024913 0.523148 0.000000
v -0.027500 0.539444 -0.016500
v -0.030087 0.555740 -0.000000
v -0.027500 0.539444 0.016500
v 0.010087 0.528704 0.000000
v 0.007500 0.545000 -0.016500
v 0.004913 0.561296 -0.000000
v 0.007500 0.545000 0.016500
v 0.045087 0.534260 0.000000
v 0.042500 0.550556 -0.016500
v 0.039913 0.566852 -0.000000
v 0.042500 0.550556 0.016500
v 0.080087 0.539815 0.000000
v 0.077500 0.556111 -0.016500
v 0.074913 0.572407 -0.000000
v 0.077500 0.556111 0.016500
v 0.115087 0.545371 0.000000
v 0.112500 0.561667 -0.016500
v 0.109913 0.577963 -0.000000
v 0.112500 0.561667 0.016500
v 0.150087 0.550926 0.000000
v 0.147500 0.567222 -0.016500
v 0.144913 0.583518 -0.000000
v 0.147500 0.567222 0.016500
v 0.185087 0.556482 0.000000
v 0.182500 0.572778 -0.016500
v 0.179913 0.589074 -0.000000
v 0.182500 0.572778 0.016500
v 0.220087 0.562037 0.000000
v 0.217500 0.578333 -0.016500
v 0.214913 0.594629 -0.000000
v 0.217500 0.578333 0.016500
v 0.255087 0.567593 0.000000
v 0.252500 0.583889 -0.016500
v 0.249913 0.600185 -0.000000
v 0.252500 0.583889 0.016500
v 0.290087 0.573148 0.000000
v 0.287500 0.589444 -0.016500
v 0.284913 0.605740 -0.000000
v 0.287500 0.589445 0.016500
v 0.325087 0.578704 0.000000
v 0.322500 0.595000 -0.016500
v 0.319913 0.611296 -0.000000
v 0.322500 0.595000 0.016500
v 0.360087 0.584260 0.000000
v 0.357500 0.600556 -0.016500
v 0.354913 0.616852 -0.000000
v 0.357500 0.600556 0.016500
v 0.395048 0.589877 0.000000
v 0.392480 0.606143 -0.016500
v 0.389912 0.622410 -0.000000
v 0.392480 0.606143 0.016500
v 0.428213 0.596117 -0.000000
v 0.427111 0.611613 -0.016545
v 0.425354 0.627005 -0.000000
v 0.427111 0.611613 0.016545
v 0.470503 0.564732 -0.000000
v 0.485802 0.567866 0.016545
v 0.501167 0.570345 0.000000
v 0.485802 0.567866 -0.016545
v 0.473390 0.532011 -0.000000
v 0.489756 0.533875 0.016500
v 0.506121 0.535739 0.000000
v 0.489756 0.533875 -0.016500
v 0.477215 0.497593 -0.000000
v 0.493611 0.499445 0.016500
v 0.510007 0.501296 0.000000
v 0.493611 0.499445 -0.016500
v 0.481104 0.463149 -0.000000
v 0.497500 0.465000 0.016500
v 0.513896 0.466851 0.000000
v 0.497500 0.465000 -0.016500
v 0.484993 0.428704 -0.000000
v 0.501389 0.430556 0.016500
v 0.517785 0.432407 0.000000
v 0.501389 0.430556 -0.016500
v 0.488882 0.394260 -0.000000
v 0.505278 0.396111 0.016500
v 0.521674 0.397962 0.000000
v 0.505278 0.396111 -0.016500
v 0.492771 0.359816 -0.000000
v 0.509167 0.361667 0.016500
v 0.525562 0.363518 0.000000
v 0.509167 0.361667 -0.016500
v 0.496660 0.325371 -0.000000
v 0.513056 0.327222 0.016500
v 0.529451 0.329073 0.000000
v 0.513056 0.327222 -0.016500
v 0.500549 0.290927 -0.000000
v 0.516945 0.292778 0.016500
v 0.533340 0.294629 0.000000
v 0.516945 0.292778 -0.016500
v 0.504438 0.256482 -0.000000
v 0.520833 0.258333 0.016500
v 0.537229 0.260184 0.000000
v 0.520833 0.258333 -0.016500
v 0.508326 0.222038 -0.000000
v 0.524722 0.223889 0.016500
v 0.541118 0.225740 0.000000
v 0.524722 0.223889 -0.016500
v 0.512215 0.187593 -0.000000
v 0.528611 0.189444 0.016500
v 0.545007 0.191296 0.000000
v 0.528611 0.189444 -0.016500
v 0.516104 0.153149 -0.000000
v 0.532500 0.155000 0.016500
v 0.548896 0.156851 0.000000
v 0.532500 0.155000 -0.016500
v 0.519993 0.118704 -0.000000
v 0.536389 0.120556 0.016500
v 0.552785 0.122407 0.000000
v 0.536389 0.120556 -0.016500
v 0.523882 0.084260 -0.000000
v 0.540278 0.086111 0.016500
v 0.556674 0.087962 0.000000
v 0.540278 0.086111 -0.016500
v 0.527771 0.049816 -0.000000
v 0.544167 0.051667 0.016500
v 0.560562 0.053518 0.000000
v 0.544167 0.051667 -0.016500
v 0.532248 0.016353 0.000000
v 0.547954 0.018126 0.015806
v 0.563659 0.019899 0.000000
v 0.547954 0.018126 -0.015806
vn 0.3822 -0.8876 -0.2572
vn 0.4818 -0.7190 -0.5009
vn 0.4866 -0.8435 0.2272
vn 0.3766 -0.9060 -0.1933
vn 0.4805 -0.8303 0.2824
vn 0.2829 -0.8336 0.4743
vn 0.1954 -0.1574 0.9680
vn -0.0430 0.2701 0.9619
vn -0.1065 -0.0332 0.9938
vn 0.1844 -0.2665 0.9460
vn -0.0879 0.0605 0.9943
vn 0.0500 -0.3398 0.9392
vn -0.1681 0.1308 -0.9771
vn 0.2371 0.4583 -0.8566
vn 0.3721 0.3559 -0.8573
vn 0.1701 -0.1284 -0.9770
vn -0.0000 -0.9363 0.3511
vn -0.0000 -0.9363 -0.3511
vn -0.1083 -0.0300 -0.9937
vn 0.1067 0.2312 -0.9670
vn 0.1033 -0.2106 -0.9721
vn -0.0326 0.1185 -0.9924
vn 0.1448 -0.2498 -0.9574
vn 0.1346 -0.4881 -0.8624
vn -0.0000 0.3511 0.9363
vn -0.0000 -0.3511 0.9363
vn 0.3720 -0.1335 0.9186
vn 0.3437 -0.4051 0.8472
vn -0.1811 0.1535 0.9714
vn 0.3260 0.3406 0.8819
vn 0.2371 0.4583 0.8566
vn -0.1681 0.1308 0.9771
vn -0.1675 -0.1860 0.9682
vn -0.0000 0.9363 -0.3511
vn -0.0000 0.9363 0.3511
vn -0.0000 -0.3511 -0.9363
vn -0.0000 0.3511 -0.9363
vn -0.0017 0.3503 0.9366
vn 0.0010 -0.3503 0.9366
vn 0.0068 -0.3446 0.9387
vn -0.0112 0.3446 0.9387
vn -0.1064 0.2410 -0.9647
vn 0.2075 0.0631 -0.9762
vn -0.1280 -0.2509 -0.9595
vn -0.0044 0.9363 -0.3511
vn -0.0051 0.9360 0.3520
vn -0.0347 0.9333 0.3574
vn -0.0303 0.9356 -0.3518
vn 0.0003 -0.3511 -0.9363
vn -0.0010 0.3511 -0.9363
vn -0.0069 0.3503 -0.9366
vn 0.0023 -0.3503 -0.9366
vn 0.0009 -0.9360 0.3520
vn 0.0002 -0.9363 -0.3511
vn 0.0016 -0.9360 -0.3520
vn 0.0062 -0.9338 0.3578
vn -0.0496 0.3111 0.9491
vn 0.0175 -0.3342 0.9423
vn 0.0294 -0.3394 0.9402
vn -0.1578 0.1440 0.9769
vn -0.1394 0.2647 -0.9542
vn -0.1641 0.3075 -0.9373
vn 0.1711 -0.2846 -0.9432
vn 0.1309 -0.1151 -0.9847
vn 0.1922 0.0589 0.9796
vn -0.1505 0.3237 0.9341
vn -0.2154 0.3135 0.9249
vn -0.0498 -0.2838 0.9576
vn -0.1113 0.9282 -0.3550
vn -0.1195 0.9227 0.3664
vn -0.4344 0.8335 0.3414
vn -0.3533 0.8303 -0.4310
vn 0.0178 -0.3447 -0.9385
vn -0.0246 0.3448 -0.9384
vn -0.0585 0.3090 -0.9493
vn 0.1056 -0.4275 -0.8978
vn 0.0364 -0.9273 0.3724
vn 0.0329 -0.9333 -0.3575
vn 0.1894 -0.9180 -0.3484
vn 0.1476 -0.9052 0.3984
vn 0.3635 -0.8714 -0.3293
vn 0.4290 -0.8640 0.2635
vn -0.2255 -0.9379 0.2635
vn -0.1601 -0.9305 -0.3293
vn 0.6619 0.7040 -0.2576
vn 0.4838 0.8418 -0.2392
vn 0.4838 0.8418 0.2392
vn 0.6619 0.7040 0.2576
vn -0.4365 0.8284 0.3511
vn -0.4500 0.8251 -0.3415
vn -0.5252 0.7592 -0.3844
vn -0.5358 0.7802 0.3229
vn 0.7729 -0.3970 -0.4951
vn 0.5242 -0.7632 -0.3778
vn 0.5845 -0.7713 0.2518
vn 0.8888 -0.3253 0.3228
vn -0.0470 -0.9365 0.3475
vn -0.0631 -0.9435 -0.3254
vn -0.0099 -0.9376 -0.3477
vn -0.0072 -0.9363 0.3511
vn -0.0190 -0.3784 -0.9255
vn -0.0000 0.3811 -0.9245
vn -0.0000 0.3546 -0.9350
vn -0.0027 -0.3546 -0.9350
vn -0.0568 0.9459 -0.3195
vn -0.0802 0.9348 0.3460
vn -0.0102 0.9363 0.3511
vn -0.0074 0.9376 -0.3476
vn -0.0213 0.3549 0.9347
vn -0.0000 -0.3546 0.9350
vn -0.0028 0.3511 0.9363
vn -0.5173 -0.8020 0.2987
vn -0.5495 -0.7934 -0.2618
vn -0.1766 -0.9437 -0.2797
vn -0.1434 -0.9342 0.3267
vn -0.2530 -0.3923 -0.8844
vn 0.2082 0.4587 -0.8639
vn 0.0171 0.4598 -0.8878
vn -0.0667 -0.4343 -0.8983
vn 0.0388 0.9880 -0.1498
vn -0.2608 0.9430 0.2069
vn -0.2237 0.9262 0.3035
vn -0.1389 0.9627 -0.2324
vn 0.0180 0.4594 0.8881
vn -0.1707 -0.3759 0.9108
vn -0.0141 -0.3791 0.9252
vn -0.0560 0.3883 0.9198
vn -0.8428 0.4277 0.3267
vn -0.8698 0.4067 -0.2793
vn -0.9653 0.0276 -0.2598
vn -0.9525 0.0599 0.2987
vn -0.3923 0.1991 -0.8980
vn 0.3845 -0.2535 -0.8877
vn 0.4987 -0.1084 -0.8600
vn -0.4696 0.0296 -0.8824
vn 0.7059 -0.6689 -0.2330
vn 0.6295 -0.7150 0.3043
vn 0.6174 -0.7589 0.2070
vn 0.8185 -0.5558 -0.1453
vn 0.2845 -0.2696 0.9200
vn -0.3168 0.2089 0.9252
vn -0.4045 0.0879 0.9103
vn 0.3834 -0.2603 0.8861
vn -0.7670 0.5371 0.3511
vn -0.7695 0.5357 -0.3477
vn -0.8047 0.4966 -0.3253
vn -0.7898 0.5054 0.3476
vn -0.2905 0.2034 -0.9350
vn 0.2889 -0.2056 -0.9350
vn 0.3105 -0.2209 -0.9245
vn -0.3191 0.2043 -0.9254
vn 0.7598 -0.5495 -0.3476
vn 0.7571 -0.5510 0.3511
vn 0.7165 -0.6057 0.3461
vn 0.7386 -0.5936 -0.3196
vn 0.2845 -0.2058 0.9363
vn -0.2861 0.2036 0.9363
vn -0.2890 0.2056 0.9350
vn 0.2771 -0.2227 0.9347
vn -0.7629 0.5428 0.3511
vn -0.7629 0.5428 -0.3511
vn -0.2861 0.2036 -0.9363
vn 0.2861 -0.2036 -0.9363
vn 0.7629 -0.5428 -0.3511
vn 0.7629 -0.5428 0.3511
vn 0.2861 -0.2036 0.9363
vn -0.7640 0.5415 0.3509
vn -0.7638 0.5429 -0.3492
vn -0.7630 0.5428 -0.3509
vn -0.7631 0.5426 0.3511
vn -0.2881 0.2042 -0.9356
vn 0.2888 -0.2031 -0.9356
vn 0.2865 -0.2035 -0.9362
vn -0.2863 0.2036 -0.9362
vn 0.7685 -0.5361 -0.3492
vn 0.7688 -0.5347 0.3509
vn 0.7637 -0.5417 0.3511
vn 0.7637 -0.5419 -0.3509
vn 0.2882 -0.2010 0.9362
vn -0.2874 0.2021 0.9362
vn -0.2863 0.2033 0.9363
vn 0.2864 -0.2032 0.9363
vn -0.6563 0.6817 0.3234
vn -0.6489 0.6801 -0.3411
vn -0.7450 0.5684 -0.3490
vn -0.7499 0.5669 0.3411
vn -0.2443 0.2008 -0.9487
vn 0.2097 -0.2949 -0.9322
vn 0.2802 -0.2151 -0.9355
vn -0.2862 0.2068 -0.9356
vn 0.4845 -0.8345 -0.2622
vn 0.5278 -0.7840 0.3267
vn 0.7567 -0.5527 0.3492
vn 0.7537 -0.5666 -0.3330
vn 0.0406 -0.2217 0.9743
vn -0.2696 0.2661 0.9255
vn -0.2902 0.2130 0.9330
vn 0.2775 -0.2190 0.9354
vn -0.8517 0.0420 -0.5224
vn -0.9143 0.2039 0.3500
vn -0.9132 -0.1348 0.3846
vn -0.9207 -0.1599 -0.3560
vn -0.1864 0.1138 0.9759
vn 0.2687 0.1815 0.9460
vn 0.3047 0.0871 0.9484
vn -0.3044 -0.0397 0.9517
vn 0.6632 0.6771 0.3189
vn 0.6764 0.6514 -0.3437
vn 0.8849 0.2975 -0.3585
vn 0.8846 0.2947 0.3614
vn 0.1058 0.2329 -0.9667
vn -0.2808 -0.1066 -0.9538
vn -0.3344 -0.0818 -0.9389
vn 0.3235 0.1171 -0.9389
vn -0.9082 -0.2268 -0.3518
vn -0.9071 -0.2214 0.3580
vn -0.9009 -0.2540 0.3520
vn -0.9010 -0.2548 -0.3511
vn -0.3340 -0.0834 0.9389
vn 0.3325 0.0882 0.9390
vn 0.3368 0.0960 0.9367
vn -0.3370 -0.0953 0.9367
vn 0.8987 0.2526 0.3585
vn 0.8996 0.2583 -0.3521
vn 0.8997 0.2594 -0.3511
vn 0.8996 0.2585 0.3521
vn 0.3371 0.0947 -0.9367
vn -0.3386 -0.0898 -0.9366
vn -0.3377 -0.0963 -0.9363
vn 0.3375 0.0970 -0.9363
vn -0.8996 -0.2595 -0.3511
vn -0.8996 -0.2595 0.3511
vn -0.3374 -0.0973 0.9363
vn 0.3374 0.0973 0.9363
vn 0.8996 0.2595 0.3511
vn 0.8996 0.2595 -0.3511
vn 0.3374 0.0973 -0.9363
vn -0.3374 -0.0973 -0.9363
vn -0.8999 -0.2589 -0.3510
vn -0.8999 -0.2587 0.3511
vn -0.9012 -0.2541 0.3510
vn -0.9014 -0.2549 -0.3501
vn -0.3374 -0.0971 0.9363
vn 0.3374 0.0972 0.9363
vn 0.3378 0.0963 0.9363
vn -0.3380 -0.0956 0.9363
vn 0.8997 0.2594 0.3511
vn 0.8997 0.2595 -0.3510
vn 0.9001 0.2594 -0.3501
vn 0.9000 0.2586 0.3510
vn 0.3375 0.0973 -0.9363
vn -0.3375 -0.0972 -0.9363
vn -0.3387 -0.0965 -0.9359
vn 0.3385 0.0973 -0.9359
vn -0.8935 -0.2984 -0.3355
vn -0.8924 -0.2849 0.3500
vn -0.7029 -0.6298 0.3306
vn -0.6827 -0.6765 -0.2760
vn -0.3325 -0.1172 0.9358
vn 0.3402 0.0914 0.9359
vn 0.3293 0.0694 0.9417
vn -0.0962 -0.2036 0.9743
vn 0.9142 0.2312 0.3328
vn 0.9047 0.2431 -0.3500
vn 0.9234 0.1129 -0.3667
vn 0.9677 0.0438 0.2481
vn 0.3266 0.0849 -0.9413
vn -0.3344 -0.1110 -0.9359
vn -0.2879 -0.2096 -0.9345
vn 0.3433 0.0304 -0.9387
vn 0.7234 -0.5926 -0.3543
vn 0.7220 -0.5969 0.3500
vn 0.6169 -0.7136 0.3319
vn 0.5865 -0.6806 -0.4391
vn 0.2749 -0.2200 0.9360
vn -0.2702 0.2261 0.9359
vn -0.2005 0.2920 0.9352
vn 0.2382 -0.2482 0.9390
vn -0.7220 0.6044 0.3367
vn -0.7249 0.5933 -0.3501
vn -0.4793 0.8154 -0.3247
vn -0.4488 0.8476 0.2829
vn -0.2585 0.2273 -0.9389
vn 0.2687 -0.2142 -0.9391
vn 0.2354 -0.2533 -0.9383
vn -0.0555 0.2724 -0.9606
vn 0.7405 -0.5731 -0.3510
vn 0.7404 -0.5732 0.3511
vn 0.7405 -0.5731 0.3510
vn 0.7412 -0.5727 -0.3502
vn 0.2778 -0.2150 0.9363
vn -0.2778 0.2149 0.9363
vn -0.2790 0.2148 0.9360
vn 0.2786 -0.2153 0.9360
vn -0.7408 0.5727 0.3510
vn -0.7408 0.5727 -0.3511
vn -0.7433 0.5694 -0.3510
vn -0.7432 0.5701 0.3502
vn -0.2778 0.2148 -0.9363
vn 0.2777 -0.2148 -0.9363
vn 0.2783 -0.2143 -0.9363
vn -0.2787 0.2138 -0.9363
vn 0.7404 -0.5732 -0.3511
vn 0.2776 -0.2149 0.9363
vn -0.2776 0.2149 0.9363
vn -0.7404 0.5732 0.3511
vn -0.7404 0.5732 -0.3511
vn -0.2776 0.2149 -0.9363
vn 0.2776 -0.2149 -0.9363
vn -0.2776 0.2150 -0.9363
vn 0.2776 -0.2150 0.9363
vn 0.2776 -0.2150 -0.9363
vn 0.7537 -0.5616 -0.3414
vn 0.7551 -0.5544 0.3498
vn 0.7424 -0.5705 0.3511
vn 0.7422 -0.5715 -0.3499
vn 0.2826 -0.2105 0.9359
vn -0.2855 0.2211 0.9325
vn -0.2786 0.2157 0.9359
vn 0.2782 -0.2142 0.9363
vn -0.7322 0.5894 0.3413
vn -0.7256 0.5925 -0.3498
vn -0.7383 0.5759 -0.3511
vn -0.7392 0.5755 0.3499
vn -0.2745 0.2210 -0.9359
vn 0.2855 -0.2211 -0.9325
vn 0.2786 -0.2157 -0.9359
vn -0.2771 0.2157 -0.9363
vn 0.5255 -0.8091 -0.2632
vn 0.5679 -0.7611 0.3133
vn 0.7605 -0.5524 0.3413
vn 0.7552 -0.5744 -0.3158
vn 0.0485 -0.2490 0.9673
vn -0.3039 0.1946 0.9326
vn -0.2879 0.2168 0.9328
vn 0.2821 -0.2254 0.9325
vn -0.9175 0.2970 0.2646
vn -0.8823 0.3511 -0.3136
vn -0.7247 0.5987 -0.3412
vn -0.7449 0.5878 0.3155
vn -0.2508 -0.0208 -0.9678
vn 0.2653 -0.2450 -0.9325
vn 0.2819 -0.2245 -0.9328
vn -0.2888 0.2168 -0.9325
vn 0.2936 -0.8919 0.3440
vn 0.2736 -0.8971 -0.3468
vn 0.1624 -0.9222 -0.3511
vn 0.1645 -0.9218 0.3511
vn 0.1068 -0.3396 -0.9345
vn -0.1173 0.3469 -0.9306
vn -0.0645 0.3481 -0.9352
vn 0.0623 -0.3486 -0.9352
vn -0.3165 0.8900 -0.3283
vn -0.3188 0.8829 0.3448
vn -0.1777 0.9194 0.3510
vn -0.1763 0.9214 -0.3463
vn -0.0593 0.2954 0.9535
vn 0.1521 -0.3350 0.9299
vn 0.0665 -0.3449 0.9363
vn -0.0567 0.3413 0.9383
vn 0.1468 -0.9248 0.3511
vn 0.1468 -0.9248 -0.3511
vn 0.0550 -0.3468 -0.9363
vn -0.0550 0.3468 -0.9363
vn -0.1468 0.9248 -0.3511
vn -0.1468 0.9248 0.3511
vn -0.0550 0.3468 0.9363
vn 0.0550 -0.3468 0.9363
vn 0.1468 -0.9247 -0.3511
vn -0.1468 0.9247 0.3511
vn -0.1468 0.9247 -0.3511
vn 0.1499 -0.9245 0.3505
vn 0.1503 -0.9242 -0.3511
vn 0.1715 -0.9208 -0.3504
vn 0.1685 -0.9229 0.3462
vn 0.0562 -0.3466 -0.9363
vn -0.0557 0.3467 -0.9363
vn -0.0600 0.3466 -0.9361
vn 0.0632 -0.3461 -0.9361
vn -0.1474 0.9247 -0.3511
vn -0.1470 0.9249 0.3505
vn -0.1481 0.9263 0.3463
vn -0.1511 0.9243 -0.3505
vn -0.0554 0.3473 0.9361
vn 0.0558 -0.3473 0.9361
vn 0.0607 -0.3508 0.9345
vn -0.0574 0.3513 0.9345
vn 0.1544 -0.9352 0.3187
vn 0.1753 -0.9217 -0.3461
vn -0.1355 -0.9384 -0.3179
vn -0.2474 -0.9407 0.2321
vn 0.0493 -0.3525 -0.9345
vn -0.0552 0.3698 -0.9275
vn 0.0437 0.4355 -0.8991
vn -0.1525 -0.2094 -0.9659
vn -0.1053 0.9377 -0.3310
vn -0.0935 0.9336 0.3459
vn 0.1933 0.9289 0.3158
vn 0.1743 0.9430 -0.2834
vn -0.0398 0.3540 0.9344
vn 0.0482 -0.3545 0.9338
vn -0.0607 -0.3628 0.9299
vn 0.0705 0.3816 0.9216
vn -0.9413 -0.1063 -0.3203
vn -0.9343 -0.0828 0.3466
vn -0.8549 -0.4100 0.3177
vn -0.8260 -0.5103 -0.2392
vn -0.3522 -0.0488 0.9347
vn 0.3694 0.0466 0.9281
vn 0.4036 0.1623 0.9004
vn -0.1548 -0.2084 0.9657
vn 0.9310 0.1510 0.3324
vn 0.9242 0.1610 -0.3464
vn 0.8385 0.4437 -0.3163
vn 0.8570 0.4295 0.2849
vn 0.3511 0.0570 -0.9346
vn -0.3527 -0.0494 -0.9344
vn -0.3306 -0.1596 -0.9302
vn 0.3463 0.1736 -0.9219
vn -0.9309 -0.1022 -0.3506
vn -0.9308 -0.1018 0.3511
vn -0.9330 -0.0820 0.3505
vn -0.9341 -0.0852 -0.3467
vn -0.3490 -0.0383 0.9363
vn 0.3490 0.0388 0.9363
vn 0.3500 0.0350 0.9361
vn -0.3503 -0.0319 0.9361
vn 0.9305 0.1045 0.3511
vn 0.9306 0.1049 -0.3506
vn 0.9321 0.1042 -0.3468
vn 0.9311 0.1011 0.3506
vn 0.3495 0.0392 -0.9361
vn -0.3495 -0.0388 -0.9361
vn -0.3538 -0.0353 -0.9347
vn 0.3534 0.0384 -0.9347
vn -0.9304 -0.1050 -0.3511
vn -0.9304 -0.1050 0.3511
vn -0.3489 -0.0394 0.9363
vn 0.3489 0.0394 0.9363
vn 0.9304 0.1050 0.3511
vn 0.9304 0.1050 -0.3511
vn 0.3489 0.0394 -0.9363
vn -0.3489 -0.0394 -0.9363
vn -0.9304 -0.1051 -0.3511
vn -0.9304 -0.1051 0.3511
vn 0.9304 0.1051 -0.3511
vn 0.9304 0.1051 0.3511
vn -0.8469 -0.4099 -0.3388
vn -0.8391 -0.4705 0.2731
vn -0.9247 -0.1442 0.3523
vn -0.9251 -0.1454 -0.3508
vn -0.3017 -0.3483 0.8875
vn 0.3132 -0.3405 0.8865
vn 0.3545 0.0002 0.9351
vn -0.3440 -0.0798 0.9356
vn 0.9169 -0.2108 0.3388
vn 0.9229 -0.2716 -0.2731
vn 0.9336 0.0656 -0.3523
vn 0.9342 0.0645 0.3508
vn 0.3717 -0.2723 -0.8875
vn -0.2295 -0.4017 -0.8866
vn -0.3456 -0.0788 -0.9351
vn 0.3532 -0.0011 -0.9356
vn 0.3366 -0.9039 -0.2639
vn 0.5451 -0.7232 -0.4240
vn 0.5290 -0.8259 0.1948
vn 0.3559 -0.9180 -0.1748
vn 0.5185 -0.8003 0.3012
vn 0.2569 -0.8863 0.3852
vn 0.1235 -0.2726 0.9542
vn 0.1089 0.2268 0.9678
vn -0.0462 -0.0110 0.9989
vn 0.3051 -0.2951 0.9054
vn -0.0260 0.1236 0.9920
vn 0.1175 -0.4166 0.9015
vn -0.1319 -0.2146 -0.9678
vn 0.2352 0.4093 -0.8816
vn 0.3260 0.3406 -0.8819
vn -0.1675 -0.1860 -0.9682
vn -0.0458 -0.0056 -0.9989
vn -0.0517 0.2761 -0.9597
vn 0.1397 -0.1174 -0.9832
vn -0.0937 0.0493 -0.9944
vn 0.2428 -0.2313 -0.9421
vn 0.0720 -0.4393 -0.8955
vn 0.1101 -0.4427 0.8899
vn 0.3776 -0.3139 0.8711
vn -0.0023 0.1868 0.9824
vn 0.3721 0.3559 0.8573
vn 0.2352 0.4092 0.8816
vn -0.1319 -0.2146 0.9678
vn 0.1701 -0.1284 0.9770
vn -0.0010 0.3511 0.9363
vn 0.0003 -0.3511 0.9363
vn 0.0023 -0.3503 0.9366
vn -0.0069 0.3503 0.9366
vn -0.1446 0.1703 -0.9747
vn 0.0642 0.0195 -0.9977
vn 0.0457 -0.2924 -0.9552
vn -0.0051 0.9360 -0.3520
vn -0.0044 0.9363 0.3511
vn -0.0303 0.9356 0.3518
vn -0.0347 0.9333 -0.3574
vn 0.0010 -0.3503 -0.9366
vn -0.0017 0.3503 -0.9366
vn -0.0112 0.3446 -0.9387
vn 0.0068 -0.3446 -0.9387
vn 0.0002 -0.9363 0.3511
vn 0.0009 -0.9360 -0.3520
vn 0.0062 -0.9338 -0.3578
vn 0.0016 -0.9360 0.3520
vn -0.0263 0.3448 0.9383
vn 0.0098 -0.3446 0.9387
vn 0.0319 -0.3347 0.9418
vn -0.0632 0.3115 0.9481
vn -0.1899 0.2693 -0.9441
vn -0.1806 0.3166 -0.9312
vn 0.2168 -0.2984 -0.9295
vn 0.3143 -0.0722 -0.9466
vn 0.0826 -0.1734 0.9814
vn -0.1705 0.2372 0.9564
vn -0.2146 0.3039 0.9282
vn -0.0129 -0.0056 0.9999
vn -0.1195 0.9227 -0.3664
vn -0.1113 0.9282 0.3550
vn -0.3533 0.8303 0.4310
vn -0.4344 0.8335 -0.3414
vn 0.0189 -0.3431 -0.9391
vn -0.0494 0.3088 -0.9498
vn -0.1543 0.1339 -0.9789
vn 0.0333 -0.3433 -0.9386
vn 0.0252 -0.9335 0.3576
vn 0.0360 -0.9317 -0.3615
vn 0.1603 -0.9376 -0.3087
vn 0.1310 -0.9206 0.3679
vn 0.4290 -0.8640 -0.2635
vn 0.3635 -0.8714 0.3293
vn -0.1601 -0.9305 0.3293
vn -0.2255 -0.9379 -0.2635
vn 0.6712 0.7014 -0.2397
vn 0.4890 0.8334 -0.2575
vn 0.4890 0.8334 0.2575
vn 0.6712 0.7014 0.2397
vn -0.4456 0.8084 0.3846
vn -0.4566 0.8260 -0.3305
vn -0.5412 0.7596 -0.3608
vn -0.5387 0.7713 0.3389
vn 0.8556 -0.3132 -0.4122
vn 0.5679 -0.7495 -0.3402
vn 0.6066 -0.7464 0.2738
vn 0.8193 -0.5466 0.1732
vn -0.0631 -0.9435 0.3254
vn -0.0470 -0.9365 -0.3475
vn -0.0072 -0.9363 -0.3511
vn -0.0099 -0.9376 0.3477
vn -0.0000 -0.3546 -0.9350
vn -0.0213 0.3549 -0.9347
vn -0.0028 0.3511 -0.9363
vn -0.0802 0.9348 -0.3460
vn -0.0568 0.9459 0.3195
vn -0.0074 0.9376 0.3476
vn -0.0102 0.9363 -0.3511
vn -0.0000 0.3811 0.9245
vn -0.0190 -0.3784 0.9255
vn -0.0027 -0.3546 0.9350
vn -0.0000 0.3546 0.9350
vn -0.5495 -0.7934 0.2618
vn -0.5173 -0.8020 -0.2987
vn -0.1434 -0.9342 -0.3267
vn -0.1766 -0.9437 0.2797
vn -0.1707 -0.3759 -0.9108
vn 0.0180 0.4594 -0.8881
vn -0.0560 0.3883 -0.9198
vn -0.0141 -0.3791 -0.9252
vn -0.2608 0.9430 -0.2069
vn 0.0388 0.9880 0.1498
vn -0.1389 0.9627 0.2324
vn -0.2237 0.9262 -0.3035
vn 0.2082 0.4587 0.8639
vn -0.2530 -0.3923 0.8844
vn -0.0667 -0.4343 0.8983
vn 0.0171 0.4598 0.8878
vn -0.8698 0.4067 0.2793
vn -0.8428 0.4277 -0.3267
vn -0.9525 0.0599 -0.2987
vn -0.9653 0.0276 0.2598
vn -0.3168 0.2089 -0.9252
vn 0.2845 -0.2696 -0.9200
vn 0.3834 -0.2603 -0.8862
vn -0.4045 0.0879 -0.9103
vn 0.6295 -0.7150 -0.3043
vn 0.7059 -0.6689 0.2330
vn 0.8185 -0.5558 0.1453
vn 0.6174 -0.7589 -0.2070
vn 0.3845 -0.2535 0.8877
vn -0.3923 0.1991 0.8980
vn -0.4696 0.0296 0.8824
vn 0.4987 -0.1084 0.8600
vn -0.7695 0.5357 0.3477
vn -0.7670 0.5371 -0.3511
vn -0.7898 0.5054 -0.3476
vn -0.8047 0.4966 0.3253
vn 0.2845 -0.2058 -0.9363
vn 0.2771 -0.2227 -0.9347
vn -0.2889 0.2056 -0.9350
vn 0.7571 -0.5510 -0.3511
vn 0.7598 -0.5495 0.3476
vn 0.7386 -0.5936 0.3196
vn 0.7165 -0.6057 -0.3461
vn 0.2889 -0.2056 0.9350
vn -0.2905 0.2034 0.9350
vn -0.3191 0.2042 0.9254
vn 0.3105 -0.2209 0.9245
vn -0.7638 0.5429 0.3492
vn -0.7640 0.5415 -0.3509
vn -0.7631 0.5426 -0.3511
vn -0.7630 0.5428 0.3509
vn -0.2874 0.2021 -0.9362
vn 0.2882 -0.2010 -0.9362
vn 0.2864 -0.2032 -0.9363
vn -0.2863 0.2033 -0.9363
vn 0.7688 -0.5347 -0.3509
vn 0.7685 -0.5361 0.3492
vn 0.7637 -0.5419 0.3509
vn 0.7637 -0.5417 -0.3511
vn 0.2888 -0.2031 0.9356
vn -0.2881 0.2042 0.9356
vn -0.2863 0.2036 0.9362
vn 0.2865 -0.2035 0.9362
vn -0.6472 0.6839 0.3369
vn -0.6075 0.6870 -0.3988
vn -0.7483 0.5668 -0.3446
vn -0.7440 0.5698 0.3490
vn -0.2490 0.2512 -0.9354
vn 0.0629 -0.2756 -0.9592
vn 0.2723 -0.2153 -0.9378
vn -0.2851 0.2068 -0.9359
vn 0.5287 -0.7852 -0.3224
vn 0.5001 -0.8163 0.2891
vn 0.7538 -0.5664 0.3332
vn 0.7567 -0.5527 -0.3492
vn 0.2309 -0.2604 0.9375
vn -0.2524 0.2621 0.9314
vn -0.2818 0.2130 0.9355
vn 0.2740 -0.2068 0.9392
vn -0.9143 0.2039 -0.3500
vn -0.8517 0.0420 0.5224
vn -0.9207 -0.1599 0.3560
vn -0.9132 -0.1348 -0.3846
vn -0.2808 -0.1066 0.9538
vn 0.1058 0.2329 0.9667
vn 0.3235 0.1171 0.9389
vn -0.3344 -0.0818 0.9389
vn 0.6764 0.6514 0.3437
vn 0.6632 0.6771 -0.3189
vn 0.8846 0.2947 -0.3614
vn 0.8849 0.2975 0.3585
vn 0.2687 0.1815 -0.9460
vn -0.1864 0.1138 -0.9759
vn -0.3044 -0.0397 -0.9517
vn 0.3047 0.0871 -0.9484
vn -0.9071 -0.2214 -0.3580
vn -0.9082 -0.2268 0.3518
vn -0.9010 -0.2548 0.3511
vn -0.9009 -0.2540 -0.3520
vn -0.3386 -0.0898 0.9366
vn 0.3371 0.0947 0.9367
vn 0.3375 0.0970 0.9363
vn -0.3377 -0.0963 0.9363
vn 0.8996 0.2583 0.3521
vn 0.8987 0.2526 -0.3585
vn 0.8996 0.2585 -0.3521
vn 0.3325 0.0882 -0.9390
vn -0.3340 -0.0834 -0.9389
vn -0.3370 -0.0953 -0.9367
vn 0.3368 0.0960 -0.9367
vn -0.8999 -0.2587 -0.3511
vn -0.8999 -0.2589 0.3510
vn -0.9014 -0.2549 0.3501
vn -0.9012 -0.2541 -0.3510
vn -0.3375 -0.0972 0.9363
vn 0.3375 0.0973 0.9363
vn 0.3385 0.0973 0.9359
vn -0.3387 -0.0965 0.9359
vn 0.8997 0.2595 0.3510
vn 0.9000 0.2586 -0.3510
vn 0.9001 0.2594 0.3501
vn 0.3374 0.0972 -0.9363
vn -0.3374 -0.0971 -0.9363
vn -0.3380 -0.0956 -0.9363
vn 0.3378 0.0963 -0.9363
vn -0.8924 -0.2849 -0.3500
vn -0.8928 -0.2893 0.3453
vn -0.7088 -0.6170 0.3419
vn -0.7061 -0.6326 -0.3183
vn -0.3188 -0.0959 0.9430
vn 0.3279 0.0739 0.9418
vn 0.2398 -0.0607 0.9689
vn -0.3091 -0.1237 0.9429
vn 0.9047 0.2431 0.3500
vn 0.8929 0.2568 -0.3699
vn 0.8311 0.2354 -0.5038
vn 0.9364 0.1145 0.3317
vn 0.3373 0.1012 -0.9359
vn -0.3206 -0.1167 -0.9400
vn -0.1271 -0.2528 -0.9591
vn 0.1989 0.0800 -0.9767
vn 0.7266 -0.5912 -0.3501
vn 0.7289 -0.5937 0.3410
vn 0.6268 -0.7106 0.3197
vn 0.6518 -0.6723 -0.3509
vn 0.2747 -0.2200 0.9360
vn -0.2566 0.2258 0.9398
vn -0.0502 0.2635 0.9633
vn 0.2392 -0.2608 0.9353
vn -0.7249 0.5933 0.3501
vn -0.7220 0.6044 -0.3367
vn -0.4488 0.8476 -0.2829
vn -0.4793 0.8154 0.3247
vn -0.2690 0.2276 -0.9359
vn 0.2791 -0.2146 -0.9360
vn 0.2275 -0.1620 -0.9602
vn -0.1980 0.2992 -0.9334
vn 0.7412 -0.5727 0.3502
vn 0.2777 -0.2148 0.9363
vn -0.2778 0.2148 0.9363
vn -0.2787 0.2138 0.9363
vn 0.2783 -0.2143 0.9363
vn -0.7408 0.5727 0.3511
vn -0.7408 0.5727 -0.3510
vn -0.7432 0.5701 -0.3502
vn -0.7433 0.5694 0.3510
vn -0.2778 0.2149 -0.9363
vn 0.2778 -0.2150 -0.9363
vn 0.2786 -0.2153 -0.9360
vn -0.2790 0.2148 -0.9360
vn 0.7551 -0.5544 -0.3498
vn 0.7537 -0.5616 0.3413
vn 0.7422 -0.5715 0.3499
vn 0.7424 -0.5705 -0.3511
vn 0.2855 -0.2211 0.9325
vn -0.2745 0.2210 0.9359
vn -0.2771 0.2157 0.9363
vn 0.2786 -0.2157 0.9359
vn -0.7257 0.5925 0.3498
vn -0.7322 0.5894 -0.3413
vn -0.7392 0.5755 -0.3499
vn -0.7383 0.5759 0.3511
vn -0.2855 0.2211 -0.9325
vn 0.2826 -0.2105 -0.9359
vn 0.2782 -0.2142 -0.9363
vn -0.2786 0.2157 -0.9359
vn 0.5679 -0.7611 -0.3133
vn 0.5255 -0.8091 0.2632
vn 0.7552 -0.5744 0.3158
vn 0.7605 -0.5524 -0.3413
vn 0.2653 -0.2450 0.9325
vn -0.2508 -0.0208 0.9678
vn -0.2888 0.2168 0.9325
vn 0.2819 -0.2245 0.9328
vn -0.8823 0.3511 0.3136
vn -0.9175 0.2970 -0.2646
vn -0.7449 0.5878 -0.3155
vn -0.7247 0.5987 0.3412
vn -0.3039 0.1946 -0.9326
vn 0.0485 -0.2490 -0.9673
vn 0.2821 -0.2254 -0.9325
vn -0.2879 0.2168 -0.9328
vn 0.2761 -0.9053 0.3229
vn 0.2825 -0.8979 -0.3376
vn 0.1649 -0.9228 -0.3481
vn 0.1626 -0.9231 0.3484
vn 0.1173 -0.3469 -0.9306
vn -0.1198 0.3369 -0.9339
vn -0.0660 0.3450 -0.9363
vn 0.0639 -0.3454 -0.9363
vn -0.3229 0.8823 -0.3424
vn -0.3388 0.8558 0.3911
vn -0.1751 0.9213 0.3471
vn -0.1794 0.9191 -0.3509
vn -0.1147 0.3279 0.9377
vn 0.1274 -0.3871 0.9132
vn 0.0628 -0.3518 0.9340
vn -0.0617 0.3457 0.9363
vn 0.1468 -0.9247 0.3511
vn 0.1503 -0.9242 0.3511
vn 0.1499 -0.9245 -0.3505
vn 0.1685 -0.9229 -0.3462
vn 0.1715 -0.9208 0.3504
vn 0.0558 -0.3473 -0.9361
vn -0.0554 0.3473 -0.9361
vn -0.0574 0.3513 -0.9345
vn 0.0607 -0.3508 -0.9345
vn -0.1470 0.9249 -0.3505
vn -0.1474 0.9247 0.3511
vn -0.1511 0.9243 0.3505
vn -0.1481 0.9263 -0.3463
vn -0.0557 0.3467 0.9363
vn 0.0562 -0.3466 0.9363
vn 0.0632 -0.3461 0.9361
vn -0.0600 0.3466 0.9361
vn 0.1753 -0.9217 0.3461
vn 0.1544 -0.9352 -0.3187
vn -0.2475 -0.9407 -0.2321
vn -0.1355 -0.9384 0.3179
vn 0.0482 -0.3545 -0.9338
vn -0.0398 0.3540 -0.9344
vn 0.0705 0.3816 -0.9216
vn -0.0607 -0.3628 -0.9299
vn -0.0935 0.9336 -0.3459
vn -0.1053 0.9377 0.3310
vn 0.1743 0.9430 0.2834
vn 0.1933 0.9289 -0.3158
vn -0.0552 0.3698 0.9275
vn 0.0493 -0.3525 0.9345
vn -0.1525 -0.2094 0.9659
vn 0.0437 0.4355 0.8991
vn -0.9343 -0.0828 -0.3467
vn -0.9413 -0.1063 0.3204
vn -0.8260 -0.5103 0.2392
vn -0.8549 -0.4100 -0.3177
vn -0.3527 -0.0494 0.9344
vn 0.3512 0.0570 0.9346
vn 0.3463 0.1736 0.9219
vn -0.3306 -0.1596 0.9302
vn 0.9242 0.1610 0.3464
vn 0.9310 0.1510 -0.3324
vn 0.8570 0.4295 -0.2849
vn 0.8385 0.4437 0.3163
vn 0.3694 0.0466 -0.9281
vn -0.3522 -0.0488 -0.9347
vn -0.1548 -0.2084 -0.9657
vn 0.4036 0.1623 -0.9004
vn -0.9308 -0.1018 -0.3511
vn -0.9309 -0.1022 0.3506
vn -0.9341 -0.0852 0.3467
vn -0.9330 -0.0820 -0.3505
vn -0.3495 -0.0388 0.9361
vn 0.3495 0.0392 0.9361
vn 0.3534 0.0384 0.9347
vn -0.3538 -0.0353 0.9347
vn 0.9306 0.1049 0.3506
vn 0.9305 0.1045 -0.3511
vn 0.9311 0.1011 -0.3506
vn 0.9321 0.1042 0.3468
vn 0.3490 0.0388 -0.9363
vn -0.3490 -0.0383 -0.9363
vn -0.3503 -0.0319 -0.9361
vn 0.3500 0.0350 -0.9361
vn -0.8391 -0.4705 -0.2731
vn -0.8469 -0.4099 0.3388
vn -0.9251 -0.1454 0.3508
vn -0.9247 -0.1442 -0.3523
vn -0.2294 -0.4017 0.8866
vn 0.3717 -0.2723 0.8875
vn 0.3532 -0.0011 0.9356
vn -0.3456 -0.0788 0.9351
vn 0.9229 -0.2716 0.2731
vn 0.9169 -0.2108 -0.3389
vn 0.9342 0.0645 -0.3508
vn 0.9336 0.0656 0.3523
vn 0.3132 -0.3405 -0.8865
vn -0.3017 -0.3483 -0.8875
vn -0.3440 -0.0798 -0.9356
vn 0.3545 0.0002 -0.9351
s 0
f 403//1 405//1 10//1
f 189//2 1215//2 403//2
f 190//3 1215//3 404//3
f 10//4 1216//4 407//4
f 406//5 405//5 190//5
f 9//6 1216//6 406//6
f 190//7 1217//7 410//7
f 133//8 1217//8 408//8
f 410//9 409//9 12//9
f 410//10 406//10 190//10
f 12//11 1218//11 410//11
f 9//12 1218//12 411//12
f 270//13 1219//13 446//13
f 448//14 449//14 1219//14
f 449//15 439//15 1219//15
f 1219//16 267//16 446//16
f 25//17 1220//17 471//17
f 26//18 1220//18 472//18
f 1220//18 22//18 464//18
f 1220//17 21//17 471//17
f 415//19 417//19 11//19
f 134//20 1221//20 415//20
f 189//21 1221//21 416//21
f 11//22 1222//22 413//22
f 403//23 417//23 189//23
f 10//24 1222//24 403//24
f 470//25 469//25 24//25
f 470//26 463//26 1223//26
f 463//26 462//26 1223//26
f 469//25 462//25 20//25
f 421//27 423//27 187//27
f 271//28 1224//28 421//28
f 274//29 1224//29 422//29
f 441//30 412//30 337//30
f 441//31 442//31 1225//31
f 1225//32 269//32 444//32
f 1225//33 268//33 412//33
f 468//34 467//34 23//34
f 468//35 469//35 1226//35
f 469//35 460//35 1226//35
f 467//34 460//34 19//34
f 466//36 465//36 22//36
f 466//37 467//37 1227//37
f 467//37 458//37 1227//37
f 465//36 458//36 18//36
f 464//17 463//17 21//17
f 464//18 465//18 1228//18
f 465//18 456//18 1228//18
f 463//17 456//17 17//17
f 20//38 1229//38 461//38
f 462//39 455//39 1229//39
f 1229//40 13//40 454//40
f 461//41 454//41 16//41
f 130//42 1230//42 428//42
f 420//43 434//43 188//43
f 131//44 1230//44 420//44
f 460//45 459//45 19//45
f 460//46 461//46 1231//46
f 1231//47 16//47 445//47
f 1231//48 15//48 459//48
f 458//49 457//49 18//49
f 19//50 1232//50 458//50
f 459//51 453//51 1232//51
f 1232//52 14//52 457//52
f 17//53 1233//53 455//53
f 18//54 1233//54 456//54
f 457//55 432//55 1233//55
f 455//56 432//56 13//56
f 16//57 1234//57 440//57
f 454//58 436//58 1234//58
f 1234//59 9//59 411//59
f 440//60 411//60 12//60
f 430//61 434//61 130//61
f 273//62 1235//62 430//62
f 431//63 433//63 1235//63
f 1235//64 188//64 434//64
f 187//65 1236//65 414//65
f 423//66 424//66 1236//66
f 1236//67 129//67 426//67
f 414//68 426//68 132//68
f 445//69 447//69 15//69
f 445//70 440//70 1237//70
f 440//71 418//71 1237//71
f 447//72 418//72 11//72
f 453//73 425//73 14//73
f 15//74 1238//74 453//74
f 447//75 413//75 1238//75
f 425//76 413//76 10//76
f 13//77 1239//77 436//77
f 14//78 1239//78 432//78
f 425//79 407//79 1239//79
f 436//80 407//80 9//80
f 8//81 1240//81 452//81
f 7//82 1240//82 450//82
f 1240//83 6//83 438//83
f 1240//84 5//84 452//84
f 338//85 1241//85 429//85
f 335//86 1241//86 449//86
f 1241//87 336//87 441//87
f 1241//88 337//88 429//88
f 274//89 1242//89 424//89
f 437//90 430//90 1242//90
f 1242//91 130//91 427//91
f 424//92 427//92 129//92
f 433//93 419//93 188//93
f 272//94 1243//94 433//94
f 435//95 421//95 1243//95
f 1243//96 187//96 419//96
f 26//36 1244//36 473//36
f 27//37 1244//37 474//37
f 1244//37 23//37 466//37
f 1244//36 22//36 473//36
f 27//34 1245//34 475//34
f 28//35 1245//35 476//35
f 1245//35 24//35 468//35
f 1245//34 23//34 475//34
f 28//25 1246//25 477//25
f 25//26 1246//26 478//26
f 1246//26 21//26 470//26
f 1246//25 24//25 477//25
f 480//17 479//17 29//17
f 30//18 1247//18 480//18
f 481//18 472//18 1247//18
f 479//17 472//17 25//17
f 30//36 1248//36 481//36
f 31//37 1248//37 482//37
f 483//37 474//37 1248//37
f 481//36 474//36 26//36
f 484//34 483//34 31//34
f 32//35 1249//35 484//35
f 485//35 476//35 1249//35
f 483//34 476//34 27//34
f 32//25 1250//25 485//25
f 29//26 1250//26 486//26
f 479//26 478//26 1250//26
f 485//25 478//25 28//25
f 33//17 1251//17 487//17
f 34//18 1251//18 488//18
f 489//18 480//18 1251//18
f 487//17 480//17 29//17
f 34//36 1252//36 489//36
f 35//37 1252//37 490//37
f 491//37 482//37 1252//37
f 489//36 482//36 30//36
f 35//34 1253//34 491//34
f 36//35 1253//35 492//35
f 493//35 484//35 1253//35
f 491//34 484//34 31//34
f 36//25 1254//25 493//25
f 33//26 1254//26 494//26
f 487//26 486//26 1254//26
f 493//25 486//25 32//25
f 496//17 495//17 37//17
f 496//18 497//18 1255//18
f 1255//18 34//18 488//18
f 1255//17 33//17 495//17
f 498//36 497//36 38//36
f 498//37 499//37 1256//37
f 1256//37 35//37 490//37
f 1256//36 34//36 497//36
f 500//34 499//34 39//34
f 500//35 501//35 1257//35
f 1257//35 36//35 492//35
f 1257//34 35//34 499//34
f 502//25 501//25 40//25
f 502//26 495//26 1258//26
f 1258//26 33//26 494//26
f 1258//25 36//25 501//25
f 41//17 1259//17 503//17
f 42//18 1259//18 504//18
f 1259//18 38//18 496//18
f 1259//17 37//17 503//17
f 42//36 1260//36 505//36
f 43//37 1260//37 506//37
f 1260//37 39//37 498//37
f 1260//36 38//36 505//36
f 43//34 1261//34 507//34
f 44//35 1261//35 508//35
f 1261//35 40//35 500//35
f 1261//34 39//34 507//34
f 44//25 1262//25 509//25
f 41//26 1262//26 510//26
f 1262//26 37//26 502//26
f 1262//25 40//25 509//25
f 45//17 1263//17 511//17
f 46//18 1263//18 512//18
f 513//18 504//18 1263//18
f 511//17 504//17 41//17
f 46//36 1264//36 513//36
f 47//37 1264//37 514//37
f 515//37 506//37 1264//37
f 513//36 506//36 42//36
f 47//34 1265//34 515//34
f 48//35 1265//35 516//35
f 517//35 508//35 1265//35
f 515//34 508//34 43//34
f 48//25 1266//25 517//25
f 45//26 1266//26 518//26
f 511//26 510//26 1266//26
f 517//25 510//25 44//25
f 520//17 519//17 49//17
f 520//18 521//18 1267//18
f 521//18 512//18 1267//18
f 519//17 512//17 45//17
f 522//36 521//36 50//36
f 522//37 523//37 1268//37
f 523//37 514//37 1268//37
f 521//36 514//36 46//36
f 524//34 523//34 51//34
f 524//35 525//35 1269//35
f 525//35 516//35 1269//35
f 523//34 516//34 47//34
f 526//25 525//25 52//25
f 526//26 519//26 1270//26
f 519//26 518//26 1270//26
f 525//25 518//25 48//25
f 53//17 1271//17 527//17
f 54//18 1271//18 528//18
f 1271//18 50//18 520//18
f 1271//17 49//17 527//17
f 54//36 1272//36 529//36
f 55//37 1272//37 530//37
f 1272//37 51//37 522//37
f 1272//36 50//36 529//36
f 55//34 1273//34 531//34
f 56//35 1273//35 532//35
f 1273//35 52//35 524//35
f 1273//34 51//34 531//34
f 56//25 1274//25 533//25
f 53//26 1274//26 534//26
f 1274//26 49//26 526//26
f 1274//25 52//25 533//25
f 57//17 1275//17 535//17
f 58//18 1275//18 536//18
f 537//18 528//18 1275//18
f 535//17 528//17 53//17
f 58//36 1276//36 537//36
f 59//37 1276//37 538//37
f 539//37 530//37 1276//37
f 537//36 530//36 54//36
f 59//34 1277//34 539//34
f 60//35 1277//35 540//35
f 541//35 532//35 1277//35
f 539//34 532//34 55//34
f 60//25 1278//25 541//25
f 57//26 1278//26 542//26
f 535//26 534//26 1278//26
f 541//25 534//25 56//25
f 61//97 1279//97 543//97
f 62//98 1279//98 544//98
f 545//99 536//99 1279//99
f 543//100 536//100 57//100
f 546//101 545//101 62//101
f 63//102 1280//102 546//102
f 547//103 538//103 1280//103
f 1280//104 58//104 545//104
f 548//105 547//105 63//105
f 548//106 549//106 1281//106
f 1281//107 60//107 540//107
f 1281//108 59//108 547//108
f 64//109 1282//109 549//109
f 550//110 543//110 1282//110
f 1282//26 57//26 542//26
f 549//111 542//111 60//111
f 1//112 1283//112 551//112
f 2//113 1283//113 552//113
f 553//114 544//114 1283//114
f 551//115 544//115 61//115
f 554//116 553//116 2//116
f 3//117 1284//117 554//117
f 555//118 546//118 1284//118
f 1284//119 62//119 553//119
f 556//120 555//120 3//120
f 556//121 557//121 1285//121
f 1285//122 64//122 548//122
f 1285//123 63//123 555//123
f 4//124 1286//124 557//124
f 558//125 551//125 1286//125
f 1286//126 61//126 550//126
f 557//127 550//127 64//127
f 560//128 559//128 65//128
f 560//129 561//129 1287//129
f 1287//130 2//130 552//130
f 1287//131 1//131 559//131
f 66//132 1288//132 561//132
f 562//133 563//133 1288//133
f 1288//134 3//134 554//134
f 561//135 554//135 2//135
f 67//136 1289//136 563//136
f 68//137 1289//137 564//137
f 565//138 556//138 1289//138
f 563//139 556//139 3//139
f 566//140 565//140 68//140
f 65//141 1290//141 566//141
f 559//142 558//142 1290//142
f 1290//143 4//143 565//143
f 568//144 567//144 69//144
f 568//145 569//145 1291//145
f 1291//146 66//146 560//146
f 1291//147 65//147 567//147
f 70//148 1292//148 569//148
f 570//149 571//149 1292//149
f 1292//150 67//150 562//150
f 569//151 562//151 66//151
f 71//152 1293//152 571//152
f 72//153 1293//153 572//153
f 573//154 564//154 1293//154
f 571//155 564//155 67//155
f 574//156 573//156 72//156
f 69//157 1294//157 574//157
f 567//158 566//158 1294//158
f 1294//159 68//159 573//159
f 576//160 575//160 73//160
f 576//161 577//161 1295//161
f 577//161 568//161 1295//161
f 1295//160 69//160 575//160
f 578//162 577//162 74//162
f 75//163 1296//163 578//163
f 579//163 570//163 1296//163
f 577//162 570//162 70//162
f 75//164 1297//164 579//164
f 76//165 1297//165 580//165
f 581//165 572//165 1297//165
f 579//164 572//164 71//164
f 76//166 1298//166 581//166
f 582//157 575//157 1298//157
f 1298//157 69//157 574//157
f 581//166 574//166 72//166
f 77//160 1299//160 583//160
f 584//161 585//161 1299//161
f 1299//161 74//161 576//161
f 1299//160 73//160 583//160
f 586//162 585//162 78//162
f 79//163 1300//163 586//163
f 1300//163 75//163 578//163
f 1300//162 74//162 585//162
f 79//164 1301//164 587//164
f 588//165 589//165 1301//165
f 1301//165 76//165 580//165
f 1301//164 75//164 587//164
f 80//166 1302//166 589//166
f 590//157 583//157 1302//157
f 1302//157 73//157 582//157
f 1302//166 76//166 589//166
f 81//160 1303//160 591//160
f 82//161 1303//161 592//161
f 593//161 584//161 1303//161
f 591//160 584//160 77//160
f 594//162 593//162 82//162
f 83//163 1304//163 594//163
f 595//163 586//163 1304//163
f 1304//162 78//162 593//162
f 596//164 595//164 83//164
f 596//165 597//165 1305//165
f 1305//165 80//165 588//165
f 595//164 588//164 79//164
f 84//166 1306//166 597//166
f 598//157 591//157 1306//157
f 591//157 590//157 1306//157
f 597//166 590//166 80//166
f 600//160 599//160 85//160
f 86//161 1307//161 600//161
f 1307//161 82//161 592//161
f 599//160 592//160 81//160
f 602//162 601//162 86//162
f 87//163 1308//163 602//163
f 603//163 594//163 1308//163
f 601//162 594//162 82//162
f 604//164 603//164 87//164
f 88//165 1309//165 604//165
f 605//165 596//165 1309//165
f 603//164 596//164 83//164
f 606//166 605//166 88//166
f 85//157 1310//157 606//157
f 599//157 598//157 1310//157
f 1310//166 84//166 605//166
f 608//160 607//160 89//160
f 90//161 1311//161 608//161
f 609//161 600//161 1311//161
f 607//160 600//160 85//160
f 90//162 1312//162 609//162
f 91//163 1312//163 610//163
f 611//163 602//163 1312//163
f 1312//162 86//162 609//162
f 612//164 611//164 91//164
f 92//165 1313//165 612//165
f 1313//165 88//165 604//165
f 611//164 604//164 87//164
f 614//166 613//166 92//166
f 614//157 607//157 1314//157
f 1314//157 85//157 606//157
f 613//166 606//166 88//166
f 93//160 1315//160 615//160
f 94//161 1315//161 616//161
f 617//161 608//161 1315//161
f 1315//160 89//160 615//160
f 94//162 1316//162 617//162
f 95//163 1316//163 618//163
f 619//163 610//163 1316//163
f 1316//162 90//162 617//162
f 620//164 619//164 95//164
f 620//165 621//165 1317//165
f 1317//165 92//165 612//165
f 1317//164 91//164 619//164
f 96//166 1318//166 621//166
f 622//157 615//157 1318//157
f 615//157 614//157 1318//157
f 621//166 614//166 92//166
f 97//160 1319//160 623//160
f 98//161 1319//161 624//161
f 1319//161 94//161 616//161
f 1319//160 93//160 623//160
f 98//162 1320//162 625//162
f 626//163 627//163 1320//163
f 1320//163 95//163 618//163
f 625//162 618//162 94//162
f 628//164 627//164 99//164
f 100//165 1321//165 628//165
f 1321//165 96//165 620//165
f 1321//164 95//164 627//164
f 100//166 1322//166 629//166
f 97//157 1322//157 630//157
f 623//157 622//157 1322//157
f 629//166 622//166 96//166
f 632//160 631//160 101//160
f 632//161 633//161 1323//161
f 633//161 624//161 1323//161
f 631//160 624//160 97//160
f 634//162 633//162 102//162
f 103//163 1324//163 634//163
f 635//163 626//163 1324//163
f 1324//162 98//162 633//162
f 636//164 635//164 103//164
f 104//165 1325//165 636//165
f 637//165 628//165 1325//165
f 635//164 628//164 99//164
f 104//166 1326//166 637//166
f 638//157 631//157 1326//157
f 1326//157 97//157 630//157
f 637//166 630//166 100//166
f 105//160 1327//160 639//160
f 106//161 1327//161 640//161
f 641//161 632//161 1327//161
f 639//160 632//160 101//160
f 106//162 1328//162 641//162
f 642//163 643//163 1328//163
f 643//163 634//163 1328//163
f 641//162 634//162 102//162
f 107//164 1329//164 643//164
f 108//165 1329//165 644//165
f 645//165 636//165 1329//165
f 643//164 636//164 103//164
f 646//166 645//166 108//166
f 105//157 1330//157 646//157
f 639//157 638//157 1330//157
f 645//166 638//166 104//166
f 648//160 647//160 109//160
f 648//161 649//161 1331//161
f 1331//161 106//161 640//161
f 1331//160 105//160 647//160
f 110//162 1332//162 649//162
f 650//163 651//163 1332//163
f 1332//163 107//163 642//163
f 1332//162 106//162 649//162
f 652//164 651//164 111//164
f 652//165 653//165 1333//165
f 653//165 644//165 1333//165
f 1333//164 107//164 651//164
f 654//166 653//166 112//166
f 654//157 647//157 1334//157
f 1334//157 105//157 646//157
f 1334//166 108//166 653//166
f 656//160 655//160 113//160
f 656//161 657//161 1335//161
f 1335//161 110//161 648//161
f 1335//160 109//160 655//160
f 658//162 657//162 114//162
f 658//163 659//163 1336//163
f 659//163 650//163 1336//163
f 1336//162 110//162 657//162
f 115//164 1337//164 659//164
f 116//165 1337//165 660//165
f 661//165 652//165 1337//165
f 1337//164 111//164 659//164
f 116//166 1338//166 661//166
f 113//157 1338//157 662//157
f 1338//157 109//157 654//157
f 661//166 654//166 112//166
f 117//160 1339//160 663//160
f 664//161 665//161 1339//161
f 665//161 656//161 1339//161
f 663//160 656//160 113//160
f 118//162 1340//162 665//162
f 119//163 1340//163 666//163
f 667//163 658//163 1340//163
f 1340//162 114//162 665//162
f 119//164 1341//164 667//164
f 120//165 1341//165 668//165
f 669//165 660//165 1341//165
f 667//164 660//164 115//164
f 120//166 1342//166 669//166
f 117//157 1342//157 670//157
f 663//157 662//157 1342//157
f 669//166 662//166 116//166
f 672//160 671//160 121//160
f 672//161 673//161 1343//161
f 1343//161 118//161 664//161
f 1343//160 117//160 671//160
f 674//162 673//162 122//162
f 674//163 675//163 1344//163
f 1344//163 119//163 666//163
f 1344//162 118//162 673//162
f 676//164 675//164 123//164
f 676//165 677//165 1345//165
f 1345//165 120//165 668//165
f 1345//164 119//164 675//164
f 678//166 677//166 124//166
f 678//157 671//157 1346//157
f 1346//157 117//157 670//157
f 1346//166 120//166 677//166
f 125//167 1347//167 679//167
f 126//168 1347//168 680//168
f 681//169 672//169 1347//169
f 679//170 672//170 121//170
f 682//171 681//171 126//171
f 127//172 1348//172 682//172
f 683//173 674//173 1348//173
f 1348//174 122//174 681//174
f 684//175 683//175 127//175
f 684//176 685//176 1349//176
f 1349//177 124//177 676//177
f 1349//178 123//178 683//178
f 128//179 1350//179 685//179
f 686//180 679//180 1350//180
f 1350//181 121//181 678//181
f 685//182 678//182 124//182
f 427//183 687//183 129//183
f 427//184 688//184 1351//184
f 1351//185 126//185 680//185
f 1351//186 125//186 687//186
f 428//187 688//187 130//187
f 428//188 689//188 1352//188
f 1352//189 127//189 682//189
f 688//190 682//190 126//190
f 690//191 689//191 131//191
f 690//192 691//192 1353//192
f 1353//193 128//193 684//193
f 1353//194 127//194 689//194
f 426//195 691//195 132//195
f 129//196 1354//196 426//196
f 687//197 686//197 1354//197
f 691//198 686//198 128//198
f 418//199 692//199 11//199
f 418//200 693//200 1355//200
f 693//201 694//201 1355//201
f 692//202 694//202 135//202
f 409//203 693//203 12//203
f 409//204 695//204 1356//204
f 695//205 696//205 1356//205
f 1356//206 136//206 693//206
f 697//207 695//207 133//207
f 697//208 698//208 1357//208
f 1357//209 138//209 699//209
f 1357//210 137//210 695//210
f 415//211 698//211 134//211
f 415//212 692//212 1358//212
f 1358//213 135//213 700//213
f 698//214 700//214 138//214
f 135//215 1359//215 701//215
f 136//216 1359//216 694//216
f 702//217 703//217 1359//217
f 701//218 703//218 139//218
f 696//219 702//219 136//219
f 137//220 1360//220 696//220
f 704//221 705//221 1360//221
f 1360//222 140//222 702//222
f 699//223 704//223 137//223
f 699//224 706//224 1361//224
f 1361//225 142//225 707//225
f 1361//226 141//226 704//226
f 138//227 1362//227 706//227
f 700//228 701//228 1362//228
f 1362//229 139//229 708//229
f 706//230 708//230 142//230
f 139//231 1363//231 709//231
f 140//232 1363//232 703//232
f 1363//232 144//232 711//232
f 1363//231 143//231 709//231
f 705//233 710//233 140//233
f 705//234 712//234 1364//234
f 1364//234 145//234 713//234
f 1364//233 144//233 710//233
f 707//235 712//235 141//235
f 707//236 714//236 1365//236
f 1365//236 146//236 715//236
f 1365//235 145//235 712//235
f 708//237 714//237 142//237
f 708//238 709//238 1366//238
f 1366//238 143//238 716//238
f 1366//237 146//237 714//237
f 711//231 717//231 143//231
f 144//232 1367//232 711//232
f 1367//232 148//232 719//232
f 1367//231 147//231 717//231
f 713//233 718//233 144//233
f 145//234 1368//234 713//234
f 1368//234 149//234 721//234
f 1368//233 148//233 718//233
f 145//235 1369//235 720//235
f 146//236 1369//236 715//236
f 722//236 723//236 1369//236
f 720//235 723//235 149//235
f 716//237 722//237 146//237
f 143//238 1370//238 716//238
f 1370//238 147//238 724//238
f 1370//237 150//237 722//237
f 147//231 1371//231 725//231
f 148//232 1371//232 719//232
f 1371//232 152//232 727//232
f 1371//231 151//231 725//231
f 721//233 726//233 148//233
f 721//234 728//234 1372//234
f 728//234 729//234 1372//234
f 726//233 729//233 152//233
f 723//235 728//235 149//235
f 723//236 730//236 1373//236
f 730//236 731//236 1373//236
f 1373//235 153//235 728//235
f 724//237 730//237 150//237
f 724//238 725//238 1374//238
f 1374//238 151//238 732//238
f 1374//237 154//237 730//237
f 151//231 1375//231 733//231
f 727//232 734//232 1375//232
f 734//232 735//232 1375//232
f 733//231 735//231 155//231
f 729//233 734//233 152//233
f 153//234 1376//234 729//234
f 1376//234 157//234 737//234
f 734//233 737//233 156//233
f 153//235 1377//235 736//235
f 154//236 1377//236 731//236
f 738//236 739//236 1377//236
f 1377//235 157//235 736//235
f 154//237 1378//237 738//237
f 151//238 1378//238 732//238
f 733//238 740//238 1378//238
f 738//237 740//237 158//237
f 155//231 1379//231 741//231
f 156//232 1379//232 735//232
f 742//232 743//232 1379//232
f 1379//231 159//231 741//231
f 737//233 742//233 156//233
f 157//234 1380//234 737//234
f 744//234 745//234 1380//234
f 1380//233 160//233 742//233
f 157//235 1381//235 744//235
f 158//236 1381//236 739//236
f 746//236 747//236 1381//236
f 744//235 747//235 161//235
f 740//237 746//237 158//237
f 155//238 1382//238 740//238
f 1382//238 159//238 748//238
f 1382//237 162//237 746//237
f 743//231 749//231 159//231
f 743//232 750//232 1383//232
f 750//232 751//232 1383//232
f 1383//231 163//231 749//231
f 160//233 1384//233 750//233
f 745//234 752//234 1384//234
f 752//234 753//234 1384//234
f 750//233 753//233 164//233
f 747//235 752//235 161//235
f 747//236 754//236 1385//236
f 754//236 755//236 1385//236
f 752//235 755//235 165//235
f 748//237 754//237 162//237
f 159//238 1386//238 748//238
f 749//238 756//238 1386//238
f 1386//237 166//237 754//237
f 163//231 1387//231 757//231
f 751//232 758//232 1387//232
f 1387//232 168//232 759//232
f 1387//231 167//231 757//231
f 753//233 758//233 164//233
f 165//234 1388//234 753//234
f 1388//234 169//234 761//234
f 1388//233 168//233 758//233
f 755//235 760//235 165//235
f 166//236 1389//236 755//236
f 1389//236 170//236 763//236
f 760//235 763//235 169//235
f 756//237 762//237 166//237
f 163//238 1390//238 756//238
f 1390//238 167//238 764//238
f 1390//237 170//237 762//237
f 167//231 1391//231 765//231
f 759//232 766//232 1391//232
f 766//232 767//232 1391//232
f 765//231 767//231 171//231
f 168//233 1392//233 766//233
f 169//234 1392//234 761//234
f 1392//234 173//234 769//234
f 766//233 769//233 172//233
f 763//235 768//235 169//235
f 763//236 770//236 1393//236
f 770//236 771//236 1393//236
f 768//235 771//235 173//235
f 764//237 770//237 170//237
f 167//238 1394//238 764//238
f 765//238 772//238 1394//238
f 1394//237 174//237 770//237
f 767//231 773//231 171//231
f 767//232 774//232 1395//232
f 774//232 775//232 1395//232
f 773//231 775//231 175//231
f 172//233 1396//233 774//233
f 173//234 1396//234 769//234
f 776//234 777//234 1396//234
f 774//233 777//233 176//233
f 173//235 1397//235 776//235
f 174//236 1397//236 771//236
f 778//236 779//236 1397//236
f 1397//235 177//235 776//235
f 174//237 1398//237 778//237
f 171//238 1398//238 772//238
f 773//238 780//238 1398//238
f 778//237 780//237 178//237
f 175//231 1399//231 781//231
f 176//232 1399//232 775//232
f 782//232 783//232 1399//232
f 1399//231 179//231 781//231
f 777//233 782//233 176//233
f 777//234 784//234 1400//234
f 1400//234 181//234 785//234
f 782//233 785//233 180//233
f 779//235 784//235 177//235
f 779//236 786//236 1401//236
f 1401//236 182//236 787//236
f 1401//235 181//235 784//235
f 780//237 786//237 178//237
f 175//238 1402//238 780//238
f 1402//238 179//238 788//238
f 1402//237 182//237 786//237
f 179//239 1403//239 789//239
f 180//240 1403//240 783//240
f 790//241 791//241 1403//241
f 789//242 791//242 183//242
f 785//243 790//243 180//243
f 181//244 1404//244 785//244
f 792//245 793//245 1404//245
f 1404//246 184//246 790//246
f 787//247 792//247 181//247
f 787//248 794//248 1405//248
f 1405//249 186//249 795//249
f 1405//250 185//250 792//250
f 182//251 1406//251 794//251
f 788//252 789//252 1406//252
f 1406//253 183//253 796//253
f 794//254 796//254 186//254
f 183//255 1407//255 797//255
f 184//256 1407//256 791//256
f 798//257 690//257 1407//257
f 797//258 690//258 131//258
f 793//259 798//259 184//259
f 185//260 1408//260 793//260
f 799//261 414//261 1408//261
f 798//262 414//262 132//262
f 185//263 1409//263 799//263
f 186//264 1409//264 795//264
f 800//265 419//265 1409//265
f 799//266 419//266 187//266
f 186//267 1410//267 800//267
f 183//268 1410//268 796//268
f 797//269 420//269 1410//269
f 1410//270 188//270 800//270
f 191//271 1411//271 801//271
f 192//272 1411//272 802//272
f 803//273 404//273 1411//273
f 801//274 404//274 189//274
f 804//275 803//275 192//275
f 193//276 1412//276 804//276
f 805//277 408//277 1412//277
f 803//278 408//278 190//278
f 193//279 1413//279 805//279
f 194//280 1413//280 806//280
f 807//281 697//281 1413//281
f 805//282 697//282 133//282
f 194//283 1414//283 807//283
f 808//284 801//284 1414//284
f 801//285 416//285 1414//285
f 807//286 416//286 134//286
f 195//287 1415//287 809//287
f 196//288 1415//288 810//288
f 811//289 802//289 1415//289
f 809//290 802//290 191//290
f 196//291 1416//291 811//291
f 812//292 813//292 1416//292
f 1416//293 193//293 804//293
f 811//294 804//294 192//294
f 197//295 1417//295 813//295
f 198//296 1417//296 814//296
f 815//297 806//297 1417//297
f 813//298 806//298 193//298
f 816//299 815//299 198//299
f 195//300 1418//300 816//300
f 809//301 808//301 1418//301
f 1418//302 194//302 815//302
f 818//303 817//303 199//303
f 818//288 819//288 1419//288
f 819//288 810//288 1419//288
f 817//303 810//303 195//303
f 200//304 1420//304 819//304
f 201//305 1420//305 820//305
f 821//305 812//305 1420//305
f 819//304 812//304 196//304
f 822//306 821//306 201//306
f 202//307 1421//307 822//307
f 823//307 814//307 1421//307
f 821//306 814//306 197//306
f 824//308 823//308 202//308
f 824//309 817//309 1422//309
f 817//309 816//309 1422//309
f 823//308 816//308 198//308
f 826//303 825//303 203//303
f 826//288 827//288 1423//288
f 1423//288 200//288 818//288
f 1423//303 199//303 825//303
f 828//304 827//304 204//304
f 205//305 1424//305 828//305
f 1424//305 201//305 820//305
f 827//304 820//304 200//304
f 830//306 829//306 205//306
f 830//307 831//307 1425//307
f 1425//307 202//307 822//307
f 829//306 822//306 201//306
f 206//308 1426//308 831//308
f 832//309 825//309 1426//309
f 825//309 824//309 1426//309
f 1426//308 202//308 831//308
f 834//303 833//303 207//303
f 208//288 1427//288 834//288
f 1427//288 204//288 826//288
f 1427//303 203//303 833//303
f 208//304 1428//304 835//304
f 836//305 837//305 1428//305
f 837//305 828//305 1428//305
f 1428//304 204//304 835//304
f 838//306 837//306 209//306
f 838//307 839//307 1429//307
f 1429//307 206//307 830//307
f 1429//306 205//306 837//306
f 210//308 1430//308 839//308
f 840//309 833//309 1430//309
f 1430//309 203//309 832//309
f 1430//308 206//308 839//308
f 842//303 841//303 211//303
f 842//288 843//288 1431//288
f 1431//288 208//288 834//288
f 841//303 834//303 207//303
f 844//304 843//304 212//304
f 213//305 1432//305 844//305
f 845//305 836//305 1432//305
f 1432//304 208//304 843//304
f 846//306 845//306 213//306
f 846//307 847//307 1433//307
f 1433//307 210//307 838//307
f 1433//306 209//306 845//306
f 848//308 847//308 214//308
f 848//309 841//309 1434//309
f 841//309 840//309 1434//309
f 847//308 840//308 210//308
f 215//303 1435//303 849//303
f 216//288 1435//288 850//288
f 1435//288 212//288 842//288
f 1435//303 211//303 849//303
f 852//304 851//304 216//304
f 852//305 853//305 1436//305
f 1436//305 213//305 844//305
f 851//304 844//304 212//304
f 854//306 853//306 217//306
f 854//307 855//307 1437//307
f 855//307 846//307 1437//307
f 1437//306 213//306 853//306
f 856//308 855//308 218//308
f 215//309 1438//309 856//309
f 1438//309 211//309 848//309
f 1438//308 214//308 855//308
f 219//303 1439//303 857//303
f 220//288 1439//288 858//288
f 859//288 850//288 1439//288
f 857//303 850//303 215//303
f 220//304 1440//304 859//304
f 221//305 1440//305 860//305
f 1440//305 217//305 852//305
f 1440//304 216//304 859//304
f 221//306 1441//306 861//306
f 222//307 1441//307 862//307
f 1441//307 218//307 854//307
f 1441//306 217//306 861//306
f 222//308 1442//308 863//308
f 219//309 1442//309 864//309
f 1442//309 215//309 856//309
f 863//308 856//308 218//308
f 866//303 865//303 223//303
f 224//288 1443//288 866//288
f 867//288 858//288 1443//288
f 1443//303 219//303 865//303
f 868//304 867//304 224//304
f 225//305 1444//305 868//305
f 869//305 860//305 1444//305
f 867//304 860//304 220//304
f 225//306 1445//306 869//306
f 226//307 1445//307 870//307
f 871//307 862//307 1445//307
f 869//306 862//306 221//306
f 226//308 1446//308 871//308
f 872//309 865//309 1446//309
f 865//309 864//309 1446//309
f 871//308 864//308 222//308
f 874//303 873//303 227//303
f 228//288 1447//288 874//288
f 875//288 866//288 1447//288
f 1447//303 223//303 873//303
f 876//304 875//304 228//304
f 229//305 1448//305 876//305
f 877//305 868//305 1448//305
f 875//304 868//304 224//304
f 878//306 877//306 229//306
f 878//307 879//307 1449//307
f 1449//307 226//307 870//307
f 1449//306 225//306 877//306
f 880//308 879//308 230//308
f 880//309 873//309 1450//309
f 1450//309 223//309 872//309
f 879//308 872//308 226//308
f 882//303 881//303 231//303
f 882//288 883//288 1451//288
f 883//288 874//288 1451//288
f 881//303 874//303 227//303
f 884//304 883//304 232//304
f 884//305 885//305 1452//305
f 885//305 876//305 1452//305
f 883//304 876//304 228//304
f 886//306 885//306 233//306
f 234//307 1453//307 886//307
f 1453//307 230//307 878//307
f 1453//306 229//306 885//306
f 888//308 887//308 234//308
f 888//309 881//309 1454//309
f 881//309 880//309 1454//309
f 1454//308 230//308 887//308
f 235//303 1455//303 889//303
f 890//288 891//288 1455//288
f 1455//288 232//288 882//288
f 1455//303 231//303 889//303
f 892//304 891//304 236//304
f 892//305 893//305 1456//305
f 1456//305 233//305 884//305
f 1456//304 232//304 891//304
f 894//306 893//306 237//306
f 238//307 1457//307 894//307
f 895//307 886//307 1457//307
f 1457//306 233//306 893//306
f 238//308 1458//308 895//308
f 235//309 1458//309 896//309
f 1458//309 231//309 888//309
f 1458//308 234//308 895//308
f 239//303 1459//303 897//303
f 240//288 1459//288 898//288
f 899//288 890//288 1459//288
f 897//303 890//303 235//303
f 240//304 1460//304 899//304
f 241//305 1460//305 900//305
f 901//305 892//305 1460//305
f 899//304 892//304 236//304
f 241//306 1461//306 901//306
f 242//307 1461//307 902//307
f 903//307 894//307 1461//307
f 1461//306 237//306 901//306
f 242//308 1462//308 903//308
f 239//309 1462//309 904//309
f 897//309 896//309 1462//309
f 903//308 896//308 238//308
f 243//303 1463//303 905//303
f 244//288 1463//288 906//288
f 907//288 898//288 1463//288
f 905//303 898//303 239//303
f 908//304 907//304 244//304
f 245//305 1464//305 908//305
f 909//305 900//305 1464//305
f 907//304 900//304 240//304
f 245//306 1465//306 909//306
f 246//307 1465//307 910//307
f 911//307 902//307 1465//307
f 909//306 902//306 241//306
f 246//308 1466//308 911//308
f 912//309 905//309 1466//309
f 1466//309 239//309 904//309
f 911//308 904//308 242//308
f 914//303 913//303 247//303
f 248//288 1467//288 914//288
f 915//288 906//288 1467//288
f 1467//303 243//303 913//303
f 916//304 915//304 248//304
f 249//305 1468//305 916//305
f 1468//305 245//305 908//305
f 915//304 908//304 244//304
f 249//306 1469//306 917//306
f 250//307 1469//307 918//307
f 919//307 910//307 1469//307
f 1469//306 245//306 917//306
f 250//308 1470//308 919//308
f 920//309 913//309 1470//309
f 913//309 912//309 1470//309
f 1470//308 246//308 919//308
f 251//303 1471//303 921//303
f 252//288 1471//288 922//288
f 923//288 914//288 1471//288
f 921//303 914//303 247//303
f 252//304 1472//304 923//304
f 924//305 925//305 1472//305
f 925//305 916//305 1472//305
f 1472//304 248//304 923//304
f 253//306 1473//306 925//306
f 254//307 1473//307 926//307
f 1473//307 250//307 918//307
f 925//306 918//306 249//306
f 254//308 1474//308 927//308
f 251//309 1474//309 928//309
f 1474//309 247//309 920//309
f 1474//310 250//310 927//310
f 930//303 929//303 255//303
f 930//288 931//288 1475//288
f 931//288 922//288 1475//288
f 929//303 922//303 251//303
f 256//311 1476//311 931//311
f 932//305 933//305 1476//305
f 933//305 924//305 1476//305
f 1476//304 252//304 931//304
f 934//306 933//306 257//306
f 258//307 1477//307 934//307
f 935//307 926//307 1477//307
f 933//306 926//306 253//306
f 258//308 1478//308 935//308
f 255//309 1478//309 936//309
f 929//312 928//312 1478//312
f 935//308 928//308 254//308
f 938//303 937//303 259//303
f 938//288 939//288 1479//288
f 1479//288 256//288 930//288
f 1479//303 255//303 937//303
f 940//304 939//304 260//304
f 261//305 1480//305 940//305
f 1480//305 257//305 932//305
f 1480//304 256//304 939//304
f 261//306 1481//306 941//306
f 262//307 1481//307 942//307
f 1481//307 258//307 934//307
f 1481//306 257//306 941//306
f 944//310 943//310 262//310
f 944//309 937//309 1482//309
f 1482//309 255//309 936//309
f 943//308 936//308 258//308
f 946//313 945//313 263//313
f 946//314 947//314 1483//314
f 1483//315 260//315 938//315
f 1483//316 259//316 945//316
f 264//317 1484//317 947//317
f 265//318 1484//318 948//318
f 949//319 940//319 1484//319
f 947//320 940//320 260//320
f 950//321 949//321 265//321
f 950//322 951//322 1485//322
f 1485//323 262//323 942//323
f 1485//324 261//324 949//324
f 266//325 1486//325 951//325
f 263//326 1486//326 952//326
f 945//327 944//327 1486//327
f 951//328 944//328 262//328
f 954//329 953//329 267//329
f 954//330 955//330 1487//330
f 1487//331 264//331 946//331
f 1487//332 263//332 953//332
f 444//333 955//333 268//333
f 444//334 956//334 1488//334
f 956//335 948//335 1488//335
f 955//336 948//336 264//336
f 957//337 956//337 269//337
f 957//338 958//338 1489//338
f 1489//339 266//339 950//339
f 1489//340 265//340 956//340
f 446//341 958//341 270//341
f 446//342 953//342 1490//342
f 953//343 952//343 1490//343
f 958//344 952//344 266//344
f 271//345 1491//345 959//345
f 435//346 960//346 1491//346
f 1491//347 276//347 961//347
f 959//348 961//348 275//348
f 272//349 1492//349 960//349
f 273//350 1492//350 431//350
f 962//351 963//351 1492//351
f 1492//352 276//352 960//352
f 437//353 962//353 273//353
f 437//354 964//354 1493//354
f 1493//355 278//355 965//355
f 1493//356 277//356 962//356
f 422//357 964//357 274//357
f 422//358 959//358 1494//358
f 1494//359 275//359 966//359
f 1494//360 278//360 964//360
f 961//361 967//361 275//361
f 961//362 968//362 1495//362
f 1495//362 280//362 969//362
f 1495//361 279//361 967//361
f 963//363 968//363 276//363
f 963//364 970//364 1496//364
f 1496//364 281//364 971//364
f 1496//363 280//363 968//363
f 965//365 970//365 277//365
f 965//366 972//366 1497//366
f 1497//366 282//366 973//366
f 970//365 973//365 281//365
f 966//367 972//367 278//367
f 966//368 967//368 1498//368
f 967//368 974//368 1498//368
f 1498//367 282//367 972//367
f 279//361 1499//361 975//361
f 280//362 1499//362 969//362
f 976//369 977//369 1499//369
f 975//361 977//361 283//361
f 971//363 976//363 280//363
f 281//364 1500//364 971//364
f 978//364 979//364 1500//364
f 1500//363 284//363 976//363
f 281//365 1501//365 978//365
f 282//366 1501//366 973//366
f 1501//370 286//370 981//370
f 1501//365 285//365 978//365
f 974//367 980//367 282//367
f 279//368 1502//368 974//368
f 1502//368 283//368 982//368
f 980//367 982//367 286//367
f 977//361 983//361 283//361
f 977//369 984//369 1503//369
f 984//369 985//369 1503//369
f 983//361 985//361 287//361
f 979//363 984//363 284//363
f 979//364 986//364 1504//364
f 986//364 987//364 1504//364
f 984//363 987//363 288//363
f 981//365 986//365 285//365
f 981//366 988//366 1505//366
f 1505//366 290//366 989//366
f 1505//365 289//365 986//365
f 982//367 988//367 286//367
f 283//368 1506//368 982//368
f 1506//368 287//368 990//368
f 988//367 990//367 290//367
f 985//361 991//361 287//361
f 985//362 992//362 1507//362
f 1507//362 292//362 993//362
f 1507//361 291//361 991//361
f 987//363 992//363 288//363
f 987//364 994//364 1508//364
f 1508//364 293//364 995//364
f 1508//363 292//363 992//363
f 289//365 1509//365 994//365
f 290//366 1509//366 989//366
f 1509//366 294//366 997//366
f 1509//365 293//365 994//365
f 990//367 996//367 290//367
f 287//368 1510//368 990//368
f 1510//368 291//368 998//368
f 996//367 998//367 294//367
f 291//361 1511//361 999//361
f 292//362 1511//362 993//362
f 1511//362 296//362 1001//362
f 1511//361 295//361 999//361
f 995//363 1000//363 292//363
f 293//364 1512//364 995//364
f 1512//364 297//364 1003//364
f 1000//363 1003//363 296//363
f 997//371 1002//371 293//371
f 997//366 1004//366 1513//366
f 1004//366 1005//366 1513//366
f 1002//365 1005//365 297//365
f 294//367 1514//367 1004//367
f 998//368 999//368 1514//368
f 999//368 1006//368 1514//368
f 1514//367 298//367 1004//367
f 1001//361 1007//361 295//361
f 296//362 1515//362 1001//362
f 1008//362 1009//362 1515//362
f 1515//361 299//361 1007//361
f 296//363 1516//363 1008//363
f 1003//364 1010//364 1516//364
f 1010//364 1011//364 1516//364
f 1516//363 300//363 1008//363
f 297//365 1517//365 1010//365
f 298//366 1517//366 1005//366
f 1012//366 1013//366 1517//366
f 1517//365 301//365 1010//365
f 298//367 1518//367 1012//367
f 1006//368 1007//368 1518//368
f 1007//368 1014//368 1518//368
f 1518//367 302//367 1012//367
f 299//361 1519//361 1015//361
f 300//362 1519//362 1009//362
f 1519//362 304//362 1017//362
f 1015//361 1017//361 303//361
f 300//363 1520//363 1016//363
f 301//364 1520//364 1011//364
f 1018//364 1019//364 1520//364
f 1520//363 304//363 1016//363
f 1013//365 1018//365 301//365
f 1013//370 1020//370 1521//370
f 1521//366 306//366 1021//366
f 1018//365 1021//365 305//365
f 302//367 1522//367 1020//367
f 1014//368 1015//368 1522//368
f 1015//368 1022//368 1522//368
f 1522//367 306//367 1020//367
f 303//361 1523//361 1023//361
f 304//362 1523//362 1017//362
f 1523//362 308//362 1025//362
f 1023//361 1025//361 307//361
f 1019//363 1024//363 304//363
f 1019//364 1026//364 1524//364
f 1026//364 1027//364 1524//364
f 1024//363 1027//363 308//363
f 1021//365 1026//365 305//365
f 1021//366 1028//366 1525//366
f 1525//366 310//366 1029//366
f 1525//365 309//365 1026//365
f 306//367 1526//367 1028//367
f 1022//368 1023//368 1526//368
f 1526//368 307//368 1030//368
f 1028//367 1030//367 310//367
f 1025//361 1031//361 307//361
f 1025//362 1032//362 1527//362
f 1032//362 1033//362 1527//362
f 1031//361 1033//361 311//361
f 308//363 1528//363 1032//363
f 1027//364 1034//364 1528//364
f 1034//364 1035//364 1528//364
f 1528//363 312//363 1032//363
f 1029//365 1034//365 309//365
f 1029//370 1036//370 1529//370
f 1529//366 314//366 1037//366
f 1529//365 313//365 1034//365
f 310//367 1530//367 1036//367
f 307//368 1530//368 1030//368
f 1530//368 311//368 1038//368
f 1036//367 1038//367 314//367
f 1033//361 1039//361 311//361
f 1033//362 1040//362 1531//362
f 1531//362 316//362 1041//362
f 1531//361 315//361 1039//361
f 1035//363 1040//363 312//363
f 313//364 1532//364 1035//364
f 1532//364 317//364 1043//364
f 1532//363 316//363 1040//363
f 313//365 1533//365 1042//365
f 314//366 1533//366 1037//366
f 1044//366 1045//366 1533//366
f 1042//365 1045//365 317//365
f 314//367 1534//367 1044//367
f 311//368 1534//368 1038//368
f 1039//368 1046//368 1534//368
f 1044//367 1046//367 318//367
f 315//361 1535//361 1047//361
f 316//362 1535//362 1041//362
f 1048//362 1049//362 1535//362
f 1047//361 1049//361 319//361
f 316//363 1536//363 1048//363
f 1043//364 1050//364 1536//364
f 1536//364 321//364 1051//364
f 1536//363 320//363 1048//363
f 1045//371 1050//371 317//371
f 1045//366 1052//366 1537//366
f 1052//366 1053//366 1537//366
f 1050//365 1053//365 321//365
f 1046//367 1052//367 318//367
f 315//368 1538//368 1046//368
f 1538//368 319//368 1054//368
f 1538//367 322//367 1052//367
f 1049//361 1055//361 319//361
f 1049//362 1056//362 1539//362
f 1056//362 1057//362 1539//362
f 1055//361 1057//361 323//361
f 320//363 1540//363 1056//363
f 1051//364 1058//364 1540//364
f 1058//364 1059//364 1540//364
f 1540//363 324//363 1056//363
f 321//365 1541//365 1058//365
f 322//366 1541//366 1053//366
f 1060//366 1061//366 1541//366
f 1541//365 325//365 1058//365
f 322//367 1542//367 1060//367
f 319//368 1542//368 1054//368
f 1542//368 323//368 1062//368
f 1060//367 1062//367 326//367
f 1057//361 1063//361 323//361
f 324//362 1543//362 1057//362
f 1064//369 1065//369 1543//369
f 1063//361 1065//361 327//361
f 1059//363 1064//363 324//363
f 325//364 1544//364 1059//364
f 1066//364 1067//364 1544//364
f 1064//363 1067//363 328//363
f 325//365 1545//365 1066//365
f 326//366 1545//366 1061//366
f 1068//366 1069//366 1545//366
f 1066//365 1069//365 329//365
f 1062//367 1068//367 326//367
f 323//368 1546//368 1062//368
f 1063//368 1070//368 1546//368
f 1068//367 1070//367 330//367
f 327//372 1547//372 1071//372
f 328//373 1547//373 1065//373
f 1072//374 1073//374 1547//374
f 1071//375 1073//375 331//375
f 1067//376 1072//376 328//376
f 329//377 1548//377 1067//377
f 1074//378 1075//378 1548//378
f 1548//379 332//379 1072//379
f 1069//380 1074//380 329//380
f 1069//381 1076//381 1549//381
f 1549//382 334//382 1077//382
f 1549//383 333//383 1074//383
f 330//384 1550//384 1076//384
f 1070//385 1071//385 1550//385
f 1550//386 331//386 1078//386
f 1076//387 1078//387 334//387
f 331//388 1551//388 1079//388
f 332//389 1551//389 1073//389
f 1080//390 957//390 1551//390
f 1079//391 957//391 269//391
f 1075//392 1080//392 332//392
f 1075//393 1081//393 1552//393
f 1552//394 335//394 448//394
f 1080//395 448//395 270//395
f 333//396 1553//396 1081//396
f 334//397 1553//397 1077//397
f 1082//398 451//398 1553//398
f 1081//399 451//399 335//399
f 1078//400 1082//400 334//400
f 1078//401 1079//401 1554//401
f 1079//402 442//402 1554//402
f 1554//403 336//403 1082//403
f 339//404 1555//404 1083//404
f 340//405 1555//405 1084//405
f 1085//406 954//406 1555//406
f 1083//407 954//407 267//407
f 1086//408 1085//408 340//408
f 1086//409 1087//409 1556//409
f 1556//410 337//410 412//410
f 1085//411 412//411 268//411
f 341//412 1557//412 1087//412
f 342//413 1557//413 1088//413
f 1089//414 429//414 1557//414
f 1087//415 429//415 337//415
f 1090//416 1089//416 342//416
f 1090//417 1083//417 1558//417
f 1083//418 439//418 1558//418
f 1558//419 338//419 1089//419
f 343//420 1559//420 1091//420
f 344//421 1559//421 1092//421
f 1093//422 1084//422 1559//422
f 1091//423 1084//423 339//423
f 1094//424 1093//424 344//424
f 345//425 1560//425 1094//425
f 1095//426 1086//426 1560//426
f 1560//427 340//427 1093//427
f 1096//428 1095//428 345//428
f 1096//429 1097//429 1561//429
f 1561//430 342//430 1088//430
f 1561//431 341//431 1095//431
f 346//432 1562//432 1097//432
f 1098//433 1091//433 1562//433
f 1562//434 339//434 1090//434
f 1097//435 1090//435 342//435
f 1100//436 1099//436 347//436
f 1100//437 1101//437 1563//437
f 1563//437 344//437 1092//437
f 1563//436 343//436 1099//436
f 1102//438 1101//438 348//438
f 349//439 1564//439 1102//439
f 1564//439 345//439 1094//439
f 1564//438 344//438 1101//438
f 349//440 1565//440 1103//440
f 350//441 1565//441 1104//441
f 1105//441 1096//441 1565//441
f 1103//440 1096//440 345//440
f 1106//442 1105//442 350//442
f 1106//443 1099//443 1566//443
f 1099//443 1098//443 1566//443
f 1566//442 346//442 1105//442
f 1108//444 1107//444 351//444
f 1108//437 1109//437 1567//437
f 1109//437 1100//437 1567//437
f 1567//436 347//436 1107//436
f 352//438 1568//438 1109//438
f 353//439 1568//439 1110//439
f 1568//439 349//439 1102//439
f 1568//438 348//438 1109//438
f 1112//440 1111//440 353//440
f 1112//441 1113//441 1569//441
f 1569//441 350//441 1104//441
f 1569//440 349//440 1111//440
f 1114//442 1113//442 354//442
f 1114//443 1107//443 1570//443
f 1570//443 347//443 1106//443
f 1570//442 350//442 1113//442
f 355//436 1571//436 1115//436
f 356//437 1571//437 1116//437
f 1117//437 1108//437 1571//437
f 1571//436 351//436 1115//436
f 356//438 1572//438 1117//438
f 357//439 1572//439 1118//439
f 1572//439 353//439 1110//439
f 1117//438 1110//438 352//438
f 357//440 1573//440 1119//440
f 358//441 1573//441 1120//441
f 1121//441 1112//441 1573//441
f 1119//440 1112//440 353//440
f 358//442 1574//442 1121//442
f 355//443 1574//443 1122//443
f 1574//443 351//443 1114//443
f 1574//442 354//442 1121//442
f 1124//436 1123//436 359//436
f 1124//437 1125//437 1575//437
f 1125//437 1116//437 1575//437
f 1575//436 355//436 1123//436
f 1126//438 1125//438 360//438
f 361//439 1576//439 1126//439
f 1127//439 1118//439 1576//439
f 1576//438 356//438 1125//438
f 1128//440 1127//440 361//440
f 1128//441 1129//441 1577//441
f 1577//441 358//441 1120//441
f 1577//440 357//440 1127//440
f 362//442 1578//442 1129//442
f 1130//443 1123//443 1578//443
f 1123//443 1122//443 1578//443
f 1578//442 358//442 1129//442
f 363//436 1579//436 1131//436
f 364//445 1579//445 1132//445
f 1579//437 360//437 1124//437
f 1579//444 359//444 1131//444
f 364//438 1580//438 1133//438
f 365//439 1580//439 1134//439
f 1135//439 1126//439 1580//439
f 1580//438 360//438 1133//438
f 365//440 1581//440 1135//440
f 366//446 1581//446 1136//446
f 1581//441 362//441 1128//441
f 1581//440 361//440 1135//440
f 366//442 1582//442 1137//442
f 363//443 1582//443 1138//443
f 1131//443 1130//443 1582//443
f 1582//442 362//442 1137//442
f 367//436 1583//436 1139//436
f 368//437 1583//437 1140//437
f 1141//437 1132//437 1583//437
f 1139//444 1132//444 363//444
f 1142//438 1141//438 368//438
f 369//439 1584//439 1142//439
f 1584//439 365//439 1134//439
f 1141//438 1134//438 364//438
f 1144//440 1143//440 369//440
f 1144//441 1145//441 1585//441
f 1585//441 366//441 1136//441
f 1585//447 365//447 1143//447
f 370//442 1586//442 1145//442
f 1146//443 1139//443 1586//443
f 1139//443 1138//443 1586//443
f 1145//442 1138//442 366//442
f 371//436 1587//436 1147//436
f 1148//437 1149//437 1587//437
f 1149//437 1140//437 1587//437
f 1147//444 1140//444 367//444
f 1150//438 1149//438 372//438
f 1150//439 1151//439 1588//439
f 1588//439 369//439 1142//439
f 1149//438 1142//438 368//438
f 373//440 1589//440 1151//440
f 374//441 1589//441 1152//441
f 1153//446 1144//446 1589//446
f 1151//440 1144//440 369//440
f 374//442 1590//442 1153//442
f 1154//443 1147//443 1590//443
f 1147//443 1146//443 1590//443
f 1590//442 370//442 1153//442
f 1156//436 1155//436 375//436
f 1156//437 1157//437 1591//437
f 1591//437 372//437 1148//437
f 1155//436 1148//436 371//436
f 1158//438 1157//438 376//438
f 377//439 1592//439 1158//439
f 1592//439 373//439 1150//439
f 1592//438 372//438 1157//438
f 1160//440 1159//440 377//440
f 1160//441 1161//441 1593//441
f 1161//441 1152//441 1593//441
f 1159//447 1152//447 373//447
f 1162//442 1161//442 378//442
f 375//443 1594//443 1162//443
f 1594//443 371//443 1154//443
f 1594//442 374//442 1161//442
f 1164//436 1163//436 379//436
f 1164//437 1165//437 1595//437
f 1165//437 1156//437 1595//437
f 1595//436 375//436 1163//436
f 380//438 1596//438 1165//438
f 381//439 1596//439 1166//439
f 1596//439 377//439 1158//439
f 1596//438 376//438 1165//438
f 381//440 1597//440 1167//440
f 382//441 1597//441 1168//441
f 1169//441 1160//441 1597//441
f 1167//447 1160//447 377//447
f 382//442 1598//442 1169//442
f 379//443 1598//443 1170//443
f 1598//443 375//443 1162//443
f 1598//442 378//442 1169//442
f 383//436 1599//436 1171//436
f 384//437 1599//437 1172//437
f 1173//437 1164//437 1599//437
f 1171//436 1164//436 379//436
f 384//438 1600//438 1173//438
f 385//439 1600//439 1174//439
f 1175//439 1166//439 1600//439
f 1600//438 380//438 1173//438
f 1176//440 1175//440 385//440
f 386//441 1601//441 1176//441
f 1177//446 1168//446 1601//446
f 1175//440 1168//440 381//440
f 386//442 1602//442 1177//442
f 1178//443 1171//443 1602//443
f 1171//443 1170//443 1602//443
f 1177//442 1170//442 382//442
f 387//436 1603//436 1179//436
f 388//437 1603//437 1180//437
f 1181//437 1172//437 1603//437
f 1179//436 1172//436 383//436
f 388//438 1604//438 1181//438
f 389//439 1604//439 1182//439
f 1604//439 385//439 1174//439
f 1181//438 1174//438 384//438
f 1184//440 1183//440 389//440
f 1184//441 1185//441 1605//441
f 1605//441 386//441 1176//441
f 1605//447 385//447 1183//447
f 390//442 1606//442 1185//442
f 387//443 1606//443 1186//443
f 1606//443 383//443 1178//443
f 1606//442 386//442 1185//442
f 1188//436 1187//436 391//436
f 1188//437 1189//437 1607//437
f 1189//437 1180//437 1607//437
f 1187//436 1180//436 387//436
f 1190//438 1189//438 392//438
f 1190//439 1191//439 1608//439
f 1608//439 389//439 1182//439
f 1189//438 1182//438 388//438
f 393//440 1609//440 1191//440
f 394//441 1609//441 1192//441
f 1193//446 1184//446 1609//446
f 1191//440 1184//440 389//440
f 394//442 1610//442 1193//442
f 1194//443 1187//443 1610//443
f 1187//443 1186//443 1610//443
f 1610//442 390//442 1193//442
f 395//436 1611//436 1195//436
f 396//437 1611//437 1196//437
f 1197//437 1188//437 1611//437
f 1611//436 391//436 1195//436
f 1198//438 1197//438 396//438
f 397//439 1612//439 1198//439
f 1199//439 1190//439 1612//439
f 1197//438 1190//438 392//438
f 1200//440 1199//440 397//440
f 1200//441 1201//441 1613//441
f 1613//441 394//441 1192//441
f 1613//440 393//440 1199//440
f 398//442 1614//442 1201//442
f 1202//443 1195//443 1614//443
f 1614//443 391//443 1194//443
f 1614//442 394//442 1201//442
f 1204//436 1203//436 399//436
f 1204//445 1205//445 1615//445
f 1205//437 1196//437 1615//437
f 1203//436 1196//436 395//436
f 400//438 1616//438 1205//438
f 1206//439 1207//439 1616//439
f 1616//439 397//439 1198//439
f 1616//438 396//438 1205//438
f 401//440 1617//440 1207//440
f 402//446 1617//446 1208//446
f 1209//441 1200//441 1617//441
f 1207//440 1200//440 397//440
f 1210//442 1209//442 402//442
f 399//443 1618//443 1210//443
f 1203//443 1202//443 1618//443
f 1209//442 1202//442 398//442
f 5//448 1619//448 1211//448
f 6//449 1619//449 438//449
f 1212//450 1204//450 1619//450
f 1211//451 1204//451 399//451
f 6//452 1620//452 1212//452
f 7//453 1620//453 443//453
f 1213//454 1206//454 1620//454
f 1212//455 1206//455 400//455
f 7//456 1621//456 1213//456
f 8//457 1621//457 450//457
f 1214//458 1208//458 1621//458
f 1213//459 1208//459 401//459
f 8//460 1622//460 1214//460
f 5//461 1622//461 452//461
f 1211//462 1210//462 1622//462
f 1214//463 1210//463 402//463
f 403//464 1215//464 405//464
f 189//465 404//465 1215//465
f 190//466 405//466 1215//466
f 10//467 405//467 1216//467
f 406//468 1216//468 405//468
f 9//469 407//469 1216//469
f 190//470 408//470 1217//470
f 133//471 409//471 1217//471
f 410//472 1217//472 409//472
f 410//473 1218//473 406//473
f 12//474 411//474 1218//474
f 9//475 406//475 1218//475
f 270//476 448//476 1219//476
f 448//477 335//477 449//477
f 449//478 338//478 439//478
f 1219//479 439//479 267//479
f 25//17 472//17 1220//17
f 26//18 473//18 1220//18
f 1220//18 473//18 22//18
f 1220//17 464//17 21//17
f 415//480 1221//480 417//480
f 134//481 416//481 1221//481
f 189//482 417//482 1221//482
f 11//483 417//483 1222//483
f 403//484 1222//484 417//484
f 10//485 413//485 1222//485
f 470//25 1223//25 469//25
f 470//26 21//26 463//26
f 463//26 17//26 462//26
f 469//25 1223//25 462//25
f 421//486 1224//486 423//486
f 271//487 422//487 1224//487
f 274//488 423//488 1224//488
f 441//489 1225//489 412//489
f 441//490 336//490 442//490
f 1225//491 442//491 269//491
f 1225//492 444//492 268//492
f 468//34 1226//34 467//34
f 468//35 24//35 469//35
f 469//35 20//35 460//35
f 467//34 1226//34 460//34
f 466//36 1227//36 465//36
f 466//37 23//37 467//37
f 467//37 19//37 458//37
f 465//36 1227//36 458//36
f 464//17 1228//17 463//17
f 464//18 22//18 465//18
f 465//18 18//18 456//18
f 463//17 1228//17 456//17
f 20//493 462//493 1229//493
f 462//494 17//494 455//494
f 1229//495 455//495 13//495
f 461//496 1229//496 454//496
f 130//497 434//497 1230//497
f 420//498 1230//498 434//498
f 131//499 428//499 1230//499
f 460//500 1231//500 459//500
f 460//501 20//501 461//501
f 1231//502 461//502 16//502
f 1231//503 445//503 15//503
f 458//504 1232//504 457//504
f 19//505 459//505 1232//505
f 459//506 15//506 453//506
f 1232//507 453//507 14//507
f 17//508 456//508 1233//508
f 18//509 457//509 1233//509
f 457//510 14//510 432//510
f 455//511 1233//511 432//511
f 16//512 454//512 1234//512
f 454//513 13//513 436//513
f 1234//514 436//514 9//514
f 440//515 1234//515 411//515
f 430//516 1235//516 434//516
f 273//517 431//517 1235//517
f 431//518 272//518 433//518
f 1235//519 433//519 188//519
f 187//520 423//520 1236//520
f 423//521 274//521 424//521
f 1236//522 424//522 129//522
f 414//523 1236//523 426//523
f 445//524 1237//524 447//524
f 445//525 16//525 440//525
f 440//526 12//526 418//526
f 447//527 1237//527 418//527
f 453//528 1238//528 425//528
f 15//529 447//529 1238//529
f 447//530 11//530 413//530
f 425//531 1238//531 413//531
f 13//532 432//532 1239//532
f 14//533 425//533 1239//533
f 425//534 10//534 407//534
f 436//535 1239//535 407//535
f 8//536 450//536 1240//536
f 7//537 443//537 1240//537
f 1240//538 443//538 6//538
f 1240//539 438//539 5//539
f 338//540 449//540 1241//540
f 335//541 451//541 1241//541
f 1241//542 451//542 336//542
f 1241//543 441//543 337//543
f 274//544 437//544 1242//544
f 437//545 273//545 430//545
f 1242//546 430//546 130//546
f 424//547 1242//547 427//547
f 433//548 1243//548 419//548
f 272//549 435//549 1243//549
f 435//550 271//550 421//550
f 1243//551 421//551 187//551
f 26//36 474//36 1244//36
f 27//37 475//37 1244//37
f 1244//37 475//37 23//37
f 1244//36 466//36 22//36
f 27//34 476//34 1245//34
f 28//35 477//35 1245//35
f 1245//35 477//35 24//35
f 1245//34 468//34 23//34
f 28//25 478//25 1246//25
f 25//26 471//26 1246//26
f 1246//26 471//26 21//26
f 1246//25 470//25 24//25
f 480//17 1247//17 479//17
f 30//18 481//18 1247//18
f 481//18 26//18 472//18
f 479//17 1247//17 472//17
f 30//36 482//36 1248//36
f 31//37 483//37 1248//37
f 483//37 27//37 474//37
f 481//36 1248//36 474//36
f 484//34 1249//34 483//34
f 32//35 485//35 1249//35
f 485//35 28//35 476//35
f 483//34 1249//34 476//34
f 32//25 486//25 1250//25
f 29//26 479//26 1250//26
f 479//26 25//26 478//26
f 485//25 1250//25 478//25
f 33//17 488//17 1251//17
f 34//18 489//18 1251//18
f 489//18 30//18 480//18
f 487//17 1251//17 480//17
f 34//36 490//36 1252//36
f 35//37 491//37 1252//37
f 491//37 31//37 482//37
f 489//36 1252//36 482//36
f 35//34 492//34 1253//34
f 36//35 493//35 1253//35
f 493//35 32//35 484//35
f 491//34 1253//34 484//34
f 36//25 494//25 1254//25
f 33//26 487//26 1254//26
f 487//26 29//26 486//26
f 493//25 1254//25 486//25
f 496//17 1255//17 495//17
f 496//18 38//18 497//18
f 1255//18 497//18 34//18
f 1255//17 488//17 33//17
f 498//36 1256//36 497//36
f 498//37 39//37 499//37
f 1256//37 499//37 35//37
f 1256//36 490//36 34//36
f 500//34 1257//34 499//34
f 500//35 40//35 501//35
f 1257//35 501//35 36//35
f 1257//34 492//34 35//34
f 502//25 1258//25 501//25
f 502//26 37//26 495//26
f 1258//26 495//26 33//26
f 1258//25 494//25 36//25
f 41//17 504//17 1259//17
f 42//18 505//18 1259//18
f 1259//18 505//18 38//18
f 1259//17 496//17 37//17
f 42//36 506//36 1260//36
f 43//37 507//37 1260//37
f 1260//37 507//37 39//37
f 1260//36 498//36 38//36
f 43//34 508//34 1261//34
f 44//35 509//35 1261//35
f 1261//35 509//35 40//35
f 1261//34 500//34 39//34
f 44//25 510//25 1262//25
f 41//26 503//26 1262//26
f 1262//26 503//26 37//26
f 1262//25 502//25 40//25
f 45//17 512//17 1263//17
f 46//18 513//18 1263//18
f 513//18 42//18 504//18
f 511//17 1263//17 504//17
f 46//36 514//36 1264//36
f 47//37 515//37 1264//37
f 515//37 43//37 506//37
f 513//36 1264//36 506//36
f 47//34 516//34 1265//34
f 48//35 517//35 1265//35
f 517//35 44//35 508//35
f 515//34 1265//34 508//34
f 48//25 518//25 1266//25
f 45//26 511//26 1266//26
f 511//26 41//26 510//26
f 517//25 1266//25 510//25
f 520//17 1267//17 519//17
f 520//18 50//18 521//18
f 521//18 46//18 512//18
f 519//17 1267//17 512//17
f 522//36 1268//36 521//36
f 522//37 51//37 523//37
f 523//37 47//37 514//37
f 521//36 1268//36 514//36
f 524//34 1269//34 523//34
f 524//35 52//35 525//35
f 525//35 48//35 516//35
f 523//34 1269//34 516//34
f 526//25 1270//25 525//25
f 526//26 49//26 519//26
f 519//26 45//26 518//26
f 525//25 1270//25 518//25
f 53//17 528//17 1271//17
f 54//18 529//18 1271//18
f 1271//18 529//18 50//18
f 1271//17 520//17 49//17
f 54//36 530//36 1272//36
f 55//37 531//37 1272//37
f 1272//37 531//37 51//37
f 1272//36 522//36 50//36
f 55//34 532//34 1273//34
f 56//35 533//35 1273//35
f 1273//35 533//35 52//35
f 1273//34 524//34 51//34
f 56//25 534//25 1274//25
f 53//26 527//26 1274//26
f 1274//26 527//26 49//26
f 1274//25 526//25 52//25
f 57//17 536//17 1275//17
f 58//18 537//18 1275//18
f 537//18 54//18 528//18
f 535//17 1275//17 528//17
f 58//36 538//36 1276//36
f 59//37 539//37 1276//37
f 539//37 55//37 530//37
f 537//36 1276//36 530//36
f 59//34 540//34 1277//34
f 60//35 541//35 1277//35
f 541//35 56//35 532//35
f 539//34 1277//34 532//34
f 60//25 542//25 1278//25
f 57//26 535//26 1278//26
f 535//26 53//26 534//26
f 541//25 1278//25 534//25
f 61//552 544//552 1279//552
f 62//553 545//553 1279//553
f 545//554 58//554 536//554
f 543//555 1279//555 536//555
f 546//556 1280//556 545//556
f 63//557 547//557 1280//557
f 547//558 59//558 538//558
f 1280//36 538//36 58//36
f 548//559 1281//559 547//559
f 548//560 64//560 549//560
f 1281//561 549//561 60//561
f 1281//562 540//562 59//562
f 64//563 550//563 1282//563
f 550//564 61//564 543//564
f 1282//565 543//565 57//565
f 549//566 1282//566 542//566
f 1//567 552//567 1283//567
f 2//568 553//568 1283//568
f 553//569 62//569 544//569
f 551//570 1283//570 544//570
f 554//571 1284//571 553//571
f 3//572 555//572 1284//572
f 555//573 63//573 546//573
f 1284//574 546//574 62//574
f 556//575 1285//575 555//575
f 556//576 4//576 557//576
f 1285//577 557//577 64//577
f 1285//578 548//578 63//578
f 4//579 558//579 1286//579
f 558//580 1//580 551//580
f 1286//581 551//581 61//581
f 557//582 1286//582 550//582
f 560//583 1287//583 559//583
f 560//584 66//584 561//584
f 1287//585 561//585 2//585
f 1287//586 552//586 1//586
f 66//587 562//587 1288//587
f 562//588 67//588 563//588
f 1288//589 563//589 3//589
f 561//590 1288//590 554//590
f 67//591 564//591 1289//591
f 68//592 565//592 1289//592
f 565//593 4//593 556//593
f 563//594 1289//594 556//594
f 566//595 1290//595 565//595
f 65//596 559//596 1290//596
f 559//597 1//597 558//597
f 1290//598 558//598 4//598
f 568//599 1291//599 567//599
f 568//600 70//600 569//600
f 1291//601 569//601 66//601
f 1291//602 560//602 65//602
f 70//162 570//162 1292//162
f 570//603 71//603 571//603
f 1292//604 571//604 67//604
f 569//605 1292//605 562//605
f 71//606 572//606 1293//606
f 72//607 573//607 1293//607
f 573//608 68//608 564//608
f 571//609 1293//609 564//609
f 574//610 1294//610 573//610
f 69//611 567//611 1294//611
f 567//612 65//612 566//612
f 1294//613 566//613 68//613
f 576//160 1295//160 575//160
f 576//161 74//161 577//161
f 577//161 70//161 568//161
f 1295//160 568//160 69//160
f 578//162 1296//162 577//162
f 75//163 579//163 1296//163
f 579//163 71//163 570//163
f 577//162 1296//162 570//162
f 75//164 580//164 1297//164
f 76//165 581//165 1297//165
f 581//165 72//165 572//165
f 579//164 1297//164 572//164
f 76//166 582//166 1298//166
f 582//157 73//157 575//157
f 1298//157 575//157 69//157
f 581//166 1298//166 574//166
f 77//160 584//160 1299//160
f 584//161 78//161 585//161
f 1299//161 585//161 74//161
f 1299//160 576//160 73//160
f 586//162 1300//162 585//162
f 79//163 587//163 1300//163
f 1300//163 587//163 75//163
f 1300//162 578//162 74//162
f 79//164 588//164 1301//164
f 588//165 80//165 589//165
f 1301//165 589//165 76//165
f 1301//164 580//164 75//164
f 80//166 590//166 1302//166
f 590//157 77//157 583//157
f 1302//157 583//157 73//157
f 1302//166 582//166 76//166
f 81//160 592//160 1303//160
f 82//161 593//161 1303//161
f 593//161 78//161 584//161
f 591//160 1303//160 584//160
f 594//162 1304//162 593//162
f 83//163 595//163 1304//163
f 595//163 79//163 586//163
f 1304//162 586//162 78//162
f 596//164 1305//164 595//164
f 596//165 84//165 597//165
f 1305//165 597//165 80//165
f 595//164 1305//164 588//164
f 84//166 598//166 1306//166
f 598//157 81//157 591//157
f 591//157 77//157 590//157
f 597//166 1306//166 590//166
f 600//160 1307//160 599//160
f 86//161 601//161 1307//161
f 1307//161 601//161 82//161
f 599//160 1307//160 592//160
f 602//162 1308//162 601//162
f 87//163 603//163 1308//163
f 603//163 83//163 594//163
f 601//162 1308//162 594//162
f 604//164 1309//164 603//164
f 88//165 605//165 1309//165
f 605//165 84//165 596//165
f 603//164 1309//164 596//164
f 606//166 1310//166 605//166
f 85//157 599//157 1310//157
f 599//157 81//157 598//157
f 1310//166 598//166 84//166
f 608//160 1311//160 607//160
f 90//161 609//161 1311//161
f 609//161 86//161 600//161
f 607//160 1311//160 600//160
f 90//162 610//162 1312//162
f 91//163 611//163 1312//163
f 611//163 87//163 602//163
f 1312//162 602//162 86//162
f 612//164 1313//164 611//164
f 92//165 613//165 1313//165
f 1313//165 613//165 88//165
f 611//164 1313//164 604//164
f 614//166 1314//166 613//166
f 614//157 89//157 607//157
f 1314//157 607//157 85//157
f 613//166 1314//166 606//166
f 93//160 616//160 1315//160
f 94//161 617//161 1315//161
f 617//161 90//161 608//161
f 1315//160 608//160 89//160
f 94//162 618//162 1316//162
f 95//163 619//163 1316//163
f 619//163 91//163 610//163
f 1316//162 610//162 90//162
f 620//164 1317//164 619//164
f 620//165 96//165 621//165
f 1317//165 621//165 92//165
f 1317//164 612//164 91//164
f 96//166 622//166 1318//166
f 622//157 93//157 615//157
f 615//157 89//157 614//157
f 621//166 1318//166 614//166
f 97//160 624//160 1319//160
f 98//161 625//161 1319//161
f 1319//161 625//161 94//161
f 1319//160 616//160 93//160
f 98//162 626//162 1320//162
f 626//163 99//163 627//163
f 1320//163 627//163 95//163
f 625//162 1320//162 618//162
f 628//164 1321//164 627//164
f 100//165 629//165 1321//165
f 1321//165 629//165 96//165
f 1321//164 620//164 95//164
f 100//166 630//166 1322//166
f 97//157 623//157 1322//157
f 623//157 93//157 622//157
f 629//166 1322//166 622//166
f 632//160 1323//160 631//160
f 632//161 102//161 633//161
f 633//161 98//161 624//161
f 631//160 1323//160 624//160
f 634//162 1324//162 633//162
f 103//163 635//163 1324//163
f 635//163 99//163 626//163
f 1324//162 626//162 98//162
f 636//164 1325//164 635//164
f 104//165 637//165 1325//165
f 637//165 100//165 628//165
f 635//164 1325//164 628//164
f 104//166 638//166 1326//166
f 638//157 101//157 631//157
f 1326//157 631//157 97//157
f 637//166 1326//166 630//166
f 105//160 640//160 1327//160
f 106//161 641//161 1327//161
f 641//161 102//161 632//161
f 639//160 1327//160 632//160
f 106//162 642//162 1328//162
f 642//163 107//163 643//163
f 643//163 103//163 634//163
f 641//162 1328//162 634//162
f 107//164 644//164 1329//164
f 108//165 645//165 1329//165
f 645//165 104//165 636//165
f 643//164 1329//164 636//164
f 646//166 1330//166 645//166
f 105//157 639//157 1330//157
f 639//157 101//157 638//157
f 645//166 1330//166 638//166
f 648//160 1331//160 647//160
f 648//161 110//161 649//161
f 1331//161 649//161 106//161
f 1331//160 640//160 105//160
f 110//162 650//162 1332//162
f 650//163 111//163 651//163
f 1332//163 651//163 107//163
f 1332//162 642//162 106//162
f 652//164 1333//164 651//164
f 652//165 112//165 653//165
f 653//165 108//165 644//165
f 1333//164 644//164 107//164
f 654//166 1334//166 653//166
f 654//157 109//157 647//157
f 1334//157 647//157 105//157
f 1334//166 646//166 108//166
f 656//160 1335//160 655//160
f 656//161 114//161 657//161
f 1335//161 657//161 110//161
f 1335//160 648//160 109//160
f 658//162 1336//162 657//162
f 658//163 115//163 659//163
f 659//163 111//163 650//163
f 1336//162 650//162 110//162
f 115//164 660//164 1337//164
f 116//165 661//165 1337//165
f 661//165 112//165 652//165
f 1337//164 652//164 111//164
f 116//166 662//166 1338//166
f 113//157 655//157 1338//157
f 1338//157 655//157 109//157
f 661//166 1338//166 654//166
f 117//160 664//160 1339//160
f 664//161 118//161 665//161
f 665//161 114//161 656//161
f 663//160 1339//160 656//160
f 118//162 666//162 1340//162
f 119//163 667//163 1340//163
f 667//163 115//163 658//163
f 1340//162 658//162 114//162
f 119//164 668//164 1341//164
f 120//165 669//165 1341//165
f 669//165 116//165 660//165
f 667//164 1341//164 660//164
f 120//166 670//166 1342//166
f 117//157 663//157 1342//157
f 663//157 113//157 662//157
f 669//166 1342//166 662//166
f 672//160 1343//160 671//160
f 672//161 122//161 673//161
f 1343//161 673//161 118//161
f 1343//160 664//160 117//160
f 674//162 1344//162 673//162
f 674//163 123//163 675//163
f 1344//163 675//163 119//163
f 1344//162 666//162 118//162
f 676//164 1345//164 675//164
f 676//165 124//165 677//165
f 1345//165 677//165 120//165
f 1345//164 668//164 119//164
f 678//166 1346//166 677//166
f 678//157 121//157 671//157
f 1346//157 671//157 117//157
f 1346//166 670//166 120//166
f 125//614 680//614 1347//614
f 126//615 681//615 1347//615
f 681//616 122//616 672//616
f 679//617 1347//617 672//617
f 682//618 1348//618 681//618
f 127//619 683//619 1348//619
f 683//620 123//620 674//620
f 1348//621 674//621 122//621
f 684//622 1349//622 683//622
f 684//623 128//623 685//623
f 1349//624 685//624 124//624
f 1349//625 676//625 123//625
f 128//626 686//626 1350//626
f 686//627 125//627 679//627
f 1350//628 679//628 121//628
f 685//629 1350//629 678//629
f 427//630 1351//630 687//630
f 427//631 130//631 688//631
f 1351//632 688//632 126//632
f 1351//633 680//633 125//633
f 428//634 1352//634 688//634
f 428//635 131//635 689//635
f 1352//636 689//636 127//636
f 688//637 1352//637 682//637
f 690//638 1353//638 689//638
f 690//639 132//639 691//639
f 1353//640 691//640 128//640
f 1353//641 684//641 127//641
f 426//642 1354//642 691//642
f 129//643 687//643 1354//643
f 687//644 125//644 686//644
f 691//645 1354//645 686//645
f 418//646 1355//646 692//646
f 418//647 12//647 693//647
f 693//648 136//648 694//648
f 692//649 1355//649 694//649
f 409//650 1356//650 693//650
f 409//651 133//651 695//651
f 695//652 137//652 696//652
f 1356//653 696//653 136//653
f 697//654 1357//654 695//654
f 697//655 134//655 698//655
f 1357//656 698//656 138//656
f 1357//657 699//657 137//657
f 415//658 1358//658 698//658
f 415//659 11//659 692//659
f 1358//660 692//660 135//660
f 698//661 1358//661 700//661
f 135//662 694//662 1359//662
f 136//663 702//663 1359//663
f 702//664 140//664 703//664
f 701//665 1359//665 703//665
f 696//666 1360//666 702//666
f 137//667 704//667 1360//667
f 704//668 141//668 705//668
f 1360//669 705//669 140//669
f 699//670 1361//670 704//670
f 699//671 138//671 706//671
f 1361//672 706//672 142//672
f 1361//247 707//247 141//247
f 138//673 700//673 1362//673
f 700//674 135//674 701//674
f 1362//675 701//675 139//675
f 706//676 1362//676 708//676
f 139//231 703//231 1363//231
f 140//232 710//232 1363//232
f 1363//232 710//232 144//232
f 1363//231 711//231 143//231
f 705//233 1364//233 710//233
f 705//234 141//234 712//234
f 1364//234 712//234 145//234
f 1364//233 713//233 144//233
f 707//235 1365//235 712//235
f 707//236 142//236 714//236
f 1365//236 714//236 146//236
f 1365//235 715//235 145//235
f 708//237 1366//237 714//237
f 708//238 139//238 709//238
f 1366//238 709//238 143//238
f 1366//237 716//237 146//237
f 711//231 1367//231 717//231
f 144//232 718//232 1367//232
f 1367//232 718//232 148//232
f 1367//231 719//231 147//231
f 713//233 1368//233 718//233
f 145//234 720//234 1368//234
f 1368//234 720//234 149//234
f 1368//233 721//233 148//233
f 145//235 715//235 1369//235
f 146//236 722//236 1369//236
f 722//236 150//236 723//236
f 720//235 1369//235 723//235
f 716//237 1370//237 722//237
f 143//238 717//238 1370//238
f 1370//238 717//238 147//238
f 1370//237 724//237 150//237
f 147//231 719//231 1371//231
f 148//232 726//232 1371//232
f 1371//232 726//232 152//232
f 1371//231 727//231 151//231
f 721//233 1372//233 726//233
f 721//234 149//234 728//234
f 728//234 153//234 729//234
f 726//233 1372//233 729//233
f 723//235 1373//235 728//235
f 723//236 150//236 730//236
f 730//236 154//236 731//236
f 1373//235 731//235 153//235
f 724//237 1374//237 730//237
f 724//238 147//238 725//238
f 1374//238 725//238 151//238
f 1374//237 732//237 154//237
f 151//231 727//231 1375//231
f 727//232 152//232 734//232
f 734//232 156//232 735//232
f 733//231 1375//231 735//231
f 729//233 1376//233 734//233
f 153//234 736//234 1376//234
f 1376//234 736//234 157//234
f 734//233 1376//233 737//233
f 153//235 731//235 1377//235
f 154//236 738//236 1377//236
f 738//236 158//236 739//236
f 1377//235 739//235 157//235
f 154//237 732//237 1378//237
f 151//238 733//238 1378//238
f 733//238 155//238 740//238
f 738//237 1378//237 740//237
f 155//231 735//231 1379//231
f 156//232 742//232 1379//232
f 742//232 160//232 743//232
f 1379//231 743//231 159//231
f 737//233 1380//233 742//233
f 157//234 744//234 1380//234
f 744//234 161//234 745//234
f 1380//233 745//233 160//233
f 157//235 739//235 1381//235
f 158//236 746//236 1381//236
f 746//236 162//236 747//236
f 744//235 1381//235 747//235
f 740//237 1382//237 746//237
f 155//238 741//238 1382//238
f 1382//238 741//238 159//238
f 1382//237 748//237 162//237
f 743//231 1383//231 749//231
f 743//232 160//232 750//232
f 750//232 164//232 751//232
f 1383//231 751//231 163//231
f 160//233 745//233 1384//233
f 745//234 161//234 752//234
f 752//234 165//234 753//234
f 750//233 1384//233 753//233
f 747//235 1385//235 752//235
f 747//236 162//236 754//236
f 754//236 166//236 755//236
f 752//235 1385//235 755//235
f 748//237 1386//237 754//237
f 159//238 749//238 1386//238
f 749//238 163//238 756//238
f 1386//237 756//237 166//237
f 163//231 751//231 1387//231
f 751//232 164//232 758//232
f 1387//232 758//232 168//232
f 1387//231 759//231 167//231
f 753//233 1388//233 758//233
f 165//234 760//234 1388//234
f 1388//234 760//234 169//234
f 1388//233 761//233 168//233
f 755//235 1389//235 760//235
f 166//236 762//236 1389//236
f 1389//236 762//236 170//236
f 760//235 1389//235 763//235
f 756//237 1390//237 762//237
f 163//238 757//238 1390//238
f 1390//238 757//238 167//238
f 1390//237 764//237 170//237
f 167//231 759//231 1391//231
f 759//232 168//232 766//232
f 766//232 172//232 767//232
f 765//231 1391//231 767//231
f 168//233 761//233 1392//233
f 169//234 768//234 1392//234
f 1392//234 768//234 173//234
f 766//233 1392//233 769//233
f 763//235 1393//235 768//235
f 763//236 170//236 770//236
f 770//236 174//236 771//236
f 768//235 1393//235 771//235
f 764//237 1394//237 770//237
f 167//238 765//238 1394//238
f 765//238 171//238 772//238
f 1394//237 772//237 174//237
f 767//231 1395//231 773//231
f 767//232 172//232 774//232
f 774//232 176//232 775//232
f 773//231 1395//231 775//231
f 172//233 769//233 1396//233
f 173//234 776//234 1396//234
f 776//234 177//234 777//234
f 774//233 1396//233 777//233
f 173//235 771//235 1397//235
f 174//236 778//236 1397//236
f 778//236 178//236 779//236
f 1397//235 779//235 177//235
f 174//237 772//237 1398//237
f 171//238 773//238 1398//238
f 773//238 175//238 780//238
f 778//237 1398//237 780//237
f 175//231 775//231 1399//231
f 176//232 782//232 1399//232
f 782//232 180//232 783//232
f 1399//231 783//231 179//231
f 777//233 1400//233 782//233
f 777//234 177//234 784//234
f 1400//234 784//234 181//234
f 782//233 1400//233 785//233
f 779//235 1401//235 784//235
f 779//236 178//236 786//236
f 1401//236 786//236 182//236
f 1401//235 787//235 181//235
f 780//237 1402//237 786//237
f 175//238 781//238 1402//238
f 1402//238 781//238 179//238
f 1402//237 788//237 182//237
f 179//677 783//677 1403//677
f 180//678 790//678 1403//678
f 790//679 184//679 791//679
f 789//680 1403//680 791//680
f 785//681 1404//681 790//681
f 181//682 792//682 1404//682
f 792//683 185//683 793//683
f 1404//684 793//684 184//684
f 787//685 1405//685 792//685
f 787//225 182//225 794//225
f 1405//686 794//686 186//686
f 1405//687 795//687 185//687
f 182//688 788//688 1406//688
f 788//689 179//689 789//689
f 1406//690 789//690 183//690
f 794//691 1406//691 796//691
f 183//692 791//692 1407//692
f 184//693 798//693 1407//693
f 798//694 132//694 690//694
f 797//695 1407//695 690//695
f 793//696 1408//696 798//696
f 185//697 799//697 1408//697
f 799//698 187//698 414//698
f 798//699 1408//699 414//699
f 185//700 795//700 1409//700
f 186//701 800//701 1409//701
f 800//702 188//702 419//702
f 799//703 1409//703 419//703
f 186//704 796//704 1410//704
f 183//705 797//705 1410//705
f 797//706 131//706 420//706
f 1410//707 420//707 188//707
f 191//708 802//708 1411//708
f 192//709 803//709 1411//709
f 803//710 190//710 404//710
f 801//711 1411//711 404//711
f 804//712 1412//712 803//712
f 193//713 805//713 1412//713
f 805//714 133//714 408//714
f 803//715 1412//715 408//715
f 193//716 806//716 1413//716
f 194//717 807//717 1413//717
f 807//718 134//718 697//718
f 805//719 1413//719 697//719
f 194//720 808//720 1414//720
f 808//721 191//721 801//721
f 801//722 189//722 416//722
f 807//723 1414//723 416//723
f 195//303 810//303 1415//303
f 196//289 811//289 1415//289
f 811//724 192//724 802//724
f 809//287 1415//287 802//287
f 196//725 812//725 1416//725
f 812//726 197//726 813//726
f 1416//727 813//727 193//727
f 811//728 1416//728 804//728
f 197//729 814//729 1417//729
f 198//730 815//730 1417//730
f 815//731 194//731 806//731
f 813//732 1417//732 806//732
f 816//733 1418//733 815//733
f 195//734 809//734 1418//734
f 809//735 191//735 808//735
f 1418//736 808//736 194//736
f 818//303 1419//303 817//303
f 818//288 200//288 819//288
f 819//288 196//288 810//288
f 817//303 1419//303 810//303
f 200//304 820//304 1420//304
f 201//305 821//305 1420//305
f 821//305 197//305 812//305
f 819//304 1420//304 812//304
f 822//306 1421//306 821//306
f 202//307 823//307 1421//307
f 823//307 198//307 814//307
f 821//306 1421//306 814//306
f 824//308 1422//308 823//308
f 824//309 199//309 817//309
f 817//309 195//309 816//309
f 823//308 1422//308 816//308
f 826//303 1423//303 825//303
f 826//288 204//288 827//288
f 1423//288 827//288 200//288
f 1423//303 818//303 199//303
f 828//304 1424//304 827//304
f 205//305 829//305 1424//305
f 1424//305 829//305 201//305
f 827//304 1424//304 820//304
f 830//306 1425//306 829//306
f 830//307 206//307 831//307
f 1425//307 831//307 202//307
f 829//306 1425//306 822//306
f 206//308 832//308 1426//308
f 832//309 203//309 825//309
f 825//309 199//309 824//309
f 1426//308 824//308 202//308
f 834//303 1427//303 833//303
f 208//288 835//288 1427//288
f 1427//288 835//288 204//288
f 1427//303 826//303 203//303
f 208//304 836//304 1428//304
f 836//305 209//305 837//305
f 837//305 205//305 828//305
f 1428//304 828//304 204//304
f 838//306 1429//306 837//306
f 838//307 210//307 839//307
f 1429//307 839//307 206//307
f 1429//306 830//306 205//306
f 210//308 840//308 1430//308
f 840//309 207//309 833//309
f 1430//309 833//309 203//309
f 1430//308 832//308 206//308
f 842//303 1431//303 841//303
f 842//288 212//288 843//288
f 1431//288 843//288 208//288
f 841//303 1431//303 834//303
f 844//304 1432//304 843//304
f 213//305 845//305 1432//305
f 845//305 209//305 836//305
f 1432//304 836//304 208//304
f 846//306 1433//306 845//306
f 846//307 214//307 847//307
f 1433//307 847//307 210//307
f 1433//306 838//306 209//306
f 848//308 1434//308 847//308
f 848//309 211//309 841//309
f 841//309 207//309 840//309
f 847//308 1434//308 840//308
f 215//303 850//303 1435//303
f 216//288 851//288 1435//288
f 1435//288 851//288 212//288
f 1435//303 842//303 211//303
f 852//304 1436//304 851//304
f 852//305 217//305 853//305
f 1436//305 853//305 213//305
f 851//304 1436//304 844//304
f 854//306 1437//306 853//306
f 854//307 218//307 855//307
f 855//307 214//307 846//307
f 1437//306 846//306 213//306
f 856//308 1438//308 855//308
f 215//309 849//309 1438//309
f 1438//309 849//309 211//309
f 1438//308 848//308 214//308
f 219//303 858//303 1439//303
f 220//288 859//288 1439//288
f 859//288 216//288 850//288
f 857//303 1439//303 850//303
f 220//304 860//304 1440//304
f 221//305 861//305 1440//305
f 1440//305 861//305 217//305
f 1440//304 852//304 216//304
f 221//306 862//306 1441//306
f 222//307 863//307 1441//307
f 1441//307 863//307 218//307
f 1441//306 854//306 217//306
f 222//308 864//308 1442//308
f 219//309 857//309 1442//309
f 1442//309 857//309 215//309
f 863//308 1442//308 856//308
f 866//303 1443//303 865//303
f 224//288 867//288 1443//288
f 867//288 220//288 858//288
f 1443//303 858//303 219//303
f 868//304 1444//304 867//304
f 225//305 869//305 1444//305
f 869//305 221//305 860//305
f 867//304 1444//304 860//304
f 225//306 870//306 1445//306
f 226//307 871//307 1445//307
f 871//307 222//307 862//307
f 869//306 1445//306 862//306
f 226//308 872//308 1446//308
f 872//309 223//309 865//309
f 865//309 219//309 864//309
f 871//308 1446//308 864//308
f 874//303 1447//303 873//303
f 228//288 875//288 1447//288
f 875//288 224//288 866//288
f 1447//303 866//303 223//303
f 876//304 1448//304 875//304
f 229//305 877//305 1448//305
f 877//305 225//305 868//305
f 875//304 1448//304 868//304
f 878//306 1449//306 877//306
f 878//307 230//307 879//307
f 1449//307 879//307 226//307
f 1449//306 870//306 225//306
f 880//308 1450//308 879//308
f 880//309 227//309 873//309
f 1450//309 873//309 223//309
f 879//308 1450//308 872//308
f 882//303 1451//303 881//303
f 882//288 232//288 883//288
f 883//288 228//288 874//288
f 881//303 1451//303 874//303
f 884//304 1452//304 883//304
f 884//305 233//305 885//305
f 885//305 229//305 876//305
f 883//304 1452//304 876//304
f 886//306 1453//306 885//306
f 234//307 887//307 1453//307
f 1453//307 887//307 230//307
f 1453//306 878//306 229//306
f 888//308 1454//308 887//308
f 888//309 231//309 881//309
f 881//309 227//309 880//309
f 1454//308 880//308 230//308
f 235//303 890//303 1455//303
f 890//288 236//288 891//288
f 1455//288 891//288 232//288
f 1455//303 882//303 231//303
f 892//304 1456//304 891//304
f 892//305 237//305 893//305
f 1456//305 893//305 233//305
f 1456//304 884//304 232//304
f 894//306 1457//306 893//306
f 238//307 895//307 1457//307
f 895//307 234//307 886//307
f 1457//306 886//306 233//306
f 238//308 896//308 1458//308
f 235//309 889//309 1458//309
f 1458//309 889//309 231//309
f 1458//308 888//308 234//308
f 239//303 898//303 1459//303
f 240//288 899//288 1459//288
f 899//288 236//288 890//288
f 897//303 1459//303 890//303
f 240//304 900//304 1460//304
f 241//305 901//305 1460//305
f 901//305 237//305 892//305
f 899//304 1460//304 892//304
f 241//306 902//306 1461//306
f 242//307 903//307 1461//307
f 903//307 238//307 894//307
f 1461//306 894//306 237//306
f 242//308 904//308 1462//308
f 239//309 897//309 1462//309
f 897//309 235//309 896//309
f 903//308 1462//308 896//308
f 243//303 906//303 1463//303
f 244//288 907//288 1463//288
f 907//288 240//288 898//288
f 905//303 1463//303 898//303
f 908//304 1464//304 907//304
f 245//305 909//305 1464//305
f 909//305 241//305 900//305
f 907//304 1464//304 900//304
f 245//306 910//306 1465//306
f 246//307 911//307 1465//307
f 911//307 242//307 902//307
f 909//306 1465//306 902//306
f 246//308 912//308 1466//308
f 912//309 243//309 905//309
f 1466//309 905//309 239//309
f 911//308 1466//308 904//308
f 914//303 1467//303 913//303
f 248//288 915//288 1467//288
f 915//288 244//288 906//288
f 1467//303 906//303 243//303
f 916//304 1468//304 915//304
f 249//305 917//305 1468//305
f 1468//305 917//305 245//305
f 915//304 1468//304 908//304
f 249//306 918//306 1469//306
f 250//307 919//307 1469//307
f 919//307 246//307 910//307
f 1469//306 910//306 245//306
f 250//308 920//308 1470//308
f 920//309 247//309 913//309
f 913//309 243//309 912//309
f 1470//308 912//308 246//308
f 251//303 922//303 1471//303
f 252//288 923//288 1471//288
f 923//288 248//288 914//288
f 921//303 1471//303 914//303
f 252//304 924//304 1472//304
f 924//305 253//305 925//305
f 925//305 249//305 916//305
f 1472//304 916//304 248//304
f 253//306 926//306 1473//306
f 254//307 927//307 1473//307
f 1473//307 927//307 250//307
f 925//306 1473//306 918//306
f 254//308 928//308 1474//308
f 251//309 921//309 1474//309
f 1474//309 921//309 247//309
f 1474//308 920//308 250//308
f 930//303 1475//303 929//303
f 930//288 256//288 931//288
f 931//288 252//288 922//288
f 929//303 1475//303 922//303
f 256//304 932//304 1476//304
f 932//305 257//305 933//305
f 933//305 253//305 924//305
f 1476//311 924//311 252//311
f 934//306 1477//306 933//306
f 258//307 935//307 1477//307
f 935//307 254//307 926//307
f 933//306 1477//306 926//306
f 258//308 936//308 1478//308
f 255//309 929//309 1478//309
f 929//309 251//309 928//309
f 935//310 1478//310 928//310
f 938//303 1479//303 937//303
f 938//288 260//288 939//288
f 1479//288 939//288 256//288
f 1479//303 930//303 255//303
f 940//304 1480//304 939//304
f 261//305 941//305 1480//305
f 1480//305 941//305 257//305
f 1480//304 932//304 256//304
f 261//306 942//306 1481//306
f 262//307 943//307 1481//307
f 1481//307 943//307 258//307
f 1481//306 934//306 257//306
f 944//308 1482//308 943//308
f 944//309 259//309 937//309
f 1482//309 937//309 255//309
f 943//308 1482//308 936//308
f 946//737 1483//737 945//737
f 946//738 264//738 947//738
f 1483//739 947//739 260//739
f 1483//740 938//740 259//740
f 264//741 948//741 1484//741
f 265//742 949//742 1484//742
f 949//743 261//743 940//743
f 947//744 1484//744 940//744
f 950//745 1485//745 949//745
f 950//746 266//746 951//746
f 1485//747 951//747 262//747
f 1485//748 942//748 261//748
f 266//749 952//749 1486//749
f 263//750 945//750 1486//750
f 945//751 259//751 944//751
f 951//752 1486//752 944//752
f 954//753 1487//753 953//753
f 954//754 268//754 955//754
f 1487//755 955//755 264//755
f 1487//756 946//756 263//756
f 444//757 1488//757 955//757
f 444//758 269//758 956//758
f 956//759 265//759 948//759
f 955//760 1488//760 948//760
f 957//761 1489//761 956//761
f 957//762 270//762 958//762
f 1489//763 958//763 266//763
f 1489//764 950//764 265//764
f 446//765 1490//765 958//765
f 446//766 267//766 953//766
f 953//767 263//767 952//767
f 958//768 1490//768 952//768
f 271//769 435//769 1491//769
f 435//770 272//770 960//770
f 1491//771 960//771 276//771
f 959//772 1491//772 961//772
f 272//773 431//773 1492//773
f 273//774 962//774 1492//774
f 962//775 277//775 963//775
f 1492//776 963//776 276//776
f 437//777 1493//777 962//777
f 437//778 274//778 964//778
f 1493//779 964//779 278//779
f 1493//780 965//780 277//780
f 422//781 1494//781 964//781
f 422//782 271//782 959//782
f 1494//783 959//783 275//783
f 1494//784 966//784 278//784
f 961//361 1495//361 967//361
f 961//362 276//362 968//362
f 1495//362 968//362 280//362
f 1495//361 969//361 279//361
f 963//363 1496//363 968//363
f 963//364 277//364 970//364
f 1496//364 970//364 281//364
f 1496//363 971//363 280//363
f 965//365 1497//365 970//365
f 965//366 278//366 972//366
f 1497//366 972//366 282//366
f 970//365 1497//365 973//365
f 966//367 1498//367 972//367
f 966//368 275//368 967//368
f 967//368 279//368 974//368
f 1498//367 974//367 282//367
f 279//361 969//361 1499//361
f 280//362 976//362 1499//362
f 976//362 284//362 977//362
f 975//785 1499//785 977//785
f 971//363 1500//363 976//363
f 281//364 978//364 1500//364
f 978//364 285//364 979//364
f 1500//363 979//363 284//363
f 281//365 973//365 1501//365
f 282//366 980//366 1501//366
f 1501//366 980//366 286//366
f 1501//371 981//371 285//371
f 974//367 1502//367 980//367
f 279//368 975//368 1502//368
f 1502//368 975//368 283//368
f 980//367 1502//367 982//367
f 977//361 1503//361 983//361
f 977//362 284//362 984//362
f 984//362 288//362 985//362
f 983//361 1503//361 985//361
f 979//363 1504//363 984//363
f 979//364 285//364 986//364
f 986//364 289//364 987//364
f 984//363 1504//363 987//363
f 981//365 1505//365 986//365
f 981//366 286//366 988//366
f 1505//366 988//366 290//366
f 1505//365 989//365 289//365
f 982//367 1506//367 988//367
f 283//368 983//368 1506//368
f 1506//368 983//368 287//368
f 988//367 1506//367 990//367
f 985//361 1507//361 991//361
f 985//362 288//362 992//362
f 1507//362 992//362 292//362
f 1507//361 993//361 291//361
f 987//363 1508//363 992//363
f 987//364 289//364 994//364
f 1508//364 994//364 293//364
f 1508//363 995//363 292//363
f 289//365 989//365 1509//365
f 290//366 996//366 1509//366
f 1509//366 996//366 294//366
f 1509//365 997//365 293//365
f 990//367 1510//367 996//367
f 287//368 991//368 1510//368
f 1510//368 991//368 291//368
f 996//367 1510//367 998//367
f 291//361 993//361 1511//361
f 292//362 1000//362 1511//362
f 1511//362 1000//362 296//362
f 1511//361 1001//361 295//361
f 995//363 1512//363 1000//363
f 293//364 1002//364 1512//364
f 1512//364 1002//364 297//364
f 1000//363 1512//363 1003//363
f 997//365 1513//365 1002//365
f 997//370 294//370 1004//370
f 1004//366 298//366 1005//366
f 1002//365 1513//365 1005//365
f 294//367 998//367 1514//367
f 998//368 291//368 999//368
f 999//368 295//368 1006//368
f 1514//367 1006//367 298//367
f 1001//361 1515//361 1007//361
f 296//362 1008//362 1515//362
f 1008//362 300//362 1009//362
f 1515//361 1009//361 299//361
f 296//363 1003//363 1516//363
f 1003//364 297//364 1010//364
f 1010//364 301//364 1011//364
f 1516//363 1011//363 300//363
f 297//365 1005//365 1517//365
f 298//366 1012//366 1517//366
f 1012//366 302//366 1013//366
f 1517//365 1013//365 301//365
f 298//367 1006//367 1518//367
f 1006//368 295//368 1007//368
f 1007//368 299//368 1014//368
f 1518//367 1014//367 302//367
f 299//361 1009//361 1519//361
f 300//362 1016//362 1519//362
f 1519//362 1016//362 304//362
f 1015//361 1519//361 1017//361
f 300//363 1011//363 1520//363
f 301//364 1018//364 1520//364
f 1018//364 305//364 1019//364
f 1520//363 1019//363 304//363
f 1013//371 1521//371 1018//371
f 1013//366 302//366 1020//366
f 1521//366 1020//366 306//366
f 1018//371 1521//371 1021//371
f 302//367 1014//367 1522//367
f 1014//368 299//368 1015//368
f 1015//368 303//368 1022//368
f 1522//367 1022//367 306//367
f 303//361 1017//361 1523//361
f 304//362 1024//362 1523//362
f 1523//362 1024//362 308//362
f 1023//361 1523//361 1025//361
f 1019//363 1524//363 1024//363
f 1019//364 305//364 1026//364
f 1026//364 309//364 1027//364
f 1024//363 1524//363 1027//363
f 1021//365 1525//365 1026//365
f 1021//366 306//366 1028//366
f 1525//366 1028//366 310//366
f 1525//365 1029//365 309//365
f 306//367 1022//367 1526//367
f 1022//368 303//368 1023//368
f 1526//368 1023//368 307//368
f 1028//367 1526//367 1030//367
f 1025//361 1527//361 1031//361
f 1025//362 308//362 1032//362
f 1032//362 312//362 1033//362
f 1031//361 1527//361 1033//361
f 308//363 1027//363 1528//363
f 1027//364 309//364 1034//364
f 1034//364 313//364 1035//364
f 1528//363 1035//363 312//363
f 1029//365 1529//365 1034//365
f 1029//366 310//366 1036//366
f 1529//366 1036//366 314//366
f 1529//365 1037//365 313//365
f 310//367 1030//367 1530//367
f 307//368 1031//368 1530//368
f 1530//368 1031//368 311//368
f 1036//367 1530//367 1038//367
f 1033//361 1531//361 1039//361
f 1033//362 312//362 1040//362
f 1531//362 1040//362 316//362
f 1531//361 1041//361 315//361
f 1035//363 1532//363 1040//363
f 313//364 1042//364 1532//364
f 1532//364 1042//364 317//364
f 1532//363 1043//363 316//363
f 313//365 1037//365 1533//365
f 314//366 1044//366 1533//366
f 1044//366 318//366 1045//366
f 1042//365 1533//365 1045//365
f 314//367 1038//367 1534//367
f 311//368 1039//368 1534//368
f 1039//368 315//368 1046//368
f 1044//367 1534//367 1046//367
f 315//361 1041//361 1535//361
f 316//362 1048//362 1535//362
f 1048//362 320//362 1049//362
f 1047//361 1535//361 1049//361
f 316//363 1043//363 1536//363
f 1043//364 317//364 1050//364
f 1536//364 1050//364 321//364
f 1536//363 1051//363 320//363
f 1045//365 1537//365 1050//365
f 1045//366 318//366 1052//366
f 1052//366 322//366 1053//366
f 1050//365 1537//365 1053//365
f 1046//367 1538//367 1052//367
f 315//368 1047//368 1538//368
f 1538//368 1047//368 319//368
f 1538//367 1054//367 322//367
f 1049//361 1539//361 1055//361
f 1049//362 320//362 1056//362
f 1056//362 324//362 1057//362
f 1055//361 1539//361 1057//361
f 320//363 1051//363 1540//363
f 1051//364 321//364 1058//364
f 1058//364 325//364 1059//364
f 1540//363 1059//363 324//363
f 321//365 1053//365 1541//365
f 322//366 1060//366 1541//366
f 1060//366 326//366 1061//366
f 1541//365 1061//365 325//365
f 322//367 1054//367 1542//367
f 319//368 1055//368 1542//368
f 1542//368 1055//368 323//368
f 1060//367 1542//367 1062//367
f 1057//361 1543//361 1063//361
f 324//369 1064//369 1543//369
f 1064//362 328//362 1065//362
f 1063//361 1543//361 1065//361
f 1059//363 1544//363 1064//363
f 325//364 1066//364 1544//364
f 1066//364 329//364 1067//364
f 1064//363 1544//363 1067//363
f 325//365 1061//365 1545//365
f 326//366 1068//366 1545//366
f 1068//366 330//366 1069//366
f 1066//365 1545//365 1069//365
f 1062//367 1546//367 1068//367
f 323//368 1063//368 1546//368
f 1063//368 327//368 1070//368
f 1068//367 1546//367 1070//367
f 327//786 1065//786 1547//786
f 328//787 1072//787 1547//787
f 1072//788 332//788 1073//788
f 1071//789 1547//789 1073//789
f 1067//790 1548//790 1072//790
f 329//791 1074//791 1548//791
f 1074//792 333//792 1075//792
f 1548//793 1075//793 332//793
f 1069//794 1549//794 1074//794
f 1069//795 330//795 1076//795
f 1549//796 1076//796 334//796
f 1549//797 1077//797 333//797
f 330//798 1070//798 1550//798
f 1070//799 327//799 1071//799
f 1550//800 1071//800 331//800
f 1076//801 1550//801 1078//801
f 331//802 1073//802 1551//802
f 332//803 1080//803 1551//803
f 1080//804 270//804 957//804
f 1079//805 1551//805 957//805
f 1075//806 1552//806 1080//806
f 1075//807 333//807 1081//807
f 1552//808 1081//808 335//808
f 1080//809 1552//809 448//809
f 333//810 1077//810 1553//810
f 334//811 1082//811 1553//811
f 1082//812 336//812 451//812
f 1081//813 1553//813 451//813
f 1078//814 1554//814 1082//814
f 1078//815 331//815 1079//815
f 1079//816 269//816 442//816
f 1554//817 442//817 336//817
f 339//818 1084//818 1555//818
f 340//819 1085//819 1555//819
f 1085//820 268//820 954//820
f 1083//821 1555//821 954//821
f 1086//822 1556//822 1085//822
f 1086//823 341//823 1087//823
f 1556//824 1087//824 337//824
f 1085//825 1556//825 412//825
f 341//826 1088//826 1557//826
f 342//827 1089//827 1557//827
f 1089//828 338//828 429//828
f 1087//829 1557//829 429//829
f 1090//830 1558//830 1089//830
f 1090//831 339//831 1083//831
f 1083//832 267//832 439//832
f 1558//833 439//833 338//833
f 343//834 1092//834 1559//834
f 344//835 1093//835 1559//835
f 1093//836 340//836 1084//836
f 1091//837 1559//837 1084//837
f 1094//838 1560//838 1093//838
f 345//839 1095//839 1560//839
f 1095//840 341//840 1086//840
f 1560//841 1086//841 340//841
f 1096//842 1561//842 1095//842
f 1096//843 346//843 1097//843
f 1561//844 1097//844 342//844
f 1561//845 1088//845 341//845
f 346//846 1098//846 1562//846
f 1098//847 343//847 1091//847
f 1562//848 1091//848 339//848
f 1097//849 1562//849 1090//849
f 1100//436 1563//436 1099//436
f 1100//437 348//437 1101//437
f 1563//437 1101//437 344//437
f 1563//436 1092//436 343//436
f 1102//438 1564//438 1101//438
f 349//439 1103//439 1564//439
f 1564//439 1103//439 345//439
f 1564//438 1094//438 344//438
f 349//440 1104//440 1565//440
f 350//441 1105//441 1565//441
f 1105//441 346//441 1096//441
f 1103//440 1565//440 1096//440
f 1106//442 1566//442 1105//442
f 1106//443 347//443 1099//443
f 1099//443 343//443 1098//443
f 1566//442 1098//442 346//442
f 1108//436 1567//436 1107//436
f 1108//437 352//437 1109//437
f 1109//437 348//437 1100//437
f 1567//436 1100//436 347//436
f 352//438 1110//438 1568//438
f 353//439 1111//439 1568//439
f 1568//439 1111//439 349//439
f 1568//438 1102//438 348//438
f 1112//440 1569//440 1111//440
f 1112//441 354//441 1113//441
f 1569//441 1113//441 350//441
f 1569//440 1104//440 349//440
f 1114//442 1570//442 1113//442
f 1114//443 351//443 1107//443
f 1570//443 1107//443 347//443
f 1570//442 1106//442 350//442
f 355//436 1116//436 1571//436
f 356//437 1117//437 1571//437
f 1117//437 352//437 1108//437
f 1571//436 1108//436 351//436
f 356//438 1118//438 1572//438
f 357//439 1119//439 1572//439
f 1572//439 1119//439 353//439
f 1117//438 1572//438 1110//438
f 357//440 1120//440 1573//440
f 358//441 1121//441 1573//441
f 1121//441 354//441 1112//441
f 1119//440 1573//440 1112//440
f 358//442 1122//442 1574//442
f 355//443 1115//443 1574//443
f 1574//443 1115//443 351//443
f 1574//442 1114//442 354//442
f 1124//436 1575//436 1123//436
f 1124//437 360//437 1125//437
f 1125//437 356//437 1116//437
f 1575//436 1116//436 355//436
f 1126//438 1576//438 1125//438
f 361//439 1127//439 1576//439
f 1127//439 357//439 1118//439
f 1576//438 1118//438 356//438
f 1128//440 1577//440 1127//440
f 1128//441 362//441 1129//441
f 1577//441 1129//441 358//441
f 1577//440 1120//440 357//440
f 362//442 1130//442 1578//442
f 1130//443 359//443 1123//443
f 1123//443 355//443 1122//443
f 1578//442 1122//442 358//442
f 363//444 1132//444 1579//444
f 364//437 1133//437 1579//437
f 1579//437 1133//437 360//437
f 1579//436 1124//436 359//436
f 364//438 1134//438 1580//438
f 365//439 1135//439 1580//439
f 1135//439 361//439 1126//439
f 1580//438 1126//438 360//438
f 365//447 1136//447 1581//447
f 366//441 1137//441 1581//441
f 1581//441 1137//441 362//441
f 1581//440 1128//440 361//440
f 366//442 1138//442 1582//442
f 363//443 1131//443 1582//443
f 1131//443 359//443 1130//443
f 1582//442 1130//442 362//442
f 367//436 1140//436 1583//436
f 368//437 1141//437 1583//437
f 1141//445 364//445 1132//445
f 1139//436 1583//436 1132//436
f 1142//438 1584//438 1141//438
f 369//439 1143//439 1584//439
f 1584//439 1143//439 365//439
f 1141//438 1584//438 1134//438
f 1144//440 1585//440 1143//440
f 1144//441 370//441 1145//441
f 1585//446 1145//446 366//446
f 1585//440 1136//440 365//440
f 370//442 1146//442 1586//442
f 1146//443 367//443 1139//443
f 1139//443 363//443 1138//443
f 1145//442 1586//442 1138//442
f 371//436 1148//436 1587//436
f 1148//437 372//437 1149//437
f 1149//437 368//437 1140//437
f 1147//436 1587//436 1140//436
f 1150//438 1588//438 1149//438
f 1150//439 373//439 1151//439
f 1588//439 1151//439 369//439
f 1149//438 1588//438 1142//438
f 373//440 1152//440 1589//440
f 374//441 1153//441 1589//441
f 1153//441 370//441 1144//441
f 1151//447 1589//447 1144//447
f 374//442 1154//442 1590//442
f 1154//443 371//443 1147//443
f 1147//443 367//443 1146//443
f 1590//442 1146//442 370//442
f 1156//436 1591//436 1155//436
f 1156//437 376//437 1157//437
f 1591//437 1157//437 372//437
f 1155//436 1591//436 1148//436
f 1158//438 1592//438 1157//438
f 377//439 1159//439 1592//439
f 1592//439 1159//439 373//439
f 1592//438 1150//438 372//438
f 1160//440 1593//440 1159//440
f 1160//441 378//441 1161//441
f 1161//446 374//446 1152//446
f 1159//440 1593//440 1152//440
f 1162//442 1594//442 1161//442
f 375//443 1155//443 1594//443
f 1594//443 1155//443 371//443
f 1594//442 1154//442 374//442
f 1164//436 1595//436 1163//436
f 1164//437 380//437 1165//437
f 1165//437 376//437 1156//437
f 1595//436 1156//436 375//436
f 380//438 1166//438 1596//438
f 381//439 1167//439 1596//439
f 1596//439 1167//439 377//439
f 1596//438 1158//438 376//438
f 381//440 1168//440 1597//440
f 382//441 1169//441 1597//441
f 1169//441 378//441 1160//441
f 1167//440 1597//440 1160//440
f 382//442 1170//442 1598//442
f 379//443 1163//443 1598//443
f 1598//443 1163//443 375//443
f 1598//442 1162//442 378//442
f 383//436 1172//436 1599//436
f 384//437 1173//437 1599//437
f 1173//437 380//437 1164//437
f 1171//436 1599//436 1164//436
f 384//438 1174//438 1600//438
f 385//439 1175//439 1600//439
f 1175//439 381//439 1166//439
f 1600//438 1166//438 380//438
f 1176//440 1601//440 1175//440
f 386//441 1177//441 1601//441
f 1177//441 382//441 1168//441
f 1175//447 1601//447 1168//447
f 386//442 1178//442 1602//442
f 1178//443 383//443 1171//443
f 1171//443 379//443 1170//443
f 1177//442 1602//442 1170//442
f 387//436 1180//436 1603//436
f 388//437 1181//437 1603//437
f 1181//437 384//437 1172//437
f 1179//436 1603//436 1172//436
f 388//438 1182//438 1604//438
f 389//439 1183//439 1604//439
f 1604//439 1183//439 385//439
f 1181//438 1604//438 1174//438
f 1184//440 1605//440 1183//440
f 1184//441 390//441 1185//441
f 1605//446 1185//446 386//446
f 1605//440 1176//440 385//440
f 390//442 1186//442 1606//442
f 387//443 1179//443 1606//443
f 1606//443 1179//443 383//443
f 1606//442 1178//442 386//442
f 1188//436 1607//436 1187//436
f 1188//437 392//437 1189//437
f 1189//437 388//437 1180//437
f 1187//436 1607//436 1180//436
f 1190//438 1608//438 1189//438
f 1190//439 393//439 1191//439
f 1608//439 1191//439 389//439
f 1189//438 1608//438 1182//438
f 393//440 1192//440 1609//440
f 394//441 1193//441 1609//441
f 1193//441 390//441 1184//441
f 1191//447 1609//447 1184//447
f 394//442 1194//442 1610//442
f 1194//443 391//443 1187//443
f 1187//443 387//443 1186//443
f 1610//442 1186//442 390//442
f 395//436 1196//436 1611//436
f 396//437 1197//437 1611//437
f 1197//437 392//437 1188//437
f 1611//436 1188//436 391//436
f 1198//438 1612//438 1197//438
f 397//439 1199//439 1612//439
f 1199//439 393//439 1190//439
f 1197//438 1612//438 1190//438
f 1200//440 1613//440 1199//440
f 1200//441 398//441 1201//441
f 1613//441 1201//441 394//441
f 1613//440 1192//440 393//440
f 398//442 1202//442 1614//442
f 1202//443 395//443 1195//443
f 1614//443 1195//443 391//443
f 1614//442 1194//442 394//442
f 1204//444 1615//444 1203//444
f 1204//437 400//437 1205//437
f 1205//437 396//437 1196//437
f 1203//436 1615//436 1196//436
f 400//438 1206//438 1616//438
f 1206//439 401//439 1207//439
f 1616//439 1207//439 397//439
f 1616//438 1198//438 396//438
f 401//447 1208//447 1617//447
f 402//441 1209//441 1617//441
f 1209//446 398//446 1200//446
f 1207//440 1617//440 1200//440
f 1210//442 1618//442 1209//442
f 399//443 1203//443 1618//443
f 1203//443 395//443 1202//443
f 1209//442 1618//442 1202//442
f 5//850 438//850 1619//850
f 6//851 1212//851 1619//851
f 1212//852 400//852 1204//852
f 1211//853 1619//853 1204//853
f 6//854 443//854 1620//854
f 7//855 1213//855 1620//855
f 1213//856 401//856 1206//856
f 1212//857 1620//857 1206//857
f 7//858 450//858 1621//858
f 8//859 1214//859 1621//859
f 1214//860 402//860 1208//860
f 1213//861 1621//861 1208//861
f 8//862 452//862 1622//862
f 5//863 1211//863 1622//863
f 1211//864 399//864 1210//864
f 1214//865 1622//865 1210//865
o Bici_Tija
v -0.141288 0.491967 -0.012000
v -0.178712 0.668033 -0.012000
v -0.138998 0.492453 -0.011769
v -0.176422 0.668520 -0.011769
v -0.136796 0.492921 -0.011087
v -0.174220 0.668988 -0.011087
v -0.134767 0.493353 -0.009978
v -0.172191 0.669419 -0.009978
v -0.132988 0.493731 -0.008485
v -0.170412 0.669797 -0.008485
v -0.131528 0.494041 -0.006667
v -0.168952 0.670108 -0.006667
v -0.130444 0.494272 -0.004592
v -0.167868 0.670338 -0.004592
v -0.129776 0.494414 -0.002341
v -0.167200 0.670480 -0.002341
v -0.129550 0.494462 0.000000
v -0.166974 0.670528 0.000000
v -0.129776 0.494414 0.002341
v -0.167200 0.670480 0.002341
v -0.130444 0.494272 0.004592
v -0.167868 0.670338 0.004592
v -0.131528 0.494041 0.006667
v -0.168952 0.670108 0.006667
v -0.132988 0.493731 0.008485
v -0.170412 0.669797 0.008485
v -0.134767 0.493353 0.009978
v -0.172191 0.669419 0.009978
v -0.136796 0.492921 0.011087
v -0.174220 0.668988 0.011087
v -0.138998 0.492453 0.011769
v -0.176422 0.668520 0.011769
v -0.141288 0.491967 0.012000
v -0.178712 0.668033 0.012000
v -0.143578 0.491480 0.011769
v -0.181002 0.667547 0.011769
v -0.145780 0.491012 0.011087
v -0.183204 0.667078 0.011087
v -0.147809 0.490581 0.009978
v -0.185233 0.666647 0.009978
v -0.149588 0.490203 0.008485
v -0.187012 0.666269 0.008485
v -0.151048 0.489892 0.006667
v -0.188472 0.665959 0.006667
v -0.152132 0.489662 0.004592
v -0.189556 0.665728 0.004592
v -0.152800 0.489520 0.002341
v -0.190224 0.665586 0.002341
v -0.153026 0.489472 0.000000
v -0.190450 0.665538 0.000000
v -0.152800 0.489520 -0.002341
v -0.190224 0.665586 -0.002341
v -0.152132 0.489662 -0.004592
v -0.189556 0.665728 -0.004592
v -0.151048 0.489892 -0.006667
v -0.188472 0.665959 -0.006667
v -0.149588 0.490203 -0.008485
v -0.187012 0.666269 -0.008485
v -0.147809 0.490581 -0.009978
v -0.185233 0.666647 -0.009978
v -0.145780 0.491012 -0.011087
v -0.183204 0.667078 -0.011087
v -0.143578 0.491480 -0.011769
v -0.181002 0.667547 -0.011769
vn 0.0959 0.0204 -0.9952
vn 0.2839 0.0604 -0.9569
vn 0.4611 0.0980 -0.8819
vn 0.6205 0.1319 -0.7730
vn 0.7561 0.1607 -0.6344
vn 0.8626 0.1834 -0.4714
vn 0.9360 0.1990 -0.2903
vn 0.9734 0.2069 -0.0980
vn 0.9734 0.2069 0.0980
vn 0.9360 0.1990 0.2903
vn 0.8626 0.1834 0.4714
vn 0.7561 0.1607 0.6344
vn 0.6205 0.1319 0.7730
vn 0.4611 0.0980 0.8819
vn 0.2839 0.0604 0.9569
vn 0.0959 0.0204 0.9952
vn -0.0959 -0.0204 0.9952
vn -0.2839 -0.0604 0.9569
vn -0.4611 -0.0980 0.8819
vn -0.6205 -0.1319 0.7730
vn -0.7561 -0.1607 0.6344
vn -0.8626 -0.1834 0.4714
vn -0.9360 -0.1990 0.2903
vn -0.9734 -0.2069 0.0980
vn -0.9734 -0.2069 -0.0980
vn -0.9360 -0.1990 -0.2903
vn -0.8626 -0.1834 -0.4714
vn -0.7561 -0.1607 -0.6344
vn -0.6205 -0.1319 -0.7730
vn -0.4611 -0.0980 -0.8819
vn -0.2079 0.9781 -0.0000
vn -0.2839 -0.0604 -0.9569
vn -0.0959 -0.0204 -0.9952
vn 0.2079 -0.9781 -0.0000
vn -0.2079 0.9782 -0.0000
vn 0.2079 -0.9782 -0.0000
vt 1.000000 1.000000
vt 0.968750 0.500000
vt 1.000000 0.500000
vt 0.968750 1.000000
vt 0.937500 0.500000
vt 0.937500 1.000000
vt 0.906250 0.500000
vt 0.906250 1.000000
vt 0.875000 0.500000
vt 0.875000 1.000000
vt 0.843750 0.500000
vt 0.843750 1.000000
vt 0.812500 0.500000
vt 0.812500 1.000000
vt 0.781250 0.500000
vt 0.781250 1.000000
vt 0.750000 0.500000
vt 0.750000 1.000000
vt 0.718750 0.500000
vt 0.718750 1.000000
vt 0.687500 0.500000
vt 0.687500 1.000000
vt 0.656250 0.500000
vt 0.656250 1.000000
vt 0.625000 0.500000
vt 0.625000 1.000000
vt 0.593750 0.500000
vt 0.593750 1.000000
vt 0.562500 0.500000
vt 0.562500 1.000000
vt 0.531250 0.500000
vt 0.531250 1.000000
vt 0.500000 0.500000
vt 0.500000 1.000000
vt 0.468750 0.500000
vt 0.468750 1.000000
vt 0.437500 0.500000
vt 0.437500 1.000000
vt 0.406250 0.500000
vt 0.406250 1.000000
vt 0.375000 0.500000
vt 0.375000 1.000000
vt 0.343750 0.500000
vt 0.343750 1.000000
vt 0.312500 0.500000
vt 0.312500 1.000000
vt 0.281250 0.500000
vt 0.281250 1.000000
vt 0.250000 0.500000
vt 0.250000 1.000000
vt 0.218750 0.500000
vt 0.218750 1.000000
vt 0.187500 0.500000
vt 0.187500 1.000000
vt 0.156250 0.500000
vt 0.156250 1.000000
vt 0.125000 0.500000
vt 0.125000 1.000000
vt 0.093750 0.500000
vt 0.093750 1.000000
vt 0.062500 0.500000
vt 0.158156 0.028269
vt 0.471731 0.158156
vt 0.341844 0.471731
vt 0.062500 1.000000
vt 0.031250 0.500000
vt 0.031250 1.000000
vt 0.000000 0.500000
vt 0.796822 0.014612
vt 0.514612 0.203178
vt 0.703178 0.485388
vt 0.296822 0.485388
vt 0.250000 0.490000
vt 0.203178 0.485388
vt 0.158156 0.471731
vt 0.116663 0.449553
vt 0.080294 0.419706
vt 0.050447 0.383337
vt 0.028269 0.341844
vt 0.014612 0.296822
vt 0.010000 0.250000
vt 0.014612 0.203178
vt 0.028269 0.158156
vt 0.050447 0.116663
vt 0.080294 0.080294
vt 0.116663 0.050447
vt 0.203178 0.014612
vt 0.250000 0.010000
vt 0.296822 0.014612
vt 0.341844 0.028269
vt 0.383337 0.050447
vt 0.419706 0.080294
vt 0.449553 0.116663
vt 0.485388 0.203178
vt 0.490000 0.250000
vt 0.485388 0.296822
vt 0.471731 0.341844
vt 0.449553 0.383337
vt 0.419706 0.419706
vt 0.383337 0.449553
vt 0.000000 1.000000
vt 0.750000 0.490000
vt 0.796822 0.485388
vt 0.841844 0.471731
vt 0.883337 0.449553
vt 0.919706 0.419706
vt 0.949553 0.383337
vt 0.971731 0.341844
vt 0.985388 0.296822
vt 0.990000 0.250000
vt 0.985388 0.203178
vt 0.971731 0.158156
vt 0.949553 0.116663
vt 0.919706 0.080294
vt 0.883337 0.050447
vt 0.841844 0.028269
vt 0.750000 0.010000
vt 0.703178 0.014612
vt 0.658156 0.028269
vt 0.616663 0.050447
vt 0.580294 0.080294
vt 0.550447 0.116663
vt 0.528269 0.158156
vt 0.510000 0.250000
vt 0.514612 0.296822
vt 0.528269 0.341844
vt 0.550447 0.383337
vt 0.580294 0.419706
vt 0.616663 0.449553
vt 0.658156 0.471731
s 0
f 1624/1/866 1625/2/866 1623/3/866
f 1626/4/867 1627/5/867 1625/2/867
f 1628/6/868 1629/7/868 1627/5/868
f 1630/8/869 1631/9/869 1629/7/869
f 1632/10/870 1633/11/870 1631/9/870
f 1634/12/871 1635/13/871 1633/11/871
f 1636/14/872 1637/15/872 1635/13/872
f 1638/16/873 1639/17/873 1637/15/873
f 1640/18/874 1641/19/874 1639/17/874
f 1642/20/875 1643/21/875 1641/19/875
f 1644/22/876 1645/23/876 1643/21/876
f 1646/24/877 1647/25/877 1645/23/877
f 1648/26/878 1649/27/878 1647/25/878
f 1650/28/879 1651/29/879 1649/27/879
f 1652/30/880 1653/31/880 1651/29/880
f 1654/32/881 1655/33/881 1653/31/881
f 1656/34/882 1657/35/882 1655/33/882
f 1658/36/883 1659/37/883 1657/35/883
f 1660/38/884 1661/39/884 1659/37/884
f 1662/40/885 1663/41/885 1661/39/885
f 1664/42/886 1665/43/886 1663/41/886
f 1666/44/887 1667/45/887 1665/43/887
f 1668/46/888 1669/47/888 1667/45/888
f 1670/48/889 1671/49/889 1669/47/889
f 1672/50/890 1673/51/890 1671/49/890
f 1674/52/891 1675/53/891 1673/51/891
f 1676/54/892 1677/55/892 1675/53/892
f 1678/56/893 1679/57/893 1677/55/893
f 1680/58/894 1681/59/894 1679/57/894
f 1682/60/895 1683/61/895 1681/59/895
f 1660/62/896 1644/63/896 1628/64/896
f 1684/65/897 1685/66/897 1683/61/897
f 1686/67/898 1623/68/898 1685/66/898
f 1653/69/899 1669/70/899 1685/71/899
f 1624/1/866 1626/4/866 1625/2/866
f 1626/4/867 1628/6/867 1627/5/867
f 1628/6/868 1630/8/868 1629/7/868
f 1630/8/869 1632/10/869 1631/9/869
f 1632/10/870 1634/12/870 1633/11/870
f 1634/12/871 1636/14/871 1635/13/871
f 1636/14/872 1638/16/872 1637/15/872
f 1638/16/873 1640/18/873 1639/17/873
f 1640/18/874 1642/20/874 1641/19/874
f 1642/20/875 1644/22/875 1643/21/875
f 1644/22/876 1646/24/876 1645/23/876
f 1646/24/877 1648/26/877 1647/25/877
f 1648/26/878 1650/28/878 1649/27/878
f 1650/28/879 1652/30/879 1651/29/879
f 1652/30/880 1654/32/880 1653/31/880
f 1654/32/881 1656/34/881 1655/33/881
f 1656/34/882 1658/36/882 1657/35/882
f 1658/36/883 1660/38/883 1659/37/883
f 1660/38/884 1662/40/884 1661/39/884
f 1662/40/885 1664/42/885 1663/41/885
f 1664/42/886 1666/44/886 1665/43/886
f 1666/44/887 1668/46/887 1667/45/887
f 1668/46/888 1670/48/888 1669/47/888
f 1670/48/889 1672/50/889 1671/49/889
f 1672/50/890 1674/52/890 1673/51/890
f 1674/52/891 1676/54/891 1675/53/891
f 1676/54/892 1678/56/892 1677/55/892
f 1678/56/893 1680/58/893 1679/57/893
f 1680/58/894 1682/60/894 1681/59/894
f 1682/60/895 1684/65/895 1683/61/895
f 1628/64/896 1626/72/896 1624/73/896
f 1624/73/896 1686/74/896 1684/75/896
f 1684/75/896 1682/76/896 1680/77/896
f 1680/77/900 1678/78/900 1676/79/900
f 1676/79/896 1674/80/896 1672/81/896
f 1672/81/896 1670/82/896 1668/83/896
f 1668/83/900 1666/84/900 1664/85/900
f 1664/85/896 1662/86/896 1660/62/896
f 1660/62/896 1658/87/896 1656/88/896
f 1656/88/896 1654/89/896 1652/90/896
f 1652/90/896 1650/91/896 1648/92/896
f 1648/92/896 1646/93/896 1644/63/896
f 1644/63/900 1642/94/900 1640/95/900
f 1640/95/900 1638/96/900 1636/97/900
f 1636/97/896 1634/98/896 1632/99/896
f 1632/99/896 1630/100/896 1628/64/896
f 1628/64/896 1624/73/896 1684/75/896
f 1684/75/896 1680/77/896 1676/79/896
f 1676/79/896 1672/81/896 1668/83/896
f 1668/83/896 1664/85/896 1660/62/896
f 1660/62/896 1656/88/896 1652/90/896
f 1652/90/896 1648/92/896 1644/63/896
f 1644/63/896 1640/95/896 1636/97/896
f 1636/97/896 1632/99/896 1628/64/896
f 1628/64/896 1684/75/896 1676/79/896
f 1676/79/896 1668/83/896 1660/62/896
f 1660/62/896 1652/90/896 1644/63/896
f 1644/63/896 1636/97/896 1628/64/896
f 1628/64/896 1676/79/896 1660/62/896
f 1684/65/897 1686/67/897 1685/66/897
f 1686/67/898 1624/101/898 1623/68/898
f 1685/71/899 1623/102/899 1625/103/899
f 1625/103/899 1627/104/899 1629/105/899
f 1629/105/901 1631/106/901 1633/107/901
f 1633/107/901 1635/108/901 1637/109/901
f 1637/109/899 1639/110/899 1641/111/899
f 1641/111/901 1643/112/901 1645/113/901
f 1645/113/901 1647/114/901 1649/115/901
f 1649/115/899 1651/116/899 1653/69/899
f 1653/69/899 1655/117/899 1657/118/899
f 1657/118/899 1659/119/899 1661/120/899
f 1661/120/899 1663/121/899 1665/122/899
f 1665/122/899 1667/123/899 1669/70/899
f 1669/70/899 1671/124/899 1673/125/899
f 1673/125/899 1675/126/899 1677/127/899
f 1677/127/899 1679/128/899 1681/129/899
f 1681/129/899 1683/130/899 1685/71/899
f 1685/71/899 1625/103/899 1629/105/899
f 1629/105/899 1633/107/899 1637/109/899
f 1637/109/899 1641/111/899 1645/113/899
f 1645/113/899 1649/115/899 1653/69/899
f 1653/69/899 1657/118/899 1661/120/899
f 1661/120/899 1665/122/899 1669/70/899
f 1669/70/899 1673/125/899 1677/127/899
f 1677/127/899 1681/129/899 1685/71/899
f 1685/71/899 1629/105/899 1637/109/899
f 1637/109/899 1645/113/899 1653/69/899
f 1653/69/899 1661/120/899 1669/70/899
f 1669/70/899 1677/127/899 1685/71/899
f 1685/71/899 1637/109/899 1653/69/899
o Bici_Sillin
v -0.220000 0.653750 0.017500
v -0.220000 0.666250 0.017500
v -0.220000 0.653750 -0.017500
v -0.220000 0.666250 -0.017500
v -0.140000 0.653750 0.017500
v -0.140000 0.666250 0.017500
v -0.140000 0.653750 -0.017500
v -0.140000 0.666250 -0.017500
v -0.228765 0.652380 0.000000
v -0.228765 0.660000 0.021335
v -0.228765 0.667620 -0.000000
v -0.228765 0.660000 -0.021335
v -0.180000 0.652380 -0.021335
v -0.180000 0.667620 -0.021335
v -0.131235 0.660000 -0.021335
v -0.131235 0.652380 0.000000
v -0.131235 0.667620 0.000000
v -0.131235 0.660000 0.021335
v -0.180000 0.652380 0.021335
v -0.180000 0.667620 0.021335
v -0.247161 0.660000 -0.000000
v -0.180000 0.660000 -0.029383
v -0.112840 0.660000 0.000000
v -0.180000 0.660000 0.029383
v -0.180000 0.649506 -0.000000
v -0.180000 0.670494 -0.000000
vn -0.3700 -0.8933 0.2552
vn -0.4274 0.8255 0.3685
vn -0.4274 0.8255 -0.3685
vn -0.3700 -0.8933 -0.2552
vn -0.0904 -0.7232 -0.6847
vn -0.1251 0.6404 -0.7578
vn 0.1251 0.6404 -0.7578
vn 0.0904 -0.7232 -0.6847
vn 0.3700 -0.8933 -0.2552
vn 0.4274 0.8255 -0.3685
vn 0.4274 0.8255 0.3685
vn 0.3700 -0.8933 0.2552
vn 0.0904 -0.7232 0.6847
vn 0.1251 0.6404 0.7578
vn -0.1251 0.6404 0.7578
vn -0.0904 -0.7232 0.6847
vn -0.0585 -0.9925 -0.1070
vn 0.0467 -0.9900 -0.1334
vn 0.0467 -0.9900 0.1334
vn -0.0585 -0.9925 0.1070
vn 0.0585 0.9925 -0.1070
vn -0.0467 0.9900 -0.1334
vn -0.0467 0.9900 0.1334
vn 0.0585 0.9925 0.1070
vn -0.4274 -0.8255 0.3685
vn -0.3700 0.8933 0.2552
vn -0.3700 0.8933 -0.2552
vn -0.4274 -0.8255 -0.3685
vn -0.1251 -0.6404 -0.7578
vn -0.0904 0.7232 -0.6847
vn 0.0904 0.7232 -0.6847
vn 0.1251 -0.6404 -0.7578
vn 0.4274 -0.8255 -0.3685
vn 0.3700 0.8933 -0.2552
vn 0.3700 0.8933 0.2552
vn 0.4274 -0.8255 0.3685
vn 0.1251 -0.6404 0.7578
vn 0.0904 0.7232 0.6847
vn -0.0904 0.7232 0.6847
vn -0.1251 -0.6404 0.7578
vn -0.0467 -0.9900 -0.1334
vn 0.0585 -0.9925 -0.1070
vn 0.0585 -0.9925 0.1070
vn -0.0467 -0.9900 0.1334
vn 0.0467 0.9900 -0.1334
vn -0.0585 0.9925 -0.1070
vn -0.0585 0.9925 0.1070
vn 0.0467 0.9900 0.1334
vt 0.375000 0.000000
vt 0.500000 0.125000
vt 0.375000 0.125000
vt 0.625000 0.000000
vt 0.500000 0.000000
vt 0.625000 0.250000
vt 0.500000 0.250000
vt 0.375000 0.250000
vt 0.500000 0.375000
vt 0.375000 0.375000
vt 0.625000 0.500000
vt 0.500000 0.500000
vt 0.375000 0.500000
vt 0.500000 0.625000
vt 0.375000 0.625000
vt 0.625000 0.750000
vt 0.500000 0.750000
vt 0.375000 0.750000
vt 0.500000 0.875000
vt 0.375000 0.875000
vt 0.625000 1.000000
vt 0.500000 1.000000
vt 0.375000 1.000000
vt 0.125000 0.500000
vt 0.250000 0.625000
vt 0.125000 0.625000
vt 0.250000 0.500000
vt 0.250000 0.750000
vt 0.125000 0.750000
vt 0.750000 0.625000
vt 0.625000 0.625000
vt 0.875000 0.500000
vt 0.750000 0.500000
vt 0.875000 0.750000
vt 0.750000 0.750000
vt 0.625000 0.125000
vt 0.625000 0.375000
vt 0.625000 0.875000
vt 0.875000 0.625000
s 0
f 1687/131/902 1707/132/902 1695/133/902
f 1688/134/903 1707/132/903 1696/135/903
f 1707/132/904 1690/136/904 1698/137/904
f 1707/132/905 1689/138/905 1695/133/905
f 1689/138/906 1708/139/906 1699/140/906
f 1690/136/907 1708/139/907 1698/137/907
f 1708/139/908 1694/141/908 1701/142/908
f 1708/139/909 1693/143/909 1699/140/909
f 1693/143/910 1709/144/910 1702/145/910
f 1694/141/911 1709/144/911 1701/142/911
f 1709/144/912 1692/146/912 1704/147/912
f 1709/144/913 1691/148/913 1702/145/913
f 1691/148/914 1710/149/914 1705/150/914
f 1692/146/915 1710/149/915 1704/147/915
f 1710/149/916 1688/151/916 1696/152/916
f 1710/149/917 1687/153/917 1705/150/917
f 1689/154/918 1711/155/918 1695/156/918
f 1693/143/919 1711/155/919 1699/157/919
f 1711/155/920 1691/148/920 1705/158/920
f 1711/155/921 1687/159/921 1695/156/921
f 1694/141/922 1712/160/922 1703/161/922
f 1690/162/923 1712/160/923 1700/163/923
f 1712/160/924 1688/164/924 1706/165/924
f 1712/160/925 1692/146/925 1703/161/925
f 1687/131/926 1696/135/926 1707/132/926
f 1688/134/927 1697/166/927 1707/132/927
f 1707/132/928 1697/166/928 1690/136/928
f 1707/132/929 1698/137/929 1689/138/929
f 1689/138/930 1698/137/930 1708/139/930
f 1690/136/931 1700/167/931 1708/139/931
f 1708/139/932 1700/167/932 1694/141/932
f 1708/139/933 1701/142/933 1693/143/933
f 1693/143/934 1701/142/934 1709/144/934
f 1694/141/935 1703/161/935 1709/144/935
f 1709/144/936 1703/161/936 1692/146/936
f 1709/144/937 1704/147/937 1691/148/937
f 1691/148/938 1704/147/938 1710/149/938
f 1692/146/939 1706/168/939 1710/149/939
f 1710/149/940 1706/168/940 1688/151/940
f 1710/149/941 1696/152/941 1687/153/941
f 1689/154/942 1699/157/942 1711/155/942
f 1693/143/943 1702/145/943 1711/155/943
f 1711/155/944 1702/145/944 1691/148/944
f 1711/155/945 1705/158/945 1687/159/945
f 1694/141/946 1700/163/946 1712/160/946
f 1690/162/947 1697/169/947 1712/160/947
f 1712/160/948 1697/169/948 1688/164/948
f 1712/160/949 1706/165/949 1692/146/949
o Bici_Potencia_V
v 0.490000 0.610000 -0.014000
v 0.490000 0.690000 -0.014000
v 0.492731 0.610000 -0.013731
v 0.492731 0.690000 -0.013731
v 0.495358 0.610000 -0.012934
v 0.495358 0.690000 -0.012934
v 0.497778 0.610000 -0.011641
v 0.497778 0.690000 -0.011641
v 0.499900 0.610000 -0.009899
v 0.499900 0.690000 -0.009899
v 0.501641 0.610000 -0.007778
v 0.501641 0.690000 -0.007778
v 0.502934 0.610000 -0.005358
v 0.502934 0.690000 -0.005358
v 0.503731 0.610000 -0.002731
v 0.503731 0.690000 -0.002731
v 0.504000 0.610000 0.000000
v 0.504000 0.690000 0.000000
v 0.503731 0.610000 0.002731
v 0.503731 0.690000 0.002731
v 0.502934 0.610000 0.005358
v 0.502934 0.690000 0.005358
v 0.501641 0.610000 0.007778
v 0.501641 0.690000 0.007778
v 0.499900 0.610000 0.009899
v 0.499900 0.690000 0.009899
v 0.497778 0.610000 0.011641
v 0.497778 0.690000 0.011641
v 0.495358 0.610000 0.012934
v 0.495358 0.690000 0.012934
v 0.492731 0.610000 0.013731
v 0.492731 0.690000 0.013731
v 0.490000 0.610000 0.014000
v 0.490000 0.690000 0.014000
v 0.487269 0.610000 0.013731
v 0.487269 0.690000 0.013731
v 0.484642 0.610000 0.012934
v 0.484642 0.690000 0.012934
v 0.482222 0.610000 0.011641
v 0.482222 0.690000 0.011641
v 0.480101 0.610000 0.009899
v 0.480101 0.690000 0.009899
v 0.478359 0.610000 0.007778
v 0.478359 0.690000 0.007778
v 0.477066 0.610000 0.005358
v 0.477066 0.690000 0.005358
v 0.476269 0.610000 0.002731
v 0.476269 0.690000 0.002731
v 0.476000 0.610000 0.000000
v 0.476000 0.690000 0.000000
v 0.476269 0.610000 -0.002731
v 0.476269 0.690000 -0.002731
v 0.477066 0.610000 -0.005358
v 0.477066 0.690000 -0.005358
v 0.478359 0.610000 -0.007778
v 0.478359 0.690000 -0.007778
v 0.480101 0.610000 -0.009899
v 0.480101 0.690000 -0.009899
v 0.482222 0.610000 -0.011641
v 0.482222 0.690000 -0.011641
v 0.484642 0.610000 -0.012934
v 0.484642 0.690000 -0.012934
v 0.487269 0.610000 -0.013731
v 0.487269 0.690000 -0.013731
vn 0.0980 -0.0000 -0.9952
vn 0.2903 -0.0000 -0.9569
vn 0.4714 -0.0000 -0.8819
vn 0.6344 -0.0000 -0.7730
vn 0.7730 -0.0000 -0.6344
vn 0.8819 -0.0000 -0.4714
vn 0.9569 -0.0000 -0.2903
vn 0.9952 -0.0000 -0.0980
vn 0.9952 -0.0000 0.0980
vn 0.9569 -0.0000 0.2903
vn 0.8819 -0.0000 0.4714
vn 0.7730 -0.0000 0.6344
vn 0.6344 -0.0000 0.7730
vn 0.4714 -0.0000 0.8819
vn 0.2903 -0.0000 0.9569
vn 0.0980 -0.0000 0.9952
vn -0.0980 -0.0000 0.9952
vn -0.2903 -0.0000 0.9569
vn -0.4714 -0.0000 0.8819
vn -0.6344 -0.0000 0.7730
vn -0.7730 -0.0000 0.6344
vn -0.8819 -0.0000 0.4714
vn -0.9569 -0.0000 0.2903
vn -0.9952 -0.0000 0.0980
vn -0.9952 -0.0000 -0.0980
vn -0.9569 -0.0000 -0.2903
vn -0.8819 -0.0000 -0.4714
vn -0.7730 -0.0000 -0.6344
vn -0.6344 -0.0000 -0.7730
vn -0.4714 -0.0000 -0.8819
vn -0.0000 1.0000 -0.0000
vn -0.2903 -0.0000 -0.9569
vn -0.0980 -0.0000 -0.9952
vn -0.0000 -1.0000 -0.0000
vt 1.000000 1.000000
vt 0.968750 0.500000
vt 1.000000 0.500000
vt 0.968750 1.000000
vt 0.937500 0.500000
vt 0.937500 1.000000
vt 0.906250 0.500000
vt 0.906250 1.000000
vt 0.875000 0.500000
vt 0.875000 1.000000
vt 0.843750 0.500000
vt 0.843750 1.000000
vt 0.812500 0.500000
vt 0.812500 1.000000
vt 0.781250 0.500000
vt 0.781250 1.000000
vt 0.750000 0.500000
vt 0.750000 1.000000
vt 0.718750 0.500000
vt 0.718750 1.000000
vt 0.687500 0.500000
vt 0.687500 1.000000
vt 0.656250 0.500000
vt 0.656250 1.000000
vt 0.625000 0.500000
vt 0.625000 1.000000
vt 0.593750 0.500000
vt 0.593750 1.000000
vt 0.562500 0.500000
vt 0.562500 1.000000
vt 0.531250 0.500000
vt 0.531250 1.000000
vt 0.500000 0.500000
vt 0.500000 1.000000
vt 0.468750 0.500000
vt 0.468750 1.000000
vt 0.437500 0.500000
vt 0.437500 1.000000
vt 0.406250 0.500000
vt 0.406250 1.000000
vt 0.375000 0.500000
vt 0.375000 1.000000
vt 0.343750 0.500000
vt 0.343750 1.000000
vt 0.312500 0.500000
vt 0.312500 1.000000
vt 0.281250 0.500000
vt 0.281250 1.000000
vt 0.250000 0.500000
vt 0.250000 1.000000
vt 0.218750 0.500000
vt 0.218750 1.000000
vt 0.187500 0.500000
vt 0.187500 1.000000
vt 0.156250 0.500000
vt 0.156250 1.000000
vt 0.125000 0.500000
vt 0.125000 1.000000
vt 0.093750 0.500000
vt 0.093750 1.000000
vt 0.062500 0.500000
vt 0.158156 0.028269
vt 0.471731 0.158156
vt 0.341844 0.471731
vt 0.062500 1.000000
vt 0.031250 0.500000
vt 0.031250 1.000000
vt 0.000000 0.500000
vt 0.796822 0.014612
vt 0.514612 0.203178
vt 0.703178 0.485388
vt 0.296822 0.485388
vt 0.250000 0.490000
vt 0.203178 0.485388
vt 0.158156 0.471731
vt 0.116663 0.449553
vt 0.080294 0.419706
vt 0.050447 0.383337
vt 0.028269 0.341844
vt 0.014612 0.296822
vt 0.010000 0.250000
vt 0.014612 0.203178
vt 0.028269 0.158156
vt 0.050447 0.116663
vt 0.080294 0.080294
vt 0.116663 0.050447
vt 0.203178 0.014612
vt 0.250000 0.010000
vt 0.296822 0.014612
vt 0.341844 0.028269
vt 0.383337 0.050447
vt 0.419706 0.080294
vt 0.449553 0.116663
vt 0.485388 0.203178
vt 0.490000 0.250000
vt 0.485388 0.296822
vt 0.471731 0.341844
vt 0.449553 0.383337
vt 0.419706 0.419706
vt 0.383337 0.449553
vt 0.000000 1.000000
vt 0.750000 0.490000
vt 0.796822 0.485388
vt 0.841844 0.471731
vt 0.883337 0.449553
vt 0.919706 0.419706
vt 0.949553 0.383337
vt 0.971731 0.341844
vt 0.985388 0.296822
vt 0.990000 0.250000
vt 0.985388 0.203178
vt 0.971731 0.158156
vt 0.949553 0.116663
vt 0.919706 0.080294
vt 0.883337 0.050447
vt 0.841844 0.028269
vt 0.750000 0.010000
vt 0.703178 0.014612
vt 0.658156 0.028269
vt 0.616663 0.050447
vt 0.580294 0.080294
vt 0.550447 0.116663
vt 0.528269 0.158156
vt 0.510000 0.250000
vt 0.514612 0.296822
vt 0.528269 0.341844
vt 0.550447 0.383337
vt 0.580294 0.419706
vt 0.616663 0.449553
vt 0.658156 0.471731
s 0
f 1714/170/950 1715/171/950 1713/172/950
f 1716/173/951 1717/174/951 1715/171/951
f 1718/175/952 1719/176/952 1717/174/952
f 1720/177/953 1721/178/953 1719/176/953
f 1722/179/954 1723/180/954 1721/178/954
f 1724/181/955 1725/182/955 1723/180/955
f 1726/183/956 1727/184/956 1725/182/956
f 1728/185/957 1729/186/957 1727/184/957
f 1730/187/958 1731/188/958 1729/186/958
f 1732/189/959 1733/190/959 1731/188/959
f 1734/191/960 1735/192/960 1733/190/960
f 1736/193/961 1737/194/961 1735/192/961
f 1738/195/962 1739/196/962 1737/194/962
f 1740/197/963 1741/198/963 1739/196/963
f 1742/199/964 1743/200/964 1741/198/964
f 1744/201/965 1745/202/965 1743/200/965
f 1746/203/966 1747/204/966 1745/202/966
f 1748/205/967 1749/206/967 1747/204/967
f 1750/207/968 1751/208/968 1749/206/968
f 1752/209/969 1753/210/969 1751/208/969
f 1754/211/970 1755/212/970 1753/210/970
f 1756/213/971 1757/214/971 1755/212/971
f 1758/215/972 1759/216/972 1757/214/972
f 1760/217/973 1761/218/973 1759/216/973
f 1762/219/974 1763/220/974 1761/218/974
f 1764/221/975 1765/222/975 1763/220/975
f 1766/223/976 1767/224/976 1765/222/976
f 1768/225/977 1769/226/977 1767/224/977
f 1770/227/978 1771/228/978 1769/226/978
f 1772/229/979 1773/230/979 1771/228/979
f 1750/231/980 1734/232/980 1718/233/980
f 1774/234/981 1775/235/981 1773/230/981
f 1776/236/982 1713/237/982 1775/235/982
f 1743/238/983 1759/239/983 1775/240/983
f 1714/170/950 1716/173/950 1715/171/950
f 1716/173/951 1718/175/951 1717/174/951
f 1718/175/952 1720/177/952 1719/176/952
f 1720/177/953 1722/179/953 1721/178/953
f 1722/179/954 1724/181/954 1723/180/954
f 1724/181/955 1726/183/955 1725/182/955
f 1726/183/956 1728/185/956 1727/184/956
f 1728/185/957 1730/187/957 1729/186/957
f 1730/187/958 1732/189/958 1731/188/958
f 1732/189/959 1734/191/959 1733/190/959
f 1734/191/960 1736/193/960 1735/192/960
f 1736/193/961 1738/195/961 1737/194/961
f 1738/195/962 1740/197/962 1739/196/962
f 1740/197/963 1742/199/963 1741/198/963
f 1742/199/964 1744/201/964 1743/200/964
f 1744/201/965 1746/203/965 1745/202/965
f 1746/203/966 1748/205/966 1747/204/966
f 1748/205/967 1750/207/967 1749/206/967
f 1750/207/968 1752/209/968 1751/208/968
f 1752/209/969 1754/211/969 1753/210/969
f 1754/211/970 1756/213/970 1755/212/970
f 1756/213/971 1758/215/971 1757/214/971
f 1758/215/972 1760/217/972 1759/216/972
f 1760/217/973 1762/219/973 1761/218/973
f 1762/219/974 1764/221/974 1763/220/974
f 1764/221/975 1766/223/975 1765/222/975
f 1766/223/976 1768/225/976 1767/224/976
f 1768/225/977 1770/227/977 1769/226/977
f 1770/227/978 1772/229/978 1771/228/978
f 1772/229/979 1774/234/979 1773/230/979
f 1718/233/980 1716/241/980 1714/242/980
f 1714/242/980 1776/243/980 1774/244/980
f 1774/244/980 1772/245/980 1770/246/980
f 1770/246/980 1768/247/980 1766/248/980
f 1766/248/980 1764/249/980 1762/250/980
f 1762/250/980 1760/251/980 1758/252/980
f 1758/252/980 1756/253/980 1754/254/980
f 1754/254/980 1752/255/980 1750/231/980
f 1750/231/980 1748/256/980 1746/257/980
f 1746/257/980 1744/258/980 1742/259/980
f 1742/259/980 1740/260/980 1738/261/980
f 1738/261/980 1736/262/980 1734/232/980
f 1734/232/980 1732/263/980 1730/264/980
f 1730/264/980 1728/265/980 1726/266/980
f 1726/266/980 1724/267/980 1722/268/980
f 1722/268/980 1720/269/980 1718/233/980
f 1718/233/980 1714/242/980 1774/244/980
f 1774/244/980 1770/246/980 1766/248/980
f 1766/248/980 1762/250/980 1758/252/980
f 1758/252/980 1754/254/980 1750/231/980
f 1750/231/980 1746/257/980 1742/259/980
f 1742/259/980 1738/261/980 1734/232/980
f 1734/232/980 1730/264/980 1726/266/980
f 1726/266/980 1722/268/980 1718/233/980
f 1718/233/980 1774/244/980 1766/248/980
f 1766/248/980 1758/252/980 1750/231/980
f 1750/231/980 1742/259/980 1734/232/980
f 1734/232/980 1726/266/980 1718/233/980
f 1718/233/980 1766/248/980 1750/231/980
f 1774/234/981 1776/236/981 1775/235/981
f 1776/236/982 1714/270/982 1713/237/982
f 1775/240/983 1713/271/983 1715/272/983
f 1715/272/983 1717/273/983 1719/274/983
f 1719/274/983 1721/275/983 1723/276/983
f 1723/276/983 1725/277/983 1727/278/983
f 1727/278/983 1729/279/983 1731/280/983
f 1731/280/983 1733/281/983 1735/282/983
f 1735/282/983 1737/283/983 1739/284/983
f 1739/284/983 1741/285/983 1743/238/983
f 1743/238/983 1745/286/983 1747/287/983
f 1747/287/983 1749/288/983 1751/289/983
f 1751/289/983 1753/290/983 1755/291/983
f 1755/291/983 1757/292/983 1759/239/983
f 1759/239/983 1761/293/983 1763/294/983
f 1763/294/983 1765/295/983 1767/296/983
f 1767/296/983 1769/297/983 1771/298/983
f 1771/298/983 1773/299/983 1775/240/983
f 1775/240/983 1715/272/983 1719/274/983
f 1719/274/983 1723/276/983 1727/278/983
f 1727/278/983 1731/280/983 1735/282/983
f 1735/282/983 1739/284/983 1743/238/983
f 1743/238/983 1747/287/983 1751/289/983
f 1751/289/983 1755/291/983 1759/239/983
f 1759/239/983 1763/294/983 1767/296/983
f 1767/296/983 1771/298/983 1775/240/983
f 1775/240/983 1719/274/983 1727/278/983
f 1727/278/983 1735/282/983 1743/238/983
f 1743/238/983 1751/289/983 1759/239/983
f 1759/239/983 1767/296/983 1775/240/983
f 1775/240/983 1727/278/983 1743/238/983
o Bici_Potencia_H
v 0.485684 0.672186 -0.012000
v 0.574316 0.687814 -0.012000
v 0.486090 0.669880 -0.011769
v 0.574723 0.685509 -0.011769
v 0.486481 0.667663 -0.011087
v 0.575114 0.683292 -0.011087
v 0.486841 0.665620 -0.009978
v 0.575474 0.681249 -0.009978
v 0.487157 0.663829 -0.008485
v 0.575790 0.679458 -0.008485
v 0.487416 0.662360 -0.006667
v 0.576049 0.677988 -0.006667
v 0.487609 0.661268 -0.004592
v 0.576241 0.676896 -0.004592
v 0.487727 0.660595 -0.002341
v 0.576360 0.676224 -0.002341
v 0.487767 0.660368 0.000000
v 0.576400 0.675996 0.000000
v 0.487727 0.660595 0.002341
v 0.576360 0.676224 0.002341
v 0.487609 0.661268 0.004592
v 0.576241 0.676896 0.004592
v 0.487416 0.662360 0.006667
v 0.576049 0.677988 0.006667
v 0.487157 0.663829 0.008485
v 0.575790 0.679458 0.008485
v 0.486841 0.665620 0.009978
v 0.575474 0.681249 0.009978
v 0.486481 0.667663 0.011087
v 0.575114 0.683292 0.011087
v 0.486090 0.669880 0.011769
v 0.574723 0.685509 0.011769
v 0.485684 0.672186 0.012000
v 0.574316 0.687814 0.012000
v 0.485277 0.674491 0.011769
v 0.573910 0.690120 0.011769
v 0.484886 0.676708 0.011087
v 0.573519 0.692337 0.011087
v 0.484526 0.678751 0.009978
v 0.573159 0.694380 0.009978
v 0.484210 0.680542 0.008485
v 0.572843 0.696171 0.008485
v 0.483951 0.682012 0.006667
v 0.572584 0.697640 0.006667
v 0.483758 0.683104 0.004592
v 0.572391 0.698732 0.004592
v 0.483640 0.683776 0.002341
v 0.572273 0.699405 0.002341
v 0.483600 0.684004 0.000000
v 0.572233 0.699632 0.000000
v 0.483640 0.683776 -0.002341
v 0.572273 0.699405 -0.002341
v 0.483758 0.683104 -0.004592
v 0.572391 0.698732 -0.004592
v 0.483951 0.682012 -0.006667
v 0.572584 0.697640 -0.006667
v 0.484210 0.680542 -0.008485
v 0.572843 0.696171 -0.008485
v 0.484526 0.678751 -0.009978
v 0.573159 0.694380 -0.009978
v 0.484886 0.676708 -0.011087
v 0.573519 0.692337 -0.011087
v 0.485277 0.674491 -0.011769
v 0.573910 0.690120 -0.011769
vn 0.0170 -0.0965 -0.9952
vn 0.0504 -0.2859 -0.9569
vn 0.0819 -0.4642 -0.8819
vn 0.1102 -0.6248 -0.7730
vn 0.1342 -0.7613 -0.6344
vn 0.1531 -0.8685 -0.4714
vn 0.1662 -0.9424 -0.2903
vn 0.1728 -0.9801 -0.0980
vn 0.1728 -0.9801 0.0980
vn 0.1662 -0.9424 0.2903
vn 0.1531 -0.8685 0.4714
vn 0.1342 -0.7613 0.6344
vn 0.1102 -0.6248 0.7730
vn 0.0819 -0.4642 0.8819
vn 0.0504 -0.2859 0.9569
vn 0.0170 -0.0965 0.9952
vn -0.0170 0.0965 0.9952
vn -0.0504 0.2859 0.9569
vn -0.0819 0.4642 0.8819
vn -0.1102 0.6248 0.7730
vn -0.1342 0.7613 0.6344
vn -0.1531 0.8685 0.4714
vn -0.1662 0.9424 0.2903
vn -0.1728 0.9801 0.0980
vn -0.1728 0.9801 -0.0980
vn -0.1662 0.9424 -0.2903
vn -0.1531 0.8685 -0.4714
vn -0.1342 0.7613 -0.6344
vn -0.1102 0.6248 -0.7730
vn -0.0819 0.4642 -0.8819
vn 0.9848 0.1736 -0.0000
vn -0.0504 0.2859 -0.9569
vn -0.0170 0.0965 -0.9952
vn -0.9848 -0.1736 -0.0000
vn 0.9848 0.1737 -0.0000
vn -0.9848 -0.1737 -0.0000
vt 1.000000 1.000000
vt 0.968750 0.500000
vt 1.000000 0.500000
vt 0.968750 1.000000
vt 0.937500 0.500000
vt 0.937500 1.000000
vt 0.906250 0.500000
vt 0.906250 1.000000
vt 0.875000 0.500000
vt 0.875000 1.000000
vt 0.843750 0.500000
vt 0.843750 1.000000
vt 0.812500 0.500000
vt 0.812500 1.000000
vt 0.781250 0.500000
vt 0.781250 1.000000
vt 0.750000 0.500000
vt 0.750000 1.000000
vt 0.718750 0.500000
vt 0.718750 1.000000
vt 0.687500 0.500000
vt 0.687500 1.000000
vt 0.656250 0.500000
vt 0.656250 1.000000
vt 0.625000 0.500000
vt 0.625000 1.000000
vt 0.593750 0.500000
vt 0.593750 1.000000
vt 0.562500 0.500000
vt 0.562500 1.000000
vt 0.531250 0.500000
vt 0.531250 1.000000
vt 0.500000 0.500000
vt 0.500000 1.000000
vt 0.468750 0.500000
vt 0.468750 1.000000
vt 0.437500 0.500000
vt 0.437500 1.000000
vt 0.406250 0.500000
vt 0.406250 1.000000
vt 0.375000 0.500000
vt 0.375000 1.000000
vt 0.343750 0.500000
vt 0.343750 1.000000
vt 0.312500 0.500000
vt 0.312500 1.000000
vt 0.281250 0.500000
vt 0.281250 1.000000
vt 0.250000 0.500000
vt 0.250000 1.000000
vt 0.218750 0.500000
vt 0.218750 1.000000
vt 0.187500 0.500000
vt 0.187500 1.000000
vt 0.156250 0.500000
vt 0.156250 1.000000
vt 0.125000 0.500000
vt 0.125000 1.000000
vt 0.093750 0.500000
vt 0.093750 1.000000
vt 0.062500 0.500000
vt 0.158156 0.028269
vt 0.471731 0.158156
vt 0.341844 0.471731
vt 0.062500 1.000000
vt 0.031250 0.500000
vt 0.031250 1.000000
vt 0.000000 0.500000
vt 0.796822 0.014612
vt 0.514612 0.203178
vt 0.703178 0.485388
vt 0.296822 0.485388
vt 0.250000 0.490000
vt 0.203178 0.485388
vt 0.158156 0.471731
vt 0.116663 0.449553
vt 0.080294 0.419706
vt 0.050447 0.383337
vt 0.028269 0.341844
vt 0.014612 0.296822
vt 0.010000 0.250000
vt 0.014612 0.203178
vt 0.028269 0.158156
vt 0.050447 0.116663
vt 0.080294 0.080294
vt 0.116663 0.050447
vt 0.203178 0.014612
vt 0.250000 0.010000
vt 0.296822 0.014612
vt 0.341844 0.028269
vt 0.383337 0.050447
vt 0.419706 0.080294
vt 0.449553 0.116663
vt 0.485388 0.203178
vt 0.490000 0.250000
vt 0.485388 0.296822
vt 0.471731 0.341844
vt 0.449553 0.383337
vt 0.419706 0.419706
vt 0.383337 0.449553
vt 0.000000 1.000000
vt 0.750000 0.490000
vt 0.796822 0.485388
vt 0.841844 0.471731
vt 0.883337 0.449553
vt 0.919706 0.419706
vt 0.949553 0.383337
vt 0.971731 0.341844
vt 0.985388 0.296822
vt 0.990000 0.250000
vt 0.985388 0.203178
vt 0.971731 0.158156
vt 0.949553 0.116663
vt 0.919706 0.080294
vt 0.883337 0.050447
vt 0.841844 0.028269
vt 0.750000 0.010000
vt 0.703178 0.014612
vt 0.658156 0.028269
vt 0.616663 0.050447
vt 0.580294 0.080294
vt 0.550447 0.116663
vt 0.528269 0.158156
vt 0.510000 0.250000
vt 0.514612 0.296822
vt 0.528269 0.341844
vt 0.550447 0.383337
vt 0.580294 0.419706
vt 0.616663 0.449553
vt 0.658156 0.471731
s 0
f 1778/300/984 1779/301/984 1777/302/984
f 1780/303/985 1781/304/985 1779/301/985
f 1782/305/986 1783/306/986 1781/304/986
f 1784/307/987 1785/308/987 1783/306/987
f 1786/309/988 1787/310/988 1785/308/988
f 1788/311/989 1789/312/989 1787/310/989
f 1790/313/990 1791/314/990 1789/312/990
f 1792/315/991 1793/316/991 1791/314/991
f 1794/317/992 1795/318/992 1793/316/992
f 1796/319/993 1797/320/993 1795/318/993
f 1798/321/994 1799/322/994 1797/320/994
f 1800/323/995 1801/324/995 1799/322/995
f 1802/325/996 1803/326/996 1801/324/996
f 1804/327/997 1805/328/997 1803/326/997
f 1806/329/998 1807/330/998 1805/328/998
f 1808/331/999 1809/332/999 1807/330/999
f 1810/333/1000 1811/334/1000 1809/332/1000
f 1812/335/1001 1813/336/1001 1811/334/1001
f 1814/337/1002 1815/338/1002 1813/336/1002
f 1816/339/1003 1817/340/1003 1815/338/1003
f 1818/341/1004 1819/342/1004 1817/340/1004
f 1820/343/1005 1821/344/1005 1819/342/1005
f 1822/345/1006 1823/346/1006 1821/344/1006
f 1824/347/1007 1825/348/1007 1823/346/1007
f 1826/349/1008 1827/350/1008 1825/348/1008
f 1828/351/1009 1829/352/1009 1827/350/1009
f 1830/353/1010 1831/354/1010 1829/352/1010
f 1832/355/1011 1833/356/1011 1831/354/1011
f 1834/357/1012 1835/358/1012 1833/356/1012
f 1836/359/1013 1837/360/1013 1835/358/1013
f 1814/361/1014 1798/362/1014 1782/363/1014
f 1838/364/1015 1839/365/1015 1837/360/1015
f 1840/366/1016 1777/367/1016 1839/365/1016
f 1807/368/1017 1823/369/1017 1839/370/1017
f 1778/300/984 1780/303/984 1779/301/984
f 1780/303/985 1782/305/985 1781/304/985
f 1782/305/986 1784/307/986 1783/306/986
f 1784/307/987 1786/309/987 1785/308/987
f 1786/309/988 1788/311/988 1787/310/988
f 1788/311/989 1790/313/989 1789/312/989
f 1790/313/990 1792/315/990 1791/314/990
f 1792/315/991 1794/317/991 1793/316/991
f 1794/317/992 1796/319/992 1795/318/992
f 1796/319/993 1798/321/993 1797/320/993
f 1798/321/994 1800/323/994 1799/322/994
f 1800/323/995 1802/325/995 1801/324/995
f 1802/325/996 1804/327/996 1803/326/996
f 1804/327/997 1806/329/997 1805/328/997
f 1806/329/998 1808/331/998 1807/330/998
f 1808/331/999 1810/333/999 1809/332/999
f 1810/333/1000 1812/335/1000 1811/334/1000
f 1812/335/1001 1814/337/1001 1813/336/1001
f 1814/337/1002 1816/339/1002 1815/338/1002
f 1816/339/1003 1818/341/1003 1817/340/1003
f 1818/341/1004 1820/343/1004 1819/342/1004
f 1820/343/1005 1822/345/1005 1821/344/1005
f 1822/345/1006 1824/347/1006 1823/346/1006
f 1824/347/1007 1826/349/1007 1825/348/1007
f 1826/349/1008 1828/351/1008 1827/350/1008
f 1828/351/1009 1830/353/1009 1829/352/1009
f 1830/353/1010 1832/355/1010 1831/354/1010
f 1832/355/1011 1834/357/1011 1833/356/1011
f 1834/357/1012 1836/359/1012 1835/358/1012
f 1836/359/1013 1838/364/1013 1837/360/1013
f 1782/363/1014 1780/371/1014 1778/372/1014
f 1778/372/1014 1840/373/1014 1838/374/1014
f 1838/374/1014 1836/375/1014 1834/376/1014
f 1834/376/1014 1832/377/1014 1830/378/1014
f 1830/378/1018 1828/379/1018 1826/380/1018
f 1826/380/1018 1824/381/1018 1822/382/1018
f 1822/382/1014 1820/383/1014 1818/384/1014
f 1818/384/1014 1816/385/1014 1814/361/1014
f 1814/361/1014 1812/386/1014 1810/387/1014
f 1810/387/1014 1808/388/1014 1806/389/1014
f 1806/389/1014 1804/390/1014 1802/391/1014
f 1802/391/1018 1800/392/1018 1798/362/1018
f 1798/362/1014 1796/393/1014 1794/394/1014
f 1794/394/1014 1792/395/1014 1790/396/1014
f 1790/396/1018 1788/397/1018 1786/398/1018
f 1786/398/1014 1784/399/1014 1782/363/1014
f 1782/363/1014 1778/372/1014 1838/374/1014
f 1838/374/1014 1834/376/1014 1830/378/1014
f 1830/378/1014 1826/380/1014 1822/382/1014
f 1822/382/1014 1818/384/1014 1814/361/1014
f 1814/361/1014 1810/387/1014 1806/389/1014
f 1806/389/1014 1802/391/1014 1798/362/1014
f 1798/362/1014 1794/394/1014 1790/396/1014
f 1790/396/1014 1786/398/1014 1782/363/1014
f 1782/363/1014 1838/374/1014 1830/378/1014
f 1830/378/1014 1822/382/1014 1814/361/1014
f 1814/361/1014 1806/389/1014 1798/362/1014
f 1798/362/1014 1790/396/1014 1782/363/1014
f 1782/363/1014 1830/378/1014 1814/361/1014
f 1838/364/1015 1840/366/1015 1839/365/1015
f 1840/366/1016 1778/400/1016 1777/367/1016
f 1839/370/1017 1777/401/1017 1779/402/1017
f 1779/402/1017 1781/403/1017 1783/404/1017
f 1783/404/1017 1785/405/1017 1787/406/1017
f 1787/406/1017 1789/407/1017 1791/408/1017
f 1791/408/1017 1793/409/1017 1795/410/1017
f 1795/410/1017 1797/411/1017 1799/412/1017
f 1799/412/1017 1801/413/1017 1803/414/1017
f 1803/414/1017 1805/415/1017 1807/368/1017
f 1807/368/1017 1809/416/1017 1811/417/1017
f 1811/417/1017 1813/418/1017 1815/419/1017
f 1815/419/1019 1817/420/1019 1819/421/1019
f 1819/421/1019 1821/422/1019 1823/369/1019
f 1823/369/1017 1825/423/1017 1827/424/1017
f 1827/424/1019 1829/425/1019 1831/426/1019
f 1831/426/1019 1833/427/1019 1835/428/1019
f 1835/428/1017 1837/429/1017 1839/370/1017
f 1839/370/1017 1779/402/1017 1783/404/1017
f 1783/404/1017 1787/406/1017 1791/408/1017
f 1791/408/1019 1795/410/1019 1799/412/1019
f 1799/412/1017 1803/414/1017 1807/368/1017
f 1807/368/1017 1811/417/1017 1815/419/1017
f 1815/419/1019 1819/421/1019 1823/369/1019
f 1823/369/1017 1827/424/1017 1831/426/1017
f 1831/426/1017 1835/428/1017 1839/370/1017
f 1839/370/1017 1783/404/1017 1791/408/1017
f 1791/408/1017 1799/412/1017 1807/368/1017
f 1807/368/1017 1815/419/1017 1823/369/1017
f 1823/369/1017 1831/426/1017 1839/370/1017
f 1839/370/1017 1791/408/1017 1807/368/1017
o Bici_Manubrio
v 0.570000 0.703000 -0.260000
v 0.570000 0.703000 0.260000
v 0.572536 0.702750 -0.260000
v 0.572536 0.702750 0.260000
v 0.574975 0.702010 -0.260000
v 0.574975 0.702010 0.260000
v 0.577222 0.700809 -0.260000
v 0.577222 0.700809 0.260000
v 0.579192 0.699192 -0.260000
v 0.579192 0.699192 0.260000
v 0.580809 0.697222 -0.260000
v 0.580809 0.697222 0.260000
v 0.582010 0.694975 -0.260000
v 0.582010 0.694975 0.260000
v 0.582750 0.692536 -0.260000
v 0.582750 0.692536 0.260000
v 0.583000 0.690000 -0.260000
v 0.583000 0.690000 0.260000
v 0.582750 0.687464 -0.260000
v 0.582750 0.687464 0.260000
v 0.582010 0.685025 -0.260000
v 0.582010 0.685025 0.260000
v 0.580809 0.682778 -0.260000
v 0.580809 0.682778 0.260000
v 0.579192 0.680808 -0.260000
v 0.579192 0.680808 0.260000
v 0.577222 0.679191 -0.260000
v 0.577222 0.679191 0.260000
v 0.574975 0.677990 -0.260000
v 0.574975 0.677990 0.260000
v 0.572536 0.677250 -0.260000
v 0.572536 0.677250 0.260000
v 0.570000 0.677000 -0.260000
v 0.570000 0.677000 0.260000
v 0.567464 0.677250 -0.260000
v 0.567464 0.677250 0.260000
v 0.565025 0.677990 -0.260000
v 0.565025 0.677990 0.260000
v 0.562778 0.679191 -0.260000
v 0.562778 0.679191 0.260000
v 0.560808 0.680808 -0.260000
v 0.560808 0.680808 0.260000
v 0.559191 0.682778 -0.260000
v 0.559191 0.682778 0.260000
v 0.557990 0.685025 -0.260000
v 0.557990 0.685025 0.260000
v 0.557250 0.687464 -0.260000
v 0.557250 0.687464 0.260000
v 0.557000 0.690000 -0.260000
v 0.557000 0.690000 0.260000
v 0.557250 0.692536 -0.260000
v 0.557250 0.692536 0.260000
v 0.557990 0.694975 -0.260000
v 0.557990 0.694975 0.260000
v 0.559191 0.697222 -0.260000
v 0.559191 0.697222 0.260000
v 0.560808 0.699192 -0.260000
v 0.560808 0.699192 0.260000
v 0.562778 0.700809 -0.260000
v 0.562778 0.700809 0.260000
v 0.565025 0.702010 -0.260000
v 0.565025 0.702010 0.260000
v 0.567464 0.702750 -0.260000
v 0.567464 0.702750 0.260000
vn 0.0980 0.9952 -0.0000
vn 0.2903 0.9569 -0.0000
vn 0.4714 0.8819 -0.0000
vn 0.6344 0.7730 -0.0000
vn 0.7730 0.6344 -0.0000
vn 0.8819 0.4714 -0.0000
vn 0.9569 0.2903 -0.0000
vn 0.9952 0.0980 -0.0000
vn 0.9952 -0.0980 -0.0000
vn 0.9569 -0.2903 -0.0000
vn 0.8819 -0.4714 -0.0000
vn 0.7730 -0.6344 -0.0000
vn 0.6344 -0.7730 -0.0000
vn 0.4714 -0.8819 -0.0000
vn 0.2903 -0.9569 -0.0000
vn 0.0980 -0.9952 -0.0000
vn -0.0980 -0.9952 -0.0000
vn -0.2903 -0.9569 -0.0000
vn -0.4714 -0.8819 -0.0000
vn -0.6344 -0.7730 -0.0000
vn -0.7730 -0.6344 -0.0000
vn -0.8819 -0.4714 -0.0000
vn -0.9569 -0.2903 -0.0000
vn -0.9952 -0.0980 -0.0000
vn -0.9952 0.0980 -0.0000
vn -0.9569 0.2903 -0.0000
vn -0.8819 0.4714 -0.0000
vn -0.7730 0.6344 -0.0000
vn -0.6344 0.7730 -0.0000
vn -0.4714 0.8819 -0.0000
vn -0.0000 -0.0000 1.0000
vn -0.2903 0.9569 -0.0000
vn -0.0980 0.9952 -0.0000
vn -0.0000 -0.0000 -1.0000
vn 0.0001 -0.0000 1.0000
vn -0.0001 -0.0000 1.0000
vn -0.0001 -0.0000 -1.0000
vn 0.0001 -0.0000 -1.0000
vt 1.000000 1.000000
vt 0.968750 0.500000
vt 1.000000 0.500000
vt 0.968750 1.000000
vt 0.937500 0.500000
vt 0.937500 1.000000
vt 0.906250 0.500000
vt 0.906250 1.000000
vt 0.875000 0.500000
vt 0.875000 1.000000
vt 0.843750 0.500000
vt 0.843750 1.000000
vt 0.812500 0.500000
vt 0.812500 1.000000
vt 0.781250 0.500000
vt 0.781250 1.000000
vt 0.750000 0.500000
vt 0.750000 1.000000
vt 0.718750 0.500000
vt 0.718750 1.000000
vt 0.687500 0.500000
vt 0.687500 1.000000
vt 0.656250 0.500000
vt 0.656250 1.000000
vt 0.625000 0.500000
vt 0.625000 1.000000
vt 0.593750 0.500000
vt 0.593750 1.000000
vt 0.562500 0.500000
vt 0.562500 1.000000
vt 0.531250 0.500000
vt 0.531250 1.000000
vt 0.500000 0.500000
vt 0.500000 1.000000
vt 0.468750 0.500000
vt 0.468750 1.000000
vt 0.437500 0.500000
vt 0.437500 1.000000
vt 0.406250 0.500000
vt 0.406250 1.000000
vt 0.375000 0.500000
vt 0.375000 1.000000
vt 0.343750 0.500000
vt 0.343750 1.000000
vt 0.312500 0.500000
vt 0.312500 1.000000
vt 0.281250 0.500000
vt 0.281250 1.000000
vt 0.250000 0.500000
vt 0.250000 1.000000
vt 0.218750 0.500000
vt 0.218750 1.000000
vt 0.187500 0.500000
vt 0.187500 1.000000
vt 0.156250 0.500000
vt 0.156250 1.000000
vt 0.125000 0.500000
vt 0.125000 1.000000
vt 0.093750 0.500000
vt 0.093750 1.000000
vt 0.062500 0.500000
vt 0.158156 0.028269
vt 0.471731 0.158156
vt 0.341844 0.471731
vt 0.062500 1.000000
vt 0.031250 0.500000
vt 0.031250 1.000000
vt 0.000000 0.500000
vt 0.796822 0.014612
vt 0.514612 0.203178
vt 0.703178 0.485388
vt 0.296822 0.485388
vt 0.250000 0.490000
vt 0.203178 0.485388
vt 0.158156 0.471731
vt 0.116663 0.449553
vt 0.080294 0.419706
vt 0.050447 0.383337
vt 0.028269 0.341844
vt 0.014612 0.296822
vt 0.010000 0.250000
vt 0.014612 0.203178
vt 0.028269 0.158156
vt 0.050447 0.116663
vt 0.080294 0.080294
vt 0.116663 0.050447
vt 0.203178 0.014612
vt 0.250000 0.010000
vt 0.296822 0.014612
vt 0.341844 0.028269
vt 0.383337 0.050447
vt 0.419706 0.080294
vt 0.449553 0.116663
vt 0.485388 0.203178
vt 0.490000 0.250000
vt 0.485388 0.296822
vt 0.471731 0.341844
vt 0.449553 0.383337
vt 0.419706 0.419706
vt 0.383337 0.449553
vt 0.000000 1.000000
vt 0.750000 0.490000
vt 0.796822 0.485388
vt 0.841844 0.471731
vt 0.883337 0.449553
vt 0.919706 0.419706
vt 0.949553 0.383337
vt 0.971731 0.341844
vt 0.985388 0.296822
vt 0.990000 0.250000
vt 0.985388 0.203178
vt 0.971731 0.158156
vt 0.949553 0.116663
vt 0.919706 0.080294
vt 0.883337 0.050447
vt 0.841844 0.028269
vt 0.750000 0.010000
vt 0.703178 0.014612
vt 0.658156 0.028269
vt 0.616663 0.050447
vt 0.580294 0.080294
vt 0.550447 0.116663
vt 0.528269 0.158156
vt 0.510000 0.250000
vt 0.514612 0.296822
vt 0.528269 0.341844
vt 0.550447 0.383337
vt 0.580294 0.419706
vt 0.616663 0.449553
vt 0.658156 0.471731
s 0
f 1842/430/1020 1843/431/1020 1841/432/1020
f 1844/433/1021 1845/434/1021 1843/431/1021
f 1846/435/1022 1847/436/1022 1845/434/1022
f 1848/437/1023 1849/438/1023 1847/436/1023
f 1850/439/1024 1851/440/1024 1849/438/1024
f 1852/441/1025 1853/442/1025 1851/440/1025
f 1854/443/1026 1855/444/1026 1853/442/1026
f 1856/445/1027 1857/446/1027 1855/444/1027
f 1858/447/1028 1859/448/1028 1857/446/1028
f 1860/449/1029 1861/450/1029 1859/448/1029
f 1862/451/1030 1863/452/1030 1861/450/1030
f 1864/453/1031 1865/454/1031 1863/452/1031
f 1866/455/1032 1867/456/1032 1865/454/1032
f 1868/457/1033 1869/458/1033 1867/456/1033
f 1870/459/1034 1871/460/1034 1869/458/1034
f 1872/461/1035 1873/462/1035 1871/460/1035
f 1874/463/1036 1875/464/1036 1873/462/1036
f 1876/465/1037 1877/466/1037 1875/464/1037
f 1878/467/1038 1879/468/1038 1877/466/1038
f 1880/469/1039 1881/470/1039 1879/468/1039
f 1882/471/1040 1883/472/1040 1881/470/1040
f 1884/473/1041 1885/474/1041 1883/472/1041
f 1886/475/1042 1887/476/1042 1885/474/1042
f 1888/477/1043 1889/478/1043 1887/476/1043
f 1890/479/1044 1891/480/1044 1889/478/1044
f 1892/481/1045 1893/482/1045 1891/480/1045
f 1894/483/1046 1895/484/1046 1893/482/1046
f 1896/485/1047 1897/486/1047 1895/484/1047
f 1898/487/1048 1899/488/1048 1897/486/1048
f 1900/489/1049 1901/490/1049 1899/488/1049
f 1878/491/1050 1862/492/1050 1846/493/1050
f 1902/494/1051 1903/495/1051 1901/490/1051
f 1904/496/1052 1841/497/1052 1903/495/1052
f 1871/498/1053 1887/499/1053 1903/500/1053
f 1842/430/1020 1844/433/1020 1843/431/1020
f 1844/433/1021 1846/435/1021 1845/434/1021
f 1846/435/1022 1848/437/1022 1847/436/1022
f 1848/437/1023 1850/439/1023 1849/438/1023
f 1850/439/1024 1852/441/1024 1851/440/1024
f 1852/441/1025 1854/443/1025 1853/442/1025
f 1854/443/1026 1856/445/1026 1855/444/1026
f 1856/445/1027 1858/447/1027 1857/446/1027
f 1858/447/1028 1860/449/1028 1859/448/1028
f 1860/449/1029 1862/451/1029 1861/450/1029
f 1862/451/1030 1864/453/1030 1863/452/1030
f 1864/453/1031 1866/455/1031 1865/454/1031
f 1866/455/1032 1868/457/1032 1867/456/1032
f 1868/457/1033 1870/459/1033 1869/458/1033
f 1870/459/1034 1872/461/1034 1871/460/1034
f 1872/461/1035 1874/463/1035 1873/462/1035
f 1874/463/1036 1876/465/1036 1875/464/1036
f 1876/465/1037 1878/467/1037 1877/466/1037
f 1878/467/1038 1880/469/1038 1879/468/1038
f 1880/469/1039 1882/471/1039 1881/470/1039
f 1882/471/1040 1884/473/1040 1883/472/1040
f 1884/473/1041 1886/475/1041 1885/474/1041
f 1886/475/1042 1888/477/1042 1887/476/1042
f 1888/477/1043 1890/479/1043 1889/478/1043
f 1890/479/1044 1892/481/1044 1891/480/1044
f 1892/481/1045 1894/483/1045 1893/482/1045
f 1894/483/1046 1896/485/1046 1895/484/1046
f 1896/485/1047 1898/487/1047 1897/486/1047
f 1898/487/1048 1900/489/1048 1899/488/1048
f 1900/489/1049 1902/494/1049 1901/490/1049
f 1846/493/1050 1844/501/1050 1842/502/1050
f 1842/502/1050 1904/503/1050 1902/504/1050
f 1902/504/1050 1900/505/1050 1898/506/1050
f 1898/506/1054 1896/507/1054 1894/508/1054
f 1894/508/1050 1892/509/1050 1890/510/1050
f 1890/510/1050 1888/511/1050 1886/512/1050
f 1886/512/1054 1884/513/1054 1882/514/1054
f 1882/514/1050 1880/515/1050 1878/491/1050
f 1878/491/1050 1876/516/1050 1874/517/1050
f 1874/517/1050 1872/518/1050 1870/519/1050
f 1870/519/1050 1868/520/1050 1866/521/1050
f 1866/521/1055 1864/522/1055 1862/492/1055
f 1862/492/1050 1860/523/1050 1858/524/1050
f 1858/524/1050 1856/525/1050 1854/526/1050
f 1854/526/1055 1852/527/1055 1850/528/1055
f 1850/528/1050 1848/529/1050 1846/493/1050
f 1846/493/1050 1842/502/1050 1902/504/1050
f 1902/504/1050 1898/506/1050 1894/508/1050
f 1894/508/1050 1890/510/1050 1886/512/1050
f 1886/512/1050 1882/514/1050 1878/491/1050
f 1878/491/1050 1874/517/1050 1870/519/1050
f 1870/519/1050 1866/521/1050 1862/492/1050
f 1862/492/1050 1858/524/1050 1854/526/1050
f 1854/526/1050 1850/528/1050 1846/493/1050
f 1846/493/1050 1902/504/1050 1894/508/1050
f 1894/508/1050 1886/512/1050 1878/491/1050
f 1878/491/1050 1870/519/1050 1862/492/1050
f 1862/492/1050 1854/526/1050 1846/493/1050
f 1846/493/1050 1894/508/1050 1878/491/1050
f 1902/494/1051 1904/496/1051 1903/495/1051
f 1904/496/1052 1842/530/1052 1841/497/1052
f 1903/500/1053 1841/531/1053 1843/532/1053
f 1843/532/1053 1845/533/1053 1847/534/1053
f 1847/534/1056 1849/535/1056 1851/536/1056
f 1851/536/1056 1853/537/1056 1855/538/1056
f 1855/538/1053 1857/539/1053 1859/540/1053
f 1859/540/1056 1861/541/1056 1863/542/1056
f 1863/542/1053 1865/543/1053 1867/544/1053
f 1867/544/1053 1869/545/1053 1871/498/1053
f 1871/498/1053 1873/546/1053 1875/547/1053
f 1875/547/1053 1877/548/1053 1879/549/1053
f 1879/549/1057 1881/550/1057 1883/551/1057
f 1883/551/1057 1885/552/1057 1887/499/1057
f 1887/499/1053 1889/553/1053 1891/554/1053
f 1891/554/1057 1893/555/1057 1895/556/1057
f 1895/556/1053 1897/557/1053 1899/558/1053
f 1899/558/1053 1901/559/1053 1903/500/1053
f 1903/500/1053 1843/532/1053 1847/534/1053
f 1847/534/1053 1851/536/1053 1855/538/1053
f 1855/538/1053 1859/540/1053 1863/542/1053
f 1863/542/1053 1867/544/1053 1871/498/1053
f 1871/498/1053 1875/547/1053 1879/549/1053
f 1879/549/1053 1883/551/1053 1887/499/1053
f 1887/499/1053 1891/554/1053 1895/556/1053
f 1895/556/1053 1899/558/1053 1903/500/1053
f 1903/500/1053 1847/534/1053 1855/538/1053
f 1855/538/1053 1863/542/1053 1871/498/1053
f 1871/498/1053 1879/549/1053 1887/499/1053
f 1887/499/1053 1895/556/1053 1903/500/1053
f 1903/500/1053 1855/538/1053 1871/498/1053
o Rueda_Caucho_Trasera
v -0.158000 0.000000 0.000000
v -0.162287 -0.000000 0.016000
v -0.174000 -0.000000 0.027713
v -0.190000 -0.000000 0.032000
v -0.206000 -0.000000 0.027713
v -0.217713 -0.000000 0.016000
v -0.222000 -0.000000 0.000000
v -0.217713 0.000000 -0.016000
v -0.206000 0.000000 -0.027713
v -0.190000 0.000000 -0.032000
v -0.174000 0.000000 -0.027713
v -0.162287 0.000000 -0.016000
v -0.163500 0.062861 0.000000
v -0.167722 0.062116 0.016000
v -0.179256 0.060082 0.027713
v -0.195013 0.057304 0.032000
v -0.210770 0.054526 0.027713
v -0.222305 0.052492 0.016000
v -0.226527 0.051747 0.000000
v -0.222305 0.052492 -0.016000
v -0.210770 0.054526 -0.027713
v -0.195013 0.057304 -0.032000
v -0.179256 0.060082 -0.027713
v -0.167722 0.062116 -0.016000
v -0.179831 0.123811 0.000000
v -0.183860 0.122345 0.016000
v -0.194866 0.118339 0.027713
v -0.209901 0.112867 0.032000
v -0.224936 0.107394 0.027713
v -0.235943 0.103388 0.016000
v -0.239972 0.101922 0.000000
v -0.235943 0.103388 -0.016000
v -0.224936 0.107394 -0.027713
v -0.209901 0.112867 -0.032000
v -0.194866 0.118339 -0.027713
v -0.183860 0.122345 -0.016000
v -0.206499 0.181000 0.000000
v -0.210212 0.178856 0.016000
v -0.220355 0.173000 0.027713
v -0.234212 0.165000 0.032000
v -0.248068 0.157000 0.027713
v -0.258212 0.151144 0.016000
v -0.261924 0.149000 0.000000
v -0.258212 0.151144 -0.016000
v -0.248068 0.157000 -0.027713
v -0.234212 0.165000 -0.032000
v -0.220355 0.173000 -0.027713
v -0.210212 0.178856 -0.016000
v -0.242692 0.232689 0.000000
v -0.245976 0.229933 0.016000
v -0.254949 0.222405 0.027713
v -0.267205 0.212120 0.032000
v -0.279462 0.201835 0.027713
v -0.288435 0.194306 0.016000
v -0.291719 0.191551 0.000000
v -0.288435 0.194306 -0.016000
v -0.279462 0.201835 -0.027713
v -0.267205 0.212120 -0.032000
v -0.254949 0.222405 -0.027713
v -0.245976 0.229933 -0.016000
v -0.287311 0.277308 0.000000
v -0.290067 0.274024 0.016000
v -0.297595 0.265051 0.027713
v -0.307880 0.252795 0.032000
v -0.318165 0.240538 0.027713
v -0.325694 0.231565 0.016000
v -0.328449 0.228281 0.000000
v -0.325694 0.231565 -0.016000
v -0.318165 0.240538 -0.027713
v -0.307880 0.252795 -0.032000
v -0.297595 0.265051 -0.027713
v -0.290067 0.274024 -0.016000
v -0.339000 0.313501 0.000000
v -0.341144 0.309788 0.016000
v -0.347000 0.299645 0.027713
v -0.355000 0.285788 0.032000
v -0.363000 0.271932 0.027713
v -0.368856 0.261788 0.016000
v -0.371000 0.258076 0.000000
v -0.368856 0.261788 -0.016000
v -0.363000 0.271932 -0.027713
v -0.355000 0.285788 -0.032000
v -0.347000 0.299645 -0.027713
v -0.341144 0.309788 -0.016000
v -0.396189 0.340169 0.000000
v -0.397655 0.336140 0.016000
v -0.401661 0.325134 0.027713
v -0.407133 0.310099 0.032000
v -0.412606 0.295063 0.027713
v -0.416612 0.284057 0.016000
v -0.418078 0.280028 0.000000
v -0.416612 0.284057 -0.016000
v -0.412606 0.295063 -0.027713
v -0.407133 0.310099 -0.032000
v -0.401661 0.325134 -0.027713
v -0.397655 0.336140 -0.016000
v -0.457139 0.356500 0.000000
v -0.457884 0.352278 0.016000
v -0.459918 0.340743 0.027713
v -0.462696 0.324987 0.032000
v -0.465474 0.309230 0.027713
v -0.467508 0.297695 0.016000
v -0.468253 0.293473 0.000000
v -0.467508 0.297695 -0.016000
v -0.465474 0.309230 -0.027713
v -0.462696 0.324987 -0.032000
v -0.459918 0.340743 -0.027713
v -0.457884 0.352278 -0.016000
v -0.520000 0.362000 0.000000
v -0.520000 0.357713 0.016000
v -0.520000 0.346000 0.027713
v -0.520000 0.330000 0.032000
v -0.520000 0.314000 0.027713
v -0.520000 0.302287 0.016000
v -0.520000 0.298000 0.000000
v -0.520000 0.302287 -0.016000
v -0.520000 0.314000 -0.027713
v -0.520000 0.330000 -0.032000
v -0.520000 0.346000 -0.027713
v -0.520000 0.357713 -0.016000
v -0.582861 0.356500 0.000000
v -0.582116 0.352278 0.016000
v -0.580082 0.340744 0.027713
v -0.577304 0.324987 0.032000
v -0.574525 0.309230 0.027713
v -0.572492 0.297695 0.016000
v -0.571747 0.293473 0.000000
v -0.572492 0.297695 -0.016000
v -0.574525 0.309230 -0.027713
v -0.577304 0.324987 -0.032000
v -0.580082 0.340744 -0.027713
v -0.582116 0.352278 -0.016000
v -0.643811 0.340169 0.000000
v -0.642345 0.336140 0.016000
v -0.638339 0.325134 0.027713
v -0.632867 0.310099 0.032000
v -0.627394 0.295063 0.027713
v -0.623388 0.284057 0.016000
v -0.621922 0.280028 0.000000
v -0.623388 0.284057 -0.016000
v -0.627394 0.295063 -0.027713
v -0.632867 0.310099 -0.032000
v -0.638339 0.325134 -0.027713
v -0.642345 0.336140 -0.016000
v -0.701000 0.313501 0.000000
v -0.698856 0.309788 0.016000
v -0.693000 0.299645 0.027713
v -0.685000 0.285788 0.032000
v -0.677000 0.271932 0.027713
v -0.671144 0.261788 0.016000
v -0.669000 0.258076 0.000000
v -0.671144 0.261788 -0.016000
v -0.677000 0.271932 -0.027713
v -0.685000 0.285788 -0.032000
v -0.693000 0.299645 -0.027713
v -0.698856 0.309788 -0.016000
v -0.752689 0.277308 0.000000
v -0.749933 0.274024 0.016000
v -0.742404 0.265051 0.027713
v -0.732120 0.252795 0.032000
v -0.721835 0.240538 0.027713
v -0.714306 0.231565 0.016000
v -0.711551 0.228281 0.000000
v -0.714306 0.231565 -0.016000
v -0.721835 0.240538 -0.027713
v -0.732120 0.252795 -0.032000
v -0.742404 0.265051 -0.027713
v -0.749933 0.274024 -0.016000
v -0.797308 0.232689 0.000000
v -0.794024 0.229933 0.016000
v -0.785051 0.222405 0.027713
v -0.772795 0.212120 0.032000
v -0.760538 0.201835 0.027713
v -0.751565 0.194307 0.016000
v -0.748281 0.191551 0.000000
v -0.751565 0.194307 -0.016000
v -0.760538 0.201835 -0.027713
v -0.772795 0.212120 -0.032000
v -0.785051 0.222405 -0.027713
v -0.794024 0.229933 -0.016000
v -0.833501 0.181000 0.000000
v -0.829788 0.178857 0.016000
v -0.819645 0.173000 0.027713
v -0.805788 0.165000 0.032000
v -0.791932 0.157000 0.027713
v -0.781788 0.151144 0.016000
v -0.778076 0.149000 0.000000
v -0.781788 0.151144 -0.016000
v -0.791932 0.157000 -0.027713
v -0.805788 0.165000 -0.032000
v -0.819645 0.173000 -0.027713
v -0.829788 0.178857 -0.016000
v -0.860169 0.123811 0.000000
v -0.856140 0.122345 0.016000
v -0.845134 0.118339 0.027713
v -0.830099 0.112867 0.032000
v -0.815063 0.107394 0.027713
v -0.804057 0.103388 0.016000
v -0.800028 0.101922 0.000000
v -0.804057 0.103388 -0.016000
v -0.815063 0.107394 -0.027713
v -0.830099 0.112867 -0.032000
v -0.845134 0.118339 -0.027713
v -0.856140 0.122345 -0.016000
v -0.876500 0.062861 0.000000
v -0.872278 0.062116 0.016000
v -0.860743 0.060082 0.027713
v -0.844987 0.057304 0.032000
v -0.829230 0.054526 0.027713
v -0.817695 0.052492 0.016000
v -0.813473 0.051747 0.000000
v -0.817695 0.052492 -0.016000
v -0.829230 0.054526 -0.027713
v -0.844987 0.057304 -0.032000
v -0.860743 0.060082 -0.027713
v -0.872278 0.062116 -0.016000
v -0.882000 0.000000 0.000000
v -0.877713 0.000000 0.016000
v -0.866000 0.000000 0.027713
v -0.850000 0.000000 0.032000
v -0.834000 0.000000 0.027713
v -0.822287 0.000000 0.016000
v -0.818000 0.000000 0.000000
v -0.822287 0.000000 -0.016000
v -0.834000 0.000000 -0.027713
v -0.850000 0.000000 -0.032000
v -0.866000 0.000000 -0.027713
v -0.877713 0.000000 -0.016000
v -0.876500 -0.062861 -0.000000
v -0.872278 -0.062116 0.016000
v -0.860744 -0.060082 0.027713
v -0.844987 -0.057304 0.032000
v -0.829230 -0.054525 0.027713
v -0.817695 -0.052492 0.016000
v -0.813473 -0.051747 -0.000000
v -0.817695 -0.052492 -0.016000
v -0.829230 -0.054525 -0.027713
v -0.844987 -0.057304 -0.032000
v -0.860744 -0.060082 -0.027713
v -0.872278 -0.062116 -0.016000
v -0.860169 -0.123811 -0.000000
v -0.856140 -0.122345 0.016000
v -0.845134 -0.118339 0.027713
v -0.830099 -0.112867 0.032000
v -0.815063 -0.107394 0.027713
v -0.804057 -0.103388 0.016000
v -0.800028 -0.101922 -0.000000
v -0.804057 -0.103388 -0.016000
v -0.815063 -0.107394 -0.027713
v -0.830099 -0.112867 -0.032000
v -0.845134 -0.118339 -0.027713
v -0.856140 -0.122345 -0.016000
v -0.833501 -0.181000 -0.000000
v -0.829788 -0.178856 0.016000
v -0.819645 -0.173000 0.027713
v -0.805788 -0.165000 0.032000
v -0.791932 -0.157000 0.027713
v -0.781788 -0.151144 0.016000
v -0.778076 -0.149000 -0.000000
v -0.781788 -0.151144 -0.016000
v -0.791932 -0.157000 -0.027713
v -0.805788 -0.165000 -0.032000
v -0.819645 -0.173000 -0.027713
v -0.829788 -0.178856 -0.016000
v -0.797308 -0.232689 -0.000000
v -0.794024 -0.229933 0.016000
v -0.785051 -0.222404 0.027713
v -0.772795 -0.212120 0.032000
v -0.760538 -0.201835 0.027713
v -0.751565 -0.194306 0.016000
v -0.748281 -0.191551 -0.000000
v -0.751565 -0.194306 -0.016000
v -0.760538 -0.201835 -0.027713
v -0.772795 -0.212120 -0.032000
v -0.785051 -0.222404 -0.027713
v -0.794024 -0.229933 -0.016000
v -0.752689 -0.277308 -0.000000
v -0.749933 -0.274024 0.016000
v -0.742404 -0.265051 0.027713
v -0.732120 -0.252795 0.032000
v -0.721835 -0.240538 0.027713
v -0.714306 -0.231565 0.016000
v -0.711551 -0.228281 -0.000000
v -0.714306 -0.231565 -0.016000
v -0.721835 -0.240538 -0.027713
v -0.732120 -0.252795 -0.032000
v -0.742404 -0.265051 -0.027713
v -0.749933 -0.274024 -0.016000
v -0.701000 -0.313501 -0.000000
v -0.698856 -0.309788 0.016000
v -0.693000 -0.299645 0.027713
v -0.685000 -0.285788 0.032000
v -0.677000 -0.271932 0.027713
v -0.671144 -0.261788 0.016000
v -0.669000 -0.258076 -0.000000
v -0.671144 -0.261788 -0.016000
v -0.677000 -0.271932 -0.027713
v -0.685000 -0.285788 -0.032000
v -0.693000 -0.299645 -0.027713
v -0.698856 -0.309788 -0.016000
v -0.643811 -0.340169 -0.000000
v -0.642345 -0.336140 0.016000
v -0.638339 -0.325134 0.027713
v -0.632867 -0.310099 0.032000
v -0.627394 -0.295063 0.027713
v -0.623388 -0.284057 0.016000
v -0.621922 -0.280028 -0.000000
v -0.623388 -0.284057 -0.016000
v -0.627394 -0.295063 -0.027713
v -0.632867 -0.310099 -0.032000
v -0.638339 -0.325134 -0.027713
v -0.642345 -0.336140 -0.016000
v -0.582861 -0.356500 -0.000000
v -0.582116 -0.352278 0.016000
v -0.580082 -0.340744 0.027713
v -0.577304 -0.324987 0.032000
v -0.574525 -0.309230 0.027713
v -0.572492 -0.297695 0.016000
v -0.571747 -0.293473 -0.000000
v -0.572492 -0.297695 -0.016000
v -0.574525 -0.309230 -0.027713
v -0.577304 -0.324987 -0.032000
v -0.580082 -0.340744 -0.027713
v -0.582116 -0.352278 -0.016000
v -0.520000 -0.362000 -0.000000
v -0.520000 -0.357713 0.016000
v -0.520000 -0.346000 0.027713
v -0.520000 -0.330000 0.032000
v -0.520000 -0.314000 0.027713
v -0.520000 -0.302287 0.016000
v -0.520000 -0.298000 -0.000000
v -0.520000 -0.302287 -0.016000
v -0.520000 -0.314000 -0.027713
v -0.520000 -0.330000 -0.032000
v -0.520000 -0.346000 -0.027713
v -0.520000 -0.357713 -0.016000
v -0.457139 -0.356500 -0.000000
v -0.457884 -0.352278 0.016000
v -0.459918 -0.340743 0.027713
v -0.462696 -0.324987 0.032000
v -0.465474 -0.309230 0.027713
v -0.467508 -0.297695 0.016000
v -0.468253 -0.293473 -0.000000
v -0.467508 -0.297695 -0.016000
v -0.465474 -0.309230 -0.027713
v -0.462696 -0.324987 -0.032000
v -0.459918 -0.340743 -0.027713
v -0.457884 -0.352278 -0.016000
v -0.396189 -0.340169 -0.000000
v -0.397655 -0.336140 0.016000
v -0.401661 -0.325134 0.027713
v -0.407133 -0.310099 0.032000
v -0.412606 -0.295063 0.027713
v -0.416612 -0.284057 0.016000
v -0.418078 -0.280028 -0.000000
v -0.416612 -0.284057 -0.016000
v -0.412606 -0.295063 -0.027713
v -0.407133 -0.310099 -0.032000
v -0.401661 -0.325134 -0.027713
v -0.397655 -0.336140 -0.016000
v -0.339000 -0.313501 -0.000000
v -0.341144 -0.309788 0.016000
v -0.347000 -0.299645 0.027713
v -0.355000 -0.285788 0.032000
v -0.363000 -0.271932 0.027713
v -0.368856 -0.261788 0.016000
v -0.371000 -0.258076 -0.000000
v -0.368856 -0.261788 -0.016000
v -0.363000 -0.271932 -0.027713
v -0.355000 -0.285788 -0.032000
v -0.347000 -0.299645 -0.027713
v -0.341144 -0.309788 -0.016000
v -0.287311 -0.277308 -0.000000
v -0.290067 -0.274024 0.016000
v -0.297595 -0.265051 0.027713
v -0.307880 -0.252795 0.032000
v -0.318165 -0.240538 0.027713
v -0.325694 -0.231565 0.016000
v -0.328449 -0.228281 -0.000000
v -0.325694 -0.231565 -0.016000
v -0.318165 -0.240538 -0.027713
v -0.307880 -0.252795 -0.032000
v -0.297595 -0.265051 -0.027713
v -0.290067 -0.274024 -0.016000
v -0.242692 -0.232689 -0.000000
v -0.245976 -0.229933 0.016000
v -0.254949 -0.222405 0.027713
v -0.267205 -0.212120 0.032000
v -0.279462 -0.201835 0.027713
v -0.288435 -0.194306 0.016000
v -0.291719 -0.191551 -0.000000
v -0.288435 -0.194306 -0.016000
v -0.279462 -0.201835 -0.027713
v -0.267205 -0.212120 -0.032000
v -0.254949 -0.222405 -0.027713
v -0.245976 -0.229933 -0.016000
v -0.206499 -0.181000 -0.000000
v -0.210212 -0.178856 0.016000
v -0.220355 -0.173000 0.027713
v -0.234212 -0.165000 0.032000
v -0.248068 -0.157000 0.027713
v -0.258212 -0.151144 0.016000
v -0.261924 -0.149000 -0.000000
v -0.258212 -0.151144 -0.016000
v -0.248068 -0.157000 -0.027713
v -0.234212 -0.165000 -0.032000
v -0.220355 -0.173000 -0.027713
v -0.210212 -0.178856 -0.016000
v -0.179831 -0.123811 -0.000000
v -0.183860 -0.122345 0.016000
v -0.194866 -0.118339 0.027713
v -0.209901 -0.112867 0.032000
v -0.224937 -0.107394 0.027713
v -0.235943 -0.103388 0.016000
v -0.239972 -0.101922 -0.000000
v -0.235943 -0.103388 -0.016000
v -0.224937 -0.107394 -0.027713
v -0.209901 -0.112867 -0.032000
v -0.194866 -0.118339 -0.027713
v -0.183860 -0.122345 -0.016000
v -0.163500 -0.062861 -0.000000
v -0.167722 -0.062116 0.016000
v -0.179256 -0.060082 0.027713
v -0.195013 -0.057304 0.032000
v -0.210770 -0.054526 0.027713
v -0.222305 -0.052492 0.016000
v -0.226527 -0.051747 -0.000000
v -0.222305 -0.052492 -0.016000
v -0.210770 -0.054526 -0.027713
v -0.195013 -0.057304 -0.032000
v -0.179256 -0.060082 -0.027713
v -0.167722 -0.062116 -0.016000
vn 0.9625 0.0842 0.2579
vn 0.7058 0.0617 0.7058
vn 0.2588 0.0226 0.9657
vn -0.2588 -0.0226 0.9657
vn -0.7058 -0.0617 0.7058
vn -0.9625 -0.0842 0.2579
vn -0.9625 -0.0842 -0.2579
vn -0.7058 -0.0617 -0.7058
vn -0.2588 -0.0226 -0.9657
vn 0.2588 0.0226 -0.9657
vn 0.7058 0.0617 -0.7058
vn 0.9625 0.0842 -0.2579
vn 0.9332 0.2501 0.2579
vn 0.6843 0.1834 0.7058
vn 0.2509 0.0672 0.9657
vn -0.2509 -0.0672 0.9657
vn -0.6843 -0.1834 0.7058
vn -0.9333 -0.2501 0.2579
vn -0.9333 -0.2501 -0.2579
vn -0.6843 -0.1834 -0.7058
vn -0.2509 -0.0672 -0.9657
vn 0.2509 0.0672 -0.9657
vn 0.6843 0.1834 -0.7058
vn 0.9332 0.2501 -0.2579
vn 0.8756 0.4083 0.2579
vn 0.6421 0.2994 0.7058
vn 0.2354 0.1098 0.9657
vn -0.2354 -0.1098 0.9657
vn -0.6421 -0.2994 0.7058
vn -0.8756 -0.4083 0.2579
vn -0.8756 -0.4083 -0.2579
vn -0.6421 -0.2994 -0.7058
vn -0.2354 -0.1098 -0.9657
vn 0.2354 0.1098 -0.9657
vn 0.6421 0.2994 -0.7058
vn 0.8756 0.4083 -0.2579
vn 0.7914 0.5542 0.2579
vn 0.5803 0.4064 0.7058
vn 0.2128 0.1490 0.9657
vn -0.2128 -0.1490 0.9657
vn -0.5803 -0.4064 0.7058
vn -0.7914 -0.5542 0.2579
vn -0.7914 -0.5542 -0.2579
vn -0.5803 -0.4064 -0.7058
vn -0.2128 -0.1490 -0.9657
vn 0.2128 0.1490 -0.9657
vn 0.5803 0.4064 -0.7058
vn 0.7914 0.5542 -0.2579
vn 0.6832 0.6832 0.2579
vn 0.5010 0.5010 0.7058
vn 0.1837 0.1837 0.9657
vn -0.1837 -0.1837 0.9657
vn -0.5010 -0.5010 0.7058
vn -0.6832 -0.6832 0.2579
vn -0.6832 -0.6832 -0.2579
vn -0.5010 -0.5010 -0.7058
vn -0.1837 -0.1837 -0.9657
vn 0.1837 0.1837 -0.9657
vn 0.5010 0.5010 -0.7058
vn 0.6832 0.6832 -0.2579
vn 0.5542 0.7914 0.2579
vn 0.4064 0.5803 0.7058
vn 0.1490 0.2128 0.9657
vn -0.1490 -0.2128 0.9657
vn -0.4064 -0.5803 0.7058
vn -0.5542 -0.7914 0.2579
vn -0.5542 -0.7914 -0.2579
vn -0.4064 -0.5803 -0.7058
vn -0.1490 -0.2128 -0.9657
vn 0.1490 0.2128 -0.9657
vn 0.4064 0.5803 -0.7058
vn 0.5542 0.7914 -0.2579
vn 0.4083 0.8756 0.2579
vn 0.2994 0.6421 0.7058
vn 0.1098 0.2354 0.9657
vn -0.1098 -0.2354 0.9657
vn -0.2994 -0.6421 0.7058
vn -0.4083 -0.8756 0.2579
vn -0.4083 -0.8756 -0.2579
vn -0.2994 -0.6421 -0.7058
vn -0.1098 -0.2354 -0.9657
vn 0.1098 0.2354 -0.9657
vn 0.2994 0.6421 -0.7058
vn 0.4083 0.8756 -0.2579
vn 0.2501 0.9333 0.2579
vn 0.1834 0.6843 0.7058
vn 0.0672 0.2509 0.9657
vn -0.0672 -0.2509 0.9657
vn -0.1834 -0.6843 0.7058
vn -0.2501 -0.9332 0.2579
vn -0.2501 -0.9332 -0.2579
vn -0.1834 -0.6843 -0.7058
vn -0.0672 -0.2509 -0.9657
vn 0.0672 0.2509 -0.9657
vn 0.1834 0.6843 -0.7058
vn 0.2501 0.9333 -0.2579
vn 0.0842 0.9625 0.2579
vn 0.0617 0.7058 0.7058
vn 0.0226 0.2588 0.9657
vn -0.0226 -0.2588 0.9657
vn -0.0617 -0.7058 0.7058
vn -0.0842 -0.9625 0.2579
vn -0.0842 -0.9625 -0.2579
vn -0.0617 -0.7058 -0.7058
vn -0.0226 -0.2588 -0.9657
vn 0.0226 0.2588 -0.9657
vn 0.0617 0.7058 -0.7058
vn 0.0842 0.9625 -0.2579
vn -0.0842 0.9625 0.2579
vn -0.0617 0.7058 0.7058
vn -0.0226 0.2588 0.9657
vn 0.0226 -0.2588 0.9657
vn 0.0617 -0.7058 0.7058
vn 0.0842 -0.9625 0.2579
vn 0.0842 -0.9625 -0.2579
vn 0.0617 -0.7058 -0.7058
vn 0.0226 -0.2588 -0.9657
vn -0.0226 0.2588 -0.9657
vn -0.0617 0.7058 -0.7058
vn -0.0842 0.9625 -0.2579
vn -0.2501 0.9333 0.2579
vn -0.1834 0.6843 0.7058
vn -0.0672 0.2509 0.9657
vn 0.0672 -0.2509 0.9657
vn 0.1834 -0.6843 0.7058
vn 0.2501 -0.9333 0.2579
vn 0.2501 -0.9333 -0.2579
vn 0.1834 -0.6843 -0.7058
vn 0.0672 -0.2509 -0.9657
vn -0.0672 0.2509 -0.9657
vn -0.1834 0.6843 -0.7058
vn -0.2501 0.9333 -0.2579
vn -0.4083 0.8756 0.2579
vn -0.2994 0.6421 0.7058
vn -0.1098 0.2354 0.9657
vn 0.1098 -0.2354 0.9657
vn 0.2994 -0.6421 0.7058
vn 0.4083 -0.8756 0.2579
vn 0.4083 -0.8757 -0.2579
vn 0.2994 -0.6421 -0.7058
vn 0.1098 -0.2354 -0.9657
vn -0.1098 0.2354 -0.9657
vn -0.2994 0.6421 -0.7058
vn -0.4083 0.8756 -0.2579
vn -0.5542 0.7914 0.2579
vn -0.4064 0.5803 0.7058
vn -0.1490 0.2128 0.9657
vn 0.1490 -0.2128 0.9657
vn 0.4064 -0.5803 0.7058
vn 0.5542 -0.7914 0.2579
vn 0.5542 -0.7914 -0.2579
vn 0.4064 -0.5803 -0.7058
vn 0.1490 -0.2128 -0.9657
vn -0.1490 0.2128 -0.9657
vn -0.4064 0.5803 -0.7058
vn -0.5542 0.7914 -0.2579
vn -0.6832 0.6832 0.2579
vn -0.5010 0.5010 0.7058
vn -0.1837 0.1837 0.9657
vn 0.1837 -0.1837 0.9657
vn 0.5010 -0.5010 0.7058
vn 0.6832 -0.6832 0.2579
vn 0.6832 -0.6832 -0.2579
vn 0.5010 -0.5010 -0.7058
vn 0.1837 -0.1837 -0.9657
vn -0.1837 0.1837 -0.9657
vn -0.5010 0.5010 -0.7058
vn -0.6832 0.6832 -0.2579
vn -0.7914 0.5542 0.2579
vn -0.5803 0.4064 0.7058
vn -0.2128 0.1490 0.9657
vn 0.2128 -0.1490 0.9657
vn 0.5803 -0.4064 0.7058
vn 0.7914 -0.5542 0.2579
vn 0.7914 -0.5542 -0.2579
vn 0.5803 -0.4064 -0.7058
vn 0.2128 -0.1490 -0.9657
vn -0.2128 0.1490 -0.9657
vn -0.5803 0.4064 -0.7058
vn -0.7914 0.5542 -0.2579
vn -0.8756 0.4083 0.2579
vn -0.6421 0.2994 0.7058
vn -0.2354 0.1098 0.9657
vn 0.2354 -0.1098 0.9657
vn 0.6421 -0.2994 0.7058
vn 0.8756 -0.4083 0.2579
vn 0.8756 -0.4083 -0.2579
vn 0.6421 -0.2994 -0.7058
vn 0.2354 -0.1098 -0.9657
vn -0.2354 0.1098 -0.9657
vn -0.6421 0.2994 -0.7058
vn -0.8756 0.4083 -0.2579
vn -0.9332 0.2501 0.2579
vn -0.6843 0.1834 0.7058
vn -0.2509 0.0672 0.9657
vn 0.2509 -0.0672 0.9657
vn 0.6843 -0.1834 0.7058
vn 0.9332 -0.2501 0.2579
vn 0.9333 -0.2501 -0.2579
vn 0.6843 -0.1834 -0.7058
vn 0.2509 -0.0672 -0.9657
vn -0.2509 0.0672 -0.9657
vn -0.6843 0.1834 -0.7058
vn -0.9333 0.2501 -0.2579
vn -0.9625 0.0842 0.2579
vn -0.7058 0.0617 0.7058
vn -0.2588 0.0226 0.9657
vn 0.2588 -0.0226 0.9657
vn 0.7058 -0.0617 0.7058
vn 0.9625 -0.0842 0.2579
vn 0.9625 -0.0842 -0.2579
vn 0.7058 -0.0617 -0.7058
vn 0.2588 -0.0226 -0.9657
vn -0.2588 0.0226 -0.9657
vn -0.7058 0.0617 -0.7058
vn -0.9625 0.0842 -0.2579
vn 0.9333 0.2501 0.2579
vn 0.9333 0.2501 -0.2579
vn -0.2501 -0.9333 0.2579
vn -0.2501 -0.9333 -0.2579
vn -0.2501 0.9332 0.2579
vn 0.4083 -0.8756 -0.2579
vn 0.9333 -0.2501 0.2579
vn -0.9333 0.2501 0.2579
vn 0.2501 0.9332 0.2579
vn 0.2501 0.9332 -0.2579
vn -0.2501 0.9332 -0.2579
vn -0.9332 -0.2501 0.2579
vn -0.9332 -0.2501 -0.2579
vn 0.4083 0.8757 0.2579
vt 0.527778 0.500000
vt 0.500000 0.583333
vt 0.500000 0.500000
vt 0.527778 0.583333
vt 0.500000 0.666667
vt 0.527778 0.666667
vt 0.500000 0.750000
vt 0.527778 0.750000
vt 0.500000 0.833333
vt 0.527778 0.833333
vt 0.500000 0.916667
vt 0.527778 0.916667
vt 0.500000 1.000000
vt 0.527778 0.000000
vt 0.500000 0.083333
vt 0.500000 0.000000
vt 0.527778 0.083333
vt 0.500000 0.166667
vt 0.527778 0.166667
vt 0.500000 0.250000
vt 0.527778 0.333333
vt 0.500000 0.333333
vt 0.527778 0.416667
vt 0.500000 0.416667
vt 0.555556 0.500000
vt 0.555556 0.583333
vt 0.555556 0.750000
vt 0.555556 0.833333
vt 0.555556 1.000000
vt 0.527778 1.000000
vt 0.555556 0.000000
vt 0.555556 0.083333
vt 0.555556 0.250000
vt 0.527778 0.250000
vt 0.555556 0.416667
vt 0.583333 0.583333
vt 0.555556 0.666667
vt 0.583333 0.666667
vt 0.583333 0.833333
vt 0.583333 0.916667
vt 0.555556 0.916667
vt 0.583333 0.000000
vt 0.583333 0.083333
vt 0.555556 0.166667
vt 0.583333 0.166667
vt 0.583333 0.250000
vt 0.555556 0.333333
vt 0.583333 0.416667
vt 0.583333 0.500000
vt 0.611111 0.583333
vt 0.611111 0.750000
vt 0.583333 0.750000
vt 0.611111 0.833333
vt 0.611111 0.916667
vt 0.611111 1.000000
vt 0.583333 1.000000
vt 0.611111 0.000000
vt 0.611111 0.083333
vt 0.611111 0.166667
vt 0.611111 0.250000
vt 0.583333 0.333333
vt 0.611111 0.416667
vt 0.638889 0.500000
vt 0.611111 0.500000
vt 0.638889 0.583333
vt 0.611111 0.666667
vt 0.638889 0.750000
vt 0.638889 0.833333
vt 0.638889 1.000000
vt 0.638889 0.000000
vt 0.638889 0.083333
vt 0.638889 0.250000
vt 0.611111 0.333333
vt 0.638889 0.416667
vt 0.666667 0.583333
vt 0.666667 0.666667
vt 0.638889 0.666667
vt 0.666667 0.750000
vt 0.666667 0.916667
vt 0.638889 0.916667
vt 0.666667 1.000000
vt 0.666667 0.000000
vt 0.666667 0.083333
vt 0.638889 0.166667
vt 0.666667 0.250000
vt 0.638889 0.333333
vt 0.666667 0.333333
vt 0.666667 0.416667
vt 0.666667 0.500000
vt 0.694444 0.583333
vt 0.694444 0.666667
vt 0.694444 0.750000
vt 0.666667 0.833333
vt 0.694444 0.833333
vt 0.694444 0.916667
vt 0.694444 0.000000
vt 0.694444 0.166667
vt 0.666667 0.166667
vt 0.694444 0.250000
vt 0.694444 0.333333
vt 0.694444 0.416667
vt 0.722222 0.500000
vt 0.694444 0.500000
vt 0.722222 0.583333
vt 0.722222 0.666667
vt 0.722222 0.833333
vt 0.722222 1.000000
vt 0.694444 1.000000
vt 0.722222 0.000000
vt 0.694444 0.083333
vt 0.722222 0.166667
vt 0.722222 0.333333
vt 0.750000 0.500000
vt 0.750000 0.666667
vt 0.722222 0.750000
vt 0.750000 0.750000
vt 0.750000 0.833333
vt 0.722222 0.916667
vt 0.750000 0.916667
vt 0.750000 0.000000
vt 0.722222 0.083333
vt 0.750000 0.083333
vt 0.750000 0.250000
vt 0.722222 0.250000
vt 0.750000 0.333333
vt 0.722222 0.416667
vt 0.750000 0.416667
vt 0.777778 0.583333
vt 0.750000 0.583333
vt 0.777778 0.666667
vt 0.777778 0.750000
vt 0.777778 0.833333
vt 0.777778 0.916667
vt 0.750000 1.000000
vt 0.777778 0.000000
vt 0.777778 0.083333
vt 0.750000 0.166667
vt 0.777778 0.166667
vt 0.777778 0.333333
vt 0.777778 0.416667
vt 0.805556 0.500000
vt 0.777778 0.500000
vt 0.805556 0.666667
vt 0.805556 0.750000
vt 0.805556 0.833333
vt 0.805556 1.000000
vt 0.777778 1.000000
vt 0.805556 0.000000
vt 0.805556 0.166667
vt 0.805556 0.250000
vt 0.777778 0.250000
vt 0.805556 0.333333
vt 0.833333 0.500000
vt 0.805556 0.583333
vt 0.833333 0.583333
vt 0.833333 0.666667
vt 0.833333 0.750000
vt 0.833333 0.916667
vt 0.805556 0.916667
vt 0.833333 0.000000
vt 0.805556 0.083333
vt 0.833333 0.083333
vt 0.833333 0.250000
vt 0.833333 0.333333
vt 0.833333 0.416667
vt 0.805556 0.416667
vt 0.861111 0.583333
vt 0.861111 0.750000
vt 0.833333 0.833333
vt 0.861111 0.916667
vt 0.833333 1.000000
vt 0.861111 0.083333
vt 0.833333 0.166667
vt 0.861111 0.166667
vt 0.861111 0.250000
vt 0.861111 0.416667
vt 0.861111 0.500000
vt 0.888889 0.583333
vt 0.861111 0.666667
vt 0.888889 0.666667
vt 0.888889 0.750000
vt 0.861111 0.833333
vt 0.888889 0.916667
vt 0.861111 1.000000
vt 0.861111 0.000000
vt 0.888889 0.083333
vt 0.888889 0.166667
vt 0.888889 0.250000
vt 0.861111 0.333333
vt 0.888889 0.416667
vt 0.888889 0.500000
vt 0.916667 0.583333
vt 0.916667 0.666667
vt 0.916667 0.833333
vt 0.888889 0.833333
vt 0.916667 1.000000
vt 0.888889 1.000000
vt 0.916667 0.000000
vt 0.888889 0.000000
vt 0.916667 0.166667
vt 0.916667 0.250000
vt 0.888889 0.333333
vt 0.916667 0.416667
vt 0.916667 0.500000
vt 0.944444 0.583333
vt 0.944444 0.666667
vt 0.916667 0.750000
vt 0.944444 0.833333
vt 0.916667 0.916667
vt 0.944444 0.916667
vt 0.944444 0.083333
vt 0.916667 0.083333
vt 0.944444 0.166667
vt 0.944444 0.250000
vt 0.916667 0.333333
vt 0.944444 0.416667
vt 0.944444 0.500000
vt 0.972222 0.583333
vt 0.972222 0.750000
vt 0.944444 0.750000
vt 0.972222 0.916667
vt 0.944444 1.000000
vt 0.972222 0.000000
vt 0.944444 0.000000
vt 0.972222 0.083333
vt 0.972222 0.250000
vt 0.944444 0.333333
vt 0.972222 0.416667
vt 0.972222 0.500000
vt 1.000000 0.583333
vt 0.972222 0.666667
vt 1.000000 0.666667
vt 1.000000 0.833333
vt 0.972222 0.833333
vt 1.000000 0.916667
vt 0.972222 1.000000
vt 1.000000 0.000000
vt 1.000000 0.083333
vt 0.972222 0.166667
vt 1.000000 0.166667
vt 1.000000 0.250000
vt 0.972222 0.333333
vt 1.000000 0.416667
vt 0.027778 0.500000
vt 0.000000 0.583333
vt 0.000000 0.500000
vt 0.027778 0.583333
vt 0.000000 0.666667
vt 0.027778 0.666667
vt 0.000000 0.750000
vt 0.027778 0.750000
vt 0.000000 0.833333
vt 0.027778 0.833333
vt 0.000000 0.916667
vt 0.027778 0.916667
vt 0.000000 1.000000
vt 0.000000 0.000000
vt 0.027778 0.083333
vt 0.000000 0.083333
vt 0.000000 0.166667
vt 0.027778 0.166667
vt 0.000000 0.250000
vt 0.027778 0.333333
vt 0.000000 0.333333
vt 0.027778 0.416667
vt 0.000000 0.416667
vt 0.055556 0.500000
vt 0.055556 0.666667
vt 0.055556 0.750000
vt 0.055556 0.833333
vt 0.055556 0.916667
vt 0.027778 1.000000
vt 0.055556 0.000000
vt 0.027778 0.000000
vt 0.055556 0.083333
vt 0.055556 0.250000
vt 0.027778 0.250000
vt 0.055556 0.333333
vt 0.083333 0.500000
vt 0.055556 0.583333
vt 0.083333 0.583333
vt 0.083333 0.750000
vt 0.083333 0.916667
vt 0.055556 1.000000
vt 0.083333 0.000000
vt 0.083333 0.083333
vt 0.055556 0.166667
vt 0.083333 0.250000
vt 0.083333 0.416667
vt 0.055556 0.416667
vt 0.111111 0.500000
vt 0.111111 0.583333
vt 0.083333 0.666667
vt 0.111111 0.750000
vt 0.083333 0.833333
vt 0.111111 0.916667
vt 0.083333 1.000000
vt 0.111111 0.083333
vt 0.083333 0.166667
vt 0.111111 0.166667
vt 0.111111 0.250000
vt 0.083333 0.333333
vt 0.111111 0.333333
vt 0.138889 0.500000
vt 0.138889 0.666667
vt 0.111111 0.666667
vt 0.138889 0.750000
vt 0.111111 0.833333
vt 0.138889 0.833333
vt 0.138889 1.000000
vt 0.111111 1.000000
vt 0.138889 0.000000
vt 0.111111 0.000000
vt 0.138889 0.166667
vt 0.138889 0.250000
vt 0.138889 0.333333
vt 0.111111 0.416667
vt 0.166667 0.500000
vt 0.138889 0.583333
vt 0.166667 0.666667
vt 0.166667 0.750000
vt 0.166667 0.833333
vt 0.138889 0.916667
vt 0.166667 1.000000
vt 0.166667 0.000000
vt 0.138889 0.083333
vt 0.166667 0.166667
vt 0.166667 0.333333
vt 0.138889 0.416667
vt 0.194444 0.583333
vt 0.166667 0.583333
vt 0.194444 0.666667
vt 0.194444 0.750000
vt 0.194444 0.833333
vt 0.166667 0.916667
vt 0.194444 0.916667
vt 0.194444 0.000000
vt 0.166667 0.083333
vt 0.194444 0.166667
vt 0.166667 0.250000
vt 0.194444 0.250000
vt 0.194444 0.333333
vt 0.166667 0.416667
vt 0.194444 0.416667
vt 0.222222 0.500000
vt 0.194444 0.500000
vt 0.222222 0.583333
vt 0.222222 0.666667
vt 0.222222 0.833333
vt 0.222222 0.916667
vt 0.194444 1.000000
vt 0.222222 0.000000
vt 0.194444 0.083333
vt 0.222222 0.083333
vt 0.222222 0.166667
vt 0.222222 0.250000
vt 0.222222 0.333333
vt 0.250000 0.583333
vt 0.250000 0.666667
vt 0.222222 0.750000
vt 0.250000 0.750000
vt 0.250000 0.833333
vt 0.250000 0.916667
vt 0.222222 1.000000
vt 0.250000 0.000000
vt 0.250000 0.083333
vt 0.250000 0.166667
vt 0.250000 0.250000
vt 0.250000 0.333333
vt 0.222222 0.416667
vt 0.250000 0.416667
vt 0.277778 0.500000
vt 0.250000 0.500000
vt 0.277778 0.583333
vt 0.277778 0.750000
vt 0.277778 0.833333
vt 0.277778 0.916667
vt 0.250000 1.000000
vt 0.277778 0.000000
vt 0.277778 0.083333
vt 0.277778 0.166667
vt 0.277778 0.250000
vt 0.277778 0.416667
vt 0.305556 0.500000
vt 0.305556 0.583333
vt 0.277778 0.666667
vt 0.305556 0.750000
vt 0.305556 0.916667
vt 0.305556 1.000000
vt 0.277778 1.000000
vt 0.305556 0.000000
vt 0.305556 0.083333
vt 0.305556 0.250000
vt 0.277778 0.333333
vt 0.305556 0.333333
vt 0.333333 0.500000
vt 0.333333 0.666667
vt 0.305556 0.666667
vt 0.333333 0.750000
vt 0.333333 0.833333
vt 0.305556 0.833333
vt 0.333333 0.916667
vt 0.333333 0.000000
vt 0.333333 0.083333
vt 0.305556 0.166667
vt 0.333333 0.166667
vt 0.333333 0.250000
vt 0.333333 0.333333
vt 0.305556 0.416667
vt 0.361111 0.500000
vt 0.333333 0.583333
vt 0.361111 0.583333
vt 0.361111 0.666667
vt 0.361111 0.833333
vt 0.361111 0.916667
vt 0.333333 1.000000
vt 0.361111 0.000000
vt 0.361111 0.166667
vt 0.361111 0.250000
vt 0.361111 0.416667
vt 0.333333 0.416667
vt 0.388889 0.500000
vt 0.388889 0.583333
vt 0.388889 0.666667
vt 0.361111 0.750000
vt 0.388889 0.833333
vt 0.388889 0.916667
vt 0.361111 1.000000
vt 0.388889 0.083333
vt 0.361111 0.083333
vt 0.388889 0.166667
vt 0.388889 0.333333
vt 0.361111 0.333333
vt 0.416667 0.500000
vt 0.416667 0.666667
vt 0.416667 0.750000
vt 0.388889 0.750000
vt 0.416667 0.833333
vt 0.416667 0.916667
vt 0.388889 1.000000
vt 0.388889 0.000000
vt 0.416667 0.083333
vt 0.416667 0.166667
vt 0.416667 0.250000
vt 0.388889 0.250000
vt 0.416667 0.416667
vt 0.388889 0.416667
vt 0.444444 0.500000
vt 0.416667 0.583333
vt 0.444444 0.666667
vt 0.444444 0.750000
vt 0.444444 0.833333
vt 0.444444 0.916667
vt 0.416667 1.000000
vt 0.416667 0.000000
vt 0.444444 0.083333
vt 0.444444 0.166667
vt 0.444444 0.250000
vt 0.416667 0.333333
vt 0.444444 0.333333
vt 0.472222 0.500000
vt 0.444444 0.583333
vt 0.472222 0.583333
vt 0.472222 0.666667
vt 0.472222 0.833333
vt 0.472222 0.916667
vt 0.444444 1.000000
vt 0.444444 0.000000
vt 0.472222 0.083333
vt 0.472222 0.166667
vt 0.472222 0.333333
vt 0.472222 0.416667
vt 0.444444 0.416667
vt 0.472222 0.750000
vt 0.472222 1.000000
vt 0.472222 0.000000
vt 0.472222 0.250000
vt 1.000000 0.500000
vt 1.000000 0.750000
vt 1.000000 1.000000
vt 1.000000 0.333333
s 0
f 1917/560/1058 1906/561/1058 1905/562/1058
f 1918/563/1059 1907/564/1059 1906/561/1059
f 1919/565/1060 1908/566/1060 1907/564/1060
f 1920/567/1061 1909/568/1061 1908/566/1061
f 1921/569/1062 1910/570/1062 1909/568/1062
f 1922/571/1063 1911/572/1063 1910/570/1063
f 1923/573/1064 1912/574/1064 1911/575/1064
f 1924/576/1065 1913/577/1065 1912/574/1065
f 1925/578/1066 1914/579/1066 1913/577/1066
f 1914/579/1067 1927/580/1067 1915/581/1067
f 1915/581/1068 1928/582/1068 1916/583/1068
f 1916/583/1069 1917/560/1069 1905/562/1069
f 1929/584/1070 1918/563/1070 1917/560/1070
f 1930/585/1071 1919/565/1071 1918/563/1071
f 1919/565/1072 1932/586/1072 1920/567/1072
f 1932/586/1073 1921/569/1073 1920/567/1073
f 1933/587/1074 1922/571/1074 1921/569/1074
f 1922/571/1075 1935/588/1075 1923/589/1075
f 1935/590/1076 1924/576/1076 1923/573/1076
f 1936/591/1077 1925/578/1077 1924/576/1077
f 1925/578/1078 1938/592/1078 1926/593/1078
f 1938/592/1079 1927/580/1079 1926/593/1079
f 1927/580/1080 1940/594/1080 1928/582/1080
f 1928/582/1081 1929/584/1081 1917/560/1081
f 1929/584/1082 1942/595/1082 1930/585/1082
f 1942/595/1083 1931/596/1083 1930/585/1083
f 1943/597/1084 1932/586/1084 1931/596/1084
f 1932/586/1085 1945/598/1085 1933/587/1085
f 1933/587/1086 1946/599/1086 1934/600/1086
f 1946/599/1087 1935/588/1087 1934/600/1087
f 1947/601/1088 1936/591/1088 1935/590/1088
f 1948/602/1089 1937/603/1089 1936/591/1089
f 1949/604/1090 1938/592/1090 1937/603/1090
f 1950/605/1091 1939/606/1091 1938/592/1091
f 1939/606/1092 1952/607/1092 1940/594/1092
f 1952/607/1093 1929/584/1093 1940/594/1093
f 1941/608/1094 1954/609/1094 1942/595/1094
f 1954/609/1095 1943/597/1095 1942/595/1095
f 1943/597/1096 1956/610/1096 1944/611/1096
f 1944/611/1097 1957/612/1097 1945/598/1097
f 1945/598/1098 1958/613/1098 1946/599/1098
f 1946/599/1099 1959/614/1099 1947/615/1099
f 1959/616/1100 1948/602/1100 1947/601/1100
f 1960/617/1101 1949/604/1101 1948/602/1101
f 1961/618/1102 1950/605/1102 1949/604/1102
f 1962/619/1103 1951/620/1103 1950/605/1103
f 1951/620/1104 1964/621/1104 1952/607/1104
f 1964/621/1105 1941/608/1105 1952/607/1105
f 1965/622/1106 1954/609/1106 1953/623/1106
f 1966/624/1107 1955/625/1107 1954/609/1107
f 1955/625/1108 1968/626/1108 1956/610/1108
f 1968/626/1109 1957/612/1109 1956/610/1109
f 1969/627/1110 1958/613/1110 1957/612/1110
f 1958/613/1111 1971/628/1111 1959/614/1111
f 1971/629/1112 1960/617/1112 1959/616/1112
f 1972/630/1113 1961/618/1113 1960/617/1113
f 1961/618/1114 1974/631/1114 1962/619/1114
f 1974/631/1115 1963/632/1115 1962/619/1115
f 1963/632/1116 1976/633/1116 1964/621/1116
f 1976/633/1117 1953/623/1117 1964/621/1117
f 1965/622/1118 1978/634/1118 1966/624/1118
f 1966/624/1119 1979/635/1119 1967/636/1119
f 1979/635/1120 1968/626/1120 1967/636/1120
f 1980/637/1121 1969/627/1121 1968/626/1121
f 1969/627/1122 1982/638/1122 1970/639/1122
f 1970/639/1123 1983/640/1123 1971/628/1123
f 1983/641/1124 1972/630/1124 1971/629/1124
f 1984/642/1125 1973/643/1125 1972/630/1125
f 1973/643/1126 1986/644/1126 1974/631/1126
f 1986/644/1127 1975/645/1127 1974/631/1127
f 1987/646/1128 1976/633/1128 1975/645/1128
f 1988/647/1129 1965/622/1129 1976/633/1129
f 1977/648/1130 1990/649/1130 1978/634/1130
f 1990/649/1131 1979/635/1131 1978/634/1131
f 1991/650/1132 1980/637/1132 1979/635/1132
f 1992/651/1133 1981/652/1133 1980/637/1133
f 1993/653/1134 1982/638/1134 1981/652/1134
f 1994/654/1135 1983/640/1135 1982/638/1135
f 1995/655/1136 1984/642/1136 1983/641/1136
f 1984/642/1137 1997/656/1137 1985/657/1137
f 1985/657/1138 1998/658/1138 1986/644/1138
f 1986/644/1139 1999/659/1139 1987/646/1139
f 1987/646/1140 2000/660/1140 1988/647/1140
f 2000/660/1141 1977/648/1141 1988/647/1141
f 2001/661/1142 1990/649/1142 1989/662/1142
f 2002/663/1143 1991/650/1143 1990/649/1143
f 2003/664/1144 1992/651/1144 1991/650/1144
f 1992/651/1145 2005/665/1145 1993/653/1145
f 2005/665/1146 1994/654/1146 1993/653/1146
f 1994/654/1147 2007/666/1147 1995/667/1147
f 2007/668/1148 1996/669/1148 1995/655/1148
f 1996/669/1149 2009/670/1149 1997/656/1149
f 2009/670/1150 1998/658/1150 1997/656/1150
f 1998/658/1151 2011/671/1151 1999/659/1151
f 2011/671/1152 2000/660/1152 1999/659/1152
f 2000/660/1153 2001/661/1153 1989/662/1153
f 2013/672/1154 2002/663/1154 2001/661/1154
f 2002/663/1155 2015/673/1155 2003/664/1155
f 2015/673/1156 2004/674/1156 2003/664/1156
f 2016/675/1157 2005/665/1157 2004/674/1157
f 2017/676/1158 2006/677/1158 2005/665/1158
f 2018/678/1159 2007/666/1159 2006/677/1159
f 2019/679/1160 2008/680/1160 2007/668/1160
f 2020/681/1161 2009/670/1161 2008/680/1161
f 2009/670/1162 2022/682/1162 2010/683/1162
f 2010/683/1163 2023/684/1163 2011/671/1163
f 2023/684/1164 2012/685/1164 2011/671/1164
f 2024/686/1165 2001/661/1165 2012/685/1165
f 2013/672/1166 2026/687/1166 2014/688/1166
f 2014/688/1167 2027/689/1167 2015/673/1167
f 2027/689/1168 2016/675/1168 2015/673/1168
f 2028/690/1169 2017/676/1169 2016/675/1169
f 2029/691/1170 2018/678/1170 2017/676/1170
f 2030/692/1171 2019/693/1171 2018/678/1171
f 2031/694/1172 2020/681/1172 2019/679/1172
f 2032/695/1173 2021/696/1173 2020/681/1173
f 2033/697/1174 2022/682/1174 2021/696/1174
f 2022/682/1175 2035/698/1175 2023/684/1175
f 2035/698/1176 2024/686/1176 2023/684/1176
f 2036/699/1177 2013/672/1177 2024/686/1177
f 2037/700/1178 2026/687/1178 2025/701/1178
f 2026/687/1179 2039/702/1179 2027/689/1179
f 2039/702/1180 2028/690/1180 2027/689/1180
f 2040/703/1181 2029/691/1181 2028/690/1181
f 2041/704/1182 2030/692/1182 2029/691/1182
f 2030/692/1183 2043/705/1183 2031/706/1183
f 2043/707/1184 2032/695/1184 2031/694/1184
f 2032/695/1185 2045/708/1185 2033/697/1185
f 2033/697/1186 2046/709/1186 2034/710/1186
f 2046/709/1187 2035/698/1187 2034/710/1187
f 2047/711/1188 2036/699/1188 2035/698/1188
f 2036/699/1189 2037/700/1189 2025/701/1189
f 2049/712/1190 2038/713/1190 2037/700/1190
f 2050/714/1191 2039/702/1191 2038/713/1191
f 2051/715/1192 2040/703/1192 2039/702/1192
f 2052/716/1193 2041/704/1193 2040/703/1193
f 2041/704/1194 2054/717/1194 2042/718/1194
f 2054/717/1195 2043/705/1195 2042/718/1195
f 2055/719/1196 2044/720/1196 2043/707/1196
f 2056/721/1197 2045/708/1197 2044/720/1197
f 2045/708/1198 2058/722/1198 2046/709/1198
f 2046/709/1199 2059/723/1199 2047/711/1199
f 2047/711/1200 2060/724/1200 2048/725/1200
f 2048/725/1201 2049/712/1201 2037/700/1201
f 2049/712/1202 2062/726/1202 2050/714/1202
f 2062/726/1203 2051/715/1203 2050/714/1203
f 2051/715/1204 2064/727/1204 2052/716/1204
f 2064/727/1205 2053/728/1205 2052/716/1205
f 2053/728/1206 2066/729/1206 2054/717/1206
f 2066/729/1207 2055/730/1207 2054/717/1207
f 2055/719/1208 2068/731/1208 2056/721/1208
f 2068/731/1209 2057/732/1209 2056/721/1209
f 2069/733/1210 2058/722/1210 2057/732/1210
f 2070/734/1211 2059/723/1211 2058/722/1211
f 2059/723/1212 2072/735/1212 2060/724/1212
f 2072/735/1213 2049/712/1213 2060/724/1213
f 2061/736/1214 2074/737/1214 2062/726/1214
f 2074/737/1215 2063/738/1215 2062/726/1215
f 2075/739/1216 2064/727/1216 2063/738/1216
f 2076/740/1217 2065/741/1217 2064/727/1217
f 2065/741/1218 2078/742/1218 2066/729/1218
f 2078/742/1219 2067/743/1219 2066/729/1219
f 2067/744/1220 2080/745/1220 2068/731/1220
f 2080/745/1221 2069/733/1221 2068/731/1221
f 2081/746/1222 2070/734/1222 2069/733/1222
f 2082/747/1223 2071/748/1223 2070/734/1223
f 2071/748/1224 2084/749/1224 2072/735/1224
f 2084/749/1225 2061/736/1225 2072/735/1225
f 2073/750/1226 2086/751/1226 2074/737/1226
f 2086/751/1227 2075/739/1227 2074/737/1227
f 2087/752/1228 2076/740/1228 2075/739/1228
f 2076/740/1229 2089/753/1229 2077/754/1229
f 2089/753/1230 2078/742/1230 2077/754/1230
f 2078/742/1231 2091/755/1231 2079/756/1231
f 2091/757/1232 2080/745/1232 2079/758/1232
f 2080/745/1233 2093/759/1233 2081/746/1233
f 2093/759/1234 2082/747/1234 2081/746/1234
f 2094/760/1235 2083/761/1235 2082/747/1235
f 2083/761/1236 2096/762/1236 2084/749/1236
f 2096/762/1237 2073/750/1237 2084/749/1237
f 2085/763/1238 2098/764/1238 2086/751/1238
f 2098/764/1239 2087/752/1239 2086/751/1239
f 2099/765/1240 2088/766/1240 2087/752/1240
f 2088/766/1241 2101/767/1241 2089/753/1241
f 2101/767/1242 2090/768/1242 2089/753/1242
f 2102/769/1243 2091/755/1243 2090/768/1243
f 2091/757/1244 2104/770/1244 2092/771/1244
f 2104/770/1245 2093/759/1245 2092/771/1245
f 2105/772/1246 2094/760/1246 2093/759/1246
f 2106/773/1247 2095/774/1247 2094/760/1247
f 2095/774/1248 2108/775/1248 2096/762/1248
f 2108/775/1249 2085/763/1249 2096/762/1249
f 2097/776/1250 2110/777/1250 2098/764/1250
f 2110/777/1251 2099/765/1251 2098/764/1251
f 2099/765/1252 2112/778/1252 2100/779/1252
f 2112/778/1253 2101/767/1253 2100/779/1253
f 2101/767/1254 2114/780/1254 2102/769/1254
f 2114/780/1255 2103/781/1255 2102/769/1255
f 2115/782/1256 2104/770/1256 2103/783/1256
f 2116/784/1257 2105/772/1257 2104/770/1257
f 2105/772/1258 2118/785/1258 2106/773/1258
f 2118/785/1259 2107/786/1259 2106/773/1259
f 2107/786/1260 2120/787/1260 2108/775/1260
f 2108/775/1261 2109/788/1261 2097/776/1261
f 2109/788/1262 2122/789/1262 2110/777/1262
f 2122/789/1263 2111/790/1263 2110/777/1263
f 2123/791/1264 2112/778/1264 2111/790/1264
f 2112/778/1265 2125/792/1265 2113/793/1265
f 2125/792/1266 2114/780/1266 2113/793/1266
f 2126/794/1267 2115/795/1267 2114/780/1267
f 2127/796/1268 2116/784/1268 2115/782/1268
f 2128/797/1269 2117/798/1269 2116/784/1269
f 2129/799/1270 2118/785/1270 2117/798/1270
f 2130/800/1271 2119/801/1271 2118/785/1271
f 2119/801/1272 2132/802/1272 2120/787/1272
f 2132/802/1273 2109/788/1273 2120/787/1273
f 2133/803/1063 2122/804/1063 2121/805/1063
f 2134/806/1062 2123/807/1062 2122/804/1062
f 2135/808/1061 2124/809/1061 2123/807/1061
f 2136/810/1060 2125/811/1060 2124/809/1060
f 2137/812/1059 2126/813/1059 2125/811/1059
f 2138/814/1058 2127/815/1058 2126/813/1058
f 2127/816/1069 2140/817/1069 2128/818/1069
f 2140/817/1068 2129/819/1068 2128/818/1068
f 2141/820/1067 2130/821/1067 2129/819/1067
f 2130/821/1066 2143/822/1066 2131/823/1066
f 2131/823/1065 2144/824/1065 2132/825/1065
f 2132/825/1064 2133/803/1064 2121/805/1064
f 2145/826/1075 2134/806/1075 2133/803/1075
f 2134/806/1074 2147/827/1074 2135/808/1074
f 2147/827/1073 2136/810/1073 2135/808/1073
f 2148/828/1072 2137/812/1072 2136/810/1072
f 2149/829/1071 2138/814/1071 2137/812/1071
f 2150/830/1274 2139/831/1274 2138/814/1274
f 2151/832/1275 2140/817/1275 2139/833/1275
f 2152/834/1080 2141/820/1080 2140/817/1080
f 2141/820/1079 2154/835/1079 2142/836/1079
f 2154/835/1078 2143/822/1078 2142/836/1078
f 2155/837/1077 2144/824/1077 2143/822/1077
f 2144/824/1076 2145/826/1076 2133/803/1076
f 2157/838/1087 2146/839/1087 2145/826/1087
f 2158/840/1086 2147/827/1086 2146/839/1086
f 2147/827/1085 2160/841/1085 2148/828/1085
f 2160/841/1084 2149/829/1084 2148/828/1084
f 2149/829/1083 2162/842/1083 2150/830/1083
f 2162/842/1082 2151/843/1082 2150/830/1082
f 2163/844/1093 2152/834/1093 2151/832/1093
f 2164/845/1092 2153/846/1092 2152/834/1092
f 2153/846/1091 2166/847/1091 2154/835/1091
f 2166/847/1090 2155/837/1090 2154/835/1090
f 2155/837/1089 2168/848/1089 2156/849/1089
f 2156/849/1088 2157/838/1088 2145/826/1088
f 2169/850/1099 2158/840/1099 2157/838/1099
f 2170/851/1098 2159/852/1098 2158/840/1098
f 2159/852/1097 2172/853/1097 2160/841/1097
f 2172/853/1096 2161/854/1096 2160/841/1096
f 2161/854/1095 2174/855/1095 2162/842/1095
f 2174/855/1094 2163/856/1094 2162/842/1094
f 2163/844/1105 2176/857/1105 2164/845/1105
f 2176/857/1104 2165/858/1104 2164/845/1104
f 2177/859/1103 2166/847/1103 2165/858/1103
f 2178/860/1102 2167/861/1102 2166/847/1102
f 2179/862/1101 2168/848/1101 2167/861/1101
f 2168/848/1100 2169/850/1100 2157/838/1100
f 2181/863/1111 2170/851/1111 2169/850/1111
f 2170/851/1110 2183/864/1110 2171/865/1110
f 2183/864/1109 2172/853/1109 2171/865/1109
f 2184/866/1108 2173/867/1108 2172/853/1108
f 2185/868/1107 2174/855/1107 2173/867/1107
f 2174/855/1106 2187/869/1106 2175/870/1106
f 2187/871/1117 2176/857/1117 2175/872/1117
f 2176/857/1116 2189/873/1116 2177/859/1116
f 2177/859/1115 2190/874/1115 2178/860/1115
f 2178/860/1114 2191/875/1114 2179/862/1114
f 2191/875/1113 2180/876/1113 2179/862/1113
f 2180/876/1112 2181/863/1112 2169/850/1112
f 2193/877/1123 2182/878/1123 2181/863/1123
f 2182/878/1122 2195/879/1122 2183/864/1122
f 2195/879/1121 2184/866/1121 2183/864/1121
f 2196/880/1120 2185/868/1120 2184/866/1120
f 2197/881/1119 2186/882/1119 2185/868/1119
f 2186/882/1118 2199/883/1118 2187/869/1118
f 2199/884/1129 2188/885/1129 2187/871/1129
f 2188/885/1128 2201/886/1128 2189/873/1128
f 2201/886/1127 2190/874/1127 2189/873/1127
f 2190/874/1126 2203/887/1126 2191/875/1126
f 2203/887/1125 2192/888/1125 2191/875/1125
f 2192/888/1124 2193/877/1124 2181/863/1124
f 2193/877/1135 2206/889/1135 2194/890/1135
f 2194/890/1134 2207/891/1134 2195/879/1134
f 2195/879/1133 2208/892/1133 2196/880/1133
f 2196/880/1132 2209/893/1132 2197/881/1132
f 2209/893/1131 2198/894/1131 2197/881/1131
f 2210/895/1130 2199/883/1130 2198/894/1130
f 2211/896/1141 2200/897/1141 2199/884/1141
f 2200/897/1140 2213/898/1140 2201/886/1140
f 2213/898/1139 2202/899/1139 2201/886/1139
f 2214/900/1138 2203/887/1138 2202/899/1138
f 2215/901/1137 2204/902/1137 2203/887/1137
f 2216/903/1136 2193/877/1136 2204/902/1136
f 2217/904/1276 2206/889/1276 2205/905/1276
f 2218/906/1146 2207/891/1146 2206/889/1146
f 2219/907/1145 2208/892/1145 2207/891/1145
f 2208/892/1144 2221/908/1144 2209/893/1144
f 2221/908/1143 2210/895/1143 2209/893/1143
f 2222/909/1142 2211/910/1142 2210/895/1142
f 2223/911/1153 2212/912/1153 2211/896/1153
f 2224/913/1152 2213/898/1152 2212/912/1152
f 2225/914/1151 2214/900/1151 2213/898/1151
f 2226/915/1150 2215/901/1150 2214/900/1150
f 2227/916/1149 2216/903/1149 2215/901/1149
f 2216/903/1277 2217/904/1277 2205/905/1277
f 2217/904/1159 2230/917/1159 2218/906/1159
f 2230/917/1158 2219/907/1158 2218/906/1158
f 2231/918/1157 2220/919/1157 2219/907/1157
f 2232/920/1156 2221/908/1156 2220/919/1156
f 2233/921/1155 2222/909/1155 2221/908/1155
f 2234/922/1154 2223/923/1154 2222/909/1154
f 2235/924/1165 2224/913/1165 2223/911/1165
f 2236/925/1164 2225/914/1164 2224/913/1164
f 2237/926/1163 2226/915/1163 2225/914/1163
f 2238/927/1162 2227/916/1162 2226/915/1162
f 2239/928/1161 2228/929/1161 2227/916/1161
f 2240/930/1160 2217/904/1160 2228/929/1160
f 2241/931/1171 2230/917/1171 2229/932/1171
f 2242/933/1170 2231/918/1170 2230/917/1170
f 2231/918/1169 2244/934/1169 2232/920/1169
f 2244/934/1168 2233/921/1168 2232/920/1168
f 2245/935/1167 2234/922/1167 2233/921/1167
f 2246/936/1166 2235/937/1166 2234/922/1166
f 2247/938/1177 2236/925/1177 2235/924/1177
f 2248/939/1176 2237/926/1176 2236/925/1176
f 2249/940/1175 2238/927/1175 2237/926/1175
f 2250/941/1174 2239/928/1174 2238/927/1174
f 2239/928/1173 2252/942/1173 2240/930/1173
f 2240/930/1172 2241/931/1172 2229/932/1172
f 2253/943/1183 2242/933/1183 2241/931/1183
f 2254/944/1182 2243/945/1182 2242/933/1182
f 2243/945/1181 2256/946/1181 2244/934/1181
f 2256/946/1180 2245/935/1180 2244/934/1180
f 2245/935/1179 2258/947/1179 2246/936/1179
f 2246/936/1278 2259/948/1278 2247/949/1278
f 2259/950/1189 2248/939/1189 2247/938/1189
f 2260/951/1188 2249/940/1188 2248/939/1188
f 2249/940/1187 2262/952/1187 2250/941/1187
f 2262/952/1186 2251/953/1186 2250/941/1186
f 2263/954/1185 2252/942/1185 2251/953/1185
f 2252/942/1184 2253/943/1184 2241/931/1184
f 2265/955/1195 2254/944/1195 2253/943/1195
f 2254/944/1194 2267/956/1194 2255/957/1194
f 2255/957/1193 2268/958/1193 2256/946/1193
f 2256/946/1192 2269/959/1192 2257/960/1192
f 2257/960/1191 2270/961/1191 2258/947/1191
f 2270/961/1190 2259/948/1190 2258/947/1190
f 2271/962/1201 2260/951/1201 2259/950/1201
f 2272/963/1200 2261/964/1200 2260/951/1200
f 2273/965/1199 2262/952/1199 2261/964/1199
f 2274/966/1198 2263/954/1198 2262/952/1198
f 2275/967/1197 2264/968/1197 2263/954/1197
f 2264/968/1279 2265/955/1279 2253/943/1279
f 2277/969/1207 2266/970/1207 2265/955/1207
f 2278/971/1206 2267/956/1206 2266/970/1206
f 2279/972/1205 2268/958/1205 2267/956/1205
f 2268/958/1204 2281/973/1204 2269/959/1204
f 2281/973/1203 2270/961/1203 2269/959/1203
f 2282/974/1202 2271/975/1202 2270/961/1202
f 2283/976/1213 2272/963/1213 2271/962/1213
f 2272/963/1212 2285/977/1212 2273/965/1212
f 2285/977/1211 2274/966/1211 2273/965/1211
f 2286/978/1210 2275/967/1210 2274/966/1210
f 2275/967/1209 2288/979/1209 2276/980/1209
f 2276/980/1208 2277/969/1208 2265/955/1208
f 2289/981/1219 2278/971/1219 2277/969/1219
f 2290/982/1218 2279/972/1218 2278/971/1218
f 2291/983/1217 2280/984/1217 2279/972/1217
f 2280/984/1216 2293/985/1216 2281/973/1216
f 2293/985/1215 2282/974/1215 2281/973/1215
f 2294/986/1214 2283/987/1214 2282/974/1214
f 2283/976/1225 2296/988/1225 2284/989/1225
f 2296/988/1224 2285/977/1224 2284/989/1224
f 2297/990/1223 2286/978/1223 2285/977/1223
f 2286/978/1222 2299/991/1222 2287/992/1222
f 2299/991/1221 2288/979/1221 2287/992/1221
f 2288/979/1220 2289/981/1220 2277/969/1220
f 2301/993/1231 2290/982/1231 2289/981/1231
f 2290/982/1230 2303/994/1230 2291/983/1230
f 2291/983/1229 2304/995/1229 2292/996/1229
f 2304/995/1228 2293/985/1228 2292/996/1228
f 2305/997/1227 2294/986/1227 2293/985/1227
f 2306/998/1226 2295/999/1226 2294/986/1226
f 2295/1000/1237 2308/1001/1237 2296/988/1237
f 2296/988/1236 2309/1002/1236 2297/990/1236
f 2297/990/1235 2310/1003/1235 2298/1004/1235
f 2310/1003/1234 2299/991/1234 2298/1004/1234
f 2299/991/1233 2312/1005/1233 2300/1006/1233
f 2300/1006/1232 2301/993/1232 2289/981/1232
f 2313/1007/1243 2302/1008/1243 2301/993/1243
f 2302/1008/1242 2315/1009/1242 2303/994/1242
f 2303/994/1241 2316/1010/1241 2304/995/1241
f 2316/1010/1240 2305/997/1240 2304/995/1240
f 2317/1011/1239 2306/998/1239 2305/997/1239
f 2318/1012/1238 2307/1013/1238 2306/998/1238
f 2307/1014/1249 2320/1015/1249 2308/1001/1249
f 2308/1001/1248 2321/1016/1248 2309/1002/1248
f 2309/1002/1247 2322/1017/1247 2310/1003/1247
f 2322/1017/1246 2311/1018/1246 2310/1003/1246
f 2323/1019/1245 2312/1005/1245 2311/1018/1245
f 2312/1005/1244 2313/1007/1244 2301/993/1244
f 2325/1020/1280 2314/1021/1280 2313/1007/1280
f 2326/1022/1254 2315/1009/1254 2314/1021/1254
f 2327/1023/1253 2316/1010/1253 2315/1009/1253
f 2316/1010/1252 2329/1024/1252 2317/1011/1252
f 2329/1024/1251 2318/1012/1251 2317/1011/1251
f 2330/1025/1281 2319/1026/1281 2318/1012/1281
f 2319/1027/1261 2332/1028/1261 2320/1015/1261
f 2320/1015/1260 2333/1029/1260 2321/1016/1260
f 2333/1029/1259 2322/1017/1259 2321/1016/1259
f 2322/1017/1258 2335/1030/1258 2323/1019/1258
f 2323/1019/1257 2336/1031/1257 2324/1032/1257
f 2324/1032/1256 2325/1020/1256 2313/1007/1256
f 2325/1020/1267 1906/561/1267 2326/1022/1267
f 2326/1022/1266 1907/564/1266 2327/1023/1266
f 1907/564/1265 2328/1033/1265 2327/1023/1265
f 1908/566/1264 2329/1024/1264 2328/1033/1264
f 1909/568/1263 2330/1025/1263 2329/1024/1263
f 2330/1025/1262 1911/572/1262 2331/1034/1262
f 1911/575/1273 2332/1028/1273 2331/1035/1273
f 2332/1028/1272 1913/577/1272 2333/1029/1272
f 2333/1029/1271 1914/579/1271 2334/1036/1271
f 1914/579/1270 2335/1030/1270 2334/1036/1270
f 1915/581/1269 2336/1031/1269 2335/1030/1269
f 1916/583/1268 2325/1020/1268 2336/1031/1268
f 1917/560/1058 1918/563/1058 1906/561/1058
f 1918/563/1059 1919/565/1059 1907/564/1059
f 1919/565/1060 1920/567/1060 1908/566/1060
f 1920/567/1061 1921/569/1061 1909/568/1061
f 1921/569/1062 1922/571/1062 1910/570/1062
f 1922/571/1063 1923/589/1063 1911/572/1063
f 1923/573/1064 1924/576/1064 1912/574/1064
f 1924/576/1065 1925/578/1065 1913/577/1065
f 1925/578/1066 1926/593/1066 1914/579/1066
f 1914/579/1067 1926/593/1067 1927/580/1067
f 1915/581/1068 1927/580/1068 1928/582/1068
f 1916/583/1069 1928/582/1069 1917/560/1069
f 1929/584/1274 1930/585/1274 1918/563/1274
f 1930/585/1071 1931/596/1071 1919/565/1071
f 1919/565/1072 1931/596/1072 1932/586/1072
f 1932/586/1073 1933/587/1073 1921/569/1073
f 1933/587/1074 1934/600/1074 1922/571/1074
f 1922/571/1075 1934/600/1075 1935/588/1075
f 1935/590/1076 1936/591/1076 1924/576/1076
f 1936/591/1077 1937/603/1077 1925/578/1077
f 1925/578/1078 1937/603/1078 1938/592/1078
f 1938/592/1079 1939/606/1079 1927/580/1079
f 1927/580/1080 1939/606/1080 1940/594/1080
f 1928/582/1275 1940/594/1275 1929/584/1275
f 1929/584/1082 1941/608/1082 1942/595/1082
f 1942/595/1083 1943/597/1083 1931/596/1083
f 1943/597/1084 1944/611/1084 1932/586/1084
f 1932/586/1085 1944/611/1085 1945/598/1085
f 1933/587/1086 1945/598/1086 1946/599/1086
f 1946/599/1087 1947/615/1087 1935/588/1087
f 1947/601/1088 1948/602/1088 1936/591/1088
f 1948/602/1089 1949/604/1089 1937/603/1089
f 1949/604/1090 1950/605/1090 1938/592/1090
f 1950/605/1091 1951/620/1091 1939/606/1091
f 1939/606/1092 1951/620/1092 1952/607/1092
f 1952/607/1093 1941/608/1093 1929/584/1093
f 1941/608/1094 1953/623/1094 1954/609/1094
f 1954/609/1095 1955/625/1095 1943/597/1095
f 1943/597/1096 1955/625/1096 1956/610/1096
f 1944/611/1097 1956/610/1097 1957/612/1097
f 1945/598/1098 1957/612/1098 1958/613/1098
f 1946/599/1099 1958/613/1099 1959/614/1099
f 1959/616/1100 1960/617/1100 1948/602/1100
f 1960/617/1101 1961/618/1101 1949/604/1101
f 1961/618/1102 1962/619/1102 1950/605/1102
f 1962/619/1103 1963/632/1103 1951/620/1103
f 1951/620/1104 1963/632/1104 1964/621/1104
f 1964/621/1105 1953/623/1105 1941/608/1105
f 1965/622/1106 1966/624/1106 1954/609/1106
f 1966/624/1107 1967/636/1107 1955/625/1107
f 1955/625/1108 1967/636/1108 1968/626/1108
f 1968/626/1109 1969/627/1109 1957/612/1109
f 1969/627/1110 1970/639/1110 1958/613/1110
f 1958/613/1111 1970/639/1111 1971/628/1111
f 1971/629/1112 1972/630/1112 1960/617/1112
f 1972/630/1113 1973/643/1113 1961/618/1113
f 1961/618/1114 1973/643/1114 1974/631/1114
f 1974/631/1115 1975/645/1115 1963/632/1115
f 1963/632/1116 1975/645/1116 1976/633/1116
f 1976/633/1117 1965/622/1117 1953/623/1117
f 1965/622/1118 1977/648/1118 1978/634/1118
f 1966/624/1119 1978/634/1119 1979/635/1119
f 1979/635/1120 1980/637/1120 1968/626/1120
f 1980/637/1121 1981/652/1121 1969/627/1121
f 1969/627/1122 1981/652/1122 1982/638/1122
f 1970/639/1123 1982/638/1123 1983/640/1123
f 1983/641/1124 1984/642/1124 1972/630/1124
f 1984/642/1125 1985/657/1125 1973/643/1125
f 1973/643/1126 1985/657/1126 1986/644/1126
f 1986/644/1127 1987/646/1127 1975/645/1127
f 1987/646/1128 1988/647/1128 1976/633/1128
f 1988/647/1129 1977/648/1129 1965/622/1129
f 1977/648/1130 1989/662/1130 1990/649/1130
f 1990/649/1131 1991/650/1131 1979/635/1131
f 1991/650/1132 1992/651/1132 1980/637/1132
f 1992/651/1133 1993/653/1133 1981/652/1133
f 1993/653/1134 1994/654/1134 1982/638/1134
f 1994/654/1135 1995/667/1135 1983/640/1135
f 1995/655/1136 1996/669/1136 1984/642/1136
f 1984/642/1137 1996/669/1137 1997/656/1137
f 1985/657/1138 1997/656/1138 1998/658/1138
f 1986/644/1139 1998/658/1139 1999/659/1139
f 1987/646/1140 1999/659/1140 2000/660/1140
f 2000/660/1141 1989/662/1141 1977/648/1141
f 2001/661/1282 2002/663/1282 1990/649/1282
f 2002/663/1143 2003/664/1143 1991/650/1143
f 2003/664/1144 2004/674/1144 1992/651/1144
f 1992/651/1145 2004/674/1145 2005/665/1145
f 2005/665/1146 2006/677/1146 1994/654/1146
f 1994/654/1276 2006/677/1276 2007/666/1276
f 2007/668/1277 2008/680/1277 1996/669/1277
f 1996/669/1149 2008/680/1149 2009/670/1149
f 2009/670/1150 2010/683/1150 1998/658/1150
f 1998/658/1151 2010/683/1151 2011/671/1151
f 2011/671/1152 2012/685/1152 2000/660/1152
f 2000/660/1283 2012/685/1283 2001/661/1283
f 2013/672/1154 2014/688/1154 2002/663/1154
f 2002/663/1155 2014/688/1155 2015/673/1155
f 2015/673/1156 2016/675/1156 2004/674/1156
f 2016/675/1157 2017/676/1157 2005/665/1157
f 2017/676/1158 2018/678/1158 2006/677/1158
f 2018/678/1159 2019/693/1159 2007/666/1159
f 2019/679/1160 2020/681/1160 2008/680/1160
f 2020/681/1161 2021/696/1161 2009/670/1161
f 2009/670/1162 2021/696/1162 2022/682/1162
f 2010/683/1163 2022/682/1163 2023/684/1163
f 2023/684/1164 2024/686/1164 2012/685/1164
f 2024/686/1165 2013/672/1165 2001/661/1165
f 2013/672/1166 2025/701/1166 2026/687/1166
f 2014/688/1167 2026/687/1167 2027/689/1167
f 2027/689/1168 2028/690/1168 2016/675/1168
f 2028/690/1169 2029/691/1169 2017/676/1169
f 2029/691/1170 2030/692/1170 2018/678/1170
f 2030/692/1171 2031/706/1171 2019/693/1171
f 2031/694/1172 2032/695/1172 2020/681/1172
f 2032/695/1173 2033/697/1173 2021/696/1173
f 2033/697/1174 2034/710/1174 2022/682/1174
f 2022/682/1175 2034/710/1175 2035/698/1175
f 2035/698/1176 2036/699/1176 2024/686/1176
f 2036/699/1177 2025/701/1177 2013/672/1177
f 2037/700/1278 2038/713/1278 2026/687/1278
f 2026/687/1179 2038/713/1179 2039/702/1179
f 2039/702/1180 2040/703/1180 2028/690/1180
f 2040/703/1181 2041/704/1181 2029/691/1181
f 2041/704/1182 2042/718/1182 2030/692/1182
f 2030/692/1183 2042/718/1183 2043/705/1183
f 2043/707/1184 2044/720/1184 2032/695/1184
f 2032/695/1185 2044/720/1185 2045/708/1185
f 2033/697/1186 2045/708/1186 2046/709/1186
f 2046/709/1187 2047/711/1187 2035/698/1187
f 2047/711/1188 2048/725/1188 2036/699/1188
f 2036/699/1284 2048/725/1284 2037/700/1284
f 2049/712/1190 2050/714/1190 2038/713/1190
f 2050/714/1191 2051/715/1191 2039/702/1191
f 2051/715/1192 2052/716/1192 2040/703/1192
f 2052/716/1193 2053/728/1193 2041/704/1193
f 2041/704/1194 2053/728/1194 2054/717/1194
f 2054/717/1195 2055/730/1195 2043/705/1195
f 2055/719/1279 2056/721/1279 2044/720/1279
f 2056/721/1197 2057/732/1197 2045/708/1197
f 2045/708/1198 2057/732/1198 2058/722/1198
f 2046/709/1199 2058/722/1199 2059/723/1199
f 2047/711/1200 2059/723/1200 2060/724/1200
f 2048/725/1201 2060/724/1201 2049/712/1201
f 2049/712/1202 2061/736/1202 2062/726/1202
f 2062/726/1203 2063/738/1203 2051/715/1203
f 2051/715/1204 2063/738/1204 2064/727/1204
f 2064/727/1205 2065/741/1205 2053/728/1205
f 2053/728/1206 2065/741/1206 2066/729/1206
f 2066/729/1207 2067/743/1207 2055/730/1207
f 2055/719/1208 2067/744/1208 2068/731/1208
f 2068/731/1209 2069/733/1209 2057/732/1209
f 2069/733/1210 2070/734/1210 2058/722/1210
f 2070/734/1211 2071/748/1211 2059/723/1211
f 2059/723/1212 2071/748/1212 2072/735/1212
f 2072/735/1213 2061/736/1213 2049/712/1213
f 2061/736/1214 2073/750/1214 2074/737/1214
f 2074/737/1215 2075/739/1215 2063/738/1215
f 2075/739/1216 2076/740/1216 2064/727/1216
f 2076/740/1217 2077/754/1217 2065/741/1217
f 2065/741/1218 2077/754/1218 2078/742/1218
f 2078/742/1219 2079/756/1219 2067/743/1219
f 2067/744/1220 2079/758/1220 2080/745/1220
f 2080/745/1221 2081/746/1221 2069/733/1221
f 2081/746/1222 2082/747/1222 2070/734/1222
f 2082/747/1223 2083/761/1223 2071/748/1223
f 2071/748/1224 2083/761/1224 2084/749/1224
f 2084/749/1225 2073/750/1225 2061/736/1225
f 2073/750/1226 2085/763/1226 2086/751/1226
f 2086/751/1227 2087/752/1227 2075/739/1227
f 2087/752/1228 2088/766/1228 2076/740/1228
f 2076/740/1229 2088/766/1229 2089/753/1229
f 2089/753/1230 2090/768/1230 2078/742/1230
f 2078/742/1231 2090/768/1231 2091/755/1231
f 2091/757/1232 2092/771/1232 2080/745/1232
f 2080/745/1233 2092/771/1233 2093/759/1233
f 2093/759/1234 2094/760/1234 2082/747/1234
f 2094/760/1235 2095/774/1235 2083/761/1235
f 2083/761/1236 2095/774/1236 2096/762/1236
f 2096/762/1237 2085/763/1237 2073/750/1237
f 2085/763/1238 2097/776/1238 2098/764/1238
f 2098/764/1239 2099/765/1239 2087/752/1239
f 2099/765/1240 2100/779/1240 2088/766/1240
f 2088/766/1241 2100/779/1241 2101/767/1241
f 2101/767/1242 2102/769/1242 2090/768/1242
f 2102/769/1243 2103/781/1243 2091/755/1243
f 2091/757/1244 2103/783/1244 2104/770/1244
f 2104/770/1245 2105/772/1245 2093/759/1245
f 2105/772/1246 2106/773/1246 2094/760/1246
f 2106/773/1247 2107/786/1247 2095/774/1247
f 2095/774/1248 2107/786/1248 2108/775/1248
f 2108/775/1249 2097/776/1249 2085/763/1249
f 2097/776/1281 2109/788/1281 2110/777/1281
f 2110/777/1251 2111/790/1251 2099/765/1251
f 2099/765/1252 2111/790/1252 2112/778/1252
f 2112/778/1253 2113/793/1253 2101/767/1253
f 2101/767/1254 2113/793/1254 2114/780/1254
f 2114/780/1280 2115/795/1280 2103/781/1280
f 2115/782/1256 2116/784/1256 2104/770/1256
f 2116/784/1257 2117/798/1257 2105/772/1257
f 2105/772/1258 2117/798/1258 2118/785/1258
f 2118/785/1259 2119/801/1259 2107/786/1259
f 2107/786/1260 2119/801/1260 2120/787/1260
f 2108/775/1261 2120/787/1261 2109/788/1261
f 2109/788/1262 2121/1037/1262 2122/789/1262
f 2122/789/1263 2123/791/1263 2111/790/1263
f 2123/791/1264 2124/1038/1264 2112/778/1264
f 2112/778/1265 2124/1038/1265 2125/792/1265
f 2125/792/1266 2126/794/1266 2114/780/1266
f 2126/794/1267 2127/1039/1267 2115/795/1267
f 2127/796/1268 2128/797/1268 2116/784/1268
f 2128/797/1269 2129/799/1269 2117/798/1269
f 2129/799/1270 2130/800/1270 2118/785/1270
f 2130/800/1271 2131/1040/1271 2119/801/1271
f 2119/801/1272 2131/1040/1272 2132/802/1272
f 2132/802/1273 2121/1037/1273 2109/788/1273
f 2133/803/1063 2134/806/1063 2122/804/1063
f 2134/806/1062 2135/808/1062 2123/807/1062
f 2135/808/1061 2136/810/1061 2124/809/1061
f 2136/810/1060 2137/812/1060 2125/811/1060
f 2137/812/1059 2138/814/1059 2126/813/1059
f 2138/814/1058 2139/831/1058 2127/815/1058
f 2127/816/1069 2139/833/1069 2140/817/1069
f 2140/817/1068 2141/820/1068 2129/819/1068
f 2141/820/1067 2142/836/1067 2130/821/1067
f 2130/821/1066 2142/836/1066 2143/822/1066
f 2131/823/1065 2143/822/1065 2144/824/1065
f 2132/825/1064 2144/824/1064 2133/803/1064
f 2145/826/1285 2146/839/1285 2134/806/1285
f 2134/806/1074 2146/839/1074 2147/827/1074
f 2147/827/1073 2148/828/1073 2136/810/1073
f 2148/828/1072 2149/829/1072 2137/812/1072
f 2149/829/1071 2150/830/1071 2138/814/1071
f 2150/830/1274 2151/843/1274 2139/831/1274
f 2151/832/1275 2152/834/1275 2140/817/1275
f 2152/834/1080 2153/846/1080 2141/820/1080
f 2141/820/1079 2153/846/1079 2154/835/1079
f 2154/835/1078 2155/837/1078 2143/822/1078
f 2155/837/1077 2156/849/1077 2144/824/1077
f 2144/824/1286 2156/849/1286 2145/826/1286
f 2157/838/1087 2158/840/1087 2146/839/1087
f 2158/840/1086 2159/852/1086 2147/827/1086
f 2147/827/1085 2159/852/1085 2160/841/1085
f 2160/841/1084 2161/854/1084 2149/829/1084
f 2149/829/1083 2161/854/1083 2162/842/1083
f 2162/842/1082 2163/856/1082 2151/843/1082
f 2163/844/1093 2164/845/1093 2152/834/1093
f 2164/845/1092 2165/858/1092 2153/846/1092
f 2153/846/1091 2165/858/1091 2166/847/1091
f 2166/847/1090 2167/861/1090 2155/837/1090
f 2155/837/1089 2167/861/1089 2168/848/1089
f 2156/849/1088 2168/848/1088 2157/838/1088
f 2169/850/1099 2170/851/1099 2158/840/1099
f 2170/851/1098 2171/865/1098 2159/852/1098
f 2159/852/1097 2171/865/1097 2172/853/1097
f 2172/853/1096 2173/867/1096 2161/854/1096
f 2161/854/1095 2173/867/1095 2174/855/1095
f 2174/855/1094 2175/870/1094 2163/856/1094
f 2163/844/1105 2175/872/1105 2176/857/1105
f 2176/857/1104 2177/859/1104 2165/858/1104
f 2177/859/1103 2178/860/1103 2166/847/1103
f 2178/860/1102 2179/862/1102 2167/861/1102
f 2179/862/1101 2180/876/1101 2168/848/1101
f 2168/848/1100 2180/876/1100 2169/850/1100
f 2181/863/1111 2182/878/1111 2170/851/1111
f 2170/851/1110 2182/878/1110 2183/864/1110
f 2183/864/1109 2184/866/1109 2172/853/1109
f 2184/866/1108 2185/868/1108 2173/867/1108
f 2185/868/1107 2186/882/1107 2174/855/1107
f 2174/855/1106 2186/882/1106 2187/869/1106
f 2187/871/1117 2188/885/1117 2176/857/1117
f 2176/857/1116 2188/885/1116 2189/873/1116
f 2177/859/1115 2189/873/1115 2190/874/1115
f 2178/860/1114 2190/874/1114 2191/875/1114
f 2191/875/1113 2192/888/1113 2180/876/1113
f 2180/876/1112 2192/888/1112 2181/863/1112
f 2193/877/1123 2194/890/1123 2182/878/1123
f 2182/878/1122 2194/890/1122 2195/879/1122
f 2195/879/1121 2196/880/1121 2184/866/1121
f 2196/880/1120 2197/881/1120 2185/868/1120
f 2197/881/1119 2198/894/1119 2186/882/1119
f 2186/882/1118 2198/894/1118 2199/883/1118
f 2199/884/1129 2200/897/1129 2188/885/1129
f 2188/885/1128 2200/897/1128 2201/886/1128
f 2201/886/1127 2202/899/1127 2190/874/1127
f 2190/874/1126 2202/899/1126 2203/887/1126
f 2203/887/1125 2204/902/1125 2192/888/1125
f 2192/888/1124 2204/902/1124 2193/877/1124
f 2193/877/1135 2205/905/1135 2206/889/1135
f 2194/890/1134 2206/889/1134 2207/891/1134
f 2195/879/1133 2207/891/1133 2208/892/1133
f 2196/880/1132 2208/892/1132 2209/893/1132
f 2209/893/1131 2210/895/1131 2198/894/1131
f 2210/895/1287 2211/910/1287 2199/883/1287
f 2211/896/1141 2212/912/1141 2200/897/1141
f 2200/897/1140 2212/912/1140 2213/898/1140
f 2213/898/1139 2214/900/1139 2202/899/1139
f 2214/900/1138 2215/901/1138 2203/887/1138
f 2215/901/1137 2216/903/1137 2204/902/1137
f 2216/903/1136 2205/905/1136 2193/877/1136
f 2217/904/1276 2218/906/1276 2206/889/1276
f 2218/906/1146 2219/907/1146 2207/891/1146
f 2219/907/1145 2220/919/1145 2208/892/1145
f 2208/892/1144 2220/919/1144 2221/908/1144
f 2221/908/1143 2222/909/1143 2210/895/1143
f 2222/909/1142 2223/923/1142 2211/910/1142
f 2223/911/1153 2224/913/1153 2212/912/1153
f 2224/913/1152 2225/914/1152 2213/898/1152
f 2225/914/1151 2226/915/1151 2214/900/1151
f 2226/915/1150 2227/916/1150 2215/901/1150
f 2227/916/1149 2228/929/1149 2216/903/1149
f 2216/903/1277 2228/929/1277 2217/904/1277
f 2217/904/1159 2229/932/1159 2230/917/1159
f 2230/917/1158 2231/918/1158 2219/907/1158
f 2231/918/1157 2232/920/1157 2220/919/1157
f 2232/920/1156 2233/921/1156 2221/908/1156
f 2233/921/1155 2234/922/1155 2222/909/1155
f 2234/922/1154 2235/937/1154 2223/923/1154
f 2235/924/1165 2236/925/1165 2224/913/1165
f 2236/925/1164 2237/926/1164 2225/914/1164
f 2237/926/1163 2238/927/1163 2226/915/1163
f 2238/927/1162 2239/928/1162 2227/916/1162
f 2239/928/1161 2240/930/1161 2228/929/1161
f 2240/930/1160 2229/932/1160 2217/904/1160
f 2241/931/1171 2242/933/1171 2230/917/1171
f 2242/933/1170 2243/945/1170 2231/918/1170
f 2231/918/1169 2243/945/1169 2244/934/1169
f 2244/934/1168 2245/935/1168 2233/921/1168
f 2245/935/1167 2246/936/1167 2234/922/1167
f 2246/936/1166 2247/949/1166 2235/937/1166
f 2247/938/1177 2248/939/1177 2236/925/1177
f 2248/939/1176 2249/940/1176 2237/926/1176
f 2249/940/1175 2250/941/1175 2238/927/1175
f 2250/941/1174 2251/953/1174 2239/928/1174
f 2239/928/1173 2251/953/1173 2252/942/1173
f 2240/930/1172 2252/942/1172 2241/931/1172
f 2253/943/1183 2254/944/1183 2242/933/1183
f 2254/944/1182 2255/957/1182 2243/945/1182
f 2243/945/1181 2255/957/1181 2256/946/1181
f 2256/946/1180 2257/960/1180 2245/935/1180
f 2245/935/1179 2257/960/1179 2258/947/1179
f 2246/936/1278 2258/947/1278 2259/948/1278
f 2259/950/1284 2260/951/1284 2248/939/1284
f 2260/951/1188 2261/964/1188 2249/940/1188
f 2249/940/1187 2261/964/1187 2262/952/1187
f 2262/952/1186 2263/954/1186 2251/953/1186
f 2263/954/1185 2264/968/1185 2252/942/1185
f 2252/942/1184 2264/968/1184 2253/943/1184
f 2265/955/1195 2266/970/1195 2254/944/1195
f 2254/944/1194 2266/970/1194 2267/956/1194
f 2255/957/1193 2267/956/1193 2268/958/1193
f 2256/946/1192 2268/958/1192 2269/959/1192
f 2257/960/1191 2269/959/1191 2270/961/1191
f 2270/961/1190 2271/975/1190 2259/948/1190
f 2271/962/1201 2272/963/1201 2260/951/1201
f 2272/963/1200 2273/965/1200 2261/964/1200
f 2273/965/1199 2274/966/1199 2262/952/1199
f 2274/966/1198 2275/967/1198 2263/954/1198
f 2275/967/1197 2276/980/1197 2264/968/1197
f 2264/968/1279 2276/980/1279 2265/955/1279
f 2277/969/1207 2278/971/1207 2266/970/1207
f 2278/971/1206 2279/972/1206 2267/956/1206
f 2279/972/1205 2280/984/1205 2268/958/1205
f 2268/958/1204 2280/984/1204 2281/973/1204
f 2281/973/1203 2282/974/1203 2270/961/1203
f 2282/974/1202 2283/987/1202 2271/975/1202
f 2283/976/1213 2284/989/1213 2272/963/1213
f 2272/963/1212 2284/989/1212 2285/977/1212
f 2285/977/1211 2286/978/1211 2274/966/1211
f 2286/978/1210 2287/992/1210 2275/967/1210
f 2275/967/1209 2287/992/1209 2288/979/1209
f 2276/980/1208 2288/979/1208 2277/969/1208
f 2289/981/1219 2290/982/1219 2278/971/1219
f 2290/982/1218 2291/983/1218 2279/972/1218
f 2291/983/1217 2292/996/1217 2280/984/1217
f 2280/984/1216 2292/996/1216 2293/985/1216
f 2293/985/1215 2294/986/1215 2282/974/1215
f 2294/986/1214 2295/999/1214 2283/987/1214
f 2283/976/1225 2295/1000/1225 2296/988/1225
f 2296/988/1224 2297/990/1224 2285/977/1224
f 2297/990/1223 2298/1004/1223 2286/978/1223
f 2286/978/1222 2298/1004/1222 2299/991/1222
f 2299/991/1221 2300/1006/1221 2288/979/1221
f 2288/979/1220 2300/1006/1220 2289/981/1220
f 2301/993/1231 2302/1008/1231 2290/982/1231
f 2290/982/1230 2302/1008/1230 2303/994/1230
f 2291/983/1229 2303/994/1229 2304/995/1229
f 2304/995/1228 2305/997/1228 2293/985/1228
f 2305/997/1227 2306/998/1227 2294/986/1227
f 2306/998/1226 2307/1013/1226 2295/999/1226
f 2295/1000/1237 2307/1014/1237 2308/1001/1237
f 2296/988/1236 2308/1001/1236 2309/1002/1236
f 2297/990/1235 2309/1002/1235 2310/1003/1235
f 2310/1003/1234 2311/1018/1234 2299/991/1234
f 2299/991/1233 2311/1018/1233 2312/1005/1233
f 2300/1006/1232 2312/1005/1232 2301/993/1232
f 2313/1007/1243 2314/1021/1243 2302/1008/1243
f 2302/1008/1242 2314/1021/1242 2315/1009/1242
f 2303/994/1241 2315/1009/1241 2316/1010/1241
f 2316/1010/1240 2317/1011/1240 2305/997/1240
f 2317/1011/1239 2318/1012/1239 2306/998/1239
f 2318/1012/1238 2319/1026/1238 2307/1013/1238
f 2307/1014/1249 2319/1027/1249 2320/1015/1249
f 2308/1001/1248 2320/1015/1248 2321/1016/1248
f 2309/1002/1247 2321/1016/1247 2322/1017/1247
f 2322/1017/1246 2323/1019/1246 2311/1018/1246
f 2323/1019/1245 2324/1032/1245 2312/1005/1245
f 2312/1005/1244 2324/1032/1244 2313/1007/1244
f 2325/1020/1280 2326/1022/1280 2314/1021/1280
f 2326/1022/1254 2327/1023/1254 2315/1009/1254
f 2327/1023/1253 2328/1033/1253 2316/1010/1253
f 2316/1010/1252 2328/1033/1252 2329/1024/1252
f 2329/1024/1251 2330/1025/1251 2318/1012/1251
f 2330/1025/1281 2331/1034/1281 2319/1026/1281
f 2319/1027/1261 2331/1035/1261 2332/1028/1261
f 2320/1015/1260 2332/1028/1260 2333/1029/1260
f 2333/1029/1259 2334/1036/1259 2322/1017/1259
f 2322/1017/1258 2334/1036/1258 2335/1030/1258
f 2323/1019/1257 2335/1030/1257 2336/1031/1257
f 2324/1032/1256 2336/1031/1256 2325/1020/1256
f 2325/1020/1267 1905/562/1267 1906/561/1267
f 2326/1022/1266 1906/561/1266 1907/564/1266
f 1907/564/1265 1908/566/1265 2328/1033/1265
f 1908/566/1264 1909/568/1264 2329/1024/1264
f 1909/568/1263 1910/570/1263 2330/1025/1263
f 2330/1025/1262 1910/570/1262 1911/572/1262
f 1911/575/1273 1912/574/1273 2332/1028/1273
f 2332/1028/1272 1912/574/1272 1913/577/1272
f 2333/1029/1271 1913/577/1271 1914/579/1271
f 1914/579/1270 1915/581/1270 2335/1030/1270
f 1915/581/1269 1916/583/1269 2336/1031/1269
f 1916/583/1268 1905/562/1268 2325/1020/1268
o Rueda_Maza_Trasera
v -0.520000 0.024000 -0.040000
v -0.520000 0.024000 0.040000
v -0.510816 0.022173 -0.040000
v -0.510816 0.022173 0.040000
v -0.503029 0.016971 -0.040000
v -0.503029 0.016971 0.040000
v -0.497827 0.009184 -0.040000
v -0.497827 0.009184 0.040000
v -0.496000 0.000000 -0.040000
v -0.496000 -0.000000 0.040000
v -0.497827 -0.009184 -0.040000
v -0.497827 -0.009184 0.040000
v -0.503029 -0.016971 -0.040000
v -0.503029 -0.016971 0.040000
v -0.510816 -0.022173 -0.040000
v -0.510816 -0.022173 0.040000
v -0.520000 -0.024000 -0.040000
v -0.520000 -0.024000 0.040000
v -0.529184 -0.022173 -0.040000
v -0.529184 -0.022173 0.040000
v -0.536971 -0.016971 -0.040000
v -0.536971 -0.016971 0.040000
v -0.542173 -0.009184 -0.040000
v -0.542173 -0.009184 0.040000
v -0.544000 0.000000 -0.040000
v -0.544000 -0.000000 0.040000
v -0.542173 0.009184 -0.040000
v -0.542173 0.009184 0.040000
v -0.536971 0.016971 -0.040000
v -0.536971 0.016971 0.040000
v -0.529184 0.022173 -0.040000
v -0.529184 0.022173 0.040000
vn 0.1951 0.9808 -0.0000
vn 0.5556 0.8315 -0.0000
vn 0.8315 0.5556 -0.0000
vn 0.9808 0.1951 -0.0000
vn 0.9808 -0.1951 -0.0000
vn 0.8315 -0.5556 -0.0000
vn 0.5556 -0.8315 -0.0000
vn 0.1951 -0.9808 -0.0000
vn -0.1951 -0.9808 -0.0000
vn -0.5556 -0.8315 -0.0000
vn -0.8315 -0.5556 -0.0000
vn -0.9808 -0.1951 -0.0000
vn -0.9808 0.1951 -0.0000
vn -0.8315 0.5556 -0.0000
vn -0.0000 -0.0000 1.0000
vn -0.5556 0.8315 -0.0000
vn -0.1951 0.9808 -0.0000
vn -0.0000 -0.0000 -1.0000
vt 1.000000 1.000000
vt 0.937500 0.500000
vt 1.000000 0.500000
vt 0.937500 1.000000
vt 0.875000 0.500000
vt 0.875000 1.000000
vt 0.812500 0.500000
vt 0.812500 1.000000
vt 0.750000 0.500000
vt 0.750000 1.000000
vt 0.687500 0.500000
vt 0.687500 1.000000
vt 0.625000 0.500000
vt 0.625000 1.000000
vt 0.562500 0.500000
vt 0.562500 1.000000
vt 0.500000 0.500000
vt 0.500000 1.000000
vt 0.437500 0.500000
vt 0.437500 1.000000
vt 0.375000 0.500000
vt 0.375000 1.000000
vt 0.312500 0.500000
vt 0.312500 1.000000
vt 0.250000 0.500000
vt 0.250000 1.000000
vt 0.187500 0.500000
vt 0.187500 1.000000
vt 0.125000 0.500000
vt 0.080294 0.080294
vt 0.419706 0.080294
vt 0.419706 0.419706
vt 0.125000 1.000000
vt 0.062500 0.500000
vt 0.062500 1.000000
vt 0.000000 0.500000
vt 0.841844 0.028269
vt 0.528269 0.158156
vt 0.658156 0.471731
vt 0.341844 0.471731
vt 0.250000 0.490000
vt 0.158156 0.471731
vt 0.080294 0.419706
vt 0.028269 0.341844
vt 0.010000 0.250000
vt 0.028269 0.158156
vt 0.158156 0.028269
vt 0.250000 0.010000
vt 0.341844 0.028269
vt 0.471731 0.158156
vt 0.490000 0.250000
vt 0.471731 0.341844
vt 0.000000 1.000000
vt 0.750000 0.490000
vt 0.841844 0.471731
vt 0.919706 0.419706
vt 0.971731 0.341844
vt 0.990000 0.250000
vt 0.971731 0.158156
vt 0.919706 0.080294
vt 0.750000 0.010000
vt 0.658156 0.028269
vt 0.580294 0.080294
vt 0.510000 0.250000
vt 0.528269 0.341844
vt 0.580294 0.419706
s 0
f 2338/1041/1288 2339/1042/1288 2337/1043/1288
f 2340/1044/1289 2341/1045/1289 2339/1042/1289
f 2342/1046/1290 2343/1047/1290 2341/1045/1290
f 2344/1048/1291 2345/1049/1291 2343/1047/1291
f 2346/1050/1292 2347/1051/1292 2345/1049/1292
f 2348/1052/1293 2349/1053/1293 2347/1051/1293
f 2350/1054/1294 2351/1055/1294 2349/1053/1294
f 2352/1056/1295 2353/1057/1295 2351/1055/1295
f 2354/1058/1296 2355/1059/1296 2353/1057/1296
f 2356/1060/1297 2357/1061/1297 2355/1059/1297
f 2358/1062/1298 2359/1063/1298 2357/1061/1298
f 2360/1064/1299 2361/1065/1299 2359/1063/1299
f 2362/1066/1300 2363/1067/1300 2361/1065/1300
f 2364/1068/1301 2365/1069/1301 2363/1067/1301
f 2358/1070/1302 2350/1071/1302 2342/1072/1302
f 2366/1073/1303 2367/1074/1303 2365/1069/1303
f 2368/1075/1304 2337/1076/1304 2367/1074/1304
f 2351/1077/1305 2359/1078/1305 2367/1079/1305
f 2338/1041/1288 2340/1044/1288 2339/1042/1288
f 2340/1044/1289 2342/1046/1289 2341/1045/1289
f 2342/1046/1290 2344/1048/1290 2343/1047/1290
f 2344/1048/1291 2346/1050/1291 2345/1049/1291
f 2346/1050/1292 2348/1052/1292 2347/1051/1292
f 2348/1052/1293 2350/1054/1293 2349/1053/1293
f 2350/1054/1294 2352/1056/1294 2351/1055/1294
f 2352/1056/1295 2354/1058/1295 2353/1057/1295
f 2354/1058/1296 2356/1060/1296 2355/1059/1296
f 2356/1060/1297 2358/1062/1297 2357/1061/1297
f 2358/1062/1298 2360/1064/1298 2359/1063/1298
f 2360/1064/1299 2362/1066/1299 2361/1065/1299
f 2362/1066/1300 2364/1068/1300 2363/1067/1300
f 2364/1068/1301 2366/1073/1301 2365/1069/1301
f 2342/1072/1302 2340/1080/1302 2338/1081/1302
f 2338/1081/1302 2368/1082/1302 2366/1083/1302
f 2366/1083/1302 2364/1084/1302 2362/1085/1302
f 2362/1085/1302 2360/1086/1302 2358/1070/1302
f 2358/1070/1302 2356/1087/1302 2354/1088/1302
f 2354/1088/1302 2352/1089/1302 2350/1071/1302
f 2350/1071/1302 2348/1090/1302 2346/1091/1302
f 2346/1091/1302 2344/1092/1302 2342/1072/1302
f 2342/1072/1302 2338/1081/1302 2366/1083/1302
f 2366/1083/1302 2362/1085/1302 2358/1070/1302
f 2358/1070/1302 2354/1088/1302 2350/1071/1302
f 2350/1071/1302 2346/1091/1302 2342/1072/1302
f 2342/1072/1302 2366/1083/1302 2358/1070/1302
f 2366/1073/1303 2368/1075/1303 2367/1074/1303
f 2368/1075/1304 2338/1093/1304 2337/1076/1304
f 2367/1079/1305 2337/1094/1305 2339/1095/1305
f 2339/1095/1305 2341/1096/1305 2343/1097/1305
f 2343/1097/1305 2345/1098/1305 2347/1099/1305
f 2347/1099/1305 2349/1100/1305 2351/1077/1305
f 2351/1077/1305 2353/1101/1305 2355/1102/1305
f 2355/1102/1305 2357/1103/1305 2359/1078/1305
f 2359/1078/1305 2361/1104/1305 2363/1105/1305
f 2363/1105/1305 2365/1106/1305 2367/1079/1305
f 2367/1079/1305 2339/1095/1305 2343/1097/1305
f 2343/1097/1305 2347/1099/1305 2351/1077/1305
f 2351/1077/1305 2355/1102/1305 2359/1078/1305
f 2359/1078/1305 2363/1105/1305 2367/1079/1305
f 2367/1079/1305 2343/1097/1305 2351/1077/1305
o Rueda_Radios_Trasera
v -0.520000 0.000000 -0.001500
v -0.520000 -0.000000 0.001500
v -0.520000 0.310000 -0.001500
v -0.520000 0.310000 0.001500
v -0.600234 0.299437 -0.001500
v -0.600234 0.299437 0.001500
v -0.675000 0.268468 -0.001500
v -0.675000 0.268468 0.001500
v -0.739203 0.219203 -0.001500
v -0.739203 0.219203 0.001500
v -0.788468 0.155000 -0.001500
v -0.788468 0.155000 0.001500
v -0.819437 0.080234 -0.001500
v -0.819437 0.080234 0.001500
v -0.830000 0.000000 -0.001500
v -0.830000 -0.000000 0.001500
v -0.819437 -0.080234 -0.001500
v -0.819437 -0.080234 0.001500
v -0.788468 -0.155000 -0.001500
v -0.788468 -0.155000 0.001500
v -0.739203 -0.219203 -0.001500
v -0.739203 -0.219203 0.001500
v -0.675000 -0.268468 -0.001500
v -0.675000 -0.268468 0.001500
v -0.600234 -0.299437 -0.001500
v -0.600234 -0.299437 0.001500
v -0.520000 -0.310000 -0.001500
v -0.520000 -0.310000 0.001500
v -0.439766 -0.299437 -0.001500
v -0.439766 -0.299437 0.001500
v -0.365000 -0.268468 -0.001500
v -0.365000 -0.268468 0.001500
v -0.300797 -0.219203 -0.001500
v -0.300797 -0.219203 0.001500
v -0.251532 -0.155000 -0.001500
v -0.251532 -0.155000 0.001500
v -0.220563 -0.080234 -0.001500
v -0.220563 -0.080234 0.001500
v -0.210000 0.000000 -0.001500
v -0.210000 -0.000000 0.001500
v -0.220563 0.080234 -0.001500
v -0.220563 0.080234 0.001500
v -0.251532 0.155000 -0.001500
v -0.251532 0.155000 0.001500
v -0.300797 0.219203 -0.001500
v -0.300797 0.219203 0.001500
v -0.365000 0.268468 -0.001500
v -0.365000 0.268468 0.001500
v -0.439766 0.299437 -0.001500
v -0.439766 0.299437 0.001500
v -0.521500 0.011394 0.000000
v -0.521500 0.308290 0.000000
v -0.598342 0.298173 0.000000
v -0.524398 0.010617 0.000000
v -0.601240 0.297397 0.000000
v -0.672846 0.267737 0.000000
v -0.526996 0.009117 0.000000
v -0.675444 0.266237 0.000000
v -0.736933 0.219054 0.000000
v -0.529117 0.006996 0.000000
v -0.739054 0.216933 0.000000
v -0.786237 0.155444 0.000000
v -0.530617 0.004398 0.000000
v -0.787737 0.152846 0.000000
v -0.817397 0.081240 0.000000
v -0.531394 0.001500 0.000000
v -0.818173 0.078342 0.000000
v -0.828290 0.001500 0.000000
v -0.531394 -0.001500 -0.000000
v -0.828290 -0.001500 -0.000000
v -0.818173 -0.078342 -0.000000
v -0.530617 -0.004398 -0.000000
v -0.817397 -0.081240 -0.000000
v -0.787737 -0.152846 -0.000000
v -0.529117 -0.006996 -0.000000
v -0.786237 -0.155444 -0.000000
v -0.739054 -0.216933 -0.000000
v -0.526996 -0.009117 -0.000000
v -0.736933 -0.219054 -0.000000
v -0.675444 -0.266237 -0.000000
v -0.524398 -0.010617 -0.000000
v -0.672846 -0.267737 -0.000000
v -0.601240 -0.297397 -0.000000
v -0.521500 -0.011394 -0.000000
v -0.598342 -0.298173 -0.000000
v -0.521500 -0.308290 -0.000000
v -0.518500 -0.011394 -0.000000
v -0.518500 -0.308290 -0.000000
v -0.441658 -0.298173 -0.000000
v -0.515602 -0.010617 -0.000000
v -0.438760 -0.297397 -0.000000
v -0.367154 -0.267737 -0.000000
v -0.513004 -0.009117 -0.000000
v -0.364556 -0.266237 -0.000000
v -0.303067 -0.219054 -0.000000
v -0.510883 -0.006996 -0.000000
v -0.300946 -0.216933 -0.000000
v -0.253763 -0.155444 -0.000000
v -0.509383 -0.004398 -0.000000
v -0.252263 -0.152846 -0.000000
v -0.222603 -0.081240 -0.000000
v -0.508606 -0.001500 -0.000000
v -0.221827 -0.078342 -0.000000
v -0.211710 -0.001500 -0.000000
v -0.508606 0.001500 0.000000
v -0.211710 0.001500 0.000000
v -0.221827 0.078342 0.000000
v -0.509383 0.004398 0.000000
v -0.222603 0.081240 0.000000
v -0.252263 0.152846 0.000000
v -0.510883 0.006996 0.000000
v -0.253763 0.155444 0.000000
v -0.300946 0.216933 0.000000
v -0.513004 0.009117 0.000000
v -0.303067 0.219054 0.000000
v -0.364556 0.266237 0.000000
v -0.515602 0.010617 0.000000
v -0.367154 0.267737 0.000000
v -0.438760 0.297397 0.000000
v -0.518500 0.011394 0.000000
v -0.441658 0.298173 0.000000
v -0.518500 0.308290 0.000000
vn -0.7071 -0.0000 -0.7071
vn -0.7071 -0.0000 0.7071
vn 0.0923 -0.7010 -0.7071
vn 0.0923 -0.7011 0.7071
vn 0.6830 0.1830 -0.7071
vn 0.6830 0.1830 0.7071
vn -0.6830 -0.1830 -0.7071
vn -0.6830 -0.1830 0.7071
vn 0.2706 -0.6533 -0.7071
vn 0.2706 -0.6533 0.7071
vn 0.6124 0.3536 -0.7071
vn 0.6124 0.3536 0.7071
vn -0.6124 -0.3536 -0.7071
vn -0.6124 -0.3536 0.7071
vn 0.4305 -0.5610 -0.7071
vn 0.4305 -0.5610 0.7071
vn 0.5000 0.5000 -0.7071
vn 0.5000 0.5000 0.7071
vn -0.5000 -0.5000 -0.7071
vn -0.5000 -0.5000 0.7071
vn 0.5610 -0.4305 -0.7071
vn 0.5610 -0.4305 0.7071
vn 0.3536 0.6124 -0.7071
vn 0.3536 0.6124 0.7071
vn -0.3536 -0.6124 -0.7071
vn -0.3536 -0.6124 0.7071
vn 0.6533 -0.2706 -0.7071
vn 0.6533 -0.2706 0.7071
vn 0.1830 0.6830 -0.7071
vn 0.1830 0.6830 0.7071
vn -0.1830 -0.6830 -0.7071
vn -0.1830 -0.6830 0.7071
vn 0.7011 -0.0923 -0.7071
vn 0.7011 -0.0923 0.7071
vn -0.0000 0.7071 -0.7071
vn -0.0000 0.7071 0.7071
vn -0.0000 -0.7071 -0.7071
vn -0.0000 -0.7071 0.7071
vn 0.7011 0.0923 -0.7071
vn 0.7011 0.0923 0.7071
vn -0.1830 0.6830 -0.7071
vn -0.1830 0.6830 0.7071
vn 0.1830 -0.6830 -0.7071
vn 0.1830 -0.6830 0.7071
vn 0.6533 0.2706 -0.7071
vn 0.6533 0.2706 0.7071
vn -0.3536 0.6124 -0.7071
vn -0.3536 0.6124 0.7071
vn 0.3536 -0.6124 -0.7071
vn 0.3536 -0.6124 0.7071
vn 0.5610 0.4305 -0.7071
vn 0.5610 0.4305 0.7071
vn -0.5000 0.5000 -0.7071
vn -0.5000 0.5000 0.7071
vn 0.5000 -0.5000 -0.7071
vn 0.5000 -0.5000 0.7071
vn 0.4305 0.5610 -0.7071
vn 0.4305 0.5610 0.7071
vn -0.6124 0.3536 -0.7071
vn -0.6124 0.3536 0.7071
vn 0.6124 -0.3536 -0.7071
vn 0.6124 -0.3536 0.7071
vn 0.2706 0.6533 -0.7071
vn 0.2706 0.6533 0.7071
vn -0.6830 0.1830 -0.7071
vn -0.6830 0.1830 0.7071
vn 0.6830 -0.1830 -0.7071
vn 0.6830 -0.1830 0.7071
vn 0.0923 0.7011 -0.7071
vn 0.0923 0.7010 0.7071
vn 0.7071 -0.0000 -0.7071
vn 0.7071 -0.0000 0.7071
vn -0.0923 0.7010 -0.7071
vn -0.0923 0.7011 0.7071
vn -0.2706 0.6533 -0.7071
vn -0.2706 0.6533 0.7071
vn -0.4305 0.5610 -0.7071
vn -0.4305 0.5610 0.7071
vn -0.5610 0.4305 -0.7071
vn -0.5610 0.4305 0.7071
vn -0.6533 0.2706 -0.7071
vn -0.6533 0.2706 0.7071
vn -0.7011 0.0923 -0.7071
vn -0.7011 0.0923 0.7071
vn -0.7011 -0.0923 -0.7071
vn -0.7011 -0.0923 0.7071
vn -0.6533 -0.2706 -0.7071
vn -0.6533 -0.2706 0.7071
vn -0.5610 -0.4305 -0.7071
vn -0.5610 -0.4305 0.7071
vn -0.4305 -0.5610 -0.7071
vn -0.4305 -0.5610 0.7071
vn -0.2706 -0.6533 -0.7071
vn -0.2706 -0.6533 0.7071
vn -0.0923 -0.7011 -0.7071
vn -0.0923 -0.7010 0.7071
vn 0.0923 -0.7011 -0.7071
vn 0.0923 -0.7010 0.7071
vn 0.0923 0.7010 -0.7071
vn 0.0923 0.7011 0.7071
vn -0.0923 0.7011 -0.7071
vn -0.0923 0.7010 0.7071
vn -0.0923 -0.7010 -0.7071
vn -0.0923 -0.7011 0.7071
vt 0.500000 0.500000
vt 0.500000 1.000000
vt 0.370590 0.982963
vt 0.250000 0.933013
vt 0.146447 0.853553
vt 0.066987 0.750000
vt 0.017037 0.629410
vt 0.000000 0.500000
vt 0.017037 0.370590
vt 0.066987 0.250000
vt 0.146447 0.146447
vt 0.250000 0.066987
vt 0.370590 0.017037
vt 0.500000 0.000000
vt 0.629410 0.017037
vt 0.750000 0.066987
vt 0.853553 0.146447
vt 0.933013 0.250000
vt 0.982963 0.370590
vt 1.000000 0.500000
vt 0.982963 0.629410
vt 0.933013 0.750000
vt 0.853553 0.853553
vt 0.750000 0.933013
vt 0.629410 0.982963
s 0
f 2419/1107/1306 2371/1108/1306 2369/1107/1306
f 2419/1107/1307 2372/1108/1307 2420/1108/1307
f 2421/1109/1308 2371/1108/1308 2420/1108/1308
f 2420/1108/1309 2374/1109/1309 2421/1109/1309
f 2419/1107/1310 2373/1109/1310 2421/1109/1310
f 2419/1107/1311 2374/1109/1311 2370/1107/1311
f 2422/1107/1312 2373/1109/1312 2369/1107/1312
f 2422/1107/1313 2374/1109/1313 2423/1109/1313
f 2424/1110/1314 2373/1109/1314 2423/1109/1314
f 2423/1109/1315 2376/1110/1315 2424/1110/1315
f 2422/1107/1316 2375/1110/1316 2424/1110/1316
f 2422/1107/1317 2376/1110/1317 2370/1107/1317
f 2425/1107/1318 2375/1110/1318 2369/1107/1318
f 2425/1107/1319 2376/1110/1319 2426/1110/1319
f 2427/1111/1320 2375/1110/1320 2426/1110/1320
f 2426/1110/1321 2378/1111/1321 2427/1111/1321
f 2425/1107/1322 2377/1111/1322 2427/1111/1322
f 2425/1107/1323 2378/1111/1323 2370/1107/1323
f 2428/1107/1324 2377/1111/1324 2369/1107/1324
f 2428/1107/1325 2378/1111/1325 2429/1111/1325
f 2430/1112/1326 2377/1111/1326 2429/1111/1326
f 2429/1111/1327 2380/1112/1327 2430/1112/1327
f 2428/1107/1328 2379/1112/1328 2430/1112/1328
f 2428/1107/1329 2380/1112/1329 2370/1107/1329
f 2431/1107/1330 2379/1112/1330 2369/1107/1330
f 2431/1107/1331 2380/1112/1331 2432/1112/1331
f 2433/1113/1332 2379/1112/1332 2432/1112/1332
f 2432/1112/1333 2382/1113/1333 2433/1113/1333
f 2431/1107/1334 2381/1113/1334 2433/1113/1334
f 2431/1107/1335 2382/1113/1335 2370/1107/1335
f 2434/1107/1336 2381/1113/1336 2369/1107/1336
f 2434/1107/1337 2382/1113/1337 2435/1113/1337
f 2436/1114/1338 2381/1113/1338 2435/1113/1338
f 2435/1113/1339 2384/1114/1339 2436/1114/1339
f 2434/1107/1340 2383/1114/1340 2436/1114/1340
f 2434/1107/1341 2384/1114/1341 2370/1107/1341
f 2437/1107/1342 2383/1114/1342 2369/1107/1342
f 2437/1107/1343 2384/1114/1343 2438/1114/1343
f 2439/1115/1344 2383/1114/1344 2438/1114/1344
f 2438/1114/1345 2386/1115/1345 2439/1115/1345
f 2437/1107/1346 2385/1115/1346 2439/1115/1346
f 2437/1107/1347 2386/1115/1347 2370/1107/1347
f 2440/1107/1348 2385/1115/1348 2369/1107/1348
f 2440/1107/1349 2386/1115/1349 2441/1115/1349
f 2442/1116/1350 2385/1115/1350 2441/1115/1350
f 2441/1115/1351 2388/1116/1351 2442/1116/1351
f 2440/1107/1352 2387/1116/1352 2442/1116/1352
f 2440/1107/1353 2388/1116/1353 2370/1107/1353
f 2443/1107/1354 2387/1116/1354 2369/1107/1354
f 2443/1107/1355 2388/1116/1355 2444/1116/1355
f 2445/1117/1356 2387/1116/1356 2444/1116/1356
f 2444/1116/1357 2390/1117/1357 2445/1117/1357
f 2443/1107/1358 2389/1117/1358 2445/1117/1358
f 2443/1107/1359 2390/1117/1359 2370/1107/1359
f 2446/1107/1360 2389/1117/1360 2369/1107/1360
f 2446/1107/1361 2390/1117/1361 2447/1117/1361
f 2448/1118/1362 2389/1117/1362 2447/1117/1362
f 2447/1117/1363 2392/1118/1363 2448/1118/1363
f 2446/1107/1364 2391/1118/1364 2448/1118/1364
f 2446/1107/1365 2392/1118/1365 2370/1107/1365
f 2449/1107/1366 2391/1118/1366 2369/1107/1366
f 2449/1107/1367 2392/1118/1367 2450/1118/1367
f 2451/1119/1368 2391/1118/1368 2450/1118/1368
f 2450/1118/1369 2394/1119/1369 2451/1119/1369
f 2449/1107/1370 2393/1119/1370 2451/1119/1370
f 2449/1107/1371 2394/1119/1371 2370/1107/1371
f 2452/1107/1372 2393/1119/1372 2369/1107/1372
f 2452/1107/1373 2394/1119/1373 2453/1119/1373
f 2454/1120/1374 2393/1119/1374 2453/1119/1374
f 2453/1119/1375 2396/1120/1375 2454/1120/1375
f 2452/1107/1306 2395/1120/1306 2454/1120/1306
f 2452/1107/1307 2396/1120/1307 2370/1107/1307
f 2455/1107/1376 2395/1120/1376 2369/1107/1376
f 2455/1107/1377 2396/1120/1377 2456/1120/1377
f 2457/1121/1378 2395/1120/1378 2456/1120/1378
f 2456/1120/1379 2398/1121/1379 2457/1121/1379
f 2455/1107/1312 2397/1121/1312 2457/1121/1312
f 2455/1107/1313 2398/1121/1313 2370/1107/1313
f 2458/1107/1310 2397/1121/1310 2369/1107/1310
f 2458/1107/1311 2398/1121/1311 2459/1121/1311
f 2460/1122/1380 2397/1121/1380 2459/1121/1380
f 2459/1121/1381 2400/1122/1381 2460/1122/1381
f 2458/1107/1318 2399/1122/1318 2460/1122/1318
f 2458/1107/1319 2400/1122/1319 2370/1107/1319
f 2461/1107/1316 2399/1122/1316 2369/1107/1316
f 2461/1107/1317 2400/1122/1317 2462/1122/1317
f 2463/1123/1382 2399/1122/1382 2462/1122/1382
f 2462/1122/1383 2402/1123/1383 2463/1123/1383
f 2461/1107/1324 2401/1123/1324 2463/1123/1324
f 2461/1107/1325 2402/1123/1325 2370/1107/1325
f 2464/1107/1322 2401/1123/1322 2369/1107/1322
f 2464/1107/1323 2402/1123/1323 2465/1123/1323
f 2466/1124/1384 2401/1123/1384 2465/1123/1384
f 2465/1123/1385 2404/1124/1385 2466/1124/1385
f 2464/1107/1330 2403/1124/1330 2466/1124/1330
f 2464/1107/1331 2404/1124/1331 2370/1107/1331
f 2467/1107/1328 2403/1124/1328 2369/1107/1328
f 2467/1107/1329 2404/1124/1329 2468/1124/1329
f 2469/1125/1386 2403/1124/1386 2468/1124/1386
f 2468/1124/1387 2406/1125/1387 2469/1125/1387
f 2467/1107/1336 2405/1125/1336 2469/1125/1336
f 2467/1107/1337 2406/1125/1337 2370/1107/1337
f 2470/1107/1334 2405/1125/1334 2369/1107/1334
f 2470/1107/1335 2406/1125/1335 2471/1125/1335
f 2472/1126/1388 2405/1125/1388 2471/1125/1388
f 2471/1125/1389 2408/1126/1389 2472/1126/1389
f 2470/1107/1342 2407/1126/1342 2472/1126/1342
f 2470/1107/1343 2408/1126/1343 2370/1107/1343
f 2473/1107/1340 2407/1126/1340 2369/1107/1340
f 2473/1107/1341 2408/1126/1341 2474/1126/1341
f 2475/1127/1390 2407/1126/1390 2474/1126/1390
f 2474/1126/1391 2410/1127/1391 2475/1127/1391
f 2473/1107/1348 2409/1127/1348 2475/1127/1348
f 2473/1107/1349 2410/1127/1349 2370/1107/1349
f 2476/1107/1346 2409/1127/1346 2369/1107/1346
f 2476/1107/1347 2410/1127/1347 2477/1127/1347
f 2478/1128/1392 2409/1127/1392 2477/1127/1392
f 2477/1127/1393 2412/1128/1393 2478/1128/1393
f 2476/1107/1354 2411/1128/1354 2478/1128/1354
f 2476/1107/1355 2412/1128/1355 2370/1107/1355
f 2479/1107/1352 2411/1128/1352 2369/1107/1352
f 2479/1107/1353 2412/1128/1353 2480/1128/1353
f 2481/1129/1394 2411/1128/1394 2480/1128/1394
f 2480/1128/1395 2414/1129/1395 2481/1129/1395
f 2479/1107/1360 2413/1129/1360 2481/1129/1360
f 2479/1107/1361 2414/1129/1361 2370/1107/1361
f 2482/1107/1358 2413/1129/1358 2369/1107/1358
f 2482/1107/1359 2414/1129/1359 2483/1129/1359
f 2484/1130/1396 2413/1129/1396 2483/1129/1396
f 2483/1129/1397 2416/1130/1397 2484/1130/1397
f 2482/1107/1366 2415/1130/1366 2484/1130/1366
f 2482/1107/1367 2416/1130/1367 2370/1107/1367
f 2485/1107/1364 2415/1130/1364 2369/1107/1364
f 2485/1107/1365 2416/1130/1365 2486/1130/1365
f 2487/1131/1398 2415/1130/1398 2486/1130/1398
f 2486/1130/1399 2418/1131/1399 2487/1131/1399
f 2485/1107/1372 2417/1131/1372 2487/1131/1372
f 2485/1107/1373 2418/1131/1373 2370/1107/1373
f 2488/1107/1370 2417/1131/1370 2369/1107/1370
f 2488/1107/1371 2418/1131/1371 2489/1131/1371
f 2490/1108/1400 2417/1131/1400 2489/1131/1400
f 2489/1131/1401 2372/1108/1401 2490/1108/1401
f 2488/1107/1376 2371/1108/1376 2490/1108/1376
f 2488/1107/1377 2372/1108/1377 2370/1107/1377
f 2419/1107/1306 2420/1108/1306 2371/1108/1306
f 2419/1107/1307 2370/1107/1307 2372/1108/1307
f 2421/1109/1402 2373/1109/1402 2371/1108/1402
f 2420/1108/1403 2372/1108/1403 2374/1109/1403
f 2419/1107/1310 2369/1107/1310 2373/1109/1310
f 2419/1107/1311 2421/1109/1311 2374/1109/1311
f 2422/1107/1312 2423/1109/1312 2373/1109/1312
f 2422/1107/1313 2370/1107/1313 2374/1109/1313
f 2424/1110/1314 2375/1110/1314 2373/1109/1314
f 2423/1109/1315 2374/1109/1315 2376/1110/1315
f 2422/1107/1316 2369/1107/1316 2375/1110/1316
f 2422/1107/1317 2424/1110/1317 2376/1110/1317
f 2425/1107/1318 2426/1110/1318 2375/1110/1318
f 2425/1107/1319 2370/1107/1319 2376/1110/1319
f 2427/1111/1320 2377/1111/1320 2375/1110/1320
f 2426/1110/1321 2376/1110/1321 2378/1111/1321
f 2425/1107/1322 2369/1107/1322 2377/1111/1322
f 2425/1107/1323 2427/1111/1323 2378/1111/1323
f 2428/1107/1324 2429/1111/1324 2377/1111/1324
f 2428/1107/1325 2370/1107/1325 2378/1111/1325
f 2430/1112/1326 2379/1112/1326 2377/1111/1326
f 2429/1111/1327 2378/1111/1327 2380/1112/1327
f 2428/1107/1328 2369/1107/1328 2379/1112/1328
f 2428/1107/1329 2430/1112/1329 2380/1112/1329
f 2431/1107/1330 2432/1112/1330 2379/1112/1330
f 2431/1107/1331 2370/1107/1331 2380/1112/1331
f 2433/1113/1332 2381/1113/1332 2379/1112/1332
f 2432/1112/1333 2380/1112/1333 2382/1113/1333
f 2431/1107/1334 2369/1107/1334 2381/1113/1334
f 2431/1107/1335 2433/1113/1335 2382/1113/1335
f 2434/1107/1336 2435/1113/1336 2381/1113/1336
f 2434/1107/1337 2370/1107/1337 2382/1113/1337
f 2436/1114/1338 2383/1114/1338 2381/1113/1338
f 2435/1113/1339 2382/1113/1339 2384/1114/1339
f 2434/1107/1340 2369/1107/1340 2383/1114/1340
f 2434/1107/1341 2436/1114/1341 2384/1114/1341
f 2437/1107/1342 2438/1114/1342 2383/1114/1342
f 2437/1107/1343 2370/1107/1343 2384/1114/1343
f 2439/1115/1344 2385/1115/1344 2383/1114/1344
f 2438/1114/1345 2384/1114/1345 2386/1115/1345
f 2437/1107/1346 2369/1107/1346 2385/1115/1346
f 2437/1107/1347 2439/1115/1347 2386/1115/1347
f 2440/1107/1348 2441/1115/1348 2385/1115/1348
f 2440/1107/1349 2370/1107/1349 2386/1115/1349
f 2442/1116/1350 2387/1116/1350 2385/1115/1350
f 2441/1115/1351 2386/1115/1351 2388/1116/1351
f 2440/1107/1352 2369/1107/1352 2387/1116/1352
f 2440/1107/1353 2442/1116/1353 2388/1116/1353
f 2443/1107/1354 2444/1116/1354 2387/1116/1354
f 2443/1107/1355 2370/1107/1355 2388/1116/1355
f 2445/1117/1356 2389/1117/1356 2387/1116/1356
f 2444/1116/1357 2388/1116/1357 2390/1117/1357
f 2443/1107/1358 2369/1107/1358 2389/1117/1358
f 2443/1107/1359 2445/1117/1359 2390/1117/1359
f 2446/1107/1360 2447/1117/1360 2389/1117/1360
f 2446/1107/1361 2370/1107/1361 2390/1117/1361
f 2448/1118/1362 2391/1118/1362 2389/1117/1362
f 2447/1117/1363 2390/1117/1363 2392/1118/1363
f 2446/1107/1364 2369/1107/1364 2391/1118/1364
f 2446/1107/1365 2448/1118/1365 2392/1118/1365
f 2449/1107/1366 2450/1118/1366 2391/1118/1366
f 2449/1107/1367 2370/1107/1367 2392/1118/1367
f 2451/1119/1368 2393/1119/1368 2391/1118/1368
f 2450/1118/1369 2392/1118/1369 2394/1119/1369
f 2449/1107/1370 2369/1107/1370 2393/1119/1370
f 2449/1107/1371 2451/1119/1371 2394/1119/1371
f 2452/1107/1372 2453/1119/1372 2393/1119/1372
f 2452/1107/1373 2370/1107/1373 2394/1119/1373
f 2454/1120/1404 2395/1120/1404 2393/1119/1404
f 2453/1119/1405 2394/1119/1405 2396/1120/1405
f 2452/1107/1306 2369/1107/1306 2395/1120/1306
f 2452/1107/1307 2454/1120/1307 2396/1120/1307
f 2455/1107/1376 2456/1120/1376 2395/1120/1376
f 2455/1107/1377 2370/1107/1377 2396/1120/1377
f 2457/1121/1406 2397/1121/1406 2395/1120/1406
f 2456/1120/1407 2396/1120/1407 2398/1121/1407
f 2455/1107/1312 2369/1107/1312 2397/1121/1312
f 2455/1107/1313 2457/1121/1313 2398/1121/1313
f 2458/1107/1310 2459/1121/1310 2397/1121/1310
f 2458/1107/1311 2370/1107/1311 2398/1121/1311
f 2460/1122/1380 2399/1122/1380 2397/1121/1380
f 2459/1121/1381 2398/1121/1381 2400/1122/1381
f 2458/1107/1318 2369/1107/1318 2399/1122/1318
f 2458/1107/1319 2460/1122/1319 2400/1122/1319
f 2461/1107/1316 2462/1122/1316 2399/1122/1316
f 2461/1107/1317 2370/1107/1317 2400/1122/1317
f 2463/1123/1382 2401/1123/1382 2399/1122/1382
f 2462/1122/1383 2400/1122/1383 2402/1123/1383
f 2461/1107/1324 2369/1107/1324 2401/1123/1324
f 2461/1107/1325 2463/1123/1325 2402/1123/1325
f 2464/1107/1322 2465/1123/1322 2401/1123/1322
f 2464/1107/1323 2370/1107/1323 2402/1123/1323
f 2466/1124/1384 2403/1124/1384 2401/1123/1384
f 2465/1123/1385 2402/1123/1385 2404/1124/1385
f 2464/1107/1330 2369/1107/1330 2403/1124/1330
f 2464/1107/1331 2466/1124/1331 2404/1124/1331
f 2467/1107/1328 2468/1124/1328 2403/1124/1328
f 2467/1107/1329 2370/1107/1329 2404/1124/1329
f 2469/1125/1386 2405/1125/1386 2403/1124/1386
f 2468/1124/1387 2404/1124/1387 2406/1125/1387
f 2467/1107/1336 2369/1107/1336 2405/1125/1336
f 2467/1107/1337 2469/1125/1337 2406/1125/1337
f 2470/1107/1334 2471/1125/1334 2405/1125/1334
f 2470/1107/1335 2370/1107/1335 2406/1125/1335
f 2472/1126/1388 2407/1126/1388 2405/1125/1388
f 2471/1125/1389 2406/1125/1389 2408/1126/1389
f 2470/1107/1342 2369/1107/1342 2407/1126/1342
f 2470/1107/1343 2472/1126/1343 2408/1126/1343
f 2473/1107/1340 2474/1126/1340 2407/1126/1340
f 2473/1107/1341 2370/1107/1341 2408/1126/1341
f 2475/1127/1390 2409/1127/1390 2407/1126/1390
f 2474/1126/1391 2408/1126/1391 2410/1127/1391
f 2473/1107/1348 2369/1107/1348 2409/1127/1348
f 2473/1107/1349 2475/1127/1349 2410/1127/1349
f 2476/1107/1346 2477/1127/1346 2409/1127/1346
f 2476/1107/1347 2370/1107/1347 2410/1127/1347
f 2478/1128/1392 2411/1128/1392 2409/1127/1392
f 2477/1127/1393 2410/1127/1393 2412/1128/1393
f 2476/1107/1354 2369/1107/1354 2411/1128/1354
f 2476/1107/1355 2478/1128/1355 2412/1128/1355
f 2479/1107/1352 2480/1128/1352 2411/1128/1352
f 2479/1107/1353 2370/1107/1353 2412/1128/1353
f 2481/1129/1394 2413/1129/1394 2411/1128/1394
f 2480/1128/1395 2412/1128/1395 2414/1129/1395
f 2479/1107/1360 2369/1107/1360 2413/1129/1360
f 2479/1107/1361 2481/1129/1361 2414/1129/1361
f 2482/1107/1358 2483/1129/1358 2413/1129/1358
f 2482/1107/1359 2370/1107/1359 2414/1129/1359
f 2484/1130/1396 2415/1130/1396 2413/1129/1396
f 2483/1129/1397 2414/1129/1397 2416/1130/1397
f 2482/1107/1366 2369/1107/1366 2415/1130/1366
f 2482/1107/1367 2484/1130/1367 2416/1130/1367
f 2485/1107/1364 2486/1130/1364 2415/1130/1364
f 2485/1107/1365 2370/1107/1365 2416/1130/1365
f 2487/1131/1398 2417/1131/1398 2415/1130/1398
f 2486/1130/1399 2416/1130/1399 2418/1131/1399
f 2485/1107/1372 2369/1107/1372 2417/1131/1372
f 2485/1107/1373 2487/1131/1373 2418/1131/1373
f 2488/1107/1370 2489/1131/1370 2417/1131/1370
f 2488/1107/1371 2370/1107/1371 2418/1131/1371
f 2490/1108/1408 2371/1108/1408 2417/1131/1408
f 2489/1131/1409 2418/1131/1409 2372/1108/1409
f 2488/1107/1376 2369/1107/1376 2371/1108/1376
f 2488/1107/1377 2490/1108/1377 2372/1108/1377
o Rueda_Caucho_Delantera
v 0.912000 0.000000 0.000000
v 0.907713 -0.000000 0.016000
v 0.896000 -0.000000 0.027713
v 0.880000 -0.000000 0.032000
v 0.864000 -0.000000 0.027713
v 0.852287 -0.000000 0.016000
v 0.848000 -0.000000 0.000000
v 0.852287 0.000000 -0.016000
v 0.864000 0.000000 -0.027713
v 0.880000 0.000000 -0.032000
v 0.896000 0.000000 -0.027713
v 0.907713 0.000000 -0.016000
v 0.906500 0.062861 0.000000
v 0.902278 0.062116 0.016000
v 0.890743 0.060082 0.027713
v 0.874987 0.057304 0.032000
v 0.859230 0.054526 0.027713
v 0.847695 0.052492 0.016000
v 0.843473 0.051747 0.000000
v 0.847695 0.052492 -0.016000
v 0.859230 0.054526 -0.027713
v 0.874987 0.057304 -0.032000
v 0.890743 0.060082 -0.027713
v 0.902278 0.062116 -0.016000
v 0.890169 0.123811 0.000000
v 0.886140 0.122345 0.016000
v 0.875134 0.118339 0.027713
v 0.860099 0.112867 0.032000
v 0.845064 0.107394 0.027713
v 0.834057 0.103388 0.016000
v 0.830028 0.101922 0.000000
v 0.834057 0.103388 -0.016000
v 0.845064 0.107394 -0.027713
v 0.860099 0.112867 -0.032000
v 0.875134 0.118339 -0.027713
v 0.886140 0.122345 -0.016000
v 0.863501 0.181000 0.000000
v 0.859788 0.178856 0.016000
v 0.849645 0.173000 0.027713
v 0.835788 0.165000 0.032000
v 0.821932 0.157000 0.027713
v 0.811788 0.151144 0.016000
v 0.808076 0.149000 0.000000
v 0.811788 0.151144 -0.016000
v 0.821932 0.157000 -0.027713
v 0.835788 0.165000 -0.032000
v 0.849645 0.173000 -0.027713
v 0.859788 0.178856 -0.016000
v 0.827308 0.232689 0.000000
v 0.824024 0.229933 0.016000
v 0.815051 0.222405 0.027713
v 0.802795 0.212120 0.032000
v 0.790538 0.201835 0.027713
v 0.781565 0.194306 0.016000
v 0.778281 0.191551 0.000000
v 0.781565 0.194306 -0.016000
v 0.790538 0.201835 -0.027713
v 0.802795 0.212120 -0.032000
v 0.815051 0.222405 -0.027713
v 0.824024 0.229933 -0.016000
v 0.782689 0.277308 0.000000
v 0.779933 0.274024 0.016000
v 0.772405 0.265051 0.027713
v 0.762120 0.252795 0.032000
v 0.751835 0.240538 0.027713
v 0.744306 0.231565 0.016000
v 0.741551 0.228281 0.000000
v 0.744306 0.231565 -0.016000
v 0.751835 0.240538 -0.027713
v 0.762120 0.252795 -0.032000
v 0.772405 0.265051 -0.027713
v 0.779933 0.274024 -0.016000
v 0.731000 0.313501 0.000000
v 0.728856 0.309788 0.016000
v 0.723000 0.299645 0.027713
v 0.715000 0.285788 0.032000
v 0.707000 0.271932 0.027713
v 0.701144 0.261788 0.016000
v 0.699000 0.258076 0.000000
v 0.701144 0.261788 -0.016000
v 0.707000 0.271932 -0.027713
v 0.715000 0.285788 -0.032000
v 0.723000 0.299645 -0.027713
v 0.728856 0.309788 -0.016000
v 0.673811 0.340169 0.000000
v 0.672345 0.336140 0.016000
v 0.668339 0.325134 0.027713
v 0.662867 0.310099 0.032000
v 0.657394 0.295063 0.027713
v 0.653388 0.284057 0.016000
v 0.651922 0.280028 0.000000
v 0.653388 0.284057 -0.016000
v 0.657394 0.295063 -0.027713
v 0.662867 0.310099 -0.032000
v 0.668339 0.325134 -0.027713
v 0.672345 0.336140 -0.016000
v 0.612861 0.356500 0.000000
v 0.612116 0.352278 0.016000
v 0.610082 0.340743 0.027713
v 0.607304 0.324987 0.032000
v 0.604526 0.309230 0.027713
v 0.602492 0.297695 0.016000
v 0.601747 0.293473 0.000000
v 0.602492 0.297695 -0.016000
v 0.604526 0.309230 -0.027713
v 0.607304 0.324987 -0.032000
v 0.610082 0.340743 -0.027713
v 0.612116 0.352278 -0.016000
v 0.550000 0.362000 0.000000
v 0.550000 0.357713 0.016000
v 0.550000 0.346000 0.027713
v 0.550000 0.330000 0.032000
v 0.550000 0.314000 0.027713
v 0.550000 0.302287 0.016000
v 0.550000 0.298000 0.000000
v 0.550000 0.302287 -0.016000
v 0.550000 0.314000 -0.027713
v 0.550000 0.330000 -0.032000
v 0.550000 0.346000 -0.027713
v 0.550000 0.357713 -0.016000
v 0.487139 0.356500 0.000000
v 0.487884 0.352278 0.016000
v 0.489918 0.340744 0.027713
v 0.492696 0.324987 0.032000
v 0.495475 0.309230 0.027713
v 0.497508 0.297695 0.016000
v 0.498253 0.293473 0.000000
v 0.497508 0.297695 -0.016000
v 0.495475 0.309230 -0.027713
v 0.492696 0.324987 -0.032000
v 0.489918 0.340744 -0.027713
v 0.487884 0.352278 -0.016000
v 0.426189 0.340169 0.000000
v 0.427655 0.336140 0.016000
v 0.431661 0.325134 0.027713
v 0.437133 0.310099 0.032000
v 0.442606 0.295063 0.027713
v 0.446612 0.284057 0.016000
v 0.448078 0.280028 0.000000
v 0.446612 0.284057 -0.016000
v 0.442606 0.295063 -0.027713
v 0.437133 0.310099 -0.032000
v 0.431661 0.325134 -0.027713
v 0.427655 0.336140 -0.016000
v 0.369000 0.313501 0.000000
v 0.371144 0.309788 0.016000
v 0.377000 0.299645 0.027713
v 0.385000 0.285788 0.032000
v 0.393000 0.271932 0.027713
v 0.398856 0.261788 0.016000
v 0.401000 0.258076 0.000000
v 0.398856 0.261788 -0.016000
v 0.393000 0.271932 -0.027713
v 0.385000 0.285788 -0.032000
v 0.377000 0.299645 -0.027713
v 0.371144 0.309788 -0.016000
v 0.317311 0.277308 0.000000
v 0.320067 0.274024 0.016000
v 0.327596 0.265051 0.027713
v 0.337880 0.252795 0.032000
v 0.348165 0.240538 0.027713
v 0.355694 0.231565 0.016000
v 0.358449 0.228281 0.000000
v 0.355694 0.231565 -0.016000
v 0.348165 0.240538 -0.027713
v 0.337880 0.252795 -0.032000
v 0.327596 0.265051 -0.027713
v 0.320067 0.274024 -0.016000
v 0.272692 0.232689 0.000000
v 0.275976 0.229933 0.016000
v 0.284949 0.222405 0.027713
v 0.297205 0.212120 0.032000
v 0.309462 0.201835 0.027713
v 0.318435 0.194307 0.016000
v 0.321719 0.191551 0.000000
v 0.318435 0.194307 -0.016000
v 0.309462 0.201835 -0.027713
v 0.297205 0.212120 -0.032000
v 0.284949 0.222405 -0.027713
v 0.275976 0.229933 -0.016000
v 0.236499 0.181000 0.000000
v 0.240212 0.178857 0.016000
v 0.250355 0.173000 0.027713
v 0.264212 0.165000 0.032000
v 0.278068 0.157000 0.027713
v 0.288212 0.151144 0.016000
v 0.291924 0.149000 0.000000
v 0.288212 0.151144 -0.016000
v 0.278068 0.157000 -0.027713
v 0.264212 0.165000 -0.032000
v 0.250355 0.173000 -0.027713
v 0.240212 0.178857 -0.016000
v 0.209831 0.123811 0.000000
v 0.213860 0.122345 0.016000
v 0.224866 0.118339 0.027713
v 0.239901 0.112867 0.032000
v 0.254937 0.107394 0.027713
v 0.265943 0.103388 0.016000
v 0.269972 0.101922 0.000000
v 0.265943 0.103388 -0.016000
v 0.254937 0.107394 -0.027713
v 0.239901 0.112867 -0.032000
v 0.224866 0.118339 -0.027713
v 0.213860 0.122345 -0.016000
v 0.193500 0.062861 0.000000
v 0.197722 0.062116 0.016000
v 0.209257 0.060082 0.027713
v 0.225013 0.057304 0.032000
v 0.240770 0.054526 0.027713
v 0.252305 0.052492 0.016000
v 0.256527 0.051747 0.000000
v 0.252305 0.052492 -0.016000
v 0.240770 0.054526 -0.027713
v 0.225013 0.057304 -0.032000
v 0.209257 0.060082 -0.027713
v 0.197722 0.062116 -0.016000
v 0.188000 0.000000 0.000000
v 0.192287 0.000000 0.016000
v 0.204000 0.000000 0.027713
v 0.220000 0.000000 0.032000
v 0.236000 0.000000 0.027713
v 0.247713 0.000000 0.016000
v 0.252000 0.000000 0.000000
v 0.247713 0.000000 -0.016000
v 0.236000 0.000000 -0.027713
v 0.220000 0.000000 -0.032000
v 0.204000 0.000000 -0.027713
v 0.192287 0.000000 -0.016000
v 0.193500 -0.062861 -0.000000
v 0.197722 -0.062116 0.016000
v 0.209257 -0.060082 0.027713
v 0.225013 -0.057304 0.032000
v 0.240770 -0.054525 0.027713
v 0.252305 -0.052492 0.016000
v 0.256527 -0.051747 -0.000000
v 0.252305 -0.052492 -0.016000
v 0.240770 -0.054525 -0.027713
v 0.225013 -0.057304 -0.032000
v 0.209257 -0.060082 -0.027713
v 0.197722 -0.062116 -0.016000
v 0.209831 -0.123811 -0.000000
v 0.213860 -0.122345 0.016000
v 0.224866 -0.118339 0.027713
v 0.239901 -0.112867 0.032000
v 0.254937 -0.107394 0.027713
v 0.265943 -0.103388 0.016000
v 0.269972 -0.101922 -0.000000
v 0.265943 -0.103388 -0.016000
v 0.254937 -0.107394 -0.027713
v 0.239901 -0.112867 -0.032000
v 0.224866 -0.118339 -0.027713
v 0.213860 -0.122345 -0.016000
v 0.236499 -0.181000 -0.000000
v 0.240212 -0.178856 0.016000
v 0.250355 -0.173000 0.027713
v 0.264212 -0.165000 0.032000
v 0.278068 -0.157000 0.027713
v 0.288212 -0.151144 0.016000
v 0.291924 -0.149000 -0.000000
v 0.288212 -0.151144 -0.016000
v 0.278068 -0.157000 -0.027713
v 0.264212 -0.165000 -0.032000
v 0.250355 -0.173000 -0.027713
v 0.240212 -0.178856 -0.016000
v 0.272692 -0.232689 -0.000000
v 0.275976 -0.229933 0.016000
v 0.284949 -0.222404 0.027713
v 0.297205 -0.212120 0.032000
v 0.309462 -0.201835 0.027713
v 0.318435 -0.194306 0.016000
v 0.321719 -0.191551 -0.000000
v 0.318435 -0.194306 -0.016000
v 0.309462 -0.201835 -0.027713
v 0.297205 -0.212120 -0.032000
v 0.284949 -0.222404 -0.027713
v 0.275976 -0.229933 -0.016000
v 0.317311 -0.277308 -0.000000
v 0.320067 -0.274024 0.016000
v 0.327596 -0.265051 0.027713
v 0.337880 -0.252795 0.032000
v 0.348165 -0.240538 0.027713
v 0.355694 -0.231565 0.016000
v 0.358449 -0.228281 -0.000000
v 0.355694 -0.231565 -0.016000
v 0.348165 -0.240538 -0.027713
v 0.337880 -0.252795 -0.032000
v 0.327596 -0.265051 -0.027713
v 0.320067 -0.274024 -0.016000
v 0.369000 -0.313501 -0.000000
v 0.371144 -0.309788 0.016000
v 0.377000 -0.299645 0.027713
v 0.385000 -0.285788 0.032000
v 0.393000 -0.271932 0.027713
v 0.398856 -0.261788 0.016000
v 0.401000 -0.258076 -0.000000
v 0.398856 -0.261788 -0.016000
v 0.393000 -0.271932 -0.027713
v 0.385000 -0.285788 -0.032000
v 0.377000 -0.299645 -0.027713
v 0.371144 -0.309788 -0.016000
v 0.426189 -0.340169 -0.000000
v 0.427655 -0.336140 0.016000
v 0.431661 -0.325134 0.027713
v 0.437133 -0.310099 0.032000
v 0.442606 -0.295063 0.027713
v 0.446612 -0.284057 0.016000
v 0.448078 -0.280028 -0.000000
v 0.446612 -0.284057 -0.016000
v 0.442606 -0.295063 -0.027713
v 0.437133 -0.310099 -0.032000
v 0.431661 -0.325134 -0.027713
v 0.427655 -0.336140 -0.016000
v 0.487139 -0.356500 -0.000000
v 0.487884 -0.352278 0.016000
v 0.489918 -0.340744 0.027713
v 0.492696 -0.324987 0.032000
v 0.495475 -0.309230 0.027713
v 0.497508 -0.297695 0.016000
v 0.498253 -0.293473 -0.000000
v 0.497508 -0.297695 -0.016000
v 0.495475 -0.309230 -0.027713
v 0.492696 -0.324987 -0.032000
v 0.489918 -0.340744 -0.027713
v 0.487884 -0.352278 -0.016000
v 0.550000 -0.362000 -0.000000
v 0.550000 -0.357713 0.016000
v 0.550000 -0.346000 0.027713
v 0.550000 -0.330000 0.032000
v 0.550000 -0.314000 0.027713
v 0.550000 -0.302287 0.016000
v 0.550000 -0.298000 -0.000000
v 0.550000 -0.302287 -0.016000
v 0.550000 -0.314000 -0.027713
v 0.550000 -0.330000 -0.032000
v 0.550000 -0.346000 -0.027713
v 0.550000 -0.357713 -0.016000
v 0.612861 -0.356500 -0.000000
v 0.612116 -0.352278 0.016000
v 0.610082 -0.340743 0.027713
v 0.607304 -0.324987 0.032000
v 0.604526 -0.309230 0.027713
v 0.602492 -0.297695 0.016000
v 0.601747 -0.293473 -0.000000
v 0.602492 -0.297695 -0.016000
v 0.604526 -0.309230 -0.027713
v 0.607304 -0.324987 -0.032000
v 0.610082 -0.340743 -0.027713
v 0.612116 -0.352278 -0.016000
v 0.673811 -0.340169 -0.000000
v 0.672345 -0.336140 0.016000
v 0.668339 -0.325134 0.027713
v 0.662867 -0.310099 0.032000
v 0.657394 -0.295063 0.027713
v 0.653388 -0.284057 0.016000
v 0.651922 -0.280028 -0.000000
v 0.653388 -0.284057 -0.016000
v 0.657394 -0.295063 -0.027713
v 0.662867 -0.310099 -0.032000
v 0.668339 -0.325134 -0.027713
v 0.672345 -0.336140 -0.016000
v 0.731000 -0.313501 -0.000000
v 0.728856 -0.309788 0.016000
v 0.723000 -0.299645 0.027713
v 0.715000 -0.285788 0.032000
v 0.707000 -0.271932 0.027713
v 0.701144 -0.261788 0.016000
v 0.699000 -0.258076 -0.000000
v 0.701144 -0.261788 -0.016000
v 0.707000 -0.271932 -0.027713
v 0.715000 -0.285788 -0.032000
v 0.723000 -0.299645 -0.027713
v 0.728856 -0.309788 -0.016000
v 0.782689 -0.277308 -0.000000
v 0.779933 -0.274024 0.016000
v 0.772405 -0.265051 0.027713
v 0.762120 -0.252795 0.032000
v 0.751835 -0.240538 0.027713
v 0.744306 -0.231565 0.016000
v 0.741551 -0.228281 -0.000000
v 0.744306 -0.231565 -0.016000
v 0.751835 -0.240538 -0.027713
v 0.762120 -0.252795 -0.032000
v 0.772405 -0.265051 -0.027713
v 0.779933 -0.274024 -0.016000
v 0.827308 -0.232689 -0.000000
v 0.824024 -0.229933 0.016000
v 0.815051 -0.222405 0.027713
v 0.802795 -0.212120 0.032000
v 0.790538 -0.201835 0.027713
v 0.781565 -0.194306 0.016000
v 0.778281 -0.191551 -0.000000
v 0.781565 -0.194306 -0.016000
v 0.790538 -0.201835 -0.027713
v 0.802795 -0.212120 -0.032000
v 0.815051 -0.222405 -0.027713
v 0.824024 -0.229933 -0.016000
v 0.863501 -0.181000 -0.000000
v 0.859788 -0.178856 0.016000
v 0.849645 -0.173000 0.027713
v 0.835788 -0.165000 0.032000
v 0.821932 -0.157000 0.027713
v 0.811788 -0.151144 0.016000
v 0.808076 -0.149000 -0.000000
v 0.811788 -0.151144 -0.016000
v 0.821932 -0.157000 -0.027713
v 0.835788 -0.165000 -0.032000
v 0.849645 -0.173000 -0.027713
v 0.859788 -0.178856 -0.016000
v 0.890169 -0.123811 -0.000000
v 0.886140 -0.122345 0.016000
v 0.875134 -0.118339 0.027713
v 0.860099 -0.112867 0.032000
v 0.845063 -0.107394 0.027713
v 0.834057 -0.103388 0.016000
v 0.830028 -0.101922 -0.000000
v 0.834057 -0.103388 -0.016000
v 0.845063 -0.107394 -0.027713
v 0.860099 -0.112867 -0.032000
v 0.875134 -0.118339 -0.027713
v 0.886140 -0.122345 -0.016000
v 0.906500 -0.062861 -0.000000
v 0.902278 -0.062116 0.016000
v 0.890743 -0.060082 0.027713
v 0.874987 -0.057304 0.032000
v 0.859230 -0.054526 0.027713
v 0.847695 -0.052492 0.016000
v 0.843473 -0.051747 -0.000000
v 0.847695 -0.052492 -0.016000
v 0.859230 -0.054526 -0.027713
v 0.874987 -0.057304 -0.032000
v 0.890743 -0.060082 -0.027713
v 0.902278 -0.062116 -0.016000
vn 0.9625 0.0842 0.2579
vn 0.7058 0.0617 0.7058
vn 0.2588 0.0226 0.9657
vn -0.2588 -0.0226 0.9657
vn -0.7058 -0.0617 0.7058
vn -0.9625 -0.0842 0.2579
vn -0.9625 -0.0842 -0.2579
vn -0.7058 -0.0617 -0.7058
vn -0.2588 -0.0226 -0.9657
vn 0.2588 0.0226 -0.9657
vn 0.7058 0.0617 -0.7058
vn 0.9625 0.0842 -0.2579
vn 0.9332 0.2501 0.2579
vn 0.6843 0.1834 0.7058
vn 0.2509 0.0672 0.9657
vn -0.2509 -0.0672 0.9657
vn -0.6843 -0.1834 0.7058
vn -0.9333 -0.2501 0.2579
vn -0.9333 -0.2501 -0.2579
vn -0.6843 -0.1834 -0.7058
vn -0.2509 -0.0672 -0.9657
vn 0.2509 0.0672 -0.9657
vn 0.6843 0.1834 -0.7058
vn 0.9332 0.2501 -0.2579
vn 0.8756 0.4083 0.2579
vn 0.6421 0.2994 0.7058
vn 0.2354 0.1098 0.9657
vn -0.2354 -0.1098 0.9657
vn -0.6421 -0.2994 0.7058
vn -0.8756 -0.4083 0.2579
vn -0.8756 -0.4083 -0.2579
vn -0.6421 -0.2994 -0.7058
vn -0.2354 -0.1098 -0.9657
vn 0.2354 0.1098 -0.9657
vn 0.6421 0.2994 -0.7058
vn 0.8756 0.4083 -0.2579
vn 0.7914 0.5542 0.2579
vn 0.5803 0.4064 0.7058
vn 0.2128 0.1490 0.9657
vn -0.2128 -0.1490 0.9657
vn -0.5803 -0.4064 0.7058
vn -0.7914 -0.5542 0.2579
vn -0.7914 -0.5542 -0.2579
vn -0.5803 -0.4064 -0.7058
vn -0.2128 -0.1490 -0.9657
vn 0.2128 0.1490 -0.9657
vn 0.5803 0.4064 -0.7058
vn 0.7914 0.5542 -0.2579
vn 0.6832 0.6832 0.2579
vn 0.5010 0.5010 0.7058
vn 0.1837 0.1837 0.9657
vn -0.1837 -0.1837 0.9657
vn -0.5010 -0.5010 0.7058
vn -0.6832 -0.6832 0.2579
vn -0.6832 -0.6832 -0.2579
vn -0.5010 -0.5010 -0.7058
vn -0.1837 -0.1837 -0.9657
vn 0.1837 0.1837 -0.9657
vn 0.5010 0.5010 -0.7058
vn 0.6832 0.6832 -0.2579
vn 0.5542 0.7914 0.2579
vn 0.4064 0.5803 0.7058
vn 0.1490 0.2128 0.9657
vn -0.1490 -0.2128 0.9657
vn -0.4064 -0.5803 0.7058
vn -0.5542 -0.7914 0.2579
vn -0.5542 -0.7914 -0.2579
vn -0.4064 -0.5803 -0.7058
vn -0.1490 -0.2128 -0.9657
vn 0.1490 0.2128 -0.9657
vn 0.4064 0.5803 -0.7058
vn 0.5542 0.7914 -0.2579
vn 0.4083 0.8756 0.2579
vn 0.2994 0.6421 0.7058
vn 0.1098 0.2354 0.9657
vn -0.1098 -0.2354 0.9657
vn -0.2994 -0.6421 0.7058
vn -0.4083 -0.8756 0.2579
vn -0.4083 -0.8756 -0.2579
vn -0.2994 -0.6421 -0.7058
vn -0.1098 -0.2354 -0.9657
vn 0.1098 0.2354 -0.9657
vn 0.2994 0.6421 -0.7058
vn 0.4083 0.8756 -0.2579
vn 0.2501 0.9333 0.2579
vn 0.1834 0.6843 0.7058
vn 0.0672 0.2509 0.9657
vn -0.0672 -0.2509 0.9657
vn -0.1834 -0.6843 0.7058
vn -0.2501 -0.9332 0.2579
vn -0.2501 -0.9332 -0.2579
vn -0.1834 -0.6843 -0.7058
vn -0.0672 -0.2509 -0.9657
vn 0.0672 0.2509 -0.9657
vn 0.1834 0.6843 -0.7058
vn 0.2501 0.9333 -0.2579
vn 0.0842 0.9625 0.2579
vn 0.0617 0.7058 0.7058
vn 0.0226 0.2588 0.9657
vn -0.0226 -0.2588 0.9657
vn -0.0617 -0.7058 0.7058
vn -0.0842 -0.9625 0.2579
vn -0.0842 -0.9625 -0.2579
vn -0.0617 -0.7058 -0.7058
vn -0.0226 -0.2588 -0.9657
vn 0.0226 0.2588 -0.9657
vn 0.0617 0.7058 -0.7058
vn 0.0842 0.9625 -0.2579
vn -0.0842 0.9625 0.2579
vn -0.0617 0.7058 0.7058
vn -0.0226 0.2588 0.9657
vn 0.0226 -0.2588 0.9657
vn 0.0617 -0.7058 0.7058
vn 0.0842 -0.9625 0.2579
vn 0.0842 -0.9625 -0.2579
vn 0.0617 -0.7058 -0.7058
vn 0.0226 -0.2588 -0.9657
vn -0.0226 0.2588 -0.9657
vn -0.0617 0.7058 -0.7058
vn -0.0842 0.9625 -0.2579
vn -0.2501 0.9333 0.2579
vn -0.1834 0.6843 0.7058
vn -0.0672 0.2509 0.9657
vn 0.0672 -0.2509 0.9657
vn 0.1834 -0.6843 0.7058
vn 0.2501 -0.9333 0.2579
vn 0.2501 -0.9333 -0.2579
vn 0.1834 -0.6843 -0.7058
vn 0.0672 -0.2509 -0.9657
vn -0.0672 0.2509 -0.9657
vn -0.1834 0.6843 -0.7058
vn -0.2501 0.9333 -0.2579
vn -0.4083 0.8756 0.2579
vn -0.2994 0.6421 0.7058
vn -0.1098 0.2354 0.9657
vn 0.1098 -0.2354 0.9657
vn 0.2994 -0.6421 0.7058
vn 0.4083 -0.8756 0.2579
vn 0.4083 -0.8757 -0.2579
vn 0.2994 -0.6421 -0.7058
vn 0.1098 -0.2354 -0.9657
vn -0.1098 0.2354 -0.9657
vn -0.2994 0.6421 -0.7058
vn -0.4083 0.8756 -0.2579
vn -0.5542 0.7914 0.2579
vn -0.4064 0.5803 0.7058
vn -0.1490 0.2128 0.9657
vn 0.1490 -0.2128 0.9657
vn 0.4064 -0.5803 0.7058
vn 0.5542 -0.7914 0.2579
vn 0.5542 -0.7914 -0.2579
vn 0.4064 -0.5803 -0.7058
vn 0.1490 -0.2128 -0.9657
vn -0.1490 0.2128 -0.9657
vn -0.4064 0.5803 -0.7058
vn -0.5542 0.7914 -0.2579
vn -0.6832 0.6832 0.2579
vn -0.5010 0.5010 0.7058
vn -0.1837 0.1837 0.9657
vn 0.1837 -0.1837 0.9657
vn 0.5010 -0.5010 0.7058
vn 0.6832 -0.6832 0.2579
vn 0.6832 -0.6832 -0.2579
vn 0.5010 -0.5010 -0.7058
vn 0.1837 -0.1837 -0.9657
vn -0.1837 0.1837 -0.9657
vn -0.5010 0.5010 -0.7058
vn -0.6832 0.6832 -0.2579
vn -0.7914 0.5542 0.2579
vn -0.5803 0.4064 0.7058
vn -0.2128 0.1490 0.9657
vn 0.2128 -0.1490 0.9657
vn 0.5803 -0.4064 0.7058
vn 0.7914 -0.5542 0.2579
vn 0.7914 -0.5542 -0.2579
vn 0.5803 -0.4064 -0.7058
vn 0.2128 -0.1490 -0.9657
vn -0.2128 0.1490 -0.9657
vn -0.5803 0.4064 -0.7058
vn -0.7914 0.5542 -0.2579
vn -0.8756 0.4083 0.2579
vn -0.6421 0.2994 0.7058
vn -0.2354 0.1098 0.9657
vn 0.2354 -0.1098 0.9657
vn 0.6421 -0.2994 0.7058
vn 0.8756 -0.4083 0.2579
vn 0.8756 -0.4083 -0.2579
vn 0.6421 -0.2994 -0.7058
vn 0.2354 -0.1098 -0.9657
vn -0.2354 0.1098 -0.9657
vn -0.6421 0.2994 -0.7058
vn -0.8756 0.4083 -0.2579
vn -0.9332 0.2501 0.2579
vn -0.6843 0.1834 0.7058
vn -0.2509 0.0672 0.9657
vn 0.2509 -0.0672 0.9657
vn 0.6843 -0.1834 0.7058
vn 0.9332 -0.2501 0.2579
vn 0.9333 -0.2501 -0.2579
vn 0.6843 -0.1834 -0.7058
vn 0.2509 -0.0672 -0.9657
vn -0.2509 0.0672 -0.9657
vn -0.6843 0.1834 -0.7058
vn -0.9333 0.2501 -0.2579
vn -0.9625 0.0842 0.2579
vn -0.7058 0.0617 0.7058
vn -0.2588 0.0226 0.9657
vn 0.2588 -0.0226 0.9657
vn 0.7058 -0.0617 0.7058
vn 0.9625 -0.0842 0.2579
vn 0.9625 -0.0842 -0.2579
vn 0.7058 -0.0617 -0.7058
vn 0.2588 -0.0226 -0.9657
vn -0.2588 0.0226 -0.9657
vn -0.7058 0.0617 -0.7058
vn -0.9625 0.0842 -0.2579
vn 0.9333 0.2501 0.2579
vn 0.9333 0.2501 -0.2579
vn -0.2501 -0.9333 0.2579
vn -0.2501 -0.9333 -0.2579
vn -0.2501 0.9332 0.2579
vn 0.4083 -0.8756 -0.2579
vn 0.9333 -0.2501 0.2579
vn -0.9333 0.2501 0.2579
vn 0.2501 0.9332 0.2579
vn 0.2501 0.9332 -0.2579
vn -0.2501 0.9332 -0.2579
vn -0.9332 -0.2501 0.2579
vn -0.9332 -0.2501 -0.2579
vn 0.4083 0.8757 0.2579
vt 0.527778 0.500000
vt 0.500000 0.583333
vt 0.500000 0.500000
vt 0.527778 0.583333
vt 0.500000 0.666667
vt 0.527778 0.666667
vt 0.500000 0.750000
vt 0.527778 0.750000
vt 0.500000 0.833333
vt 0.527778 0.833333
vt 0.500000 0.916667
vt 0.527778 0.916667
vt 0.500000 1.000000
vt 0.527778 0.000000
vt 0.500000 0.083333
vt 0.500000 0.000000
vt 0.527778 0.083333
vt 0.500000 0.166667
vt 0.527778 0.166667
vt 0.500000 0.250000
vt 0.527778 0.333333
vt 0.500000 0.333333
vt 0.527778 0.416667
vt 0.500000 0.416667
vt 0.555556 0.500000
vt 0.555556 0.583333
vt 0.555556 0.750000
vt 0.555556 0.833333
vt 0.555556 1.000000
vt 0.527778 1.000000
vt 0.555556 0.000000
vt 0.555556 0.083333
vt 0.555556 0.250000
vt 0.527778 0.250000
vt 0.555556 0.416667
vt 0.583333 0.583333
vt 0.555556 0.666667
vt 0.583333 0.666667
vt 0.583333 0.833333
vt 0.583333 0.916667
vt 0.555556 0.916667
vt 0.583333 0.000000
vt 0.583333 0.083333
vt 0.555556 0.166667
vt 0.583333 0.166667
vt 0.583333 0.250000
vt 0.555556 0.333333
vt 0.583333 0.416667
vt 0.583333 0.500000
vt 0.611111 0.583333
vt 0.611111 0.750000
vt 0.583333 0.750000
vt 0.611111 0.833333
vt 0.611111 0.916667
vt 0.611111 1.000000
vt 0.583333 1.000000
vt 0.611111 0.000000
vt 0.611111 0.083333
vt 0.611111 0.166667
vt 0.611111 0.250000
vt 0.583333 0.333333
vt 0.611111 0.416667
vt 0.638889 0.500000
vt 0.611111 0.500000
vt 0.638889 0.583333
vt 0.611111 0.666667
vt 0.638889 0.750000
vt 0.638889 0.833333
vt 0.638889 1.000000
vt 0.638889 0.000000
vt 0.638889 0.083333
vt 0.638889 0.250000
vt 0.611111 0.333333
vt 0.638889 0.416667
vt 0.666667 0.583333
vt 0.666667 0.666667
vt 0.638889 0.666667
vt 0.666667 0.750000
vt 0.666667 0.916667
vt 0.638889 0.916667
vt 0.666667 1.000000
vt 0.666667 0.000000
vt 0.666667 0.083333
vt 0.638889 0.166667
vt 0.666667 0.250000
vt 0.638889 0.333333
vt 0.666667 0.333333
vt 0.666667 0.416667
vt 0.666667 0.500000
vt 0.694444 0.583333
vt 0.694444 0.666667
vt 0.694444 0.750000
vt 0.666667 0.833333
vt 0.694444 0.833333
vt 0.694444 0.916667
vt 0.694444 0.000000
vt 0.694444 0.166667
vt 0.666667 0.166667
vt 0.694444 0.250000
vt 0.694444 0.333333
vt 0.694444 0.416667
vt 0.722222 0.500000
vt 0.694444 0.500000
vt 0.722222 0.583333
vt 0.722222 0.666667
vt 0.722222 0.833333
vt 0.722222 1.000000
vt 0.694444 1.000000
vt 0.722222 0.000000
vt 0.694444 0.083333
vt 0.722222 0.166667
vt 0.722222 0.333333
vt 0.750000 0.500000
vt 0.750000 0.666667
vt 0.722222 0.750000
vt 0.750000 0.750000
vt 0.750000 0.833333
vt 0.722222 0.916667
vt 0.750000 0.916667
vt 0.750000 0.000000
vt 0.722222 0.083333
vt 0.750000 0.083333
vt 0.750000 0.250000
vt 0.722222 0.250000
vt 0.750000 0.333333
vt 0.722222 0.416667
vt 0.750000 0.416667
vt 0.777778 0.583333
vt 0.750000 0.583333
vt 0.777778 0.666667
vt 0.777778 0.750000
vt 0.777778 0.833333
vt 0.777778 0.916667
vt 0.750000 1.000000
vt 0.777778 0.000000
vt 0.777778 0.083333
vt 0.750000 0.166667
vt 0.777778 0.166667
vt 0.777778 0.333333
vt 0.777778 0.416667
vt 0.805556 0.500000
vt 0.777778 0.500000
vt 0.805556 0.666667
vt 0.805556 0.750000
vt 0.805556 0.833333
vt 0.805556 1.000000
vt 0.777778 1.000000
vt 0.805556 0.000000
vt 0.805556 0.166667
vt 0.805556 0.250000
vt 0.777778 0.250000
vt 0.805556 0.333333
vt 0.833333 0.500000
vt 0.805556 0.583333
vt 0.833333 0.583333
vt 0.833333 0.666667
vt 0.833333 0.750000
vt 0.833333 0.916667
vt 0.805556 0.916667
vt 0.833333 0.000000
vt 0.805556 0.083333
vt 0.833333 0.083333
vt 0.833333 0.250000
vt 0.833333 0.333333
vt 0.833333 0.416667
vt 0.805556 0.416667
vt 0.861111 0.583333
vt 0.861111 0.750000
vt 0.833333 0.833333
vt 0.861111 0.916667
vt 0.833333 1.000000
vt 0.861111 0.083333
vt 0.833333 0.166667
vt 0.861111 0.166667
vt 0.861111 0.250000
vt 0.861111 0.416667
vt 0.861111 0.500000
vt 0.888889 0.583333
vt 0.861111 0.666667
vt 0.888889 0.666667
vt 0.888889 0.750000
vt 0.861111 0.833333
vt 0.888889 0.916667
vt 0.861111 1.000000
vt 0.861111 0.000000
vt 0.888889 0.083333
vt 0.888889 0.166667
vt 0.888889 0.250000
vt 0.861111 0.333333
vt 0.888889 0.416667
vt 0.888889 0.500000
vt 0.916667 0.583333
vt 0.916667 0.666667
vt 0.916667 0.833333
vt 0.888889 0.833333
vt 0.916667 1.000000
vt 0.888889 1.000000
vt 0.916667 0.000000
vt 0.888889 0.000000
vt 0.916667 0.166667
vt 0.916667 0.250000
vt 0.888889 0.333333
vt 0.916667 0.416667
vt 0.916667 0.500000
vt 0.944444 0.583333
vt 0.944444 0.666667
vt 0.916667 0.750000
vt 0.944444 0.833333
vt 0.916667 0.916667
vt 0.944444 0.916667
vt 0.944444 0.083333
vt 0.916667 0.083333
vt 0.944444 0.166667
vt 0.944444 0.250000
vt 0.916667 0.333333
vt 0.944444 0.416667
vt 0.944444 0.500000
vt 0.972222 0.583333
vt 0.972222 0.750000
vt 0.944444 0.750000
vt 0.972222 0.916667
vt 0.944444 1.000000
vt 0.972222 0.000000
vt 0.944444 0.000000
vt 0.972222 0.083333
vt 0.972222 0.250000
vt 0.944444 0.333333
vt 0.972222 0.416667
vt 0.972222 0.500000
vt 1.000000 0.583333
vt 0.972222 0.666667
vt 1.000000 0.666667
vt 1.000000 0.833333
vt 0.972222 0.833333
vt 1.000000 0.916667
vt 0.972222 1.000000
vt 1.000000 0.000000
vt 1.000000 0.083333
vt 0.972222 0.166667
vt 1.000000 0.166667
vt 1.000000 0.250000
vt 0.972222 0.333333
vt 1.000000 0.416667
vt 0.027778 0.500000
vt 0.000000 0.583333
vt 0.000000 0.500000
vt 0.027778 0.583333
vt 0.000000 0.666667
vt 0.027778 0.666667
vt 0.000000 0.750000
vt 0.027778 0.750000
vt 0.000000 0.833333
vt 0.027778 0.833333
vt 0.000000 0.916667
vt 0.027778 0.916667
vt 0.000000 1.000000
vt 0.000000 0.000000
vt 0.027778 0.083333
vt 0.000000 0.083333
vt 0.000000 0.166667
vt 0.027778 0.166667
vt 0.000000 0.250000
vt 0.027778 0.333333
vt 0.000000 0.333333
vt 0.027778 0.416667
vt 0.000000 0.416667
vt 0.055556 0.500000
vt 0.055556 0.666667
vt 0.055556 0.750000
vt 0.055556 0.833333
vt 0.055556 0.916667
vt 0.027778 1.000000
vt 0.055556 0.000000
vt 0.027778 0.000000
vt 0.055556 0.083333
vt 0.055556 0.250000
vt 0.027778 0.250000
vt 0.055556 0.333333
vt 0.083333 0.500000
vt 0.055556 0.583333
vt 0.083333 0.583333
vt 0.083333 0.750000
vt 0.083333 0.916667
vt 0.055556 1.000000
vt 0.083333 0.000000
vt 0.083333 0.083333
vt 0.055556 0.166667
vt 0.083333 0.250000
vt 0.083333 0.416667
vt 0.055556 0.416667
vt 0.111111 0.500000
vt 0.111111 0.583333
vt 0.083333 0.666667
vt 0.111111 0.750000
vt 0.083333 0.833333
vt 0.111111 0.916667
vt 0.083333 1.000000
vt 0.111111 0.083333
vt 0.083333 0.166667
vt 0.111111 0.166667
vt 0.111111 0.250000
vt 0.083333 0.333333
vt 0.111111 0.333333
vt 0.138889 0.500000
vt 0.138889 0.666667
vt 0.111111 0.666667
vt 0.138889 0.750000
vt 0.111111 0.833333
vt 0.138889 0.833333
vt 0.138889 1.000000
vt 0.111111 1.000000
vt 0.138889 0.000000
vt 0.111111 0.000000
vt 0.138889 0.166667
vt 0.138889 0.250000
vt 0.138889 0.333333
vt 0.111111 0.416667
vt 0.166667 0.500000
vt 0.138889 0.583333
vt 0.166667 0.666667
vt 0.166667 0.750000
vt 0.166667 0.833333
vt 0.138889 0.916667
vt 0.166667 1.000000
vt 0.166667 0.000000
vt 0.138889 0.083333
vt 0.166667 0.166667
vt 0.166667 0.333333
vt 0.138889 0.416667
vt 0.194444 0.583333
vt 0.166667 0.583333
vt 0.194444 0.666667
vt 0.194444 0.750000
vt 0.194444 0.833333
vt 0.166667 0.916667
vt 0.194444 0.916667
vt 0.194444 0.000000
vt 0.166667 0.083333
vt 0.194444 0.166667
vt 0.166667 0.250000
vt 0.194444 0.250000
vt 0.194444 0.333333
vt 0.166667 0.416667
vt 0.194444 0.416667
vt 0.222222 0.500000
vt 0.194444 0.500000
vt 0.222222 0.583333
vt 0.222222 0.666667
vt 0.222222 0.833333
vt 0.222222 0.916667
vt 0.194444 1.000000
vt 0.222222 0.000000
vt 0.194444 0.083333
vt 0.222222 0.083333
vt 0.222222 0.166667
vt 0.222222 0.250000
vt 0.222222 0.333333
vt 0.250000 0.583333
vt 0.250000 0.666667
vt 0.222222 0.750000
vt 0.250000 0.750000
vt 0.250000 0.833333
vt 0.250000 0.916667
vt 0.222222 1.000000
vt 0.250000 0.000000
vt 0.250000 0.083333
vt 0.250000 0.166667
vt 0.250000 0.250000
vt 0.250000 0.333333
vt 0.222222 0.416667
vt 0.250000 0.416667
vt 0.277778 0.500000
vt 0.250000 0.500000
vt 0.277778 0.583333
vt 0.277778 0.750000
vt 0.277778 0.833333
vt 0.277778 0.916667
vt 0.250000 1.000000
vt 0.277778 0.000000
vt 0.277778 0.083333
vt 0.277778 0.166667
vt 0.277778 0.250000
vt 0.277778 0.416667
vt 0.305556 0.500000
vt 0.305556 0.583333
vt 0.277778 0.666667
vt 0.305556 0.750000
vt 0.305556 0.916667
vt 0.305556 1.000000
vt 0.277778 1.000000
vt 0.305556 0.000000
vt 0.305556 0.083333
vt 0.305556 0.250000
vt 0.277778 0.333333
vt 0.305556 0.333333
vt 0.333333 0.500000
vt 0.333333 0.666667
vt 0.305556 0.666667
vt 0.333333 0.750000
vt 0.333333 0.833333
vt 0.305556 0.833333
vt 0.333333 0.916667
vt 0.333333 0.000000
vt 0.333333 0.083333
vt 0.305556 0.166667
vt 0.333333 0.166667
vt 0.333333 0.250000
vt 0.333333 0.333333
vt 0.305556 0.416667
vt 0.361111 0.500000
vt 0.333333 0.583333
vt 0.361111 0.583333
vt 0.361111 0.666667
vt 0.361111 0.833333
vt 0.361111 0.916667
vt 0.333333 1.000000
vt 0.361111 0.000000
vt 0.361111 0.166667
vt 0.361111 0.250000
vt 0.361111 0.416667
vt 0.333333 0.416667
vt 0.388889 0.500000
vt 0.388889 0.583333
vt 0.388889 0.666667
vt 0.361111 0.750000
vt 0.388889 0.833333
vt 0.388889 0.916667
vt 0.361111 1.000000
vt 0.388889 0.083333
vt 0.361111 0.083333
vt 0.388889 0.166667
vt 0.388889 0.333333
vt 0.361111 0.333333
vt 0.416667 0.500000
vt 0.416667 0.666667
vt 0.416667 0.750000
vt 0.388889 0.750000
vt 0.416667 0.833333
vt 0.416667 0.916667
vt 0.388889 1.000000
vt 0.388889 0.000000
vt 0.416667 0.083333
vt 0.416667 0.166667
vt 0.416667 0.250000
vt 0.388889 0.250000
vt 0.416667 0.416667
vt 0.388889 0.416667
vt 0.444444 0.500000
vt 0.416667 0.583333
vt 0.444444 0.666667
vt 0.444444 0.750000
vt 0.444444 0.833333
vt 0.444444 0.916667
vt 0.416667 1.000000
vt 0.416667 0.000000
vt 0.444444 0.083333
vt 0.444444 0.166667
vt 0.444444 0.250000
vt 0.416667 0.333333
vt 0.444444 0.333333
vt 0.472222 0.500000
vt 0.444444 0.583333
vt 0.472222 0.583333
vt 0.472222 0.666667
vt 0.472222 0.833333
vt 0.472222 0.916667
vt 0.444444 1.000000
vt 0.444444 0.000000
vt 0.472222 0.083333
vt 0.472222 0.166667
vt 0.472222 0.333333
vt 0.472222 0.416667
vt 0.444444 0.416667
vt 0.472222 0.750000
vt 0.472222 1.000000
vt 0.472222 0.000000
vt 0.472222 0.250000
vt 1.000000 0.500000
vt 1.000000 0.750000
vt 1.000000 1.000000
vt 1.000000 0.333333
s 0
f 2503/1132/1410 2492/1133/1410 2491/1134/1410
f 2504/1135/1411 2493/1136/1411 2492/1133/1411
f 2505/1137/1412 2494/1138/1412 2493/1136/1412
f 2506/1139/1413 2495/1140/1413 2494/1138/1413
f 2507/1141/1414 2496/1142/1414 2495/1140/1414
f 2508/1143/1415 2497/1144/1415 2496/1142/1415
f 2509/1145/1416 2498/1146/1416 2497/1147/1416
f 2510/1148/1417 2499/1149/1417 2498/1146/1417
f 2511/1150/1418 2500/1151/1418 2499/1149/1418
f 2500/1151/1419 2513/1152/1419 2501/1153/1419
f 2501/1153/1420 2514/1154/1420 2502/1155/1420
f 2502/1155/1421 2503/1132/1421 2491/1134/1421
f 2515/1156/1422 2504/1135/1422 2503/1132/1422
f 2516/1157/1423 2505/1137/1423 2504/1135/1423
f 2505/1137/1424 2518/1158/1424 2506/1139/1424
f 2518/1158/1425 2507/1141/1425 2506/1139/1425
f 2519/1159/1426 2508/1143/1426 2507/1141/1426
f 2508/1143/1427 2521/1160/1427 2509/1161/1427
f 2521/1162/1428 2510/1148/1428 2509/1145/1428
f 2522/1163/1429 2511/1150/1429 2510/1148/1429
f 2511/1150/1430 2524/1164/1430 2512/1165/1430
f 2524/1164/1431 2513/1152/1431 2512/1165/1431
f 2513/1152/1432 2526/1166/1432 2514/1154/1432
f 2514/1154/1433 2515/1156/1433 2503/1132/1433
f 2515/1156/1434 2528/1167/1434 2516/1157/1434
f 2528/1167/1435 2517/1168/1435 2516/1157/1435
f 2529/1169/1436 2518/1158/1436 2517/1168/1436
f 2518/1158/1437 2531/1170/1437 2519/1159/1437
f 2519/1159/1438 2532/1171/1438 2520/1172/1438
f 2532/1171/1439 2521/1160/1439 2520/1172/1439
f 2533/1173/1440 2522/1163/1440 2521/1162/1440
f 2534/1174/1441 2523/1175/1441 2522/1163/1441
f 2535/1176/1442 2524/1164/1442 2523/1175/1442
f 2536/1177/1443 2525/1178/1443 2524/1164/1443
f 2525/1178/1444 2538/1179/1444 2526/1166/1444
f 2538/1179/1445 2515/1156/1445 2526/1166/1445
f 2527/1180/1446 2540/1181/1446 2528/1167/1446
f 2540/1181/1447 2529/1169/1447 2528/1167/1447
f 2529/1169/1448 2542/1182/1448 2530/1183/1448
f 2530/1183/1449 2543/1184/1449 2531/1170/1449
f 2531/1170/1450 2544/1185/1450 2532/1171/1450
f 2532/1171/1451 2545/1186/1451 2533/1187/1451
f 2545/1188/1452 2534/1174/1452 2533/1173/1452
f 2546/1189/1453 2535/1176/1453 2534/1174/1453
f 2547/1190/1454 2536/1177/1454 2535/1176/1454
f 2548/1191/1455 2537/1192/1455 2536/1177/1455
f 2537/1192/1456 2550/1193/1456 2538/1179/1456
f 2550/1193/1457 2527/1180/1457 2538/1179/1457
f 2551/1194/1458 2540/1181/1458 2539/1195/1458
f 2552/1196/1459 2541/1197/1459 2540/1181/1459
f 2541/1197/1460 2554/1198/1460 2542/1182/1460
f 2554/1198/1461 2543/1184/1461 2542/1182/1461
f 2555/1199/1462 2544/1185/1462 2543/1184/1462
f 2544/1185/1463 2557/1200/1463 2545/1186/1463
f 2557/1201/1464 2546/1189/1464 2545/1188/1464
f 2558/1202/1465 2547/1190/1465 2546/1189/1465
f 2547/1190/1466 2560/1203/1466 2548/1191/1466
f 2560/1203/1467 2549/1204/1467 2548/1191/1467
f 2549/1204/1468 2562/1205/1468 2550/1193/1468
f 2562/1205/1469 2539/1195/1469 2550/1193/1469
f 2551/1194/1470 2564/1206/1470 2552/1196/1470
f 2552/1196/1471 2565/1207/1471 2553/1208/1471
f 2565/1207/1472 2554/1198/1472 2553/1208/1472
f 2566/1209/1473 2555/1199/1473 2554/1198/1473
f 2555/1199/1474 2568/1210/1474 2556/1211/1474
f 2556/1211/1475 2569/1212/1475 2557/1200/1475
f 2569/1213/1476 2558/1202/1476 2557/1201/1476
f 2570/1214/1477 2559/1215/1477 2558/1202/1477
f 2559/1215/1478 2572/1216/1478 2560/1203/1478
f 2572/1216/1479 2561/1217/1479 2560/1203/1479
f 2573/1218/1480 2562/1205/1480 2561/1217/1480
f 2574/1219/1481 2551/1194/1481 2562/1205/1481
f 2563/1220/1482 2576/1221/1482 2564/1206/1482
f 2576/1221/1483 2565/1207/1483 2564/1206/1483
f 2577/1222/1484 2566/1209/1484 2565/1207/1484
f 2578/1223/1485 2567/1224/1485 2566/1209/1485
f 2579/1225/1486 2568/1210/1486 2567/1224/1486
f 2580/1226/1487 2569/1212/1487 2568/1210/1487
f 2581/1227/1488 2570/1214/1488 2569/1213/1488
f 2570/1214/1489 2583/1228/1489 2571/1229/1489
f 2571/1229/1490 2584/1230/1490 2572/1216/1490
f 2572/1216/1491 2585/1231/1491 2573/1218/1491
f 2573/1218/1492 2586/1232/1492 2574/1219/1492
f 2586/1232/1493 2563/1220/1493 2574/1219/1493
f 2587/1233/1494 2576/1221/1494 2575/1234/1494
f 2588/1235/1495 2577/1222/1495 2576/1221/1495
f 2589/1236/1496 2578/1223/1496 2577/1222/1496
f 2578/1223/1497 2591/1237/1497 2579/1225/1497
f 2591/1237/1498 2580/1226/1498 2579/1225/1498
f 2580/1226/1499 2593/1238/1499 2581/1239/1499
f 2593/1240/1500 2582/1241/1500 2581/1227/1500
f 2582/1241/1501 2595/1242/1501 2583/1228/1501
f 2595/1242/1502 2584/1230/1502 2583/1228/1502
f 2584/1230/1503 2597/1243/1503 2585/1231/1503
f 2597/1243/1504 2586/1232/1504 2585/1231/1504
f 2586/1232/1505 2587/1233/1505 2575/1234/1505
f 2599/1244/1506 2588/1235/1506 2587/1233/1506
f 2588/1235/1507 2601/1245/1507 2589/1236/1507
f 2601/1245/1508 2590/1246/1508 2589/1236/1508
f 2602/1247/1509 2591/1237/1509 2590/1246/1509
f 2603/1248/1510 2592/1249/1510 2591/1237/1510
f 2604/1250/1511 2593/1238/1511 2592/1249/1511
f 2605/1251/1512 2594/1252/1512 2593/1240/1512
f 2606/1253/1513 2595/1242/1513 2594/1252/1513
f 2595/1242/1514 2608/1254/1514 2596/1255/1514
f 2596/1255/1515 2609/1256/1515 2597/1243/1515
f 2609/1256/1516 2598/1257/1516 2597/1243/1516
f 2610/1258/1517 2587/1233/1517 2598/1257/1517
f 2599/1244/1518 2612/1259/1518 2600/1260/1518
f 2600/1260/1519 2613/1261/1519 2601/1245/1519
f 2613/1261/1520 2602/1247/1520 2601/1245/1520
f 2614/1262/1521 2603/1248/1521 2602/1247/1521
f 2615/1263/1522 2604/1250/1522 2603/1248/1522
f 2616/1264/1523 2605/1265/1523 2604/1250/1523
f 2617/1266/1524 2606/1253/1524 2605/1251/1524
f 2618/1267/1525 2607/1268/1525 2606/1253/1525
f 2619/1269/1526 2608/1254/1526 2607/1268/1526
f 2608/1254/1527 2621/1270/1527 2609/1256/1527
f 2621/1270/1528 2610/1258/1528 2609/1256/1528
f 2622/1271/1529 2599/1244/1529 2610/1258/1529
f 2623/1272/1530 2612/1259/1530 2611/1273/1530
f 2612/1259/1531 2625/1274/1531 2613/1261/1531
f 2625/1274/1532 2614/1262/1532 2613/1261/1532
f 2626/1275/1533 2615/1263/1533 2614/1262/1533
f 2627/1276/1534 2616/1264/1534 2615/1263/1534
f 2616/1264/1535 2629/1277/1535 2617/1278/1535
f 2629/1279/1536 2618/1267/1536 2617/1266/1536
f 2618/1267/1537 2631/1280/1537 2619/1269/1537
f 2619/1269/1538 2632/1281/1538 2620/1282/1538
f 2632/1281/1539 2621/1270/1539 2620/1282/1539
f 2633/1283/1540 2622/1271/1540 2621/1270/1540
f 2622/1271/1541 2623/1272/1541 2611/1273/1541
f 2635/1284/1542 2624/1285/1542 2623/1272/1542
f 2636/1286/1543 2625/1274/1543 2624/1285/1543
f 2637/1287/1544 2626/1275/1544 2625/1274/1544
f 2638/1288/1545 2627/1276/1545 2626/1275/1545
f 2627/1276/1546 2640/1289/1546 2628/1290/1546
f 2640/1289/1547 2629/1277/1547 2628/1290/1547
f 2641/1291/1548 2630/1292/1548 2629/1279/1548
f 2642/1293/1549 2631/1280/1549 2630/1292/1549
f 2631/1280/1550 2644/1294/1550 2632/1281/1550
f 2632/1281/1551 2645/1295/1551 2633/1283/1551
f 2633/1283/1552 2646/1296/1552 2634/1297/1552
f 2634/1297/1553 2635/1284/1553 2623/1272/1553
f 2635/1284/1554 2648/1298/1554 2636/1286/1554
f 2648/1298/1555 2637/1287/1555 2636/1286/1555
f 2637/1287/1556 2650/1299/1556 2638/1288/1556
f 2650/1299/1557 2639/1300/1557 2638/1288/1557
f 2639/1300/1558 2652/1301/1558 2640/1289/1558
f 2652/1301/1559 2641/1302/1559 2640/1289/1559
f 2641/1291/1560 2654/1303/1560 2642/1293/1560
f 2654/1303/1561 2643/1304/1561 2642/1293/1561
f 2655/1305/1562 2644/1294/1562 2643/1304/1562
f 2656/1306/1563 2645/1295/1563 2644/1294/1563
f 2645/1295/1564 2658/1307/1564 2646/1296/1564
f 2658/1307/1565 2635/1284/1565 2646/1296/1565
f 2647/1308/1566 2660/1309/1566 2648/1298/1566
f 2660/1309/1567 2649/1310/1567 2648/1298/1567
f 2661/1311/1568 2650/1299/1568 2649/1310/1568
f 2662/1312/1569 2651/1313/1569 2650/1299/1569
f 2651/1313/1570 2664/1314/1570 2652/1301/1570
f 2664/1314/1571 2653/1315/1571 2652/1301/1571
f 2653/1316/1572 2666/1317/1572 2654/1303/1572
f 2666/1317/1573 2655/1305/1573 2654/1303/1573
f 2667/1318/1574 2656/1306/1574 2655/1305/1574
f 2668/1319/1575 2657/1320/1575 2656/1306/1575
f 2657/1320/1576 2670/1321/1576 2658/1307/1576
f 2670/1321/1577 2647/1308/1577 2658/1307/1577
f 2659/1322/1578 2672/1323/1578 2660/1309/1578
f 2672/1323/1579 2661/1311/1579 2660/1309/1579
f 2673/1324/1580 2662/1312/1580 2661/1311/1580
f 2662/1312/1581 2675/1325/1581 2663/1326/1581
f 2675/1325/1582 2664/1314/1582 2663/1326/1582
f 2664/1314/1583 2677/1327/1583 2665/1328/1583
f 2677/1329/1584 2666/1317/1584 2665/1330/1584
f 2666/1317/1585 2679/1331/1585 2667/1318/1585
f 2679/1331/1586 2668/1319/1586 2667/1318/1586
f 2680/1332/1587 2669/1333/1587 2668/1319/1587
f 2669/1333/1588 2682/1334/1588 2670/1321/1588
f 2682/1334/1589 2659/1322/1589 2670/1321/1589
f 2671/1335/1590 2684/1336/1590 2672/1323/1590
f 2684/1336/1591 2673/1324/1591 2672/1323/1591
f 2685/1337/1592 2674/1338/1592 2673/1324/1592
f 2674/1338/1593 2687/1339/1593 2675/1325/1593
f 2687/1339/1594 2676/1340/1594 2675/1325/1594
f 2688/1341/1595 2677/1327/1595 2676/1340/1595
f 2677/1329/1596 2690/1342/1596 2678/1343/1596
f 2690/1342/1597 2679/1331/1597 2678/1343/1597
f 2691/1344/1598 2680/1332/1598 2679/1331/1598
f 2692/1345/1599 2681/1346/1599 2680/1332/1599
f 2681/1346/1600 2694/1347/1600 2682/1334/1600
f 2694/1347/1601 2671/1335/1601 2682/1334/1601
f 2683/1348/1602 2696/1349/1602 2684/1336/1602
f 2696/1349/1603 2685/1337/1603 2684/1336/1603
f 2685/1337/1604 2698/1350/1604 2686/1351/1604
f 2698/1350/1605 2687/1339/1605 2686/1351/1605
f 2687/1339/1606 2700/1352/1606 2688/1341/1606
f 2700/1352/1607 2689/1353/1607 2688/1341/1607
f 2701/1354/1608 2690/1342/1608 2689/1355/1608
f 2702/1356/1609 2691/1344/1609 2690/1342/1609
f 2691/1344/1610 2704/1357/1610 2692/1345/1610
f 2704/1357/1611 2693/1358/1611 2692/1345/1611
f 2693/1358/1612 2706/1359/1612 2694/1347/1612
f 2694/1347/1613 2695/1360/1613 2683/1348/1613
f 2695/1360/1614 2708/1361/1614 2696/1349/1614
f 2708/1361/1615 2697/1362/1615 2696/1349/1615
f 2709/1363/1616 2698/1350/1616 2697/1362/1616
f 2698/1350/1617 2711/1364/1617 2699/1365/1617
f 2711/1364/1618 2700/1352/1618 2699/1365/1618
f 2712/1366/1619 2701/1367/1619 2700/1352/1619
f 2713/1368/1620 2702/1356/1620 2701/1354/1620
f 2714/1369/1621 2703/1370/1621 2702/1356/1621
f 2715/1371/1622 2704/1357/1622 2703/1370/1622
f 2716/1372/1623 2705/1373/1623 2704/1357/1623
f 2705/1373/1624 2718/1374/1624 2706/1359/1624
f 2718/1374/1625 2695/1360/1625 2706/1359/1625
f 2719/1375/1415 2708/1376/1415 2707/1377/1415
f 2720/1378/1414 2709/1379/1414 2708/1376/1414
f 2721/1380/1413 2710/1381/1413 2709/1379/1413
f 2722/1382/1412 2711/1383/1412 2710/1381/1412
f 2723/1384/1411 2712/1385/1411 2711/1383/1411
f 2724/1386/1410 2713/1387/1410 2712/1385/1410
f 2713/1388/1421 2726/1389/1421 2714/1390/1421
f 2726/1389/1420 2715/1391/1420 2714/1390/1420
f 2727/1392/1419 2716/1393/1419 2715/1391/1419
f 2716/1393/1418 2729/1394/1418 2717/1395/1418
f 2717/1395/1417 2730/1396/1417 2718/1397/1417
f 2718/1397/1416 2719/1375/1416 2707/1377/1416
f 2731/1398/1427 2720/1378/1427 2719/1375/1427
f 2720/1378/1426 2733/1399/1426 2721/1380/1426
f 2733/1399/1425 2722/1382/1425 2721/1380/1425
f 2734/1400/1424 2723/1384/1424 2722/1382/1424
f 2735/1401/1423 2724/1386/1423 2723/1384/1423
f 2736/1402/1626 2725/1403/1626 2724/1386/1626
f 2737/1404/1627 2726/1389/1627 2725/1405/1627
f 2738/1406/1432 2727/1392/1432 2726/1389/1432
f 2727/1392/1431 2740/1407/1431 2728/1408/1431
f 2740/1407/1430 2729/1394/1430 2728/1408/1430
f 2741/1409/1429 2730/1396/1429 2729/1394/1429
f 2730/1396/1428 2731/1398/1428 2719/1375/1428
f 2743/1410/1439 2732/1411/1439 2731/1398/1439
f 2744/1412/1438 2733/1399/1438 2732/1411/1438
f 2733/1399/1437 2746/1413/1437 2734/1400/1437
f 2746/1413/1436 2735/1401/1436 2734/1400/1436
f 2735/1401/1435 2748/1414/1435 2736/1402/1435
f 2748/1414/1434 2737/1415/1434 2736/1402/1434
f 2749/1416/1445 2738/1406/1445 2737/1404/1445
f 2750/1417/1444 2739/1418/1444 2738/1406/1444
f 2739/1418/1443 2752/1419/1443 2740/1407/1443
f 2752/1419/1442 2741/1409/1442 2740/1407/1442
f 2741/1409/1441 2754/1420/1441 2742/1421/1441
f 2742/1421/1440 2743/1410/1440 2731/1398/1440
f 2755/1422/1451 2744/1412/1451 2743/1410/1451
f 2756/1423/1450 2745/1424/1450 2744/1412/1450
f 2745/1424/1449 2758/1425/1449 2746/1413/1449
f 2758/1425/1448 2747/1426/1448 2746/1413/1448
f 2747/1426/1447 2760/1427/1447 2748/1414/1447
f 2760/1427/1446 2749/1428/1446 2748/1414/1446
f 2749/1416/1457 2762/1429/1457 2750/1417/1457
f 2762/1429/1456 2751/1430/1456 2750/1417/1456
f 2763/1431/1455 2752/1419/1455 2751/1430/1455
f 2764/1432/1454 2753/1433/1454 2752/1419/1454
f 2765/1434/1453 2754/1420/1453 2753/1433/1453
f 2754/1420/1452 2755/1422/1452 2743/1410/1452
f 2767/1435/1463 2756/1423/1463 2755/1422/1463
f 2756/1423/1462 2769/1436/1462 2757/1437/1462
f 2769/1436/1461 2758/1425/1461 2757/1437/1461
f 2770/1438/1460 2759/1439/1460 2758/1425/1460
f 2771/1440/1459 2760/1427/1459 2759/1439/1459
f 2760/1427/1458 2773/1441/1458 2761/1442/1458
f 2773/1443/1469 2762/1429/1469 2761/1444/1469
f 2762/1429/1468 2775/1445/1468 2763/1431/1468
f 2763/1431/1467 2776/1446/1467 2764/1432/1467
f 2764/1432/1466 2777/1447/1466 2765/1434/1466
f 2777/1447/1465 2766/1448/1465 2765/1434/1465
f 2766/1448/1464 2767/1435/1464 2755/1422/1464
f 2779/1449/1475 2768/1450/1475 2767/1435/1475
f 2768/1450/1474 2781/1451/1474 2769/1436/1474
f 2781/1451/1473 2770/1438/1473 2769/1436/1473
f 2782/1452/1472 2771/1440/1472 2770/1438/1472
f 2783/1453/1471 2772/1454/1471 2771/1440/1471
f 2772/1454/1470 2785/1455/1470 2773/1441/1470
f 2785/1456/1481 2774/1457/1481 2773/1443/1481
f 2774/1457/1480 2787/1458/1480 2775/1445/1480
f 2787/1458/1479 2776/1446/1479 2775/1445/1479
f 2776/1446/1478 2789/1459/1478 2777/1447/1478
f 2789/1459/1477 2778/1460/1477 2777/1447/1477
f 2778/1460/1476 2779/1449/1476 2767/1435/1476
f 2779/1449/1487 2792/1461/1487 2780/1462/1487
f 2780/1462/1486 2793/1463/1486 2781/1451/1486
f 2781/1451/1485 2794/1464/1485 2782/1452/1485
f 2782/1452/1484 2795/1465/1484 2783/1453/1484
f 2795/1465/1483 2784/1466/1483 2783/1453/1483
f 2796/1467/1482 2785/1455/1482 2784/1466/1482
f 2797/1468/1493 2786/1469/1493 2785/1456/1493
f 2786/1469/1492 2799/1470/1492 2787/1458/1492
f 2799/1470/1491 2788/1471/1491 2787/1458/1491
f 2800/1472/1490 2789/1459/1490 2788/1471/1490
f 2801/1473/1489 2790/1474/1489 2789/1459/1489
f 2802/1475/1488 2779/1449/1488 2790/1474/1488
f 2803/1476/1628 2792/1461/1628 2791/1477/1628
f 2804/1478/1498 2793/1463/1498 2792/1461/1498
f 2805/1479/1497 2794/1464/1497 2793/1463/1497
f 2794/1464/1496 2807/1480/1496 2795/1465/1496
f 2807/1480/1495 2796/1467/1495 2795/1465/1495
f 2808/1481/1494 2797/1482/1494 2796/1467/1494
f 2809/1483/1505 2798/1484/1505 2797/1468/1505
f 2810/1485/1504 2799/1470/1504 2798/1484/1504
f 2811/1486/1503 2800/1472/1503 2799/1470/1503
f 2812/1487/1502 2801/1473/1502 2800/1472/1502
f 2813/1488/1501 2802/1475/1501 2801/1473/1501
f 2802/1475/1629 2803/1476/1629 2791/1477/1629
f 2803/1476/1511 2816/1489/1511 2804/1478/1511
f 2816/1489/1510 2805/1479/1510 2804/1478/1510
f 2817/1490/1509 2806/1491/1509 2805/1479/1509
f 2818/1492/1508 2807/1480/1508 2806/1491/1508
f 2819/1493/1507 2808/1481/1507 2807/1480/1507
f 2820/1494/1506 2809/1495/1506 2808/1481/1506
f 2821/1496/1517 2810/1485/1517 2809/1483/1517
f 2822/1497/1516 2811/1486/1516 2810/1485/1516
f 2823/1498/1515 2812/1487/1515 2811/1486/1515
f 2824/1499/1514 2813/1488/1514 2812/1487/1514
f 2825/1500/1513 2814/1501/1513 2813/1488/1513
f 2826/1502/1512 2803/1476/1512 2814/1501/1512
f 2827/1503/1523 2816/1489/1523 2815/1504/1523
f 2828/1505/1522 2817/1490/1522 2816/1489/1522
f 2817/1490/1521 2830/1506/1521 2818/1492/1521
f 2830/1506/1520 2819/1493/1520 2818/1492/1520
f 2831/1507/1519 2820/1494/1519 2819/1493/1519
f 2832/1508/1518 2821/1509/1518 2820/1494/1518
f 2833/1510/1529 2822/1497/1529 2821/1496/1529
f 2834/1511/1528 2823/1498/1528 2822/1497/1528
f 2835/1512/1527 2824/1499/1527 2823/1498/1527
f 2836/1513/1526 2825/1500/1526 2824/1499/1526
f 2825/1500/1525 2838/1514/1525 2826/1502/1525
f 2826/1502/1524 2827/1503/1524 2815/1504/1524
f 2839/1515/1535 2828/1505/1535 2827/1503/1535
f 2840/1516/1534 2829/1517/1534 2828/1505/1534
f 2829/1517/1533 2842/1518/1533 2830/1506/1533
f 2842/1518/1532 2831/1507/1532 2830/1506/1532
f 2831/1507/1531 2844/1519/1531 2832/1508/1531
f 2832/1508/1630 2845/1520/1630 2833/1521/1630
f 2845/1522/1541 2834/1511/1541 2833/1510/1541
f 2846/1523/1540 2835/1512/1540 2834/1511/1540
f 2835/1512/1539 2848/1524/1539 2836/1513/1539
f 2848/1524/1538 2837/1525/1538 2836/1513/1538
f 2849/1526/1537 2838/1514/1537 2837/1525/1537
f 2838/1514/1536 2839/1515/1536 2827/1503/1536
f 2851/1527/1547 2840/1516/1547 2839/1515/1547
f 2840/1516/1546 2853/1528/1546 2841/1529/1546
f 2841/1529/1545 2854/1530/1545 2842/1518/1545
f 2842/1518/1544 2855/1531/1544 2843/1532/1544
f 2843/1532/1543 2856/1533/1543 2844/1519/1543
f 2856/1533/1542 2845/1520/1542 2844/1519/1542
f 2857/1534/1553 2846/1523/1553 2845/1522/1553
f 2858/1535/1552 2847/1536/1552 2846/1523/1552
f 2859/1537/1551 2848/1524/1551 2847/1536/1551
f 2860/1538/1550 2849/1526/1550 2848/1524/1550
f 2861/1539/1549 2850/1540/1549 2849/1526/1549
f 2850/1540/1631 2851/1527/1631 2839/1515/1631
f 2863/1541/1559 2852/1542/1559 2851/1527/1559
f 2864/1543/1558 2853/1528/1558 2852/1542/1558
f 2865/1544/1557 2854/1530/1557 2853/1528/1557
f 2854/1530/1556 2867/1545/1556 2855/1531/1556
f 2867/1545/1555 2856/1533/1555 2855/1531/1555
f 2868/1546/1554 2857/1547/1554 2856/1533/1554
f 2869/1548/1565 2858/1535/1565 2857/1534/1565
f 2858/1535/1564 2871/1549/1564 2859/1537/1564
f 2871/1549/1563 2860/1538/1563 2859/1537/1563
f 2872/1550/1562 2861/1539/1562 2860/1538/1562
f 2861/1539/1561 2874/1551/1561 2862/1552/1561
f 2862/1552/1560 2863/1541/1560 2851/1527/1560
f 2875/1553/1571 2864/1543/1571 2863/1541/1571
f 2876/1554/1570 2865/1544/1570 2864/1543/1570
f 2877/1555/1569 2866/1556/1569 2865/1544/1569
f 2866/1556/1568 2879/1557/1568 2867/1545/1568
f 2879/1557/1567 2868/1546/1567 2867/1545/1567
f 2880/1558/1566 2869/1559/1566 2868/1546/1566
f 2869/1548/1577 2882/1560/1577 2870/1561/1577
f 2882/1560/1576 2871/1549/1576 2870/1561/1576
f 2883/1562/1575 2872/1550/1575 2871/1549/1575
f 2872/1550/1574 2885/1563/1574 2873/1564/1574
f 2885/1563/1573 2874/1551/1573 2873/1564/1573
f 2874/1551/1572 2875/1553/1572 2863/1541/1572
f 2887/1565/1583 2876/1554/1583 2875/1553/1583
f 2876/1554/1582 2889/1566/1582 2877/1555/1582
f 2877/1555/1581 2890/1567/1581 2878/1568/1581
f 2890/1567/1580 2879/1557/1580 2878/1568/1580
f 2891/1569/1579 2880/1558/1579 2879/1557/1579
f 2892/1570/1578 2881/1571/1578 2880/1558/1578
f 2881/1572/1589 2894/1573/1589 2882/1560/1589
f 2882/1560/1588 2895/1574/1588 2883/1562/1588
f 2883/1562/1587 2896/1575/1587 2884/1576/1587
f 2896/1575/1586 2885/1563/1586 2884/1576/1586
f 2885/1563/1585 2898/1577/1585 2886/1578/1585
f 2886/1578/1584 2887/1565/1584 2875/1553/1584
f 2899/1579/1595 2888/1580/1595 2887/1565/1595
f 2888/1580/1594 2901/1581/1594 2889/1566/1594
f 2889/1566/1593 2902/1582/1593 2890/1567/1593
f 2902/1582/1592 2891/1569/1592 2890/1567/1592
f 2903/1583/1591 2892/1570/1591 2891/1569/1591
f 2904/1584/1590 2893/1585/1590 2892/1570/1590
f 2893/1586/1601 2906/1587/1601 2894/1573/1601
f 2894/1573/1600 2907/1588/1600 2895/1574/1600
f 2895/1574/1599 2908/1589/1599 2896/1575/1599
f 2908/1589/1598 2897/1590/1598 2896/1575/1598
f 2909/1591/1597 2898/1577/1597 2897/1590/1597
f 2898/1577/1596 2899/1579/1596 2887/1565/1596
f 2911/1592/1632 2900/1593/1632 2899/1579/1632
f 2912/1594/1606 2901/1581/1606 2900/1593/1606
f 2913/1595/1605 2902/1582/1605 2901/1581/1605
f 2902/1582/1604 2915/1596/1604 2903/1583/1604
f 2915/1596/1603 2904/1584/1603 2903/1583/1603
f 2916/1597/1633 2905/1598/1633 2904/1584/1633
f 2905/1599/1613 2918/1600/1613 2906/1587/1613
f 2906/1587/1612 2919/1601/1612 2907/1588/1612
f 2919/1601/1611 2908/1589/1611 2907/1588/1611
f 2908/1589/1610 2921/1602/1610 2909/1591/1610
f 2909/1591/1609 2922/1603/1609 2910/1604/1609
f 2910/1604/1608 2911/1592/1608 2899/1579/1608
f 2911/1592/1619 2492/1133/1619 2912/1594/1619
f 2912/1594/1618 2493/1136/1618 2913/1595/1618
f 2493/1136/1617 2914/1605/1617 2913/1595/1617
f 2494/1138/1616 2915/1596/1616 2914/1605/1616
f 2495/1140/1615 2916/1597/1615 2915/1596/1615
f 2916/1597/1614 2497/1144/1614 2917/1606/1614
f 2497/1147/1625 2918/1600/1625 2917/1607/1625
f 2918/1600/1624 2499/1149/1624 2919/1601/1624
f 2919/1601/1623 2500/1151/1623 2920/1608/1623
f 2500/1151/1622 2921/1602/1622 2920/1608/1622
f 2501/1153/1621 2922/1603/1621 2921/1602/1621
f 2502/1155/1620 2911/1592/1620 2922/1603/1620
f 2503/1132/1410 2504/1135/1410 2492/1133/1410
f 2504/1135/1411 2505/1137/1411 2493/1136/1411
f 2505/1137/1412 2506/1139/1412 2494/1138/1412
f 2506/1139/1413 2507/1141/1413 2495/1140/1413
f 2507/1141/1414 2508/1143/1414 2496/1142/1414
f 2508/1143/1415 2509/1161/1415 2497/1144/1415
f 2509/1145/1416 2510/1148/1416 2498/1146/1416
f 2510/1148/1417 2511/1150/1417 2499/1149/1417
f 2511/1150/1418 2512/1165/1418 2500/1151/1418
f 2500/1151/1419 2512/1165/1419 2513/1152/1419
f 2501/1153/1420 2513/1152/1420 2514/1154/1420
f 2502/1155/1421 2514/1154/1421 2503/1132/1421
f 2515/1156/1626 2516/1157/1626 2504/1135/1626
f 2516/1157/1423 2517/1168/1423 2505/1137/1423
f 2505/1137/1424 2517/1168/1424 2518/1158/1424
f 2518/1158/1425 2519/1159/1425 2507/1141/1425
f 2519/1159/1426 2520/1172/1426 2508/1143/1426
f 2508/1143/1427 2520/1172/1427 2521/1160/1427
f 2521/1162/1428 2522/1163/1428 2510/1148/1428
f 2522/1163/1429 2523/1175/1429 2511/1150/1429
f 2511/1150/1430 2523/1175/1430 2524/1164/1430
f 2524/1164/1431 2525/1178/1431 2513/1152/1431
f 2513/1152/1432 2525/1178/1432 2526/1166/1432
f 2514/1154/1627 2526/1166/1627 2515/1156/1627
f 2515/1156/1434 2527/1180/1434 2528/1167/1434
f 2528/1167/1435 2529/1169/1435 2517/1168/1435
f 2529/1169/1436 2530/1183/1436 2518/1158/1436
f 2518/1158/1437 2530/1183/1437 2531/1170/1437
f 2519/1159/1438 2531/1170/1438 2532/1171/1438
f 2532/1171/1439 2533/1187/1439 2521/1160/1439
f 2533/1173/1440 2534/1174/1440 2522/1163/1440
f 2534/1174/1441 2535/1176/1441 2523/1175/1441
f 2535/1176/1442 2536/1177/1442 2524/1164/1442
f 2536/1177/1443 2537/1192/1443 2525/1178/1443
f 2525/1178/1444 2537/1192/1444 2538/1179/1444
f 2538/1179/1445 2527/1180/1445 2515/1156/1445
f 2527/1180/1446 2539/1195/1446 2540/1181/1446
f 2540/1181/1447 2541/1197/1447 2529/1169/1447
f 2529/1169/1448 2541/1197/1448 2542/1182/1448
f 2530/1183/1449 2542/1182/1449 2543/1184/1449
f 2531/1170/1450 2543/1184/1450 2544/1185/1450
f 2532/1171/1451 2544/1185/1451 2545/1186/1451
f 2545/1188/1452 2546/1189/1452 2534/1174/1452
f 2546/1189/1453 2547/1190/1453 2535/1176/1453
f 2547/1190/1454 2548/1191/1454 2536/1177/1454
f 2548/1191/1455 2549/1204/1455 2537/1192/1455
f 2537/1192/1456 2549/1204/1456 2550/1193/1456
f 2550/1193/1457 2539/1195/1457 2527/1180/1457
f 2551/1194/1458 2552/1196/1458 2540/1181/1458
f 2552/1196/1459 2553/1208/1459 2541/1197/1459
f 2541/1197/1460 2553/1208/1460 2554/1198/1460
f 2554/1198/1461 2555/1199/1461 2543/1184/1461
f 2555/1199/1462 2556/1211/1462 2544/1185/1462
f 2544/1185/1463 2556/1211/1463 2557/1200/1463
f 2557/1201/1464 2558/1202/1464 2546/1189/1464
f 2558/1202/1465 2559/1215/1465 2547/1190/1465
f 2547/1190/1466 2559/1215/1466 2560/1203/1466
f 2560/1203/1467 2561/1217/1467 2549/1204/1467
f 2549/1204/1468 2561/1217/1468 2562/1205/1468
f 2562/1205/1469 2551/1194/1469 2539/1195/1469
f 2551/1194/1470 2563/1220/1470 2564/1206/1470
f 2552/1196/1471 2564/1206/1471 2565/1207/1471
f 2565/1207/1472 2566/1209/1472 2554/1198/1472
f 2566/1209/1473 2567/1224/1473 2555/1199/1473
f 2555/1199/1474 2567/1224/1474 2568/1210/1474
f 2556/1211/1475 2568/1210/1475 2569/1212/1475
f 2569/1213/1476 2570/1214/1476 2558/1202/1476
f 2570/1214/1477 2571/1229/1477 2559/1215/1477
f 2559/1215/1478 2571/1229/1478 2572/1216/1478
f 2572/1216/1479 2573/1218/1479 2561/1217/1479
f 2573/1218/1480 2574/1219/1480 2562/1205/1480
f 2574/1219/1481 2563/1220/1481 2551/1194/1481
f 2563/1220/1482 2575/1234/1482 2576/1221/1482
f 2576/1221/1483 2577/1222/1483 2565/1207/1483
f 2577/1222/1484 2578/1223/1484 2566/1209/1484
f 2578/1223/1485 2579/1225/1485 2567/1224/1485
f 2579/1225/1486 2580/1226/1486 2568/1210/1486
f 2580/1226/1487 2581/1239/1487 2569/1212/1487
f 2581/1227/1488 2582/1241/1488 2570/1214/1488
f 2570/1214/1489 2582/1241/1489 2583/1228/1489
f 2571/1229/1490 2583/1228/1490 2584/1230/1490
f 2572/1216/1491 2584/1230/1491 2585/1231/1491
f 2573/1218/1492 2585/1231/1492 2586/1232/1492
f 2586/1232/1493 2575/1234/1493 2563/1220/1493
f 2587/1233/1634 2588/1235/1634 2576/1221/1634
f 2588/1235/1495 2589/1236/1495 2577/1222/1495
f 2589/1236/1496 2590/1246/1496 2578/1223/1496
f 2578/1223/1497 2590/1246/1497 2591/1237/1497
f 2591/1237/1498 2592/1249/1498 2580/1226/1498
f 2580/1226/1628 2592/1249/1628 2593/1238/1628
f 2593/1240/1629 2594/1252/1629 2582/1241/1629
f 2582/1241/1501 2594/1252/1501 2595/1242/1501
f 2595/1242/1502 2596/1255/1502 2584/1230/1502
f 2584/1230/1503 2596/1255/1503 2597/1243/1503
f 2597/1243/1504 2598/1257/1504 2586/1232/1504
f 2586/1232/1635 2598/1257/1635 2587/1233/1635
f 2599/1244/1506 2600/1260/1506 2588/1235/1506
f 2588/1235/1507 2600/1260/1507 2601/1245/1507
f 2601/1245/1508 2602/1247/1508 2590/1246/1508
f 2602/1247/1509 2603/1248/1509 2591/1237/1509
f 2603/1248/1510 2604/1250/1510 2592/1249/1510
f 2604/1250/1511 2605/1265/1511 2593/1238/1511
f 2605/1251/1512 2606/1253/1512 2594/1252/1512
f 2606/1253/1513 2607/1268/1513 2595/1242/1513
f 2595/1242/1514 2607/1268/1514 2608/1254/1514
f 2596/1255/1515 2608/1254/1515 2609/1256/1515
f 2609/1256/1516 2610/1258/1516 2598/1257/1516
f 2610/1258/1517 2599/1244/1517 2587/1233/1517
f 2599/1244/1518 2611/1273/1518 2612/1259/1518
f 2600/1260/1519 2612/1259/1519 2613/1261/1519
f 2613/1261/1520 2614/1262/1520 2602/1247/1520
f 2614/1262/1521 2615/1263/1521 2603/1248/1521
f 2615/1263/1522 2616/1264/1522 2604/1250/1522
f 2616/1264/1523 2617/1278/1523 2605/1265/1523
f 2617/1266/1524 2618/1267/1524 2606/1253/1524
f 2618/1267/1525 2619/1269/1525 2607/1268/1525
f 2619/1269/1526 2620/1282/1526 2608/1254/1526
f 2608/1254/1527 2620/1282/1527 2621/1270/1527
f 2621/1270/1528 2622/1271/1528 2610/1258/1528
f 2622/1271/1529 2611/1273/1529 2599/1244/1529
f 2623/1272/1630 2624/1285/1630 2612/1259/1630
f 2612/1259/1531 2624/1285/1531 2625/1274/1531
f 2625/1274/1532 2626/1275/1532 2614/1262/1532
f 2626/1275/1533 2627/1276/1533 2615/1263/1533
f 2627/1276/1534 2628/1290/1534 2616/1264/1534
f 2616/1264/1535 2628/1290/1535 2629/1277/1535
f 2629/1279/1536 2630/1292/1536 2618/1267/1536
f 2618/1267/1537 2630/1292/1537 2631/1280/1537
f 2619/1269/1538 2631/1280/1538 2632/1281/1538
f 2632/1281/1539 2633/1283/1539 2621/1270/1539
f 2633/1283/1540 2634/1297/1540 2622/1271/1540
f 2622/1271/1636 2634/1297/1636 2623/1272/1636
f 2635/1284/1542 2636/1286/1542 2624/1285/1542
f 2636/1286/1543 2637/1287/1543 2625/1274/1543
f 2637/1287/1544 2638/1288/1544 2626/1275/1544
f 2638/1288/1545 2639/1300/1545 2627/1276/1545
f 2627/1276/1546 2639/1300/1546 2640/1289/1546
f 2640/1289/1547 2641/1302/1547 2629/1277/1547
f 2641/1291/1631 2642/1293/1631 2630/1292/1631
f 2642/1293/1549 2643/1304/1549 2631/1280/1549
f 2631/1280/1550 2643/1304/1550 2644/1294/1550
f 2632/1281/1551 2644/1294/1551 2645/1295/1551
f 2633/1283/1552 2645/1295/1552 2646/1296/1552
f 2634/1297/1553 2646/1296/1553 2635/1284/1553
f 2635/1284/1554 2647/1308/1554 2648/1298/1554
f 2648/1298/1555 2649/1310/1555 2637/1287/1555
f 2637/1287/1556 2649/1310/1556 2650/1299/1556
f 2650/1299/1557 2651/1313/1557 2639/1300/1557
f 2639/1300/1558 2651/1313/1558 2652/1301/1558
f 2652/1301/1559 2653/1315/1559 2641/1302/1559
f 2641/1291/1560 2653/1316/1560 2654/1303/1560
f 2654/1303/1561 2655/1305/1561 2643/1304/1561
f 2655/1305/1562 2656/1306/1562 2644/1294/1562
f 2656/1306/1563 2657/1320/1563 2645/1295/1563
f 2645/1295/1564 2657/1320/1564 2658/1307/1564
f 2658/1307/1565 2647/1308/1565 2635/1284/1565
f 2647/1308/1566 2659/1322/1566 2660/1309/1566
f 2660/1309/1567 2661/1311/1567 2649/1310/1567
f 2661/1311/1568 2662/1312/1568 2650/1299/1568
f 2662/1312/1569 2663/1326/1569 2651/1313/1569
f 2651/1313/1570 2663/1326/1570 2664/1314/1570
f 2664/1314/1571 2665/1328/1571 2653/1315/1571
f 2653/1316/1572 2665/1330/1572 2666/1317/1572
f 2666/1317/1573 2667/1318/1573 2655/1305/1573
f 2667/1318/1574 2668/1319/1574 2656/1306/1574
f 2668/1319/1575 2669/1333/1575 2657/1320/1575
f 2657/1320/1576 2669/1333/1576 2670/1321/1576
f 2670/1321/1577 2659/1322/1577 2647/1308/1577
f 2659/1322/1578 2671/1335/1578 2672/1323/1578
f 2672/1323/1579 2673/1324/1579 2661/1311/1579
f 2673/1324/1580 2674/1338/1580 2662/1312/1580
f 2662/1312/1581 2674/1338/1581 2675/1325/1581
f 2675/1325/1582 2676/1340/1582 2664/1314/1582
f 2664/1314/1583 2676/1340/1583 2677/1327/1583
f 2677/1329/1584 2678/1343/1584 2666/1317/1584
f 2666/1317/1585 2678/1343/1585 2679/1331/1585
f 2679/1331/1586 2680/1332/1586 2668/1319/1586
f 2680/1332/1587 2681/1346/1587 2669/1333/1587
f 2669/1333/1588 2681/1346/1588 2682/1334/1588
f 2682/1334/1589 2671/1335/1589 2659/1322/1589
f 2671/1335/1590 2683/1348/1590 2684/1336/1590
f 2684/1336/1591 2685/1337/1591 2673/1324/1591
f 2685/1337/1592 2686/1351/1592 2674/1338/1592
f 2674/1338/1593 2686/1351/1593 2687/1339/1593
f 2687/1339/1594 2688/1341/1594 2676/1340/1594
f 2688/1341/1595 2689/1353/1595 2677/1327/1595
f 2677/1329/1596 2689/1355/1596 2690/1342/1596
f 2690/1342/1597 2691/1344/1597 2679/1331/1597
f 2691/1344/1598 2692/1345/1598 2680/1332/1598
f 2692/1345/1599 2693/1358/1599 2681/1346/1599
f 2681/1346/1600 2693/1358/1600 2694/1347/1600
f 2694/1347/1601 2683/1348/1601 2671/1335/1601
f 2683/1348/1633 2695/1360/1633 2696/1349/1633
f 2696/1349/1603 2697/1362/1603 2685/1337/1603
f 2685/1337/1604 2697/1362/1604 2698/1350/1604
f 2698/1350/1605 2699/1365/1605 2687/1339/1605
f 2687/1339/1606 2699/1365/1606 2700/1352/1606
f 2700/1352/1632 2701/1367/1632 2689/1353/1632
f 2701/1354/1608 2702/1356/1608 2690/1342/1608
f 2702/1356/1609 2703/1370/1609 2691/1344/1609
f 2691/1344/1610 2703/1370/1610 2704/1357/1610
f 2704/1357/1611 2705/1373/1611 2693/1358/1611
f 2693/1358/1612 2705/1373/1612 2706/1359/1612
f 2694/1347/1613 2706/1359/1613 2695/1360/1613
f 2695/1360/1614 2707/1609/1614 2708/1361/1614
f 2708/1361/1615 2709/1363/1615 2697/1362/1615
f 2709/1363/1616 2710/1610/1616 2698/1350/1616
f 2698/1350/1617 2710/1610/1617 2711/1364/1617
f 2711/1364/1618 2712/1366/1618 2700/1352/1618
f 2712/1366/1619 2713/1611/1619 2701/1367/1619
f 2713/1368/1620 2714/1369/1620 2702/1356/1620
f 2714/1369/1621 2715/1371/1621 2703/1370/1621
f 2715/1371/1622 2716/1372/1622 2704/1357/1622
f 2716/1372/1623 2717/1612/1623 2705/1373/1623
f 2705/1373/1624 2717/1612/1624 2718/1374/1624
f 2718/1374/1625 2707/1609/1625 2695/1360/1625
f 2719/1375/1415 2720/1378/1415 2708/1376/1415
f 2720/1378/1414 2721/1380/1414 2709/1379/1414
f 2721/1380/1413 2722/1382/1413 2710/1381/1413
f 2722/1382/1412 2723/1384/1412 2711/1383/1412
f 2723/1384/1411 2724/1386/1411 2712/1385/1411
f 2724/1386/1410 2725/1403/1410 2713/1387/1410
f 2713/1388/1421 2725/1405/1421 2726/1389/1421
f 2726/1389/1420 2727/1392/1420 2715/1391/1420
f 2727/1392/1419 2728/1408/1419 2716/1393/1419
f 2716/1393/1418 2728/1408/1418 2729/1394/1418
f 2717/1395/1417 2729/1394/1417 2730/1396/1417
f 2718/1397/1416 2730/1396/1416 2719/1375/1416
f 2731/1398/1637 2732/1411/1637 2720/1378/1637
f 2720/1378/1426 2732/1411/1426 2733/1399/1426
f 2733/1399/1425 2734/1400/1425 2722/1382/1425
f 2734/1400/1424 2735/1401/1424 2723/1384/1424
f 2735/1401/1423 2736/1402/1423 2724/1386/1423
f 2736/1402/1626 2737/1415/1626 2725/1403/1626
f 2737/1404/1627 2738/1406/1627 2726/1389/1627
f 2738/1406/1432 2739/1418/1432 2727/1392/1432
f 2727/1392/1431 2739/1418/1431 2740/1407/1431
f 2740/1407/1430 2741/1409/1430 2729/1394/1430
f 2741/1409/1429 2742/1421/1429 2730/1396/1429
f 2730/1396/1638 2742/1421/1638 2731/1398/1638
f 2743/1410/1439 2744/1412/1439 2732/1411/1439
f 2744/1412/1438 2745/1424/1438 2733/1399/1438
f 2733/1399/1437 2745/1424/1437 2746/1413/1437
f 2746/1413/1436 2747/1426/1436 2735/1401/1436
f 2735/1401/1435 2747/1426/1435 2748/1414/1435
f 2748/1414/1434 2749/1428/1434 2737/1415/1434
f 2749/1416/1445 2750/1417/1445 2738/1406/1445
f 2750/1417/1444 2751/1430/1444 2739/1418/1444
f 2739/1418/1443 2751/1430/1443 2752/1419/1443
f 2752/1419/1442 2753/1433/1442 2741/1409/1442
f 2741/1409/1441 2753/1433/1441 2754/1420/1441
f 2742/1421/1440 2754/1420/1440 2743/1410/1440
f 2755/1422/1451 2756/1423/1451 2744/1412/1451
f 2756/1423/1450 2757/1437/1450 2745/1424/1450
f 2745/1424/1449 2757/1437/1449 2758/1425/1449
f 2758/1425/1448 2759/1439/1448 2747/1426/1448
f 2747/1426/1447 2759/1439/1447 2760/1427/1447
f 2760/1427/1446 2761/1442/1446 2749/1428/1446
f 2749/1416/1457 2761/1444/1457 2762/1429/1457
f 2762/1429/1456 2763/1431/1456 2751/1430/1456
f 2763/1431/1455 2764/1432/1455 2752/1419/1455
f 2764/1432/1454 2765/1434/1454 2753/1433/1454
f 2765/1434/1453 2766/1448/1453 2754/1420/1453
f 2754/1420/1452 2766/1448/1452 2755/1422/1452
f 2767/1435/1463 2768/1450/1463 2756/1423/1463
f 2756/1423/1462 2768/1450/1462 2769/1436/1462
f 2769/1436/1461 2770/1438/1461 2758/1425/1461
f 2770/1438/1460 2771/1440/1460 2759/1439/1460
f 2771/1440/1459 2772/1454/1459 2760/1427/1459
f 2760/1427/1458 2772/1454/1458 2773/1441/1458
f 2773/1443/1469 2774/1457/1469 2762/1429/1469
f 2762/1429/1468 2774/1457/1468 2775/1445/1468
f 2763/1431/1467 2775/1445/1467 2776/1446/1467
f 2764/1432/1466 2776/1446/1466 2777/1447/1466
f 2777/1447/1465 2778/1460/1465 2766/1448/1465
f 2766/1448/1464 2778/1460/1464 2767/1435/1464
f 2779/1449/1475 2780/1462/1475 2768/1450/1475
f 2768/1450/1474 2780/1462/1474 2781/1451/1474
f 2781/1451/1473 2782/1452/1473 2770/1438/1473
f 2782/1452/1472 2783/1453/1472 2771/1440/1472
f 2783/1453/1471 2784/1466/1471 2772/1454/1471
f 2772/1454/1470 2784/1466/1470 2785/1455/1470
f 2785/1456/1481 2786/1469/1481 2774/1457/1481
f 2774/1457/1480 2786/1469/1480 2787/1458/1480
f 2787/1458/1479 2788/1471/1479 2776/1446/1479
f 2776/1446/1478 2788/1471/1478 2789/1459/1478
f 2789/1459/1477 2790/1474/1477 2778/1460/1477
f 2778/1460/1476 2790/1474/1476 2779/1449/1476
f 2779/1449/1487 2791/1477/1487 2792/1461/1487
f 2780/1462/1486 2792/1461/1486 2793/1463/1486
f 2781/1451/1485 2793/1463/1485 2794/1464/1485
f 2782/1452/1484 2794/1464/1484 2795/1465/1484
f 2795/1465/1483 2796/1467/1483 2784/1466/1483
f 2796/1467/1639 2797/1482/1639 2785/1455/1639
f 2797/1468/1493 2798/1484/1493 2786/1469/1493
f 2786/1469/1492 2798/1484/1492 2799/1470/1492
f 2799/1470/1491 2800/1472/1491 2788/1471/1491
f 2800/1472/1490 2801/1473/1490 2789/1459/1490
f 2801/1473/1489 2802/1475/1489 2790/1474/1489
f 2802/1475/1488 2791/1477/1488 2779/1449/1488
f 2803/1476/1628 2804/1478/1628 2792/1461/1628
f 2804/1478/1498 2805/1479/1498 2793/1463/1498
f 2805/1479/1497 2806/1491/1497 2794/1464/1497
f 2794/1464/1496 2806/1491/1496 2807/1480/1496
f 2807/1480/1495 2808/1481/1495 2796/1467/1495
f 2808/1481/1494 2809/1495/1494 2797/1482/1494
f 2809/1483/1505 2810/1485/1505 2798/1484/1505
f 2810/1485/1504 2811/1486/1504 2799/1470/1504
f 2811/1486/1503 2812/1487/1503 2800/1472/1503
f 2812/1487/1502 2813/1488/1502 2801/1473/1502
f 2813/1488/1501 2814/1501/1501 2802/1475/1501
f 2802/1475/1629 2814/1501/1629 2803/1476/1629
f 2803/1476/1511 2815/1504/1511 2816/1489/1511
f 2816/1489/1510 2817/1490/1510 2805/1479/1510
f 2817/1490/1509 2818/1492/1509 2806/1491/1509
f 2818/1492/1508 2819/1493/1508 2807/1480/1508
f 2819/1493/1507 2820/1494/1507 2808/1481/1507
f 2820/1494/1506 2821/1509/1506 2809/1495/1506
f 2821/1496/1517 2822/1497/1517 2810/1485/1517
f 2822/1497/1516 2823/1498/1516 2811/1486/1516
f 2823/1498/1515 2824/1499/1515 2812/1487/1515
f 2824/1499/1514 2825/1500/1514 2813/1488/1514
f 2825/1500/1513 2826/1502/1513 2814/1501/1513
f 2826/1502/1512 2815/1504/1512 2803/1476/1512
f 2827/1503/1523 2828/1505/1523 2816/1489/1523
f 2828/1505/1522 2829/1517/1522 2817/1490/1522
f 2817/1490/1521 2829/1517/1521 2830/1506/1521
f 2830/1506/1520 2831/1507/1520 2819/1493/1520
f 2831/1507/1519 2832/1508/1519 2820/1494/1519
f 2832/1508/1518 2833/1521/1518 2821/1509/1518
f 2833/1510/1529 2834/1511/1529 2822/1497/1529
f 2834/1511/1528 2835/1512/1528 2823/1498/1528
f 2835/1512/1527 2836/1513/1527 2824/1499/1527
f 2836/1513/1526 2837/1525/1526 2825/1500/1526
f 2825/1500/1525 2837/1525/1525 2838/1514/1525
f 2826/1502/1524 2838/1514/1524 2827/1503/1524
f 2839/1515/1535 2840/1516/1535 2828/1505/1535
f 2840/1516/1534 2841/1529/1534 2829/1517/1534
f 2829/1517/1533 2841/1529/1533 2842/1518/1533
f 2842/1518/1532 2843/1532/1532 2831/1507/1532
f 2831/1507/1531 2843/1532/1531 2844/1519/1531
f 2832/1508/1630 2844/1519/1630 2845/1520/1630
f 2845/1522/1636 2846/1523/1636 2834/1511/1636
f 2846/1523/1540 2847/1536/1540 2835/1512/1540
f 2835/1512/1539 2847/1536/1539 2848/1524/1539
f 2848/1524/1538 2849/1526/1538 2837/1525/1538
f 2849/1526/1537 2850/1540/1537 2838/1514/1537
f 2838/1514/1536 2850/1540/1536 2839/1515/1536
f 2851/1527/1547 2852/1542/1547 2840/1516/1547
f 2840/1516/1546 2852/1542/1546 2853/1528/1546
f 2841/1529/1545 2853/1528/1545 2854/1530/1545
f 2842/1518/1544 2854/1530/1544 2855/1531/1544
f 2843/1532/1543 2855/1531/1543 2856/1533/1543
f 2856/1533/1542 2857/1547/1542 2845/1520/1542
f 2857/1534/1553 2858/1535/1553 2846/1523/1553
f 2858/1535/1552 2859/1537/1552 2847/1536/1552
f 2859/1537/1551 2860/1538/1551 2848/1524/1551
f 2860/1538/1550 2861/1539/1550 2849/1526/1550
f 2861/1539/1549 2862/1552/1549 2850/1540/1549
f 2850/1540/1631 2862/1552/1631 2851/1527/1631
f 2863/1541/1559 2864/1543/1559 2852/1542/1559
f 2864/1543/1558 2865/1544/1558 2853/1528/1558
f 2865/1544/1557 2866/1556/1557 2854/1530/1557
f 2854/1530/1556 2866/1556/1556 2867/1545/1556
f 2867/1545/1555 2868/1546/1555 2856/1533/1555
f 2868/1546/1554 2869/1559/1554 2857/1547/1554
f 2869/1548/1565 2870/1561/1565 2858/1535/1565
f 2858/1535/1564 2870/1561/1564 2871/1549/1564
f 2871/1549/1563 2872/1550/1563 2860/1538/1563
f 2872/1550/1562 2873/1564/1562 2861/1539/1562
f 2861/1539/1561 2873/1564/1561 2874/1551/1561
f 2862/1552/1560 2874/1551/1560 2863/1541/1560
f 2875/1553/1571 2876/1554/1571 2864/1543/1571
f 2876/1554/1570 2877/1555/1570 2865/1544/1570
f 2877/1555/1569 2878/1568/1569 2866/1556/1569
f 2866/1556/1568 2878/1568/1568 2879/1557/1568
f 2879/1557/1567 2880/1558/1567 2868/1546/1567
f 2880/1558/1566 2881/1571/1566 2869/1559/1566
f 2869/1548/1577 2881/1572/1577 2882/1560/1577
f 2882/1560/1576 2883/1562/1576 2871/1549/1576
f 2883/1562/1575 2884/1576/1575 2872/1550/1575
f 2872/1550/1574 2884/1576/1574 2885/1563/1574
f 2885/1563/1573 2886/1578/1573 2874/1551/1573
f 2874/1551/1572 2886/1578/1572 2875/1553/1572
f 2887/1565/1583 2888/1580/1583 2876/1554/1583
f 2876/1554/1582 2888/1580/1582 2889/1566/1582
f 2877/1555/1581 2889/1566/1581 2890/1567/1581
f 2890/1567/1580 2891/1569/1580 2879/1557/1580
f 2891/1569/1579 2892/1570/1579 2880/1558/1579
f 2892/1570/1578 2893/1585/1578 2881/1571/1578
f 2881/1572/1589 2893/1586/1589 2894/1573/1589
f 2882/1560/1588 2894/1573/1588 2895/1574/1588
f 2883/1562/1587 2895/1574/1587 2896/1575/1587
f 2896/1575/1586 2897/1590/1586 2885/1563/1586
f 2885/1563/1585 2897/1590/1585 2898/1577/1585
f 2886/1578/1584 2898/1577/1584 2887/1565/1584
f 2899/1579/1595 2900/1593/1595 2888/1580/1595
f 2888/1580/1594 2900/1593/1594 2901/1581/1594
f 2889/1566/1593 2901/1581/1593 2902/1582/1593
f 2902/1582/1592 2903/1583/1592 2891/1569/1592
f 2903/1583/1591 2904/1584/1591 2892/1570/1591
f 2904/1584/1590 2905/1598/1590 2893/1585/1590
f 2893/1586/1601 2905/1599/1601 2906/1587/1601
f 2894/1573/1600 2906/1587/1600 2907/1588/1600
f 2895/1574/1599 2907/1588/1599 2908/1589/1599
f 2908/1589/1598 2909/1591/1598 2897/1590/1598
f 2909/1591/1597 2910/1604/1597 2898/1577/1597
f 2898/1577/1596 2910/1604/1596 2899/1579/1596
f 2911/1592/1632 2912/1594/1632 2900/1593/1632
f 2912/1594/1606 2913/1595/1606 2901/1581/1606
f 2913/1595/1605 2914/1605/1605 2902/1582/1605
f 2902/1582/1604 2914/1605/1604 2915/1596/1604
f 2915/1596/1603 2916/1597/1603 2904/1584/1603
f 2916/1597/1633 2917/1606/1633 2905/1598/1633
f 2905/1599/1613 2917/1607/1613 2918/1600/1613
f 2906/1587/1612 2918/1600/1612 2919/1601/1612
f 2919/1601/1611 2920/1608/1611 2908/1589/1611
f 2908/1589/1610 2920/1608/1610 2921/1602/1610
f 2909/1591/1609 2921/1602/1609 2922/1603/1609
f 2910/1604/1608 2922/1603/1608 2911/1592/1608
f 2911/1592/1619 2491/1134/1619 2492/1133/1619
f 2912/1594/1618 2492/1133/1618 2493/1136/1618
f 2493/1136/1617 2494/1138/1617 2914/1605/1617
f 2494/1138/1616 2495/1140/1616 2915/1596/1616
f 2495/1140/1615 2496/1142/1615 2916/1597/1615
f 2916/1597/1614 2496/1142/1614 2497/1144/1614
f 2497/1147/1625 2498/1146/1625 2918/1600/1625
f 2918/1600/1624 2498/1146/1624 2499/1149/1624
f 2919/1601/1623 2499/1149/1623 2500/1151/1623
f 2500/1151/1622 2501/1153/1622 2921/1602/1622
f 2501/1153/1621 2502/1155/1621 2922/1603/1621
f 2502/1155/1620 2491/1134/1620 2911/1592/1620
o Rueda_Maza_Delantera
v 0.550000 0.024000 -0.040000
v 0.550000 0.024000 0.040000
v 0.559184 0.022173 -0.040000
v 0.559184 0.022173 0.040000
v 0.566971 0.016971 -0.040000
v 0.566971 0.016971 0.040000
v 0.572173 0.009184 -0.040000
v 0.572173 0.009184 0.040000
v 0.574000 0.000000 -0.040000
v 0.574000 -0.000000 0.040000
v 0.572173 -0.009184 -0.040000
v 0.572173 -0.009184 0.040000
v 0.566971 -0.016971 -0.040000
v 0.566971 -0.016971 0.040000
v 0.559184 -0.022173 -0.040000
v 0.559184 -0.022173 0.040000
v 0.550000 -0.024000 -0.040000
v 0.550000 -0.024000 0.040000
v 0.540816 -0.022173 -0.040000
v 0.540816 -0.022173 0.040000
v 0.533029 -0.016971 -0.040000
v 0.533029 -0.016971 0.040000
v 0.527827 -0.009184 -0.040000
v 0.527827 -0.009184 0.040000
v 0.526000 0.000000 -0.040000
v 0.526000 -0.000000 0.040000
v 0.527827 0.009184 -0.040000
v 0.527827 0.009184 0.040000
v 0.533029 0.016971 -0.040000
v 0.533029 0.016971 0.040000
v 0.540816 0.022173 -0.040000
v 0.540816 0.022173 0.040000
vn 0.1951 0.9808 -0.0000
vn 0.5556 0.8315 -0.0000
vn 0.8315 0.5556 -0.0000
vn 0.9808 0.1951 -0.0000
vn 0.9808 -0.1951 -0.0000
vn 0.8315 -0.5556 -0.0000
vn 0.5556 -0.8315 -0.0000
vn 0.1951 -0.9808 -0.0000
vn -0.1951 -0.9808 -0.0000
vn -0.5556 -0.8315 -0.0000
vn -0.8315 -0.5556 -0.0000
vn -0.9808 -0.1951 -0.0000
vn -0.9808 0.1951 -0.0000
vn -0.8315 0.5556 -0.0000
vn -0.0000 -0.0000 1.0000
vn -0.5556 0.8315 -0.0000
vn -0.1951 0.9808 -0.0000
vn -0.0000 -0.0000 -1.0000
vt 1.000000 1.000000
vt 0.937500 0.500000
vt 1.000000 0.500000
vt 0.937500 1.000000
vt 0.875000 0.500000
vt 0.875000 1.000000
vt 0.812500 0.500000
vt 0.812500 1.000000
vt 0.750000 0.500000
vt 0.750000 1.000000
vt 0.687500 0.500000
vt 0.687500 1.000000
vt 0.625000 0.500000
vt 0.625000 1.000000
vt 0.562500 0.500000
vt 0.562500 1.000000
vt 0.500000 0.500000
vt 0.500000 1.000000
vt 0.437500 0.500000
vt 0.437500 1.000000
vt 0.375000 0.500000
vt 0.375000 1.000000
vt 0.312500 0.500000
vt 0.312500 1.000000
vt 0.250000 0.500000
vt 0.250000 1.000000
vt 0.187500 0.500000
vt 0.187500 1.000000
vt 0.125000 0.500000
vt 0.080294 0.080294
vt 0.419706 0.080294
vt 0.419706 0.419706
vt 0.125000 1.000000
vt 0.062500 0.500000
vt 0.062500 1.000000
vt 0.000000 0.500000
vt 0.841844 0.028269
vt 0.528269 0.158156
vt 0.658156 0.471731
vt 0.341844 0.471731
vt 0.250000 0.490000
vt 0.158156 0.471731
vt 0.080294 0.419706
vt 0.028269 0.341844
vt 0.010000 0.250000
vt 0.028269 0.158156
vt 0.158156 0.028269
vt 0.250000 0.010000
vt 0.341844 0.028269
vt 0.471731 0.158156
vt 0.490000 0.250000
vt 0.471731 0.341844
vt 0.000000 1.000000
vt 0.750000 0.490000
vt 0.841844 0.471731
vt 0.919706 0.419706
vt 0.971731 0.341844
vt 0.990000 0.250000
vt 0.971731 0.158156
vt 0.919706 0.080294
vt 0.750000 0.010000
vt 0.658156 0.028269
vt 0.580294 0.080294
vt 0.510000 0.250000
vt 0.528269 0.341844
vt 0.580294 0.419706
s 0
f 2924/1613/1640 2925/1614/1640 2923/1615/1640
f 2926/1616/1641 2927/1617/1641 2925/1614/1641
f 2928/1618/1642 2929/1619/1642 2927/1617/1642
f 2930/1620/1643 2931/1621/1643 2929/1619/1643
f 2932/1622/1644 2933/1623/1644 2931/1621/1644
f 2934/1624/1645 2935/1625/1645 2933/1623/1645
f 2936/1626/1646 2937/1627/1646 2935/1625/1646
f 2938/1628/1647 2939/1629/1647 2937/1627/1647
f 2940/1630/1648 2941/1631/1648 2939/1629/1648
f 2942/1632/1649 2943/1633/1649 2941/1631/1649
f 2944/1634/1650 2945/1635/1650 2943/1633/1650
f 2946/1636/1651 2947/1637/1651 2945/1635/1651
f 2948/1638/1652 2949/1639/1652 2947/1637/1652
f 2950/1640/1653 2951/1641/1653 2949/1639/1653
f 2944/1642/1654 2936/1643/1654 2928/1644/1654
f 2952/1645/1655 2953/1646/1655 2951/1641/1655
f 2954/1647/1656 2923/1648/1656 2953/1646/1656
f 2937/1649/1657 2945/1650/1657 2953/1651/1657
f 2924/1613/1640 2926/1616/1640 2925/1614/1640
f 2926/1616/1641 2928/1618/1641 2927/1617/1641
f 2928/1618/1642 2930/1620/1642 2929/1619/1642
f 2930/1620/1643 2932/1622/1643 2931/1621/1643
f 2932/1622/1644 2934/1624/1644 2933/1623/1644
f 2934/1624/1645 2936/1626/1645 2935/1625/1645
f 2936/1626/1646 2938/1628/1646 2937/1627/1646
f 2938/1628/1647 2940/1630/1647 2939/1629/1647
f 2940/1630/1648 2942/1632/1648 2941/1631/1648
f 2942/1632/1649 2944/1634/1649 2943/1633/1649
f 2944/1634/1650 2946/1636/1650 2945/1635/1650
f 2946/1636/1651 2948/1638/1651 2947/1637/1651
f 2948/1638/1652 2950/1640/1652 2949/1639/1652
f 2950/1640/1653 2952/1645/1653 2951/1641/1653
f 2928/1644/1654 2926/1652/1654 2924/1653/1654
f 2924/1653/1654 2954/1654/1654 2952/1655/1654
f 2952/1655/1654 2950/1656/1654 2948/1657/1654
f 2948/1657/1654 2946/1658/1654 2944/1642/1654
f 2944/1642/1654 2942/1659/1654 2940/1660/1654
f 2940/1660/1654 2938/1661/1654 2936/1643/1654
f 2936/1643/1654 2934/1662/1654 2932/1663/1654
f 2932/1663/1654 2930/1664/1654 2928/1644/1654
f 2928/1644/1654 2924/1653/1654 2952/1655/1654
f 2952/1655/1654 2948/1657/1654 2944/1642/1654
f 2944/1642/1654 2940/1660/1654 2936/1643/1654
f 2936/1643/1654 2932/1663/1654 2928/1644/1654
f 2928/1644/1654 2952/1655/1654 2944/1642/1654
f 2952/1645/1655 2954/1647/1655 2953/1646/1655
f 2954/1647/1656 2924/1665/1656 2923/1648/1656
f 2953/1651/1657 2923/1666/1657 2925/1667/1657
f 2925/1667/1657 2927/1668/1657 2929/1669/1657
f 2929/1669/1657 2931/1670/1657 2933/1671/1657
f 2933/1671/1657 2935/1672/1657 2937/1649/1657
f 2937/1649/1657 2939/1673/1657 2941/1674/1657
f 2941/1674/1657 2943/1675/1657 2945/1650/1657
f 2945/1650/1657 2947/1676/1657 2949/1677/1657
f 2949/1677/1657 2951/1678/1657 2953/1651/1657
f 2953/1651/1657 2925/1667/1657 2929/1669/1657
f 2929/1669/1657 2933/1671/1657 2937/1649/1657
f 2937/1649/1657 2941/1674/1657 2945/1650/1657
f 2945/1650/1657 2949/1677/1657 2953/1651/1657
f 2953/1651/1657 2929/1669/1657 2937/1649/1657
o Rueda_Radios_Delantera
v 0.550000 0.000000 -0.001500
v 0.550000 -0.000000 0.001500
v 0.550000 0.310000 -0.001500
v 0.550000 0.310000 0.001500
v 0.469766 0.299437 -0.001500
v 0.469766 0.299437 0.001500
v 0.395000 0.268468 -0.001500
v 0.395000 0.268468 0.001500
v 0.330797 0.219203 -0.001500
v 0.330797 0.219203 0.001500
v 0.281532 0.155000 -0.001500
v 0.281532 0.155000 0.001500
v 0.250563 0.080234 -0.001500
v 0.250563 0.080234 0.001500
v 0.240000 0.000000 -0.001500
v 0.240000 -0.000000 0.001500
v 0.250563 -0.080234 -0.001500
v 0.250563 -0.080234 0.001500
v 0.281532 -0.155000 -0.001500
v 0.281532 -0.155000 0.001500
v 0.330797 -0.219203 -0.001500
v 0.330797 -0.219203 0.001500
v 0.395000 -0.268468 -0.001500
v 0.395000 -0.268468 0.001500
v 0.469766 -0.299437 -0.001500
v 0.469766 -0.299437 0.001500
v 0.550000 -0.310000 -0.001500
v 0.550000 -0.310000 0.001500
v 0.630234 -0.299437 -0.001500
v 0.630234 -0.299437 0.001500
v 0.705000 -0.268468 -0.001500
v 0.705000 -0.268468 0.001500
v 0.769203 -0.219203 -0.001500
v 0.769203 -0.219203 0.001500
v 0.818468 -0.155000 -0.001500
v 0.818468 -0.155000 0.001500
v 0.849437 -0.080234 -0.001500
v 0.849437 -0.080234 0.001500
v 0.860000 0.000000 -0.001500
v 0.860000 -0.000000 0.001500
v 0.849437 0.080234 -0.001500
v 0.849437 0.080234 0.001500
v 0.818468 0.155000 -0.001500
v 0.818468 0.155000 0.001500
v 0.769203 0.219203 -0.001500
v 0.769203 0.219203 0.001500
v 0.705000 0.268468 -0.001500
v 0.705000 0.268468 0.001500
v 0.630234 0.299437 -0.001500
v 0.630234 0.299437 0.001500
v 0.548500 0.011394 0.000000
v 0.548500 0.308290 0.000000
v 0.471658 0.298173 0.000000
v 0.545602 0.010617 0.000000
v 0.468760 0.297397 0.000000
v 0.397154 0.267737 0.000000
v 0.543004 0.009117 0.000000
v 0.394556 0.266237 0.000000
v 0.333067 0.219054 0.000000
v 0.540883 0.006996 0.000000
v 0.330946 0.216933 0.000000
v 0.283763 0.155444 0.000000
v 0.539383 0.004398 0.000000
v 0.282263 0.152846 0.000000
v 0.252603 0.081240 0.000000
v 0.538606 0.001500 0.000000
v 0.251827 0.078342 0.000000
v 0.241710 0.001500 0.000000
v 0.538606 -0.001500 -0.000000
v 0.241710 -0.001500 -0.000000
v 0.251827 -0.078342 -0.000000
v 0.539383 -0.004398 -0.000000
v 0.252603 -0.081240 -0.000000
v 0.282263 -0.152846 -0.000000
v 0.540883 -0.006996 -0.000000
v 0.283763 -0.155444 -0.000000
v 0.330946 -0.216933 -0.000000
v 0.543004 -0.009117 -0.000000
v 0.333067 -0.219054 -0.000000
v 0.394556 -0.266237 -0.000000
v 0.545602 -0.010617 -0.000000
v 0.397154 -0.267737 -0.000000
v 0.468760 -0.297397 -0.000000
v 0.548500 -0.011394 -0.000000
v 0.471658 -0.298173 -0.000000
v 0.548500 -0.308290 -0.000000
v 0.551500 -0.011394 -0.000000
v 0.551500 -0.308290 -0.000000
v 0.628342 -0.298173 -0.000000
v 0.554398 -0.010617 -0.000000
v 0.631240 -0.297397 -0.000000
v 0.702846 -0.267737 -0.000000
v 0.556996 -0.009117 -0.000000
v 0.705444 -0.266237 -0.000000
v 0.766933 -0.219054 -0.000000
v 0.559117 -0.006996 -0.000000
v 0.769054 -0.216933 -0.000000
v 0.816237 -0.155444 -0.000000
v 0.560617 -0.004398 -0.000000
v 0.817737 -0.152846 -0.000000
v 0.847397 -0.081240 -0.000000
v 0.561394 -0.001500 -0.000000
v 0.848173 -0.078342 -0.000000
v 0.858290 -0.001500 -0.000000
v 0.561394 0.001500 0.000000
v 0.858290 0.001500 0.000000
v 0.848173 0.078342 0.000000
v 0.560617 0.004398 0.000000
v 0.847397 0.081240 0.000000
v 0.817737 0.152846 0.000000
v 0.559117 0.006996 0.000000
v 0.816237 0.155444 0.000000
v 0.769054 0.216933 0.000000
v 0.556996 0.009117 0.000000
v 0.766933 0.219054 0.000000
v 0.705444 0.266237 0.000000
v 0.554398 0.010617 0.000000
v 0.702846 0.267737 0.000000
v 0.631240 0.297397 0.000000
v 0.551500 0.011394 0.000000
v 0.628342 0.298173 0.000000
v 0.551500 0.308290 0.000000
vn -0.7071 -0.0000 -0.7071
vn -0.7071 -0.0000 0.7071
vn 0.0923 -0.7010 -0.7071
vn 0.0923 -0.7011 0.7071
vn 0.6830 0.1830 -0.7071
vn 0.6830 0.1830 0.7071
vn -0.6830 -0.1830 -0.7071
vn -0.6830 -0.1830 0.7071
vn 0.2706 -0.6533 -0.7071
vn 0.2706 -0.6533 0.7071
vn 0.6124 0.3536 -0.7071
vn 0.6124 0.3536 0.7071
vn -0.6124 -0.3536 -0.7071
vn -0.6124 -0.3536 0.7071
vn 0.4305 -0.5610 -0.7071
vn 0.4305 -0.5610 0.7071
vn 0.5000 0.5000 -0.7071
vn 0.5000 0.5000 0.7071
vn -0.5000 -0.5000 -0.7071
vn -0.5000 -0.5000 0.7071
vn 0.5610 -0.4305 -0.7071
vn 0.5610 -0.4305 0.7071
vn 0.3536 0.6124 -0.7071
vn 0.3536 0.6124 0.7071
vn -0.3536 -0.6124 -0.7071
vn -0.3536 -0.6124 0.7071
vn 0.6533 -0.2706 -0.7071
vn 0.6533 -0.2706 0.7071
vn 0.1830 0.6830 -0.7071
vn 0.1830 0.6830 0.7071
vn -0.1830 -0.6830 -0.7071
vn -0.1830 -0.6830 0.7071
vn 0.7011 -0.0923 -0.7071
vn 0.7011 -0.0923 0.7071
vn -0.0000 0.7071 -0.7071
vn -0.0000 0.7071 0.7071
vn -0.0000 -0.7071 -0.7071
vn -0.0000 -0.7071 0.7071
vn 0.7011 0.0923 -0.7071
vn 0.7011 0.0923 0.7071
vn -0.1830 0.6830 -0.7071
vn -0.1830 0.6830 0.7071
vn 0.1830 -0.6830 -0.7071
vn 0.1830 -0.6830 0.7071
vn 0.6533 0.2706 -0.7071
vn 0.6533 0.2706 0.7071
vn -0.3536 0.6124 -0.7071
vn -0.3536 0.6124 0.7071
vn 0.3536 -0.6124 -0.7071
vn 0.3536 -0.6124 0.7071
vn 0.5610 0.4305 -0.7071
vn 0.5610 0.4305 0.7071
vn -0.5000 0.5000 -0.7071
vn -0.5000 0.5000 0.7071
vn 0.5000 -0.5000 -0.7071
vn 0.5000 -0.5000 0.7071
vn 0.4305 0.5610 -0.7071
vn 0.4305 0.5610 0.7071
vn -0.6124 0.3536 -0.7071
vn -0.6124 0.3536 0.7071
vn 0.6124 -0.3536 -0.7071
vn 0.6124 -0.3536 0.7071
vn 0.2706 0.6533 -0.7071
vn 0.2706 0.6533 0.7071
vn -0.6830 0.1830 -0.7071
vn -0.6830 0.1830 0.7071
vn 0.6830 -0.1830 -0.7071
vn 0.6830 -0.1830 0.7071
vn 0.0923 0.7011 -0.7071
vn 0.0923 0.7010 0.7071
vn 0.7071 -0.0000 -0.7071
vn 0.7071 -0.0000 0.7071
vn -0.0923 0.7010 -0.7071
vn -0.0923 0.7011 0.7071
vn -0.2706 0.6533 -0.7071
vn -0.2706 0.6533 0.7071
vn -0.4305 0.5610 -0.7071
vn -0.4305 0.5610 0.7071
vn -0.5610 0.4305 -0.7071
vn -0.5610 0.4305 0.7071
vn -0.6533 0.2706 -0.7071
vn -0.6533 0.2706 0.7071
vn -0.7011 0.0923 -0.7071
vn -0.7011 0.0923 0.7071
vn -0.7011 -0.0923 -0.7071
vn -0.7011 -0.0923 0.7071
vn -0.6533 -0.2706 -0.7071
vn -0.6533 -0.2706 0.7071
vn -0.5610 -0.4305 -0.7071
vn -0.5610 -0.4305 0.7071
vn -0.4305 -0.5610 -0.7071
vn -0.4305 -0.5610 0.7071
vn -0.2706 -0.6533 -0.7071
vn -0.2706 -0.6533 0.7071
vn -0.0923 -0.7011 -0.7071
vn -0.0923 -0.7010 0.7071
vn 0.0923 -0.7011 -0.7071
vn 0.0923 -0.7010 0.7071
vn 0.0923 0.7010 -0.7071
vn 0.0923 0.7011 0.7071
vn -0.0923 0.7011 -0.7071
vn -0.0923 0.7010 0.7071
vn -0.0923 -0.7010 -0.7071
vn -0.0923 -0.7011 0.7071
vt 0.500000 0.500000
vt 0.500000 1.000000
vt 0.370590 0.982963
vt 0.250000 0.933013
vt 0.146447 0.853553
vt 0.066987 0.750000
vt 0.017037 0.629410
vt 0.000000 0.500000
vt 0.017037 0.370590
vt 0.066987 0.250000
vt 0.146447 0.146447
vt 0.250000 0.066987
vt 0.370590 0.017037
vt 0.500000 0.000000
vt 0.629410 0.017037
vt 0.750000 0.066987
vt 0.853553 0.146447
vt 0.933013 0.250000
vt 0.982963 0.370590
vt 1.000000 0.500000
vt 0.982963 0.629410
vt 0.933013 0.750000
vt 0.853553 0.853553
vt 0.750000 0.933013
vt 0.629410 0.982963
s 0
f 3005/1679/1658 2957/1680/1658 2955/1679/1658
f 3005/1679/1659 2958/1680/1659 3006/1680/1659
f 3007/1681/1660 2957/1680/1660 3006/1680/1660
f 3006/1680/1661 2960/1681/1661 3007/1681/1661
f 3005/1679/1662 2959/1681/1662 3007/1681/1662
f 3005/1679/1663 2960/1681/1663 2956/1679/1663
f 3008/1679/1664 2959/1681/1664 2955/1679/1664
f 3008/1679/1665 2960/1681/1665 3009/1681/1665
f 3010/1682/1666 2959/1681/1666 3009/1681/1666
f 3009/1681/1667 2962/1682/1667 3010/1682/1667
f 3008/1679/1668 2961/1682/1668 3010/1682/1668
f 3008/1679/1669 2962/1682/1669 2956/1679/1669
f 3011/1679/1670 2961/1682/1670 2955/1679/1670
f 3011/1679/1671 2962/1682/1671 3012/1682/1671
f 3013/1683/1672 2961/1682/1672 3012/1682/1672
f 3012/1682/1673 2964/1683/1673 3013/1683/1673
f 3011/1679/1674 2963/1683/1674 3013/1683/1674
f 3011/1679/1675 2964/1683/1675 2956/1679/1675
f 3014/1679/1676 2963/1683/1676 2955/1679/1676
f 3014/1679/1677 2964/1683/1677 3015/1683/1677
f 3016/1684/1678 2963/1683/1678 3015/1683/1678
f 3015/1683/1679 2966/1684/1679 3016/1684/1679
f 3014/1679/1680 2965/1684/1680 3016/1684/1680
f 3014/1679/1681 2966/1684/1681 2956/1679/1681
f 3017/1679/1682 2965/1684/1682 2955/1679/1682
f 3017/1679/1683 2966/1684/1683 3018/1684/1683
f 3019/1685/1684 2965/1684/1684 3018/1684/1684
f 3018/1684/1685 2968/1685/1685 3019/1685/1685
f 3017/1679/1686 2967/1685/1686 3019/1685/1686
f 3017/1679/1687 2968/1685/1687 2956/1679/1687
f 3020/1679/1688 2967/1685/1688 2955/1679/1688
f 3020/1679/1689 2968/1685/1689 3021/1685/1689
f 3022/1686/1690 2967/1685/1690 3021/1685/1690
f 3021/1685/1691 2970/1686/1691 3022/1686/1691
f 3020/1679/1692 2969/1686/1692 3022/1686/1692
f 3020/1679/1693 2970/1686/1693 2956/1679/1693
f 3023/1679/1694 2969/1686/1694 2955/1679/1694
f 3023/1679/1695 2970/1686/1695 3024/1686/1695
f 3025/1687/1696 2969/1686/1696 3024/1686/1696
f 3024/1686/1697 2972/1687/1697 3025/1687/1697
f 3023/1679/1698 2971/1687/1698 3025/1687/1698
f 3023/1679/1699 2972/1687/1699 2956/1679/1699
f 3026/1679/1700 2971/1687/1700 2955/1679/1700
f 3026/1679/1701 2972/1687/1701 3027/1687/1701
f 3028/1688/1702 2971/1687/1702 3027/1687/1702
f 3027/1687/1703 2974/1688/1703 3028/1688/1703
f 3026/1679/1704 2973/1688/1704 3028/1688/1704
f 3026/1679/1705 2974/1688/1705 2956/1679/1705
f 3029/1679/1706 2973/1688/1706 2955/1679/1706
f 3029/1679/1707 2974/1688/1707 3030/1688/1707
f 3031/1689/1708 2973/1688/1708 3030/1688/1708
f 3030/1688/1709 2976/1689/1709 3031/1689/1709
f 3029/1679/1710 2975/1689/1710 3031/1689/1710
f 3029/1679/1711 2976/1689/1711 2956/1679/1711
f 3032/1679/1712 2975/1689/1712 2955/1679/1712
f 3032/1679/1713 2976/1689/1713 3033/1689/1713
f 3034/1690/1714 2975/1689/1714 3033/1689/1714
f 3033/1689/1715 2978/1690/1715 3034/1690/1715
f 3032/1679/1716 2977/1690/1716 3034/1690/1716
f 3032/1679/1717 2978/1690/1717 2956/1679/1717
f 3035/1679/1718 2977/1690/1718 2955/1679/1718
f 3035/1679/1719 2978/1690/1719 3036/1690/1719
f 3037/1691/1720 2977/1690/1720 3036/1690/1720
f 3036/1690/1721 2980/1691/1721 3037/1691/1721
f 3035/1679/1722 2979/1691/1722 3037/1691/1722
f 3035/1679/1723 2980/1691/1723 2956/1679/1723
f 3038/1679/1724 2979/1691/1724 2955/1679/1724
f 3038/1679/1725 2980/1691/1725 3039/1691/1725
f 3040/1692/1726 2979/1691/1726 3039/1691/1726
f 3039/1691/1727 2982/1692/1727 3040/1692/1727
f 3038/1679/1658 2981/1692/1658 3040/1692/1658
f 3038/1679/1659 2982/1692/1659 2956/1679/1659
f 3041/1679/1728 2981/1692/1728 2955/1679/1728
f 3041/1679/1729 2982/1692/1729 3042/1692/1729
f 3043/1693/1730 2981/1692/1730 3042/1692/1730
f 3042/1692/1731 2984/1693/1731 3043/1693/1731
f 3041/1679/1664 2983/1693/1664 3043/1693/1664
f 3041/1679/1665 2984/1693/1665 2956/1679/1665
f 3044/1679/1662 2983/1693/1662 2955/1679/1662
f 3044/1679/1663 2984/1693/1663 3045/1693/1663
f 3046/1694/1732 2983/1693/1732 3045/1693/1732
f 3045/1693/1733 2986/1694/1733 3046/1694/1733
f 3044/1679/1670 2985/1694/1670 3046/1694/1670
f 3044/1679/1671 2986/1694/1671 2956/1679/1671
f 3047/1679/1668 2985/1694/1668 2955/1679/1668
f 3047/1679/1669 2986/1694/1669 3048/1694/1669
f 3049/1695/1734 2985/1694/1734 3048/1694/1734
f 3048/1694/1735 2988/1695/1735 3049/1695/1735
f 3047/1679/1676 2987/1695/1676 3049/1695/1676
f 3047/1679/1677 2988/1695/1677 2956/1679/1677
f 3050/1679/1674 2987/1695/1674 2955/1679/1674
f 3050/1679/1675 2988/1695/1675 3051/1695/1675
f 3052/1696/1736 2987/1695/1736 3051/1695/1736
f 3051/1695/1737 2990/1696/1737 3052/1696/1737
f 3050/1679/1682 2989/1696/1682 3052/1696/1682
f 3050/1679/1683 2990/1696/1683 2956/1679/1683
f 3053/1679/1680 2989/1696/1680 2955/1679/1680
f 3053/1679/1681 2990/1696/1681 3054/1696/1681
f 3055/1697/1738 2989/1696/1738 3054/1696/1738
f 3054/1696/1739 2992/1697/1739 3055/1697/1739
f 3053/1679/1688 2991/1697/1688 3055/1697/1688
f 3053/1679/1689 2992/1697/1689 2956/1679/1689
f 3056/1679/1686 2991/1697/1686 2955/1679/1686
f 3056/1679/1687 2992/1697/1687 3057/1697/1687
f 3058/1698/1740 2991/1697/1740 3057/1697/1740
f 3057/1697/1741 2994/1698/1741 3058/1698/1741
f 3056/1679/1694 2993/1698/1694 3058/1698/1694
f 3056/1679/1695 2994/1698/1695 2956/1679/1695
f 3059/1679/1692 2993/1698/1692 2955/1679/1692
f 3059/1679/1693 2994/1698/1693 3060/1698/1693
f 3061/1699/1742 2993/1698/1742 3060/1698/1742
f 3060/1698/1743 2996/1699/1743 3061/1699/1743
f 3059/1679/1700 2995/1699/1700 3061/1699/1700
f 3059/1679/1701 2996/1699/1701 2956/1679/1701
f 3062/1679/1698 2995/1699/1698 2955/1679/1698
f 3062/1679/1699 2996/1699/1699 3063/1699/1699
f 3064/1700/1744 2995/1699/1744 3063/1699/1744
f 3063/1699/1745 2998/1700/1745 3064/1700/1745
f 3062/1679/1706 2997/1700/1706 3064/1700/1706
f 3062/1679/1707 2998/1700/1707 2956/1679/1707
f 3065/1679/1704 2997/1700/1704 2955/1679/1704
f 3065/1679/1705 2998/1700/1705 3066/1700/1705
f 3067/1701/1746 2997/1700/1746 3066/1700/1746
f 3066/1700/1747 3000/1701/1747 3067/1701/1747
f 3065/1679/1712 2999/1701/1712 3067/1701/1712
f 3065/1679/1713 3000/1701/1713 2956/1679/1713
f 3068/1679/1710 2999/1701/1710 2955/1679/1710
f 3068/1679/1711 3000/1701/1711 3069/1701/1711
f 3070/1702/1748 2999/1701/1748 3069/1701/1748
f 3069/1701/1749 3002/1702/1749 3070/1702/1749
f 3068/1679/1718 3001/1702/1718 3070/1702/1718
f 3068/1679/1719 3002/1702/1719 2956/1679/1719
f 3071/1679/1716 3001/1702/1716 2955/1679/1716
f 3071/1679/1717 3002/1702/1717 3072/1702/1717
f 3073/1703/1750 3001/1702/1750 3072/1702/1750
f 3072/1702/1751 3004/1703/1751 3073/1703/1751
f 3071/1679/1724 3003/1703/1724 3073/1703/1724
f 3071/1679/1725 3004/1703/1725 2956/1679/1725
f 3074/1679/1722 3003/1703/1722 2955/1679/1722
f 3074/1679/1723 3004/1703/1723 3075/1703/1723
f 3076/1680/1752 3003/1703/1752 3075/1703/1752
f 3075/1703/1753 2958/1680/1753 3076/1680/1753
f 3074/1679/1728 2957/1680/1728 3076/1680/1728
f 3074/1679/1729 2958/1680/1729 2956/1679/1729
f 3005/1679/1658 3006/1680/1658 2957/1680/1658
f 3005/1679/1659 2956/1679/1659 2958/1680/1659
f 3007/1681/1754 2959/1681/1754 2957/1680/1754
f 3006/1680/1755 2958/1680/1755 2960/1681/1755
f 3005/1679/1662 2955/1679/1662 2959/1681/1662
f 3005/1679/1663 3007/1681/1663 2960/1681/1663
f 3008/1679/1664 3009/1681/1664 2959/1681/1664
f 3008/1679/1665 2956/1679/1665 2960/1681/1665
f 3010/1682/1666 2961/1682/1666 2959/1681/1666
f 3009/1681/1667 2960/1681/1667 2962/1682/1667
f 3008/1679/1668 2955/1679/1668 2961/1682/1668
f 3008/1679/1669 3010/1682/1669 2962/1682/1669
f 3011/1679/1670 3012/1682/1670 2961/1682/1670
f 3011/1679/1671 2956/1679/1671 2962/1682/1671
f 3013/1683/1672 2963/1683/1672 2961/1682/1672
f 3012/1682/1673 2962/1682/1673 2964/1683/1673
f 3011/1679/1674 2955/1679/1674 2963/1683/1674
f 3011/1679/1675 3013/1683/1675 2964/1683/1675
f 3014/1679/1676 3015/1683/1676 2963/1683/1676
f 3014/1679/1677 2956/1679/1677 2964/1683/1677
f 3016/1684/1678 2965/1684/1678 2963/1683/1678
f 3015/1683/1679 2964/1683/1679 2966/1684/1679
f 3014/1679/1680 2955/1679/1680 2965/1684/1680
f 3014/1679/1681 3016/1684/1681 2966/1684/1681
f 3017/1679/1682 3018/1684/1682 2965/1684/1682
f 3017/1679/1683 2956/1679/1683 2966/1684/1683
f 3019/1685/1684 2967/1685/1684 2965/1684/1684
f 3018/1684/1685 2966/1684/1685 2968/1685/1685
f 3017/1679/1686 2955/1679/1686 2967/1685/1686
f 3017/1679/1687 3019/1685/1687 2968/1685/1687
f 3020/1679/1688 3021/1685/1688 2967/1685/1688
f 3020/1679/1689 2956/1679/1689 2968/1685/1689
f 3022/1686/1690 2969/1686/1690 2967/1685/1690
f 3021/1685/1691 2968/1685/1691 2970/1686/1691
f 3020/1679/1692 2955/1679/1692 2969/1686/1692
f 3020/1679/1693 3022/1686/1693 2970/1686/1693
f 3023/1679/1694 3024/1686/1694 2969/1686/1694
f 3023/1679/1695 2956/1679/1695 2970/1686/1695
f 3025/1687/1696 2971/1687/1696 2969/1686/1696
f 3024/1686/1697 2970/1686/1697 2972/1687/1697
f 3023/1679/1698 2955/1679/1698 2971/1687/1698
f 3023/1679/1699 3025/1687/1699 2972/1687/1699
f 3026/1679/1700 3027/1687/1700 2971/1687/1700
f 3026/1679/1701 2956/1679/1701 2972/1687/1701
f 3028/1688/1702 2973/1688/1702 2971/1687/1702
f 3027/1687/1703 2972/1687/1703 2974/1688/1703
f 3026/1679/1704 2955/1679/1704 2973/1688/1704
f 3026/1679/1705 3028/1688/1705 2974/1688/1705
f 3029/1679/1706 3030/1688/1706 2973/1688/1706
f 3029/1679/1707 2956/1679/1707 2974/1688/1707
f 3031/1689/1708 2975/1689/1708 2973/1688/1708
f 3030/1688/1709 2974/1688/1709 2976/1689/1709
f 3029/1679/1710 2955/1679/1710 2975/1689/1710
f 3029/1679/1711 3031/1689/1711 2976/1689/1711
f 3032/1679/1712 3033/1689/1712 2975/1689/1712
f 3032/1679/1713 2956/1679/1713 2976/1689/1713
f 3034/1690/1714 2977/1690/1714 2975/1689/1714
f 3033/1689/1715 2976/1689/1715 2978/1690/1715
f 3032/1679/1716 2955/1679/1716 2977/1690/1716
f 3032/1679/1717 3034/1690/1717 2978/1690/1717
f 3035/1679/1718 3036/1690/1718 2977/1690/1718
f 3035/1679/1719 2956/1679/1719 2978/1690/1719
f 3037/1691/1720 2979/1691/1720 2977/1690/1720
f 3036/1690/1721 2978/1690/1721 2980/1691/1721
f 3035/1679/1722 2955/1679/1722 2979/1691/1722
f 3035/1679/1723 3037/1691/1723 2980/1691/1723
f 3038/1679/1724 3039/1691/1724 2979/1691/1724
f 3038/1679/1725 2956/1679/1725 2980/1691/1725
f 3040/1692/1756 2981/1692/1756 2979/1691/1756
f 3039/1691/1757 2980/1691/1757 2982/1692/1757
f 3038/1679/1658 2955/1679/1658 2981/1692/1658
f 3038/1679/1659 3040/1692/1659 2982/1692/1659
f 3041/1679/1728 3042/1692/1728 2981/1692/1728
f 3041/1679/1729 2956/1679/1729 2982/1692/1729
f 3043/1693/1758 2983/1693/1758 2981/1692/1758
f 3042/1692/1759 2982/1692/1759 2984/1693/1759
f 3041/1679/1664 2955/1679/1664 2983/1693/1664
f 3041/1679/1665 3043/1693/1665 2984/1693/1665
f 3044/1679/1662 3045/1693/1662 2983/1693/1662
f 3044/1679/1663 2956/1679/1663 2984/1693/1663
f 3046/1694/1732 2985/1694/1732 2983/1693/1732
f 3045/1693/1733 2984/1693/1733 2986/1694/1733
f 3044/1679/1670 2955/1679/1670 2985/1694/1670
f 3044/1679/1671 3046/1694/1671 2986/1694/1671
f 3047/1679/1668 3048/1694/1668 2985/1694/1668
f 3047/1679/1669 2956/1679/1669 2986/1694/1669
f 3049/1695/1734 2987/1695/1734 2985/1694/1734
f 3048/1694/1735 2986/1694/1735 2988/1695/1735
f 3047/1679/1676 2955/1679/1676 2987/1695/1676
f 3047/1679/1677 3049/1695/1677 2988/1695/1677
f 3050/1679/1674 3051/1695/1674 2987/1695/1674
f 3050/1679/1675 2956/1679/1675 2988/1695/1675
f 3052/1696/1736 2989/1696/1736 2987/1695/1736
f 3051/1695/1737 2988/1695/1737 2990/1696/1737
f 3050/1679/1682 2955/1679/1682 2989/1696/1682
f 3050/1679/1683 3052/1696/1683 2990/1696/1683
f 3053/1679/1680 3054/1696/1680 2989/1696/1680
f 3053/1679/1681 2956/1679/1681 2990/1696/1681
f 3055/1697/1738 2991/1697/1738 2989/1696/1738
f 3054/1696/1739 2990/1696/1739 2992/1697/1739
f 3053/1679/1688 2955/1679/1688 2991/1697/1688
f 3053/1679/1689 3055/1697/1689 2992/1697/1689
f 3056/1679/1686 3057/1697/1686 2991/1697/1686
f 3056/1679/1687 2956/1679/1687 2992/1697/1687
f 3058/1698/1740 2993/1698/1740 2991/1697/1740
f 3057/1697/1741 2992/1697/1741 2994/1698/1741
f 3056/1679/1694 2955/1679/1694 2993/1698/1694
f 3056/1679/1695 3058/1698/1695 2994/1698/1695
f 3059/1679/1692 3060/1698/1692 2993/1698/1692
f 3059/1679/1693 2956/1679/1693 2994/1698/1693
f 3061/1699/1742 2995/1699/1742 2993/1698/1742
f 3060/1698/1743 2994/1698/1743 2996/1699/1743
f 3059/1679/1700 2955/1679/1700 2995/1699/1700
f 3059/1679/1701 3061/1699/1701 2996/1699/1701
f 3062/1679/1698 3063/1699/1698 2995/1699/1698
f 3062/1679/1699 2956/1679/1699 2996/1699/1699
f 3064/1700/1744 2997/1700/1744 2995/1699/1744
f 3063/1699/1745 2996/1699/1745 2998/1700/1745
f 3062/1679/1706 2955/1679/1706 2997/1700/1706
f 3062/1679/1707 3064/1700/1707 2998/1700/1707
f 3065/1679/1704 3066/1700/1704 2997/1700/1704
f 3065/1679/1705 2956/1679/1705 2998/1700/1705
f 3067/1701/1746 2999/1701/1746 2997/1700/1746
f 3066/1700/1747 2998/1700/1747 3000/1701/1747
f 3065/1679/1712 2955/1679/1712 2999/1701/1712
f 3065/1679/1713 3067/1701/1713 3000/1701/1713
f 3068/1679/1710 3069/1701/1710 2999/1701/1710
f 3068/1679/1711 2956/1679/1711 3000/1701/1711
f 3070/1702/1748 3001/1702/1748 2999/1701/1748
f 3069/1701/1749 3000/1701/1749 3002/1702/1749
f 3068/1679/1718 2955/1679/1718 3001/1702/1718
f 3068/1679/1719 3070/1702/1719 3002/1702/1719
f 3071/1679/1716 3072/1702/1716 3001/1702/1716
f 3071/1679/1717 2956/1679/1717 3002/1702/1717
f 3073/1703/1750 3003/1703/1750 3001/1702/1750
f 3072/1702/1751 3002/1702/1751 3004/1703/1751
f 3071/1679/1724 2955/1679/1724 3003/1703/1724
f 3071/1679/1725 3073/1703/1725 3004/1703/1725
f 3074/1679/1722 3075/1703/1722 3003/1703/1722
f 3074/1679/1723 2956/1679/1723 3004/1703/1723
f 3076/1680/1760 2957/1680/1760 3003/1703/1760
f 3075/1703/1761 3004/1703/1761 2958/1680/1761
f 3074/1679/1728 2955/1679/1728 2957/1680/1728
f 3074/1679/1729 3076/1680/1729 2958/1680/1729
