# Blender 5.2.2 LTS
# www.blender.org
mtllib señal-cruce.mtl
o senal_cruce_ciclistas_poste
v 0.000000 0.000000 -0.030000
v 0.000000 2.200000 -0.030000
v 0.005853 0.000000 -0.029424
v 0.005853 2.200000 -0.029424
v 0.011481 0.000000 -0.027716
v 0.011481 2.200000 -0.027716
v 0.016667 0.000000 -0.024944
v 0.016667 2.200000 -0.024944
v 0.021213 0.000000 -0.021213
v 0.021213 2.200000 -0.021213
v 0.024944 0.000000 -0.016667
v 0.024944 2.200000 -0.016667
v 0.027716 0.000000 -0.011481
v 0.027716 2.200000 -0.011481
v 0.029424 0.000000 -0.005853
v 0.029424 2.200000 -0.005853
v 0.030000 0.000000 0.000000
v 0.030000 2.200000 0.000000
v 0.029424 0.000000 0.005853
v 0.029424 2.200000 0.005853
v 0.027716 0.000000 0.011481
v 0.027716 2.200000 0.011481
v 0.024944 0.000000 0.016667
v 0.024944 2.200000 0.016667
v 0.021213 0.000000 0.021213
v 0.021213 2.200000 0.021213
v 0.016667 0.000000 0.024944
v 0.016667 2.200000 0.024944
v 0.011481 0.000000 0.027716
v 0.011481 2.200000 0.027716
v 0.005853 0.000000 0.029424
v 0.005853 2.200000 0.029424
v 0.000000 0.000000 0.030000
v 0.000000 2.200000 0.030000
v -0.005853 0.000000 0.029424
v -0.005853 2.200000 0.029424
v -0.011481 0.000000 0.027716
v -0.011481 2.200000 0.027716
v -0.016667 0.000000 0.024944
v -0.016667 2.200000 0.024944
v -0.021213 0.000000 0.021213
v -0.021213 2.200000 0.021213
v -0.024944 0.000000 0.016667
v -0.024944 2.200000 0.016667
v -0.027716 0.000000 0.011481
v -0.027716 2.200000 0.011481
v -0.029424 0.000000 0.005853
v -0.029424 2.200000 0.005853
v -0.030000 0.000000 0.000000
v -0.030000 2.200000 0.000000
v -0.029424 0.000000 -0.005853
v -0.029424 2.200000 -0.005853
v -0.027716 0.000000 -0.011481
v -0.027716 2.200000 -0.011481
v -0.024944 0.000000 -0.016667
v -0.024944 2.200000 -0.016667
v -0.021213 0.000000 -0.021213
v -0.021213 2.200000 -0.021213
v -0.016667 0.000000 -0.024944
v -0.016667 2.200000 -0.024944
v -0.011481 0.000000 -0.027716
v -0.011481 2.200000 -0.027716
v -0.005853 0.000000 -0.029424
v -0.005853 2.200000 -0.029424
vn 0.0980 -0.0000 -0.9952
vn 0.2903 -0.0000 -0.9569
vn 0.4714 -0.0000 -0.8819
vn 0.6344 -0.0000 -0.7730
vn 0.7730 -0.0000 -0.6344
vn 0.8819 -0.0000 -0.4714
vn 0.9569 -0.0000 -0.2903
vn 0.9952 -0.0000 -0.0980
vn 0.9952 -0.0000 0.0980
vn 0.9569 -0.0000 0.2903
vn 0.8819 -0.0000 0.4714
vn 0.7730 -0.0000 0.6344
vn 0.6344 -0.0000 0.7730
vn 0.4714 -0.0000 0.8819
vn 0.2903 -0.0000 0.9569
vn 0.0980 -0.0000 0.9952
vn -0.0980 -0.0000 0.9952
vn -0.2903 -0.0000 0.9569
vn -0.4714 -0.0000 0.8819
vn -0.6344 -0.0000 0.7730
vn -0.7730 -0.0000 0.6344
vn -0.8819 -0.0000 0.4714
vn -0.9569 -0.0000 0.2903
vn -0.9952 -0.0000 0.0980
vn -0.9952 -0.0000 -0.0980
vn -0.9569 -0.0000 -0.2903
vn -0.8819 -0.0000 -0.4714
vn -0.7730 -0.0000 -0.6344
vn -0.6344 -0.0000 -0.7730
vn -0.4714 -0.0000 -0.8819
vn -0.0000 1.0000 -0.0000
vn -0.2903 -0.0000 -0.9569
vn -0.0980 -0.0000 -0.9952
vn -0.0000 -1.0000 -0.0000
vt 1.000000 0.500000
vt 1.000000 1.000000
vt 0.968750 1.000000
vt 0.968750 0.500000
vt 0.937500 1.000000
vt 0.937500 0.500000
vt 0.906250 1.000000
vt 0.906250 0.500000
vt 0.875000 1.000000
vt 0.875000 0.500000
vt 0.843750 1.000000
vt 0.843750 0.500000
vt 0.812500 1.000000
vt 0.812500 0.500000
vt 0.781250 1.000000
vt 0.781250 0.500000
vt 0.750000 1.000000
vt 0.750000 0.500000
vt 0.718750 1.000000
vt 0.718750 0.500000
vt 0.687500 1.000000
vt 0.687500 0.500000
vt 0.656250 1.000000
vt 0.656250 0.500000
vt 0.625000 1.000000
vt 0.625000 0.500000
vt 0.593750 1.000000
vt 0.593750 0.500000
vt 0.562500 1.000000
vt 0.562500 0.500000
vt 0.531250 1.000000
vt 0.531250 0.500000
vt 0.500000 1.000000
vt 0.500000 0.500000
vt 0.468750 1.000000
vt 0.468750 0.500000
vt 0.437500 1.000000
vt 0.437500 0.500000
vt 0.406250 1.000000
vt 0.406250 0.500000
vt 0.375000 1.000000
vt 0.375000 0.500000
vt 0.343750 1.000000
vt 0.343750 0.500000
vt 0.312500 1.000000
vt 0.312500 0.500000
vt 0.281250 1.000000
vt 0.281250 0.500000
vt 0.250000 1.000000
vt 0.250000 0.500000
vt 0.218750 1.000000
vt 0.218750 0.500000
vt 0.187500 1.000000
vt 0.187500 0.500000
vt 0.156250 1.000000
vt 0.156250 0.500000
vt 0.125000 1.000000
vt 0.125000 0.500000
vt 0.093750 1.000000
vt 0.093750 0.500000
vt 0.062500 1.000000
vt 0.062500 0.500000
vt 0.296822 0.485388
vt 0.250000 0.490000
vt 0.203178 0.485388
vt 0.158156 0.471731
vt 0.116663 0.449553
vt 0.080294 0.419706
vt 0.050447 0.383337
vt 0.028269 0.341844
vt 0.014612 0.296822
vt 0.010000 0.250000
vt 0.014612 0.203178
vt 0.028269 0.158156
vt 0.050447 0.116663
vt 0.080294 0.080294
vt 0.116663 0.050447
vt 0.158156 0.028269
vt 0.203178 0.014612
vt 0.250000 0.010000
vt 0.296822 0.014612
vt 0.341844 0.028269
vt 0.383337 0.050447
vt 0.419706 0.080294
vt 0.449553 0.116663
vt 0.471731 0.158156
vt 0.485388 0.203178
vt 0.490000 0.250000
vt 0.485388 0.296822
vt 0.471731 0.341844
vt 0.449553 0.383337
vt 0.419706 0.419706
vt 0.383337 0.449553
vt 0.341844 0.471731
vt 0.031250 1.000000
vt 0.031250 0.500000
vt 0.000000 1.000000
vt 0.000000 0.500000
vt 0.750000 0.490000
vt 0.796822 0.485388
vt 0.841844 0.471731
vt 0.883337 0.449553
vt 0.919706 0.419706
vt 0.949553 0.383337
vt 0.971731 0.341844
vt 0.985388 0.296822
vt 0.990000 0.250000
vt 0.985388 0.203178
vt 0.971731 0.158156
vt 0.949553 0.116663
vt 0.919706 0.080294
vt 0.883337 0.050447
vt 0.841844 0.028269
vt 0.796822 0.014612
vt 0.750000 0.010000
vt 0.703178 0.014612
vt 0.658156 0.028269
vt 0.616663 0.050447
vt 0.580294 0.080294
vt 0.550447 0.116663
vt 0.528269 0.158156
vt 0.514612 0.203178
vt 0.510000 0.250000
vt 0.514612 0.296822
vt 0.528269 0.341844
vt 0.550447 0.383337
vt 0.580294 0.419706
vt 0.616663 0.449553
vt 0.658156 0.471731
vt 0.703178 0.485388
s 0
f 1/1/1 2/2/1 4/3/1 3/4/1
f 3/4/2 4/3/2 6/5/2 5/6/2
f 5/6/3 6/5/3 8/7/3 7/8/3
f 7/8/4 8/7/4 10/9/4 9/10/4
f 9/10/5 10/9/5 12/11/5 11/12/5
f 11/12/6 12/11/6 14/13/6 13/14/6
f 13/14/7 14/13/7 16/15/7 15/16/7
f 15/16/8 16/15/8 18/17/8 17/18/8
f 17/18/9 18/17/9 20/19/9 19/20/9
f 19/20/10 20/19/10 22/21/10 21/22/10
f 21/22/11 22/21/11 24/23/11 23/24/11
f 23/24/12 24/23/12 26/25/12 25/26/12
f 25/26/13 26/25/13 28/27/13 27/28/13
f 27/28/14 28/27/14 30/29/14 29/30/14
f 29/30/15 30/29/15 32/31/15 31/32/15
f 31/32/16 32/31/16 34/33/16 33/34/16
f 33/34/17 34/33/17 36/35/17 35/36/17
f 35/36/18 36/35/18 38/37/18 37/38/18
f 37/38/19 38/37/19 40/39/19 39/40/19
f 39/40/20 40/39/20 42/41/20 41/42/20
f 41/42/21 42/41/21 44/43/21 43/44/21
f 43/44/22 44/43/22 46/45/22 45/46/22
f 45/46/23 46/45/23 48/47/23 47/48/23
f 47/48/24 48/47/24 50/49/24 49/50/24
f 49/50/25 50/49/25 52/51/25 51/52/25
f 51/52/26 52/51/26 54/53/26 53/54/26
f 53/54/27 54/53/27 56/55/27 55/56/27
f 55/56/28 56/55/28 58/57/28 57/58/28
f 57/58/29 58/57/29 60/59/29 59/60/29
f 59/60/30 60/59/30 62/61/30 61/62/30
f 4/63/31 2/64/31 64/65/31 62/66/31 60/67/31 58/68/31 56/69/31 54/70/31 52/71/31 50/72/31 48/73/31 46/74/31 44/75/31 42/76/31 40/77/31 38/78/31 36/79/31 34/80/31 32/81/31 30/82/31 28/83/31 26/84/31 24/85/31 22/86/31 20/87/31 18/88/31 16/89/31 14/90/31 12/91/31 10/92/31 8/93/31 6/94/31
f 61/62/32 62/61/32 64/95/32 63/96/32
f 63/96/33 64/95/33 2/97/33 1/98/33
f 1/99/34 3/100/34 5/101/34 7/102/34 9/103/34 11/104/34 13/105/34 15/106/34 17/107/34 19/108/34 21/109/34 23/110/34 25/111/34 27/112/34 29/113/34 31/114/34 33/115/34 35/116/34 37/117/34 39/118/34 41/119/34 43/120/34 45/121/34 47/122/34 49/123/34 51/124/34 53/125/34 55/126/34 57/127/34 59/128/34 61/129/34 63/130/34
o senal_cruce_ciclistas_placa
v 0.000000 2.500000 -0.025000
v 0.606218 1.450000 -0.025000
v -0.606218 1.450000 -0.025000
v 0.000000 1.800000 0.025000
vn 0.1225 0.0707 0.9899
vn -0.0000 -0.0000 -1.0000
vn -0.0000 -0.1414 0.9899
vn -0.1225 0.0707 0.9899
vt 0.250000 0.490000
vt 0.250000 0.250000
vt 0.457846 0.130000
vt 0.750000 0.490000
vt 0.957846 0.130000
vt 0.542154 0.130000
vt 0.042154 0.130000
s 0
f 65/131/35 68/132/35 66/133/35
f 65/134/36 66/135/36 67/136/36
f 66/133/37 68/132/37 67/137/37
f 67/137/38 68/132/38 65/131/38
o senal_cruce_ciclistas_texto
v 0.217859 1.719005 0.055000
v 0.216453 1.720123 0.055000
v 0.215061 1.721097 0.055000
v 0.213685 1.721936 0.055000
v 0.212329 1.722646 0.055000
v 0.210994 1.723236 0.055000
v 0.209684 1.723714 0.055000
v 0.208401 1.724088 0.055000
v 0.207147 1.724365 0.055000
v 0.205927 1.724553 0.055000
v 0.204742 1.724660 0.055000
v 0.203595 1.724694 0.055000
v 0.202090 1.724628 0.055000
v 0.200667 1.724433 0.055000
v 0.199337 1.724115 0.055000
v 0.198107 1.723681 0.055000
v 0.196988 1.723137 0.055000
v 0.195988 1.722489 0.055000
v 0.195116 1.721743 0.055000
v 0.194383 1.720905 0.055000
v 0.193797 1.719981 0.055000
v 0.193366 1.718977 0.055000
v 0.193101 1.717900 0.055000
v 0.193011 1.716756 0.055000
v 0.193580 1.713798 0.055000
v 0.195152 1.711264 0.055000
v 0.197528 1.709032 0.055000
v 0.200506 1.706985 0.055000
v 0.203886 1.705002 0.055000
v 0.207466 1.702963 0.055000
v 0.211046 1.700748 0.055000
v 0.214426 1.698238 0.055000
v 0.217404 1.695312 0.055000
v 0.219780 1.691852 0.055000
v 0.221352 1.687737 0.055000
v 0.221921 1.682848 0.055000
v 0.221759 1.680289 0.055000
v 0.221283 1.677864 0.055000
v 0.220512 1.675591 0.055000
v 0.219464 1.673487 0.055000
v 0.218155 1.671568 0.055000
v 0.216605 1.669851 0.055000
v 0.214829 1.668352 0.055000
v 0.212847 1.667088 0.055000
v 0.210676 1.666076 0.055000
v 0.208333 1.665333 0.055000
v 0.205836 1.664875 0.055000
v 0.203203 1.664718 0.055000
v 0.201418 1.664759 0.055000
v 0.199686 1.664883 0.055000
v 0.198004 1.665090 0.055000
v 0.196368 1.665382 0.055000
v 0.194775 1.665760 0.055000
v 0.193219 1.666225 0.055000
v 0.191699 1.666777 0.055000
v 0.190209 1.667418 0.055000
v 0.188746 1.668150 0.055000
v 0.187307 1.668972 0.055000
v 0.185888 1.669885 0.055000
v 0.184485 1.670892 0.055000
v 0.184485 1.683044 0.055000
v 0.185736 1.681536 0.055000
v 0.187037 1.680148 0.055000
v 0.188385 1.678882 0.055000
v 0.189777 1.677741 0.055000
v 0.191210 1.676727 0.055000
v 0.192680 1.675841 0.055000
v 0.194185 1.675086 0.055000
v 0.195722 1.674464 0.055000
v 0.197288 1.673976 0.055000
v 0.198879 1.673625 0.055000
v 0.200492 1.673413 0.055000
v 0.202125 1.673342 0.055000
v 0.203904 1.673437 0.055000
v 0.205517 1.673708 0.055000
v 0.206967 1.674135 0.055000
v 0.208255 1.674700 0.055000
v 0.209385 1.675381 0.055000
v 0.210357 1.676160 0.055000
v 0.211174 1.677016 0.055000
v 0.211838 1.677930 0.055000
v 0.212351 1.678882 0.055000
v 0.212714 1.679853 0.055000
v 0.212931 1.680822 0.055000
v 0.213003 1.681770 0.055000
v 0.212434 1.684986 0.055000
v 0.210862 1.687793 0.055000
v 0.208486 1.690290 0.055000
v 0.205508 1.692579 0.055000
v 0.202128 1.694761 0.055000
v 0.198548 1.696936 0.055000
v 0.194968 1.699204 0.055000
v 0.191588 1.701668 0.055000
v 0.188610 1.704426 0.055000
v 0.186234 1.707581 0.055000
v 0.184662 1.711233 0.055000
v 0.184093 1.715482 0.055000
v 0.184258 1.718118 0.055000
v 0.184745 1.720580 0.055000
v 0.185540 1.722858 0.055000
v 0.186630 1.724941 0.055000
v 0.188002 1.726818 0.055000
v 0.189642 1.728479 0.055000
v 0.191538 1.729914 0.055000
v 0.193675 1.731111 0.055000
v 0.196041 1.732061 0.055000
v 0.198623 1.732752 0.055000
v 0.201406 1.733175 0.055000
v 0.204379 1.733318 0.055000
v 0.205653 1.733285 0.055000
v 0.206925 1.733187 0.055000
v 0.208195 1.733024 0.055000
v 0.209460 1.732795 0.055000
v 0.210721 1.732501 0.055000
v 0.211974 1.732142 0.055000
v 0.213219 1.731717 0.055000
v 0.214455 1.731227 0.055000
v 0.215680 1.730672 0.055000
v 0.216892 1.730051 0.055000
v 0.218091 1.729365 0.055000
v 0.219275 1.728614 0.055000
v 0.219275 1.717736 0.055000
v 0.170373 1.665600 0.055000
v 0.161455 1.685298 0.055000
v 0.133035 1.685298 0.055000
v 0.124607 1.665600 0.055000
v 0.114807 1.665600 0.055000
v 0.143521 1.732828 0.055000
v 0.150283 1.732828 0.055000
v 0.180173 1.665600 0.055000
v 0.157535 1.693922 0.055000
v 0.146755 1.718128 0.055000
v 0.136759 1.693922 0.055000
v 0.090013 1.723812 0.055000
v 0.090013 1.665600 0.055000
v 0.080409 1.665600 0.055000
v 0.080409 1.723812 0.055000
v 0.057281 1.723812 0.055000
v 0.057281 1.732436 0.055000
v 0.113141 1.732436 0.055000
v 0.113141 1.723812 0.055000
v 0.048417 1.719005 0.055000
v 0.047011 1.720123 0.055000
v 0.045619 1.721097 0.055000
v 0.044243 1.721936 0.055000
v 0.042887 1.722646 0.055000
v 0.041552 1.723236 0.055000
v 0.040242 1.723714 0.055000
v 0.038959 1.724088 0.055000
v 0.037705 1.724365 0.055000
v 0.036485 1.724553 0.055000
v 0.035300 1.724660 0.055000
v 0.034153 1.724694 0.055000
v 0.032648 1.724628 0.055000
v 0.031225 1.724433 0.055000
v 0.029895 1.724115 0.055000
v 0.028665 1.723681 0.055000
v 0.027546 1.723137 0.055000
v 0.026546 1.722489 0.055000
v 0.025674 1.721743 0.055000
v 0.024941 1.720905 0.055000
v 0.024355 1.719981 0.055000
v 0.023924 1.718977 0.055000
v 0.023659 1.717900 0.055000
v 0.023569 1.716756 0.055000
v 0.024138 1.713798 0.055000
v 0.025710 1.711264 0.055000
v 0.028086 1.709032 0.055000
v 0.031064 1.706985 0.055000
v 0.034444 1.705002 0.055000
v 0.038024 1.702963 0.055000
v 0.041604 1.700748 0.055000
v 0.044984 1.698238 0.055000
v 0.047962 1.695312 0.055000
v 0.050338 1.691852 0.055000
v 0.051910 1.687737 0.055000
v 0.052479 1.682848 0.055000
v 0.052317 1.680289 0.055000
v 0.051841 1.677864 0.055000
v 0.051070 1.675591 0.055000
v 0.050022 1.673487 0.055000
v 0.048713 1.671568 0.055000
v 0.047162 1.669851 0.055000
v 0.045387 1.668352 0.055000
v 0.043405 1.667088 0.055000
v 0.041233 1.666076 0.055000
v 0.038891 1.665333 0.055000
v 0.036394 1.664875 0.055000
v 0.033761 1.664718 0.055000
v 0.031976 1.664759 0.055000
v 0.030244 1.664883 0.055000
v 0.028562 1.665090 0.055000
v 0.026926 1.665382 0.055000
v 0.025333 1.665760 0.055000
v 0.023777 1.666225 0.055000
v 0.022257 1.666777 0.055000
v 0.020767 1.667418 0.055000
v 0.019304 1.668150 0.055000
v 0.017865 1.668972 0.055000
v 0.016446 1.669885 0.055000
v 0.015043 1.670892 0.055000
v 0.015043 1.683044 0.055000
v 0.016294 1.681536 0.055000
v 0.017595 1.680148 0.055000
v 0.018943 1.678882 0.055000
v 0.020335 1.677741 0.055000
v 0.021768 1.676727 0.055000
v 0.023238 1.675841 0.055000
v 0.024743 1.675086 0.055000
v 0.026280 1.674464 0.055000
v 0.027846 1.673976 0.055000
v 0.029437 1.673625 0.055000
v 0.031050 1.673413 0.055000
v 0.032683 1.673342 0.055000
v 0.034462 1.673437 0.055000
v 0.036075 1.673708 0.055000
v 0.037525 1.674135 0.055000
v 0.038813 1.674700 0.055000
v 0.039943 1.675381 0.055000
v 0.040915 1.676160 0.055000
v 0.041732 1.677016 0.055000
v 0.042396 1.677930 0.055000
v 0.042909 1.678882 0.055000
v 0.043272 1.679853 0.055000
v 0.043489 1.680822 0.055000
v 0.043561 1.681770 0.055000
v 0.042992 1.684986 0.055000
v 0.041420 1.687793 0.055000
v 0.039044 1.690290 0.055000
v 0.036066 1.692579 0.055000
v 0.032686 1.694761 0.055000
v 0.029106 1.696936 0.055000
v 0.025526 1.699204 0.055000
v 0.022146 1.701668 0.055000
v 0.019168 1.704426 0.055000
v 0.016792 1.707581 0.055000
v 0.015220 1.711233 0.055000
v 0.014651 1.715482 0.055000
v 0.014816 1.718118 0.055000
v 0.015303 1.720580 0.055000
v 0.016098 1.722858 0.055000
v 0.017188 1.724941 0.055000
v 0.018560 1.726818 0.055000
v 0.020200 1.728479 0.055000
v 0.022096 1.729914 0.055000
v 0.024233 1.731111 0.055000
v 0.026599 1.732061 0.055000
v 0.029181 1.732752 0.055000
v 0.031964 1.733175 0.055000
v 0.034937 1.733318 0.055000
v 0.036211 1.733285 0.055000
v 0.037483 1.733187 0.055000
v 0.038753 1.733024 0.055000
v 0.040018 1.732795 0.055000
v 0.041279 1.732501 0.055000
v 0.042532 1.732142 0.055000
v 0.043777 1.731717 0.055000
v 0.045013 1.731227 0.055000
v 0.046238 1.730672 0.055000
v 0.047450 1.730051 0.055000
v 0.048649 1.729365 0.055000
v 0.049833 1.728614 0.055000
v 0.049833 1.717736 0.055000
v -0.006321 1.665600 0.055000
v -0.006321 1.732436 0.055000
v 0.003283 1.732436 0.055000
v 0.003283 1.665600 0.055000
v -0.014749 1.674224 0.055000
v -0.014749 1.665600 0.055000
v -0.054537 1.665600 0.055000
v -0.054537 1.732436 0.055000
v -0.044933 1.732436 0.055000
v -0.044933 1.674224 0.055000
v -0.068920 1.718686 0.055000
v -0.070912 1.719723 0.055000
v -0.072868 1.720653 0.055000
v -0.074794 1.721478 0.055000
v -0.076697 1.722200 0.055000
v -0.078584 1.722820 0.055000
v -0.080460 1.723340 0.055000
v -0.082333 1.723761 0.055000
v -0.084208 1.724086 0.055000
v -0.086093 1.724316 0.055000
v -0.087993 1.724453 0.055000
v -0.089915 1.724498 0.055000
v -0.093651 1.724275 0.055000
v -0.097198 1.723624 0.055000
v -0.100530 1.722569 0.055000
v -0.103621 1.721133 0.055000
v -0.106445 1.719343 0.055000
v -0.108976 1.717221 0.055000
v -0.111189 1.714794 0.055000
v -0.113058 1.712085 0.055000
v -0.114556 1.709118 0.055000
v -0.115658 1.705919 0.055000
v -0.116338 1.702511 0.055000
v -0.116571 1.698920 0.055000
v -0.116346 1.695271 0.055000
v -0.115684 1.691834 0.055000
v -0.114605 1.688629 0.055000
v -0.113130 1.685676 0.055000
v -0.111280 1.682995 0.055000
v -0.109074 1.680606 0.055000
v -0.106534 1.678530 0.055000
v -0.103679 1.676787 0.055000
v -0.100530 1.675395 0.055000
v -0.097107 1.674377 0.055000
v -0.093431 1.673751 0.055000
v -0.089523 1.673538 0.055000
v -0.087623 1.673593 0.055000
v -0.085699 1.673757 0.055000
v -0.083756 1.674028 0.055000
v -0.081799 1.674406 0.055000
v -0.079832 1.674888 0.055000
v -0.077861 1.675474 0.055000
v -0.075890 1.676161 0.055000
v -0.073923 1.676950 0.055000
v -0.071966 1.677838 0.055000
v -0.070023 1.678824 0.055000
v -0.068099 1.679906 0.055000
v -0.066199 1.681084 0.055000
v -0.066199 1.670598 0.055000
v -0.067854 1.669762 0.055000
v -0.069544 1.668972 0.055000
v -0.071277 1.668232 0.055000
v -0.073063 1.667549 0.055000
v -0.074911 1.666927 0.055000
v -0.076832 1.666372 0.055000
v -0.078834 1.665888 0.055000
v -0.080928 1.665480 0.055000
v -0.083122 1.665154 0.055000
v -0.085427 1.664915 0.055000
v -0.087851 1.664768 0.055000
v -0.090405 1.664718 0.055000
v -0.096385 1.665106 0.055000
v -0.101788 1.666213 0.055000
v -0.106624 1.667954 0.055000
v -0.110905 1.670242 0.055000
v -0.114642 1.672994 0.055000
v -0.117845 1.676123 0.055000
v -0.120526 1.679544 0.055000
v -0.122694 1.683171 0.055000
v -0.124362 1.686920 0.055000
v -0.125540 1.690704 0.055000
v -0.126239 1.694439 0.055000
v -0.126469 1.698038 0.055000
v -0.126154 1.703014 0.055000
v -0.125231 1.707729 0.055000
v -0.123733 1.712150 0.055000
v -0.121692 1.716244 0.055000
v -0.119143 1.719979 0.055000
v -0.116118 1.723322 0.055000
v -0.112649 1.726240 0.055000
v -0.108771 1.728701 0.055000
v -0.104515 1.730672 0.055000
v -0.099916 1.732120 0.055000
v -0.095006 1.733013 0.055000
v -0.089817 1.733318 0.055000
v -0.088099 1.733283 0.055000
v -0.086369 1.733177 0.055000
v -0.084621 1.732998 0.055000
v -0.082848 1.732745 0.055000
v -0.081042 1.732415 0.055000
v -0.079196 1.732007 0.055000
v -0.077303 1.731520 0.055000
v -0.075357 1.730952 0.055000
v -0.073348 1.730300 0.055000
v -0.071272 1.729564 0.055000
v -0.069120 1.728741 0.055000
v -0.066885 1.727830 0.055000
v -0.066885 1.717540 0.055000
v -0.148225 1.665600 0.055000
v -0.148225 1.732436 0.055000
v -0.138621 1.732436 0.055000
v -0.138621 1.665600 0.055000
v -0.162804 1.718686 0.055000
v -0.164796 1.719723 0.055000
v -0.166752 1.720653 0.055000
v -0.168678 1.721478 0.055000
v -0.170581 1.722200 0.055000
v -0.172468 1.722820 0.055000
v -0.174344 1.723340 0.055000
v -0.176217 1.723761 0.055000
v -0.178092 1.724086 0.055000
v -0.179977 1.724316 0.055000
v -0.181877 1.724453 0.055000
v -0.183799 1.724498 0.055000
v -0.187535 1.724275 0.055000
v -0.191082 1.723624 0.055000
v -0.194414 1.722569 0.055000
v -0.197505 1.721133 0.055000
v -0.200329 1.719343 0.055000
v -0.202860 1.717221 0.055000
v -0.205073 1.714794 0.055000
v -0.206942 1.712085 0.055000
v -0.208440 1.709118 0.055000
v -0.209542 1.705919 0.055000
v -0.210222 1.702511 0.055000
v -0.210455 1.698920 0.055000
v -0.210230 1.695271 0.055000
v -0.209568 1.691834 0.055000
v -0.208489 1.688629 0.055000
v -0.207014 1.685676 0.055000
v -0.205164 1.682995 0.055000
v -0.202958 1.680606 0.055000
v -0.200418 1.678530 0.055000
v -0.197563 1.676787 0.055000
v -0.194414 1.675395 0.055000
v -0.190991 1.674377 0.055000
v -0.187315 1.673751 0.055000
v -0.183407 1.673538 0.055000
v -0.181507 1.673593 0.055000
v -0.179583 1.673757 0.055000
v -0.177640 1.674028 0.055000
v -0.175683 1.674406 0.055000
v -0.173716 1.674888 0.055000
v -0.171745 1.675474 0.055000
v -0.169774 1.676161 0.055000
v -0.167807 1.676950 0.055000
v -0.165850 1.677838 0.055000
v -0.163907 1.678824 0.055000
v -0.161983 1.679906 0.055000
v -0.160083 1.681084 0.055000
v -0.160083 1.670598 0.055000
v -0.161738 1.669762 0.055000
v -0.163428 1.668972 0.055000
v -0.165161 1.668232 0.055000
v -0.166947 1.667549 0.055000
v -0.168795 1.666927 0.055000
v -0.170716 1.666372 0.055000
v -0.172718 1.665888 0.055000
v -0.174812 1.665480 0.055000
v -0.177006 1.665154 0.055000
v -0.179311 1.664915 0.055000
v -0.181735 1.664768 0.055000
v -0.184289 1.664718 0.055000
v -0.190269 1.665106 0.055000
v -0.195672 1.666213 0.055000
v -0.200508 1.667954 0.055000
v -0.204789 1.670242 0.055000
v -0.208526 1.672994 0.055000
v -0.211729 1.676123 0.055000
v -0.214410 1.679544 0.055000
v -0.216578 1.683171 0.055000
v -0.218246 1.686920 0.055000
v -0.219424 1.690704 0.055000
v -0.220123 1.694439 0.055000
v -0.220353 1.698038 0.055000
v -0.220038 1.703014 0.055000
v -0.219115 1.707729 0.055000
v -0.217617 1.712150 0.055000
v -0.215576 1.716244 0.055000
v -0.213027 1.719979 0.055000
v -0.210002 1.723322 0.055000
v -0.206533 1.726240 0.055000
v -0.202655 1.728701 0.055000
v -0.198399 1.730672 0.055000
v -0.193800 1.732120 0.055000
v -0.188890 1.733013 0.055000
v -0.183701 1.733318 0.055000
v -0.181983 1.733283 0.055000
v -0.180253 1.733177 0.055000
v -0.178505 1.732998 0.055000
v -0.176732 1.732745 0.055000
v -0.174926 1.732415 0.055000
v -0.173080 1.732007 0.055000
v -0.171187 1.731520 0.055000
v -0.169241 1.730952 0.055000
v -0.167232 1.730300 0.055000
v -0.165156 1.729564 0.055000
v -0.163004 1.728741 0.055000
v -0.160769 1.727830 0.055000
v -0.160769 1.717540 0.055000
v 0.217859 1.719005 0.035000
v 0.216453 1.720123 0.035000
v 0.215061 1.721097 0.035000
v 0.213685 1.721936 0.035000
v 0.212329 1.722646 0.035000
v 0.210994 1.723236 0.035000
v 0.209684 1.723714 0.035000
v 0.208401 1.724088 0.035000
v 0.207147 1.724365 0.035000
v 0.205927 1.724553 0.035000
v 0.204742 1.724660 0.035000
v 0.203595 1.724694 0.035000
v 0.202090 1.724628 0.035000
v 0.200667 1.724433 0.035000
v 0.199337 1.724115 0.035000
v 0.198107 1.723681 0.035000
v 0.196988 1.723137 0.035000
v 0.195988 1.722489 0.035000
v 0.195116 1.721743 0.035000
v 0.194383 1.720905 0.035000
v 0.193797 1.719981 0.035000
v 0.193366 1.718977 0.035000
v 0.193101 1.717900 0.035000
v 0.193011 1.716756 0.035000
v 0.193580 1.713798 0.035000
v 0.195152 1.711264 0.035000
v 0.197528 1.709032 0.035000
v 0.200506 1.706985 0.035000
v 0.203886 1.705002 0.035000
v 0.207466 1.702963 0.035000
v 0.211046 1.700748 0.035000
v 0.214426 1.698238 0.035000
v 0.217404 1.695312 0.035000
v 0.219780 1.691852 0.035000
v 0.221352 1.687737 0.035000
v 0.221921 1.682848 0.035000
v 0.221759 1.680289 0.035000
v 0.221283 1.677864 0.035000
v 0.220512 1.675591 0.035000
v 0.219464 1.673487 0.035000
v 0.218155 1.671568 0.035000
v 0.216605 1.669851 0.035000
v 0.214829 1.668352 0.035000
v 0.212847 1.667088 0.035000
v 0.210676 1.666076 0.035000
v 0.208333 1.665333 0.035000
v 0.205836 1.664875 0.035000
v 0.203203 1.664718 0.035000
v 0.201418 1.664759 0.035000
v 0.199686 1.664883 0.035000
v 0.198004 1.665090 0.035000
v 0.196368 1.665382 0.035000
v 0.194775 1.665760 0.035000
v 0.193219 1.666225 0.035000
v 0.191699 1.666777 0.035000
v 0.190209 1.667418 0.035000
v 0.188746 1.668150 0.035000
v 0.187307 1.668972 0.035000
v 0.185888 1.669885 0.035000
v 0.184485 1.670892 0.035000
v 0.184485 1.683044 0.035000
v 0.185736 1.681536 0.035000
v 0.187037 1.680148 0.035000
v 0.188385 1.678882 0.035000
v 0.189777 1.677741 0.035000
v 0.191210 1.676727 0.035000
v 0.192680 1.675841 0.035000
v 0.194185 1.675086 0.035000
v 0.195722 1.674464 0.035000
v 0.197288 1.673976 0.035000
v 0.198879 1.673625 0.035000
v 0.200492 1.673413 0.035000
v 0.202125 1.673342 0.035000
v 0.203904 1.673437 0.035000
v 0.205517 1.673708 0.035000
v 0.206967 1.674135 0.035000
v 0.208255 1.674700 0.035000
v 0.209385 1.675381 0.035000
v 0.210357 1.676160 0.035000
v 0.211174 1.677016 0.035000
v 0.211838 1.677930 0.035000
v 0.212351 1.678882 0.035000
v 0.212714 1.679853 0.035000
v 0.212931 1.680822 0.035000
v 0.213003 1.681770 0.035000
v 0.212434 1.684986 0.035000
v 0.210862 1.687793 0.035000
v 0.208486 1.690290 0.035000
v 0.205508 1.692579 0.035000
v 0.202128 1.694761 0.035000
v 0.198548 1.696936 0.035000
v 0.194968 1.699204 0.035000
v 0.191588 1.701668 0.035000
v 0.188610 1.704426 0.035000
v 0.186234 1.707581 0.035000
v 0.184662 1.711233 0.035000
v 0.184093 1.715482 0.035000
v 0.184258 1.718118 0.035000
v 0.184745 1.720580 0.035000
v 0.185540 1.722858 0.035000
v 0.186630 1.724941 0.035000
v 0.188002 1.726818 0.035000
v 0.189642 1.728479 0.035000
v 0.191538 1.729914 0.035000
v 0.193675 1.731111 0.035000
v 0.196041 1.732061 0.035000
v 0.198623 1.732752 0.035000
v 0.201406 1.733175 0.035000
v 0.204379 1.733318 0.035000
v 0.205653 1.733285 0.035000
v 0.206925 1.733187 0.035000
v 0.208195 1.733024 0.035000
v 0.209460 1.732795 0.035000
v 0.210721 1.732501 0.035000
v 0.211974 1.732142 0.035000
v 0.213219 1.731717 0.035000
v 0.214455 1.731227 0.035000
v 0.215680 1.730672 0.035000
v 0.216892 1.730051 0.035000
v 0.218091 1.729365 0.035000
v 0.219275 1.728614 0.035000
v 0.219275 1.717736 0.035000
v 0.170373 1.665600 0.035000
v 0.161455 1.685298 0.035000
v 0.133035 1.685298 0.035000
v 0.124607 1.665600 0.035000
v 0.114807 1.665600 0.035000
v 0.143521 1.732828 0.035000
v 0.150283 1.732828 0.035000
v 0.180173 1.665600 0.035000
v 0.157535 1.693922 0.035000
v 0.146755 1.718128 0.035000
v 0.136759 1.693922 0.035000
v 0.090013 1.723812 0.035000
v 0.090013 1.665600 0.035000
v 0.080409 1.665600 0.035000
v 0.080409 1.723812 0.035000
v 0.057281 1.723812 0.035000
v 0.057281 1.732436 0.035000
v 0.113141 1.732436 0.035000
v 0.113141 1.723812 0.035000
v 0.048417 1.719005 0.035000
v 0.047011 1.720123 0.035000
v 0.045619 1.721097 0.035000
v 0.044243 1.721936 0.035000
v 0.042887 1.722646 0.035000
v 0.041552 1.723236 0.035000
v 0.040242 1.723714 0.035000
v 0.038959 1.724088 0.035000
v 0.037705 1.724365 0.035000
v 0.036485 1.724553 0.035000
v 0.035300 1.724660 0.035000
v 0.034153 1.724694 0.035000
v 0.032648 1.724628 0.035000
v 0.031225 1.724433 0.035000
v 0.029895 1.724115 0.035000
v 0.028665 1.723681 0.035000
v 0.027546 1.723137 0.035000
v 0.026546 1.722489 0.035000
v 0.025674 1.721743 0.035000
v 0.024941 1.720905 0.035000
v 0.024355 1.719981 0.035000
v 0.023924 1.718977 0.035000
v 0.023659 1.717900 0.035000
v 0.023569 1.716756 0.035000
v 0.024138 1.713798 0.035000
v 0.025710 1.711264 0.035000
v 0.028086 1.709032 0.035000
v 0.031064 1.706985 0.035000
v 0.034444 1.705002 0.035000
v 0.038024 1.702963 0.035000
v 0.041604 1.700748 0.035000
v 0.044984 1.698238 0.035000
v 0.047962 1.695312 0.035000
v 0.050338 1.691852 0.035000
v 0.051910 1.687737 0.035000
v 0.052479 1.682848 0.035000
v 0.052317 1.680289 0.035000
v 0.051841 1.677864 0.035000
v 0.051070 1.675591 0.035000
v 0.050022 1.673487 0.035000
v 0.048713 1.671568 0.035000
v 0.047162 1.669851 0.035000
v 0.045387 1.668352 0.035000
v 0.043405 1.667088 0.035000
v 0.041233 1.666076 0.035000
v 0.038891 1.665333 0.035000
v 0.036394 1.664875 0.035000
v 0.033761 1.664718 0.035000
v 0.031976 1.664759 0.035000
v 0.030244 1.664883 0.035000
v 0.028562 1.665090 0.035000
v 0.026926 1.665382 0.035000
v 0.025333 1.665760 0.035000
v 0.023777 1.666225 0.035000
v 0.022257 1.666777 0.035000
v 0.020767 1.667418 0.035000
v 0.019304 1.668150 0.035000
v 0.017865 1.668972 0.035000
v 0.016446 1.669885 0.035000
v 0.015043 1.670892 0.035000
v 0.015043 1.683044 0.035000
v 0.016294 1.681536 0.035000
v 0.017595 1.680148 0.035000
v 0.018943 1.678882 0.035000
v 0.020335 1.677741 0.035000
v 0.021768 1.676727 0.035000
v 0.023238 1.675841 0.035000
v 0.024743 1.675086 0.035000
v 0.026280 1.674464 0.035000
v 0.027846 1.673976 0.035000
v 0.029437 1.673625 0.035000
v 0.031050 1.673413 0.035000
v 0.032683 1.673342 0.035000
v 0.034462 1.673437 0.035000
v 0.036075 1.673708 0.035000
v 0.037525 1.674135 0.035000
v 0.038813 1.674700 0.035000
v 0.039943 1.675381 0.035000
v 0.040915 1.676160 0.035000
v 0.041732 1.677016 0.035000
v 0.042396 1.677930 0.035000
v 0.042909 1.678882 0.035000
v 0.043272 1.679853 0.035000
v 0.043489 1.680822 0.035000
v 0.043561 1.681770 0.035000
v 0.042992 1.684986 0.035000
v 0.041420 1.687793 0.035000
v 0.039044 1.690290 0.035000
v 0.036066 1.692579 0.035000
v 0.032686 1.694761 0.035000
v 0.029106 1.696936 0.035000
v 0.025526 1.699204 0.035000
v 0.022146 1.701668 0.035000
v 0.019168 1.704426 0.035000
v 0.016792 1.707581 0.035000
v 0.015220 1.711233 0.035000
v 0.014651 1.715482 0.035000
v 0.014816 1.718118 0.035000
v 0.015303 1.720580 0.035000
v 0.016098 1.722858 0.035000
v 0.017188 1.724941 0.035000
v 0.018560 1.726818 0.035000
v 0.020200 1.728479 0.035000
v 0.022096 1.729914 0.035000
v 0.024233 1.731111 0.035000
v 0.026599 1.732061 0.035000
v 0.029181 1.732752 0.035000
v 0.031964 1.733175 0.035000
v 0.034937 1.733318 0.035000
v 0.036211 1.733285 0.035000
v 0.037483 1.733187 0.035000
v 0.038753 1.733024 0.035000
v 0.040018 1.732795 0.035000
v 0.041279 1.732501 0.035000
v 0.042532 1.732142 0.035000
v 0.043777 1.731717 0.035000
v 0.045013 1.731227 0.035000
v 0.046238 1.730672 0.035000
v 0.047450 1.730051 0.035000
v 0.048649 1.729365 0.035000
v 0.049833 1.728614 0.035000
v 0.049833 1.717736 0.035000
v -0.006321 1.665600 0.035000
v -0.006321 1.732436 0.035000
v 0.003283 1.732436 0.035000
v 0.003283 1.665600 0.035000
v -0.014749 1.674224 0.035000
v -0.014749 1.665600 0.035000
v -0.054537 1.665600 0.035000
v -0.054537 1.732436 0.035000
v -0.044933 1.732436 0.035000
v -0.044933 1.674224 0.035000
v -0.068920 1.718686 0.035000
v -0.070912 1.719723 0.035000
v -0.072868 1.720653 0.035000
v -0.074794 1.721478 0.035000
v -0.076697 1.722200 0.035000
v -0.078584 1.722820 0.035000
v -0.080460 1.723340 0.035000
v -0.082333 1.723761 0.035000
v -0.084208 1.724086 0.035000
v -0.086093 1.724316 0.035000
v -0.087993 1.724453 0.035000
v -0.089915 1.724498 0.035000
v -0.093651 1.724275 0.035000
v -0.097198 1.723624 0.035000
v -0.100530 1.722569 0.035000
v -0.103621 1.721133 0.035000
v -0.106445 1.719343 0.035000
v -0.108976 1.717221 0.035000
v -0.111189 1.714794 0.035000
v -0.113058 1.712085 0.035000
v -0.114556 1.709118 0.035000
v -0.115658 1.705919 0.035000
v -0.116338 1.702511 0.035000
v -0.116571 1.698920 0.035000
v -0.116346 1.695271 0.035000
v -0.115684 1.691834 0.035000
v -0.114605 1.688629 0.035000
v -0.113130 1.685676 0.035000
v -0.111280 1.682995 0.035000
v -0.109074 1.680606 0.035000
v -0.106534 1.678530 0.035000
v -0.103679 1.676787 0.035000
v -0.100530 1.675395 0.035000
v -0.097107 1.674377 0.035000
v -0.093431 1.673751 0.035000
v -0.089523 1.673538 0.035000
v -0.087623 1.673593 0.035000
v -0.085699 1.673757 0.035000
v -0.083756 1.674028 0.035000
v -0.081799 1.674406 0.035000
v -0.079832 1.674888 0.035000
v -0.077861 1.675474 0.035000
v -0.075890 1.676161 0.035000
v -0.073923 1.676950 0.035000
v -0.071966 1.677838 0.035000
v -0.070023 1.678824 0.035000
v -0.068099 1.679906 0.035000
v -0.066199 1.681084 0.035000
v -0.066199 1.670598 0.035000
v -0.067854 1.669762 0.035000
v -0.069544 1.668972 0.035000
v -0.071277 1.668232 0.035000
v -0.073063 1.667549 0.035000
v -0.074911 1.666927 0.035000
v -0.076832 1.666372 0.035000
v -0.078834 1.665888 0.035000
v -0.080928 1.665480 0.035000
v -0.083122 1.665154 0.035000
v -0.085427 1.664915 0.035000
v -0.087851 1.664768 0.035000
v -0.090405 1.664718 0.035000
v -0.096385 1.665106 0.035000
v -0.101788 1.666213 0.035000
v -0.106624 1.667954 0.035000
v -0.110905 1.670242 0.035000
v -0.114642 1.672994 0.035000
v -0.117845 1.676123 0.035000
v -0.120526 1.679544 0.035000
v -0.122694 1.683171 0.035000
v -0.124362 1.686920 0.035000
v -0.125540 1.690704 0.035000
v -0.126239 1.694439 0.035000
v -0.126469 1.698038 0.035000
v -0.126154 1.703014 0.035000
v -0.125231 1.707729 0.035000
v -0.123733 1.712150 0.035000
v -0.121692 1.716244 0.035000
v -0.119143 1.719979 0.035000
v -0.116118 1.723322 0.035000
v -0.112649 1.726240 0.035000
v -0.108771 1.728701 0.035000
v -0.104515 1.730672 0.035000
v -0.099916 1.732120 0.035000
v -0.095006 1.733013 0.035000
v -0.089817 1.733318 0.035000
v -0.088099 1.733283 0.035000
v -0.086369 1.733177 0.035000
v -0.084621 1.732998 0.035000
v -0.082848 1.732745 0.035000
v -0.081042 1.732415 0.035000
v -0.079196 1.732007 0.035000
v -0.077303 1.731520 0.035000
v -0.075357 1.730952 0.035000
v -0.073348 1.730300 0.035000
v -0.071272 1.729564 0.035000
v -0.069120 1.728741 0.035000
v -0.066885 1.727830 0.035000
v -0.066885 1.717540 0.035000
v -0.148225 1.665600 0.035000
v -0.148225 1.732436 0.035000
v -0.138621 1.732436 0.035000
v -0.138621 1.665600 0.035000
v -0.162804 1.718686 0.035000
v -0.164796 1.719723 0.035000
v -0.166752 1.720653 0.035000
v -0.168678 1.721478 0.035000
v -0.170581 1.722200 0.035000
v -0.172468 1.722820 0.035000
v -0.174344 1.723340 0.035000
v -0.176217 1.723761 0.035000
v -0.178092 1.724086 0.035000
v -0.179977 1.724316 0.035000
v -0.181877 1.724453 0.035000
v -0.183799 1.724498 0.035000
v -0.187535 1.724275 0.035000
v -0.191082 1.723624 0.035000
v -0.194414 1.722569 0.035000
v -0.197505 1.721133 0.035000
v -0.200329 1.719343 0.035000
v -0.202860 1.717221 0.035000
v -0.205073 1.714794 0.035000
v -0.206942 1.712085 0.035000
v -0.208440 1.709118 0.035000
v -0.209542 1.705919 0.035000
v -0.210222 1.702511 0.035000
v -0.210455 1.698920 0.035000
v -0.210230 1.695271 0.035000
v -0.209568 1.691834 0.035000
v -0.208489 1.688629 0.035000
v -0.207014 1.685676 0.035000
v -0.205164 1.682995 0.035000
v -0.202958 1.680606 0.035000
v -0.200418 1.678530 0.035000
v -0.197563 1.676787 0.035000
v -0.194414 1.675395 0.035000
v -0.190991 1.674377 0.035000
v -0.187315 1.673751 0.035000
v -0.183407 1.673538 0.035000
v -0.181507 1.673593 0.035000
v -0.179583 1.673757 0.035000
v -0.177640 1.674028 0.035000
v -0.175683 1.674406 0.035000
v -0.173716 1.674888 0.035000
v -0.171745 1.675474 0.035000
v -0.169774 1.676161 0.035000
v -0.167807 1.676950 0.035000
v -0.165850 1.677838 0.035000
v -0.163907 1.678824 0.035000
v -0.161983 1.679906 0.035000
v -0.160083 1.681084 0.035000
v -0.160083 1.670598 0.035000
v -0.161738 1.669762 0.035000
v -0.163428 1.668972 0.035000
v -0.165161 1.668232 0.035000
v -0.166947 1.667549 0.035000
v -0.168795 1.666927 0.035000
v -0.170716 1.666372 0.035000
v -0.172718 1.665888 0.035000
v -0.174812 1.665480 0.035000
v -0.177006 1.665154 0.035000
v -0.179311 1.664915 0.035000
v -0.181735 1.664768 0.035000
v -0.184289 1.664718 0.035000
v -0.190269 1.665106 0.035000
v -0.195672 1.666213 0.035000
v -0.200508 1.667954 0.035000
v -0.204789 1.670242 0.035000
v -0.208526 1.672994 0.035000
v -0.211729 1.676123 0.035000
v -0.214410 1.679544 0.035000
v -0.216578 1.683171 0.035000
v -0.218246 1.686920 0.035000
v -0.219424 1.690704 0.035000
v -0.220123 1.694439 0.035000
v -0.220353 1.698038 0.035000
v -0.220038 1.703014 0.035000
v -0.219115 1.707729 0.035000
v -0.217617 1.712150 0.035000
v -0.215576 1.716244 0.035000
v -0.213027 1.719979 0.035000
v -0.210002 1.723322 0.035000
v -0.206533 1.726240 0.035000
v -0.202655 1.728701 0.035000
v -0.198399 1.730672 0.035000
v -0.193800 1.732120 0.035000
v -0.188890 1.733013 0.035000
v -0.183701 1.733318 0.035000
v -0.181983 1.733283 0.035000
v -0.180253 1.733177 0.035000
v -0.178505 1.732998 0.035000
v -0.176732 1.732745 0.035000
v -0.174926 1.732415 0.035000
v -0.173080 1.732007 0.035000
v -0.171187 1.731520 0.035000
v -0.169241 1.730952 0.035000
v -0.167232 1.730300 0.035000
v -0.165156 1.729564 0.035000
v -0.163004 1.728741 0.035000
v -0.160769 1.727830 0.035000
v -0.160769 1.717540 0.035000
v -0.162804 1.718686 0.035000
v -0.162804 1.718686 0.055000
v -0.164796 1.719723 0.035000
v -0.164796 1.719723 0.055000
v -0.166752 1.720653 0.035000
v -0.166752 1.720653 0.055000
v -0.168678 1.721478 0.035000
v -0.168678 1.721478 0.055000
v -0.170581 1.722200 0.035000
v -0.170581 1.722200 0.055000
v -0.172468 1.722820 0.035000
v -0.172468 1.722820 0.055000
v -0.174344 1.723340 0.035000
v -0.174344 1.723340 0.055000
v -0.176217 1.723761 0.035000
v -0.176217 1.723761 0.055000
v -0.178092 1.724086 0.035000
v -0.178092 1.724086 0.055000
v -0.179977 1.724316 0.035000
v -0.179977 1.724316 0.055000
v -0.181877 1.724453 0.035000
v -0.181877 1.724453 0.055000
v -0.183799 1.724498 0.035000
v -0.183799 1.724498 0.055000
v -0.187535 1.724275 0.035000
v -0.187535 1.724275 0.055000
v -0.191082 1.723624 0.035000
v -0.191082 1.723624 0.055000
v -0.194414 1.722569 0.035000
v -0.194414 1.722569 0.055000
v -0.197505 1.721133 0.035000
v -0.197505 1.721133 0.055000
v -0.200329 1.719343 0.035000
v -0.200329 1.719343 0.055000
v -0.202860 1.717221 0.035000
v -0.202860 1.717221 0.055000
v -0.205073 1.714794 0.035000
v -0.205073 1.714794 0.055000
v -0.206942 1.712085 0.035000
v -0.206942 1.712085 0.055000
v -0.208440 1.709118 0.035000
v -0.208440 1.709118 0.055000
v -0.209542 1.705919 0.035000
v -0.209542 1.705919 0.055000
v -0.210222 1.702511 0.035000
v -0.210222 1.702511 0.055000
v -0.210455 1.698920 0.035000
v -0.210455 1.698920 0.055000
v -0.210230 1.695271 0.035000
v -0.210230 1.695271 0.055000
v -0.209568 1.691834 0.035000
v -0.209568 1.691834 0.055000
v -0.208489 1.688629 0.035000
v -0.208489 1.688629 0.055000
v -0.207014 1.685676 0.035000
v -0.207014 1.685676 0.055000
v -0.205164 1.682995 0.035000
v -0.205164 1.682995 0.055000
v -0.202958 1.680606 0.035000
v -0.202958 1.680606 0.055000
v -0.200418 1.678530 0.035000
v -0.200418 1.678530 0.055000
v -0.197563 1.676787 0.035000
v -0.197563 1.676787 0.055000
v -0.194414 1.675395 0.035000
v -0.194414 1.675395 0.055000
v -0.190991 1.674377 0.035000
v -0.190991 1.674377 0.055000
v -0.187315 1.673751 0.035000
v -0.187315 1.673751 0.055000
v -0.183407 1.673538 0.035000
v -0.183407 1.673538 0.055000
v -0.181507 1.673593 0.035000
v -0.181507 1.673593 0.055000
v -0.179583 1.673757 0.035000
v -0.179583 1.673757 0.055000
v -0.177640 1.674028 0.035000
v -0.177640 1.674028 0.055000
v -0.175683 1.674406 0.035000
v -0.175683 1.674406 0.055000
v -0.173716 1.674888 0.035000
v -0.173716 1.674888 0.055000
v -0.171745 1.675474 0.035000
v -0.171745 1.675474 0.055000
v -0.169774 1.676161 0.035000
v -0.169774 1.676161 0.055000
v -0.167807 1.676950 0.035000
v -0.167807 1.676950 0.055000
v -0.165850 1.677838 0.035000
v -0.165850 1.677838 0.055000
v -0.163907 1.678824 0.035000
v -0.163907 1.678824 0.055000
v -0.161983 1.679906 0.035000
v -0.161983 1.679906 0.055000
v -0.160083 1.681084 0.035000
v -0.160083 1.681084 0.055000
v -0.160083 1.670598 0.035000
v -0.160083 1.670598 0.055000
v -0.161738 1.669762 0.035000
v -0.161738 1.669762 0.055000
v -0.163428 1.668972 0.035000
v -0.163428 1.668972 0.055000
v -0.165161 1.668232 0.035000
v -0.165161 1.668232 0.055000
v -0.166947 1.667549 0.035000
v -0.166947 1.667549 0.055000
v -0.168795 1.666927 0.035000
v -0.168795 1.666927 0.055000
v -0.170716 1.666372 0.035000
v -0.170716 1.666372 0.055000
v -0.172718 1.665888 0.035000
v -0.172718 1.665888 0.055000
v -0.174812 1.665480 0.035000
v -0.174812 1.665480 0.055000
v -0.177006 1.665154 0.035000
v -0.177006 1.665154 0.055000
v -0.179311 1.664915 0.035000
v -0.179311 1.664915 0.055000
v -0.181735 1.664768 0.035000
v -0.181735 1.664768 0.055000
v -0.184289 1.664718 0.035000
v -0.184289 1.664718 0.055000
v -0.190269 1.665106 0.035000
v -0.190269 1.665106 0.055000
v -0.195672 1.666213 0.035000
v -0.195672 1.666213 0.055000
v -0.200508 1.667954 0.035000
v -0.200508 1.667954 0.055000
v -0.204789 1.670242 0.035000
v -0.204789 1.670242 0.055000
v -0.208526 1.672994 0.035000
v -0.208526 1.672994 0.055000
v -0.211729 1.676123 0.035000
v -0.211729 1.676123 0.055000
v -0.214410 1.679544 0.035000
v -0.214410 1.679544 0.055000
v -0.216578 1.683171 0.035000
v -0.216578 1.683171 0.055000
v -0.218246 1.686920 0.035000
v -0.218246 1.686920 0.055000
v -0.219424 1.690704 0.035000
v -0.219424 1.690704 0.055000
v -0.220123 1.694439 0.035000
v -0.220123 1.694439 0.055000
v -0.220353 1.698038 0.035000
v -0.220353 1.698038 0.055000
v -0.220038 1.703014 0.035000
v -0.220038 1.703014 0.055000
v -0.219115 1.707729 0.035000
v -0.219115 1.707729 0.055000
v -0.217617 1.712150 0.035000
v -0.217617 1.712150 0.055000
v -0.215576 1.716244 0.035000
v -0.215576 1.716244 0.055000
v -0.213027 1.719979 0.035000
v -0.213027 1.719979 0.055000
v -0.210002 1.723322 0.035000
v -0.210002 1.723322 0.055000
v -0.206533 1.726240 0.035000
v -0.206533 1.726240 0.055000
v -0.202655 1.728701 0.035000
v -0.202655 1.728701 0.055000
v -0.198399 1.730672 0.035000
v -0.198399 1.730672 0.055000
v -0.193800 1.732120 0.035000
v -0.193800 1.732120 0.055000
v -0.188890 1.733013 0.035000
v -0.188890 1.733013 0.055000
v -0.183701 1.733318 0.035000
v -0.183701 1.733318 0.055000
v -0.181983 1.733283 0.035000
v -0.181983 1.733283 0.055000
v -0.180253 1.733177 0.035000
v -0.180253 1.733177 0.055000
v -0.178505 1.732998 0.035000
v -0.178505 1.732998 0.055000
v -0.176732 1.732745 0.035000
v -0.176732 1.732745 0.055000
v -0.174926 1.732415 0.035000
v -0.174926 1.732415 0.055000
v -0.173080 1.732007 0.035000
v -0.173080 1.732007 0.055000
v -0.171187 1.731520 0.035000
v -0.171187 1.731520 0.055000
v -0.169241 1.730952 0.035000
v -0.169241 1.730952 0.055000
v -0.167232 1.730300 0.035000
v -0.167232 1.730300 0.055000
v -0.165156 1.729564 0.035000
v -0.165156 1.729564 0.055000
v -0.163004 1.728741 0.035000
v -0.163004 1.728741 0.055000
v -0.160769 1.727830 0.035000
v -0.160769 1.727830 0.055000
v -0.160769 1.717540 0.035000
v -0.160769 1.717540 0.055000
v -0.148225 1.665600 0.035000
v -0.148225 1.665600 0.055000
v -0.148225 1.732436 0.035000
v -0.148225 1.732436 0.055000
v -0.138621 1.732436 0.035000
v -0.138621 1.732436 0.055000
v -0.138621 1.665600 0.035000
v -0.138621 1.665600 0.055000
v -0.068920 1.718686 0.035000
v -0.068920 1.718686 0.055000
v -0.070912 1.719723 0.035000
v -0.070912 1.719723 0.055000
v -0.072868 1.720653 0.035000
v -0.072868 1.720653 0.055000
v -0.074794 1.721478 0.035000
v -0.074794 1.721478 0.055000
v -0.076697 1.722200 0.035000
v -0.076697 1.722200 0.055000
v -0.078584 1.722820 0.035000
v -0.078584 1.722820 0.055000
v -0.080460 1.723340 0.035000
v -0.080460 1.723340 0.055000
v -0.082333 1.723761 0.035000
v -0.082333 1.723761 0.055000
v -0.084208 1.724086 0.035000
v -0.084208 1.724086 0.055000
v -0.086093 1.724316 0.035000
v -0.086093 1.724316 0.055000
v -0.087993 1.724453 0.035000
v -0.087993 1.724453 0.055000
v -0.089915 1.724498 0.035000
v -0.089915 1.724498 0.055000
v -0.093651 1.724275 0.035000
v -0.093651 1.724275 0.055000
v -0.097198 1.723624 0.035000
v -0.097198 1.723624 0.055000
v -0.100530 1.722569 0.035000
v -0.100530 1.722569 0.055000
v -0.103621 1.721133 0.035000
v -0.103621 1.721133 0.055000
v -0.106445 1.719343 0.035000
v -0.106445 1.719343 0.055000
v -0.108976 1.717221 0.035000
v -0.108976 1.717221 0.055000
v -0.111189 1.714794 0.035000
v -0.111189 1.714794 0.055000
v -0.113058 1.712085 0.035000
v -0.113058 1.712085 0.055000
v -0.114556 1.709118 0.035000
v -0.114556 1.709118 0.055000
v -0.115658 1.705919 0.035000
v -0.115658 1.705919 0.055000
v -0.116338 1.702511 0.035000
v -0.116338 1.702511 0.055000
v -0.116571 1.698920 0.035000
v -0.116571 1.698920 0.055000
v -0.116346 1.695271 0.035000
v -0.116346 1.695271 0.055000
v -0.115684 1.691834 0.035000
v -0.115684 1.691834 0.055000
v -0.114605 1.688629 0.035000
v -0.114605 1.688629 0.055000
v -0.113130 1.685676 0.035000
v -0.113130 1.685676 0.055000
v -0.111280 1.682995 0.035000
v -0.111280 1.682995 0.055000
v -0.109074 1.680606 0.035000
v -0.109074 1.680606 0.055000
v -0.106534 1.678530 0.035000
v -0.106534 1.678530 0.055000
v -0.103679 1.676787 0.035000
v -0.103679 1.676787 0.055000
v -0.100530 1.675395 0.035000
v -0.100530 1.675395 0.055000
v -0.097107 1.674377 0.035000
v -0.097107 1.674377 0.055000
v -0.093431 1.673751 0.035000
v -0.093431 1.673751 0.055000
v -0.089523 1.673538 0.035000
v -0.089523 1.673538 0.055000
v -0.087623 1.673593 0.035000
v -0.087623 1.673593 0.055000
v -0.085699 1.673757 0.035000
v -0.085699 1.673757 0.055000
v -0.083756 1.674028 0.035000
v -0.083756 1.674028 0.055000
v -0.081799 1.674406 0.035000
v -0.081799 1.674406 0.055000
v -0.079832 1.674888 0.035000
v -0.079832 1.674888 0.055000
v -0.077861 1.675474 0.035000
v -0.077861 1.675474 0.055000
v -0.075890 1.676161 0.035000
v -0.075890 1.676161 0.055000
v -0.073923 1.676950 0.035000
v -0.073923 1.676950 0.055000
v -0.071966 1.677838 0.035000
v -0.071966 1.677838 0.055000
v -0.070023 1.678824 0.035000
v -0.070023 1.678824 0.055000
v -0.068099 1.679906 0.035000
v -0.068099 1.679906 0.055000
v -0.066199 1.681084 0.035000
v -0.066199 1.681084 0.055000
v -0.066199 1.670598 0.035000
v -0.066199 1.670598 0.055000
v -0.067854 1.669762 0.035000
v -0.067854 1.669762 0.055000
v -0.069544 1.668972 0.035000
v -0.069544 1.668972 0.055000
v -0.071277 1.668232 0.035000
v -0.071277 1.668232 0.055000
v -0.073063 1.667549 0.035000
v -0.073063 1.667549 0.055000
v -0.074911 1.666927 0.035000
v -0.074911 1.666927 0.055000
v -0.076832 1.666372 0.035000
v -0.076832 1.666372 0.055000
v -0.078834 1.665888 0.035000
v -0.078834 1.665888 0.055000
v -0.080928 1.665480 0.035000
v -0.080928 1.665480 0.055000
v -0.083122 1.665154 0.035000
v -0.083122 1.665154 0.055000
v -0.085427 1.664915 0.035000
v -0.085427 1.664915 0.055000
v -0.087851 1.664768 0.035000
v -0.087851 1.664768 0.055000
v -0.090405 1.664718 0.035000
v -0.090405 1.664718 0.055000
v -0.096385 1.665106 0.035000
v -0.096385 1.665106 0.055000
v -0.101788 1.666213 0.035000
v -0.101788 1.666213 0.055000
v -0.106624 1.667954 0.035000
v -0.106624 1.667954 0.055000
v -0.110905 1.670242 0.035000
v -0.110905 1.670242 0.055000
v -0.114642 1.672994 0.035000
v -0.114642 1.672994 0.055000
v -0.117845 1.676123 0.035000
v -0.117845 1.676123 0.055000
v -0.120526 1.679544 0.035000
v -0.120526 1.679544 0.055000
v -0.122694 1.683171 0.035000
v -0.122694 1.683171 0.055000
v -0.124362 1.686920 0.035000
v -0.124362 1.686920 0.055000
v -0.125540 1.690704 0.035000
v -0.125540 1.690704 0.055000
v -0.126239 1.694439 0.035000
v -0.126239 1.694439 0.055000
v -0.126469 1.698038 0.035000
v -0.126469 1.698038 0.055000
v -0.126154 1.703014 0.035000
v -0.126154 1.703014 0.055000
v -0.125231 1.707729 0.035000
v -0.125231 1.707729 0.055000
v -0.123733 1.712150 0.035000
v -0.123733 1.712150 0.055000
v -0.121692 1.716244 0.035000
v -0.121692 1.716244 0.055000
v -0.119143 1.719979 0.035000
v -0.119143 1.719979 0.055000
v -0.116118 1.723322 0.035000
v -0.116118 1.723322 0.055000
v -0.112649 1.726240 0.035000
v -0.112649 1.726240 0.055000
v -0.108771 1.728701 0.035000
v -0.108771 1.728701 0.055000
v -0.104515 1.730672 0.035000
v -0.104515 1.730672 0.055000
v -0.099916 1.732120 0.035000
v -0.099916 1.732120 0.055000
v -0.095006 1.733013 0.035000
v -0.095006 1.733013 0.055000
v -0.089817 1.733318 0.035000
v -0.089817 1.733318 0.055000
v -0.088099 1.733283 0.035000
v -0.088099 1.733283 0.055000
v -0.086369 1.733177 0.035000
v -0.086369 1.733177 0.055000
v -0.084621 1.732998 0.035000
v -0.084621 1.732998 0.055000
v -0.082848 1.732745 0.035000
v -0.082848 1.732745 0.055000
v -0.081042 1.732415 0.035000
v -0.081042 1.732415 0.055000
v -0.079196 1.732007 0.035000
v -0.079196 1.732007 0.055000
v -0.077303 1.731520 0.035000
v -0.077303 1.731520 0.055000
v -0.075357 1.730952 0.035000
v -0.075357 1.730952 0.055000
v -0.073348 1.730300 0.035000
v -0.073348 1.730300 0.055000
v -0.071272 1.729564 0.035000
v -0.071272 1.729564 0.055000
v -0.069120 1.728741 0.035000
v -0.069120 1.728741 0.055000
v -0.066885 1.727830 0.035000
v -0.066885 1.727830 0.055000
v -0.066885 1.717540 0.035000
v -0.066885 1.717540 0.055000
v -0.014749 1.674224 0.035000
v -0.014749 1.674224 0.055000
v -0.014749 1.665600 0.035000
v -0.014749 1.665600 0.055000
v -0.054537 1.665600 0.035000
v -0.054537 1.665600 0.055000
v -0.054537 1.732436 0.035000
v -0.054537 1.732436 0.055000
v -0.044933 1.732436 0.035000
v -0.044933 1.732436 0.055000
v -0.044933 1.674224 0.035000
v -0.044933 1.674224 0.055000
v -0.006321 1.665600 0.035000
v -0.006321 1.665600 0.055000
v -0.006321 1.732436 0.035000
v -0.006321 1.732436 0.055000
v 0.003283 1.732436 0.035000
v 0.003283 1.732436 0.055000
v 0.003283 1.665600 0.035000
v 0.003283 1.665600 0.055000
v 0.048417 1.719005 0.035000
v 0.048417 1.719005 0.055000
v 0.047011 1.720123 0.035000
v 0.047011 1.720123 0.055000
v 0.045619 1.721097 0.035000
v 0.045619 1.721097 0.055000
v 0.044243 1.721936 0.035000
v 0.044243 1.721936 0.055000
v 0.042887 1.722646 0.035000
v 0.042887 1.722646 0.055000
v 0.041552 1.723236 0.035000
v 0.041552 1.723236 0.055000
v 0.040242 1.723714 0.035000
v 0.040242 1.723714 0.055000
v 0.038959 1.724088 0.035000
v 0.038959 1.724088 0.055000
v 0.037705 1.724365 0.035000
v 0.037705 1.724365 0.055000
v 0.036485 1.724553 0.035000
v 0.036485 1.724553 0.055000
v 0.035300 1.724660 0.035000
v 0.035300 1.724660 0.055000
v 0.034153 1.724694 0.035000
v 0.034153 1.724694 0.055000
v 0.032648 1.724628 0.035000
v 0.032648 1.724628 0.055000
v 0.031225 1.724433 0.035000
v 0.031225 1.724433 0.055000
v 0.029895 1.724115 0.035000
v 0.029895 1.724115 0.055000
v 0.028665 1.723681 0.035000
v 0.028665 1.723681 0.055000
v 0.027546 1.723137 0.035000
v 0.027546 1.723137 0.055000
v 0.026546 1.722489 0.035000
v 0.026546 1.722489 0.055000
v 0.025674 1.721743 0.035000
v 0.025674 1.721743 0.055000
v 0.024941 1.720905 0.035000
v 0.024941 1.720905 0.055000
v 0.024355 1.719981 0.035000
v 0.024355 1.719981 0.055000
v 0.023924 1.718977 0.035000
v 0.023924 1.718977 0.055000
v 0.023659 1.717900 0.035000
v 0.023659 1.717900 0.055000
v 0.023569 1.716756 0.035000
v 0.023569 1.716756 0.055000
v 0.024138 1.713798 0.035000
v 0.024138 1.713798 0.055000
v 0.025710 1.711264 0.035000
v 0.025710 1.711264 0.055000
v 0.028086 1.709032 0.035000
v 0.028086 1.709032 0.055000
v 0.031064 1.706985 0.035000
v 0.031064 1.706985 0.055000
v 0.034444 1.705002 0.035000
v 0.034444 1.705002 0.055000
v 0.038024 1.702963 0.035000
v 0.038024 1.702963 0.055000
v 0.041604 1.700748 0.035000
v 0.041604 1.700748 0.055000
v 0.044984 1.698238 0.035000
v 0.044984 1.698238 0.055000
v 0.047962 1.695312 0.035000
v 0.047962 1.695312 0.055000
v 0.050338 1.691852 0.035000
v 0.050338 1.691852 0.055000
v 0.051910 1.687737 0.035000
v 0.051910 1.687737 0.055000
v 0.052479 1.682848 0.035000
v 0.052479 1.682848 0.055000
v 0.052317 1.680289 0.035000
v 0.052317 1.680289 0.055000
v 0.051841 1.677864 0.035000
v 0.051841 1.677864 0.055000
v 0.051070 1.675591 0.035000
v 0.051070 1.675591 0.055000
v 0.050022 1.673487 0.035000
v 0.050022 1.673487 0.055000
v 0.048713 1.671568 0.035000
v 0.048713 1.671568 0.055000
v 0.047162 1.669851 0.035000
v 0.047162 1.669851 0.055000
v 0.045387 1.668352 0.035000
v 0.045387 1.668352 0.055000
v 0.043405 1.667088 0.035000
v 0.043405 1.667088 0.055000
v 0.041233 1.666076 0.035000
v 0.041233 1.666076 0.055000
v 0.038891 1.665333 0.035000
v 0.038891 1.665333 0.055000
v 0.036394 1.664875 0.035000
v 0.036394 1.664875 0.055000
v 0.033761 1.664718 0.035000
v 0.033761 1.664718 0.055000
v 0.031976 1.664759 0.035000
v 0.031976 1.664759 0.055000
v 0.030244 1.664883 0.035000
v 0.030244 1.664883 0.055000
v 0.028562 1.665090 0.035000
v 0.028562 1.665090 0.055000
v 0.026926 1.665382 0.035000
v 0.026926 1.665382 0.055000
v 0.025333 1.665760 0.035000
v 0.025333 1.665760 0.055000
v 0.023777 1.666225 0.035000
v 0.023777 1.666225 0.055000
v 0.022257 1.666777 0.035000
v 0.022257 1.666777 0.055000
v 0.020767 1.667418 0.035000
v 0.020767 1.667418 0.055000
v 0.019304 1.668150 0.035000
v 0.019304 1.668150 0.055000
v 0.017865 1.668972 0.035000
v 0.017865 1.668972 0.055000
v 0.016446 1.669885 0.035000
v 0.016446 1.669885 0.055000
v 0.015043 1.670892 0.035000
v 0.015043 1.670892 0.055000
v 0.015043 1.683044 0.035000
v 0.015043 1.683044 0.055000
v 0.016294 1.681536 0.035000
v 0.016294 1.681536 0.055000
v 0.017595 1.680148 0.035000
v 0.017595 1.680148 0.055000
v 0.018943 1.678882 0.035000
v 0.018943 1.678882 0.055000
v 0.020335 1.677741 0.035000
v 0.020335 1.677741 0.055000
v 0.021768 1.676727 0.035000
v 0.021768 1.676727 0.055000
v 0.023238 1.675841 0.035000
v 0.023238 1.675841 0.055000
v 0.024743 1.675086 0.035000
v 0.024743 1.675086 0.055000
v 0.026280 1.674464 0.035000
v 0.026280 1.674464 0.055000
v 0.027846 1.673976 0.035000
v 0.027846 1.673976 0.055000
v 0.029437 1.673625 0.035000
v 0.029437 1.673625 0.055000
v 0.031050 1.673413 0.035000
v 0.031050 1.673413 0.055000
v 0.032683 1.673342 0.035000
v 0.032683 1.673342 0.055000
v 0.034462 1.673437 0.035000
v 0.034462 1.673437 0.055000
v 0.036075 1.673708 0.035000
v 0.036075 1.673708 0.055000
v 0.037525 1.674135 0.035000
v 0.037525 1.674135 0.055000
v 0.038813 1.674700 0.035000
v 0.038813 1.674700 0.055000
v 0.039943 1.675381 0.035000
v 0.039943 1.675381 0.055000
v 0.040915 1.676160 0.035000
v 0.040915 1.676160 0.055000
v 0.041732 1.677016 0.035000
v 0.041732 1.677016 0.055000
v 0.042396 1.677930 0.035000
v 0.042396 1.677930 0.055000
v 0.042909 1.678882 0.035000
v 0.042909 1.678882 0.055000
v 0.043272 1.679853 0.035000
v 0.043272 1.679853 0.055000
v 0.043489 1.680822 0.035000
v 0.043489 1.680822 0.055000
v 0.043561 1.681770 0.035000
v 0.043561 1.681770 0.055000
v 0.042992 1.684986 0.035000
v 0.042992 1.684986 0.055000
v 0.041420 1.687793 0.035000
v 0.041420 1.687793 0.055000
v 0.039044 1.690290 0.035000
v 0.039044 1.690290 0.055000
v 0.036066 1.692579 0.035000
v 0.036066 1.692579 0.055000
v 0.032686 1.694761 0.035000
v 0.032686 1.694761 0.055000
v 0.029106 1.696936 0.035000
v 0.029106 1.696936 0.055000
v 0.025526 1.699204 0.035000
v 0.025526 1.699204 0.055000
v 0.022146 1.701668 0.035000
v 0.022146 1.701668 0.055000
v 0.019168 1.704426 0.035000
v 0.019168 1.704426 0.055000
v 0.016792 1.707581 0.035000
v 0.016792 1.707581 0.055000
v 0.015220 1.711233 0.035000
v 0.015220 1.711233 0.055000
v 0.014651 1.715482 0.035000
v 0.014651 1.715482 0.055000
v 0.014816 1.718118 0.035000
v 0.014816 1.718118 0.055000
v 0.015303 1.720580 0.035000
v 0.015303 1.720580 0.055000
v 0.016098 1.722858 0.035000
v 0.016098 1.722858 0.055000
v 0.017188 1.724941 0.035000
v 0.017188 1.724941 0.055000
v 0.018560 1.726818 0.035000
v 0.018560 1.726818 0.055000
v 0.020200 1.728479 0.035000
v 0.020200 1.728479 0.055000
v 0.022096 1.729914 0.035000
v 0.022096 1.729914 0.055000
v 0.024233 1.731111 0.035000
v 0.024233 1.731111 0.055000
v 0.026599 1.732061 0.035000
v 0.026599 1.732061 0.055000
v 0.029181 1.732752 0.035000
v 0.029181 1.732752 0.055000
v 0.031964 1.733175 0.035000
v 0.031964 1.733175 0.055000
v 0.034937 1.733318 0.035000
v 0.034937 1.733318 0.055000
v 0.036211 1.733285 0.035000
v 0.036211 1.733285 0.055000
v 0.037483 1.733187 0.035000
v 0.037483 1.733187 0.055000
v 0.038753 1.733024 0.035000
v 0.038753 1.733024 0.055000
v 0.040018 1.732795 0.035000
v 0.040018 1.732795 0.055000
v 0.041279 1.732501 0.035000
v 0.041279 1.732501 0.055000
v 0.042532 1.732142 0.035000
v 0.042532 1.732142 0.055000
v 0.043777 1.731717 0.035000
v 0.043777 1.731717 0.055000
v 0.045013 1.731227 0.035000
v 0.045013 1.731227 0.055000
v 0.046238 1.730672 0.035000
v 0.046238 1.730672 0.055000
v 0.047450 1.730051 0.035000
v 0.047450 1.730051 0.055000
v 0.048649 1.729365 0.035000
v 0.048649 1.729365 0.055000
v 0.049833 1.728614 0.035000
v 0.049833 1.728614 0.055000
v 0.049833 1.717736 0.035000
v 0.049833 1.717736 0.055000
v 0.090013 1.723812 0.035000
v 0.090013 1.723812 0.055000
v 0.090013 1.665600 0.035000
v 0.090013 1.665600 0.055000
v 0.080409 1.665600 0.035000
v 0.080409 1.665600 0.055000
v 0.080409 1.723812 0.035000
v 0.080409 1.723812 0.055000
v 0.057281 1.723812 0.035000
v 0.057281 1.723812 0.055000
v 0.057281 1.732436 0.035000
v 0.057281 1.732436 0.055000
v 0.113141 1.732436 0.035000
v 0.113141 1.732436 0.055000
v 0.113141 1.723812 0.035000
v 0.113141 1.723812 0.055000
v 0.170373 1.665600 0.035000
v 0.170373 1.665600 0.055000
v 0.161455 1.685298 0.035000
v 0.161455 1.685298 0.055000
v 0.133035 1.685298 0.035000
v 0.133035 1.685298 0.055000
v 0.124607 1.665600 0.035000
v 0.124607 1.665600 0.055000
v 0.114807 1.665600 0.035000
v 0.114807 1.665600 0.055000
v 0.143521 1.732828 0.035000
v 0.143521 1.732828 0.055000
v 0.150283 1.732828 0.035000
v 0.150283 1.732828 0.055000
v 0.180173 1.665600 0.035000
v 0.180173 1.665600 0.055000
v 0.157535 1.693922 0.035000
v 0.157535 1.693922 0.055000
v 0.146755 1.718128 0.035000
v 0.146755 1.718128 0.055000
v 0.136759 1.693922 0.035000
v 0.136759 1.693922 0.055000
v 0.217859 1.719005 0.035000
v 0.217859 1.719005 0.055000
v 0.216453 1.720123 0.035000
v 0.216453 1.720123 0.055000
v 0.215061 1.721097 0.035000
v 0.215061 1.721097 0.055000
v 0.213685 1.721936 0.035000
v 0.213685 1.721936 0.055000
v 0.212329 1.722646 0.035000
v 0.212329 1.722646 0.055000
v 0.210994 1.723236 0.035000
v 0.210994 1.723236 0.055000
v 0.209684 1.723714 0.035000
v 0.209684 1.723714 0.055000
v 0.208401 1.724088 0.035000
v 0.208401 1.724088 0.055000
v 0.207147 1.724365 0.035000
v 0.207147 1.724365 0.055000
v 0.205927 1.724553 0.035000
v 0.205927 1.724553 0.055000
v 0.204742 1.724660 0.035000
v 0.204742 1.724660 0.055000
v 0.203595 1.724694 0.035000
v 0.203595 1.724694 0.055000
v 0.202090 1.724628 0.035000
v 0.202090 1.724628 0.055000
v 0.200667 1.724433 0.035000
v 0.200667 1.724433 0.055000
v 0.199337 1.724115 0.035000
v 0.199337 1.724115 0.055000
v 0.198107 1.723681 0.035000
v 0.198107 1.723681 0.055000
v 0.196988 1.723137 0.035000
v 0.196988 1.723137 0.055000
v 0.195988 1.722489 0.035000
v 0.195988 1.722489 0.055000
v 0.195116 1.721743 0.035000
v 0.195116 1.721743 0.055000
v 0.194383 1.720905 0.035000
v 0.194383 1.720905 0.055000
v 0.193797 1.719981 0.035000
v 0.193797 1.719981 0.055000
v 0.193366 1.718977 0.035000
v 0.193366 1.718977 0.055000
v 0.193101 1.717900 0.035000
v 0.193101 1.717900 0.055000
v 0.193011 1.716756 0.035000
v 0.193011 1.716756 0.055000
v 0.193580 1.713798 0.035000
v 0.193580 1.713798 0.055000
v 0.195152 1.711264 0.035000
v 0.195152 1.711264 0.055000
v 0.197528 1.709032 0.035000
v 0.197528 1.709032 0.055000
v 0.200506 1.706985 0.035000
v 0.200506 1.706985 0.055000
v 0.203886 1.705002 0.035000
v 0.203886 1.705002 0.055000
v 0.207466 1.702963 0.035000
v 0.207466 1.702963 0.055000
v 0.211046 1.700748 0.035000
v 0.211046 1.700748 0.055000
v 0.214426 1.698238 0.035000
v 0.214426 1.698238 0.055000
v 0.217404 1.695312 0.035000
v 0.217404 1.695312 0.055000
v 0.219780 1.691852 0.035000
v 0.219780 1.691852 0.055000
v 0.221352 1.687737 0.035000
v 0.221352 1.687737 0.055000
v 0.221921 1.682848 0.035000
v 0.221921 1.682848 0.055000
v 0.221759 1.680289 0.035000
v 0.221759 1.680289 0.055000
v 0.221283 1.677864 0.035000
v 0.221283 1.677864 0.055000
v 0.220512 1.675591 0.035000
v 0.220512 1.675591 0.055000
v 0.219464 1.673487 0.035000
v 0.219464 1.673487 0.055000
v 0.218155 1.671568 0.035000
v 0.218155 1.671568 0.055000
v 0.216605 1.669851 0.035000
v 0.216605 1.669851 0.055000
v 0.214829 1.668352 0.035000
v 0.214829 1.668352 0.055000
v 0.212847 1.667088 0.035000
v 0.212847 1.667088 0.055000
v 0.210676 1.666076 0.035000
v 0.210676 1.666076 0.055000
v 0.208333 1.665333 0.035000
v 0.208333 1.665333 0.055000
v 0.205836 1.664875 0.035000
v 0.205836 1.664875 0.055000
v 0.203203 1.664718 0.035000
v 0.203203 1.664718 0.055000
v 0.201418 1.664759 0.035000
v 0.201418 1.664759 0.055000
v 0.199686 1.664883 0.035000
v 0.199686 1.664883 0.055000
v 0.198004 1.665090 0.035000
v 0.198004 1.665090 0.055000
v 0.196368 1.665382 0.035000
v 0.196368 1.665382 0.055000
v 0.194775 1.665760 0.035000
v 0.194775 1.665760 0.055000
v 0.193219 1.666225 0.035000
v 0.193219 1.666225 0.055000
v 0.191699 1.666777 0.035000
v 0.191699 1.666777 0.055000
v 0.190209 1.667418 0.035000
v 0.190209 1.667418 0.055000
v 0.188746 1.668150 0.035000
v 0.188746 1.668150 0.055000
v 0.187307 1.668972 0.035000
v 0.187307 1.668972 0.055000
v 0.185888 1.669885 0.035000
v 0.185888 1.669885 0.055000
v 0.184485 1.670892 0.035000
v 0.184485 1.670892 0.055000
v 0.184485 1.683044 0.035000
v 0.184485 1.683044 0.055000
v 0.185736 1.681536 0.035000
v 0.185736 1.681536 0.055000
v 0.187037 1.680148 0.035000
v 0.187037 1.680148 0.055000
v 0.188385 1.678882 0.035000
v 0.188385 1.678882 0.055000
v 0.189777 1.677741 0.035000
v 0.189777 1.677741 0.055000
v 0.191210 1.676727 0.035000
v 0.191210 1.676727 0.055000
v 0.192680 1.675841 0.035000
v 0.192680 1.675841 0.055000
v 0.194185 1.675086 0.035000
v 0.194185 1.675086 0.055000
v 0.195722 1.674464 0.035000
v 0.195722 1.674464 0.055000
v 0.197288 1.673976 0.035000
v 0.197288 1.673976 0.055000
v 0.198879 1.673625 0.035000
v 0.198879 1.673625 0.055000
v 0.200492 1.673413 0.035000
v 0.200492 1.673413 0.055000
v 0.202125 1.673342 0.035000
v 0.202125 1.673342 0.055000
v 0.203904 1.673437 0.035000
v 0.203904 1.673437 0.055000
v 0.205517 1.673708 0.035000
v 0.205517 1.673708 0.055000
v 0.206967 1.674135 0.035000
v 0.206967 1.674135 0.055000
v 0.208255 1.674700 0.035000
v 0.208255 1.674700 0.055000
v 0.209385 1.675381 0.035000
v 0.209385 1.675381 0.055000
v 0.210357 1.676160 0.035000
v 0.210357 1.676160 0.055000
v 0.211174 1.677016 0.035000
v 0.211174 1.677016 0.055000
v 0.211838 1.677930 0.035000
v 0.211838 1.677930 0.055000
v 0.212351 1.678882 0.035000
v 0.212351 1.678882 0.055000
v 0.212714 1.679853 0.035000
v 0.212714 1.679853 0.055000
v 0.212931 1.680822 0.035000
v 0.212931 1.680822 0.055000
v 0.213003 1.681770 0.035000
v 0.213003 1.681770 0.055000
v 0.212434 1.684986 0.035000
v 0.212434 1.684986 0.055000
v 0.210862 1.687793 0.035000
v 0.210862 1.687793 0.055000
v 0.208486 1.690290 0.035000
v 0.208486 1.690290 0.055000
v 0.205508 1.692579 0.035000
v 0.205508 1.692579 0.055000
v 0.202128 1.694761 0.035000
v 0.202128 1.694761 0.055000
v 0.198548 1.696936 0.035000
v 0.198548 1.696936 0.055000
v 0.194968 1.699204 0.035000
v 0.194968 1.699204 0.055000
v 0.191588 1.701668 0.035000
v 0.191588 1.701668 0.055000
v 0.188610 1.704426 0.035000
v 0.188610 1.704426 0.055000
v 0.186234 1.707581 0.035000
v 0.186234 1.707581 0.055000
v 0.184662 1.711233 0.035000
v 0.184662 1.711233 0.055000
v 0.184093 1.715482 0.035000
v 0.184093 1.715482 0.055000
v 0.184258 1.718118 0.035000
v 0.184258 1.718118 0.055000
v 0.184745 1.720580 0.035000
v 0.184745 1.720580 0.055000
v 0.185540 1.722858 0.035000
v 0.185540 1.722858 0.055000
v 0.186630 1.724941 0.035000
v 0.186630 1.724941 0.055000
v 0.188002 1.726818 0.035000
v 0.188002 1.726818 0.055000
v 0.189642 1.728479 0.035000
v 0.189642 1.728479 0.055000
v 0.191538 1.729914 0.035000
v 0.191538 1.729914 0.055000
v 0.193675 1.731111 0.035000
v 0.193675 1.731111 0.055000
v 0.196041 1.732061 0.035000
v 0.196041 1.732061 0.055000
v 0.198623 1.732752 0.035000
v 0.198623 1.732752 0.055000
v 0.201406 1.733175 0.035000
v 0.201406 1.733175 0.055000
v 0.204379 1.733318 0.035000
v 0.204379 1.733318 0.055000
v 0.205653 1.733285 0.035000
v 0.205653 1.733285 0.055000
v 0.206925 1.733187 0.035000
v 0.206925 1.733187 0.055000
v 0.208195 1.733024 0.035000
v 0.208195 1.733024 0.055000
v 0.209460 1.732795 0.035000
v 0.209460 1.732795 0.055000
v 0.210721 1.732501 0.035000
v 0.210721 1.732501 0.055000
v 0.211974 1.732142 0.035000
v 0.211974 1.732142 0.055000
v 0.213219 1.731717 0.035000
v 0.213219 1.731717 0.055000
v 0.214455 1.731227 0.035000
v 0.214455 1.731227 0.055000
v 0.215680 1.730672 0.035000
v 0.215680 1.730672 0.055000
v 0.216892 1.730051 0.035000
v 0.216892 1.730051 0.055000
v 0.218091 1.729365 0.035000
v 0.218091 1.729365 0.055000
v 0.219275 1.728614 0.035000
v 0.219275 1.728614 0.055000
v 0.219275 1.717736 0.035000
v 0.219275 1.717736 0.055000
vn -0.0000 -0.0000 1.0000
vn -0.0000 -0.0000 -1.0000
vn -0.4763 -0.8793 -0.0000
vn -0.4457 -0.8952 -0.0000
vn -0.4117 -0.9113 -0.0000
vn -0.3742 -0.9273 -0.0000
vn -0.3334 -0.9428 -0.0000
vn -0.2897 -0.9571 -0.0000
vn -0.2434 -0.9699 -0.0000
vn -0.1952 -0.9808 -0.0000
vn -0.1460 -0.9893 -0.0000
vn -0.0965 -0.9953 -0.0000
vn -0.0477 -0.9989 -0.0000
vn 0.0180 -0.9998 -0.0000
vn 0.1203 -0.9927 -0.0000
vn 0.2418 -0.9703 -0.0000
vn 0.3623 -0.9320 -0.0000
vn 0.4793 -0.8776 -0.0000
vn 0.5902 -0.8073 -0.0000
vn 0.6922 -0.7217 -0.0000
vn 0.7829 -0.6221 -0.0000
vn 0.8599 -0.5105 -0.0000
vn 0.9212 -0.3892 -0.0000
vn 0.9652 -0.2614 -0.0000
vn 0.9914 -0.1305 -0.0000
vn 1.0000 -0.0015 -0.0000
vn 0.9921 0.1257 -0.0000
vn 0.9670 0.2546 -0.0000
vn 0.9234 0.3838 -0.0000
vn 0.8609 0.5087 -0.0000
vn 0.7808 0.6248 -0.0000
vn 0.6854 0.7282 -0.0000
vn 0.5784 0.8158 -0.0000
vn 0.4637 0.8860 -0.0000
vn 0.3454 0.9385 -0.0000
vn 0.2269 0.9739 -0.0000
vn 0.1113 0.9938 -0.0000
vn 0.0128 0.9999 -0.0000
vn -0.0569 0.9984 -0.0000
vn -0.1116 0.9938 -0.0000
vn -0.1639 0.9865 -0.0000
vn -0.2138 0.9769 -0.0000
vn -0.2616 0.9652 -0.0000
vn -0.3072 0.9516 -0.0000
vn -0.3509 0.9364 -0.0000
vn -0.3927 0.9196 -0.0000
vn -0.4329 0.9014 -0.0000
vn -0.4716 0.8818 -0.0000
vn -0.5088 0.8609 -0.0000
vn 0.4864 0.8738 -0.0000
vn 0.8517 -0.5240 -0.0000
vn 0.4374 -0.8993 -0.0000
vn 0.4081 -0.9129 -0.0000
vn 0.3749 -0.9271 -0.0000
vn 0.3381 -0.9411 -0.0000
vn 0.2984 -0.9544 -0.0000
vn 0.2565 -0.9666 -0.0000
vn 0.2131 -0.9770 -0.0000
vn 0.1690 -0.9856 -0.0000
vn 0.1251 -0.9922 -0.0000
vn 0.0819 -0.9966 -0.0000
vn 0.0401 -0.9992 -0.0000
vn -0.0226 -0.9997 -0.0000
vn -0.1330 -0.9911 -0.0000
vn -0.2704 -0.9628 -0.0000
vn -0.4061 -0.9138 -0.0000
vn -0.5336 -0.8457 -0.0000
vn -0.6474 -0.7621 -0.0000
vn -0.7446 -0.6675 -0.0000
vn -0.8243 -0.5661 -0.0000
vn -0.8876 -0.4607 -0.0000
vn -0.9358 -0.3524 -0.0000
vn -0.9705 -0.2409 -0.0000
vn -0.9923 -0.1241 -0.0000
vn -1.0000 -0.0004 -0.0000
vn -0.9918 0.1279 -0.0000
vn -0.9664 0.2571 -0.0000
vn -0.9232 0.3844 -0.0000
vn -0.8625 0.5061 -0.0000
vn -0.7855 0.6188 -0.0000
vn -0.6942 0.7198 -0.0000
vn -0.5911 0.8066 -0.0000
vn -0.4790 0.8778 -0.0000
vn -0.3610 0.9325 -0.0000
vn -0.2401 0.9708 -0.0000
vn -0.1190 0.9929 -0.0000
vn -0.0192 0.9998 -0.0000
vn 0.0408 0.9992 -0.0000
vn 0.0816 0.9967 -0.0000
vn 0.1217 0.9926 -0.0000
vn 0.1606 0.9870 -0.0000
vn 0.1976 0.9803 -0.0000
vn 0.2325 0.9726 -0.0000
vn 0.2648 0.9643 -0.0000
vn 0.2945 0.9556 -0.0000
vn 0.3214 0.9469 -0.0000
vn 0.3457 0.9384 -0.0000
vn 0.3673 0.9301 -0.0000
vn 0.8299 0.5579 -0.0000
vn 0.5047 -0.8633 -0.0000
vn -0.7071 -0.7071 -0.0000
vn -0.7071 0.7071 -0.0000
vn 0.7071 0.7071 -0.0000
vn 0.7071 -0.7071 -0.0000
vn -0.6451 -0.7641 -0.0000
vn -0.5982 -0.8014 -0.0000
vn -0.5472 -0.8370 -0.0000
vn -0.4924 -0.8703 -0.0000
vn -0.4344 -0.9007 -0.0000
vn -0.3738 -0.9275 -0.0000
vn -0.3113 -0.9503 -0.0000
vn -0.2478 -0.9688 -0.0000
vn -0.1842 -0.9829 -0.0000
vn -0.1212 -0.9926 -0.0000
vn -0.0598 -0.9982 -0.0000
vn 0.0072 -1.0000 -0.0000
vn 0.0900 -0.9959 -0.0000
vn 0.1842 -0.9829 -0.0000
vn 0.2828 -0.9592 -0.0000
vn 0.3856 -0.9227 -0.0000
vn 0.4915 -0.8709 -0.0000
vn 0.5986 -0.8011 -0.0000
vn 0.7033 -0.7109 -0.0000
vn 0.8007 -0.5990 -0.0000
vn 0.8845 -0.4665 -0.0000
vn 0.9482 -0.3175 -0.0000
vn 0.9872 -0.1593 -0.0000
vn 0.9985 0.0556 -0.0000
vn 0.9314 0.3641 -0.0000
vn 0.7737 0.6335 -0.0000
vn 0.6274 0.7787 -0.0000
vn 0.5367 0.8438 -0.0000
vn 0.5005 0.8657 -0.0000
vn 0.5106 0.8598 -0.0000
vn 0.5617 0.8274 -0.0000
vn 0.6501 0.7599 -0.0000
vn 0.7661 0.6427 -0.0000
vn 0.8854 0.4648 -0.0000
vn 0.9712 0.2381 -0.0000
vn 0.9997 0.0262 -0.0000
vn 0.9918 -0.1282 -0.0000
vn 0.9663 -0.2574 -0.0000
vn 0.9231 -0.3845 -0.0000
vn 0.8626 -0.5058 -0.0000
vn 0.7860 -0.6182 -0.0000
vn 0.6952 -0.7188 -0.0000
vn 0.5927 -0.8055 -0.0000
vn 0.4810 -0.8767 -0.0000
vn 0.3632 -0.9317 -0.0000
vn 0.2420 -0.9703 -0.0000
vn 0.1202 -0.9928 -0.0000
vn 0.0182 -0.9998 -0.0000
vn -0.0471 -0.9989 -0.0000
vn -0.0968 -0.9953 -0.0000
vn -0.1491 -0.9888 -0.0000
vn -0.2033 -0.9791 -0.0000
vn -0.2586 -0.9660 -0.0000
vn -0.3140 -0.9494 -0.0000
vn -0.3686 -0.9296 -0.0000
vn -0.4214 -0.9069 -0.0000
vn -0.4717 -0.8817 -0.0000
vn -0.5189 -0.8549 -0.0000
vn -0.5623 -0.8269 -0.0000
vn -0.8896 -0.4567 -0.0000
vn -0.3393 0.9407 -0.0000
vn 0.7500 0.6614 -0.0000
vn 0.7074 0.7068 -0.0000
vn 0.6596 0.7516 -0.0000
vn 0.6063 0.7953 -0.0000
vn 0.5473 0.8370 -0.0000
vn 0.4825 0.8759 -0.0000
vn 0.4122 0.9111 -0.0000
vn 0.3367 0.9416 -0.0000
vn 0.2566 0.9665 -0.0000
vn 0.1730 0.9849 -0.0000
vn 0.0870 0.9962 -0.0000
vn -0.0048 1.0000 -0.0000
vn -0.1096 0.9940 -0.0000
vn -0.2246 0.9744 -0.0000
vn -0.3426 0.9395 -0.0000
vn -0.4598 0.8880 -0.0000
vn -0.5721 0.8202 -0.0000
vn -0.6758 0.7371 -0.0000
vn -0.7680 0.6404 -0.0000
vn -0.8467 0.5321 -0.0000
vn -0.9105 0.4135 -0.0000
vn -0.9584 0.2853 -0.0000
vn -0.9891 0.1473 -0.0000
vn -0.9988 -0.0497 -0.0000
vn -0.9418 -0.3362 -0.0000
vn -0.8047 -0.5937 -0.0000
vn -0.6690 -0.7433 -0.0000
vn -0.5764 -0.8172 -0.0000
vn -0.5308 -0.8475 -0.0000
vn -0.5272 -0.8497 -0.0000
vn -0.5624 -0.8268 -0.0000
vn -0.6354 -0.7722 -0.0000
vn -0.7422 -0.6702 -0.0000
vn -0.8648 -0.5021 -0.0000
vn -0.9638 -0.2666 -0.0000
vn -0.9994 -0.0352 -0.0000
vn -0.9917 0.1285 -0.0000
vn -0.9650 0.2624 -0.0000
vn -0.9175 0.3977 -0.0000
vn -0.8490 0.5283 -0.0000
vn -0.7616 0.6481 -0.0000
vn -0.6592 0.7519 -0.0000
vn -0.5474 0.8369 -0.0000
vn -0.4315 0.9021 -0.0000
vn -0.3162 0.9487 -0.0000
vn -0.2047 0.9788 -0.0000
vn -0.0992 0.9951 -0.0000
vn -0.0112 0.9999 -0.0000
vn 0.0512 0.9987 -0.0000
vn 0.1022 0.9948 -0.0000
vn 0.1527 0.9883 -0.0000
vn 0.2026 0.9793 -0.0000
vn 0.2515 0.9679 -0.0000
vn 0.2993 0.9542 -0.0000
vn 0.3458 0.9383 -0.0000
vn 0.3909 0.9204 -0.0000
vn 0.4344 0.9007 -0.0000
vn 0.4763 0.8793 -0.0000
vn 0.5164 0.8564 -0.0000
vn 0.8763 0.4818 -0.0000
vn 0.4078 -0.9131 -0.0000
vn -0.5420 -0.8404 -0.0000
vn 0.5507 -0.8347 -0.0000
vn -0.8345 -0.5510 -0.0000
vn -0.5510 0.8345 -0.0000
vn 0.5449 0.8385 -0.0000
vn 0.8385 -0.5449 -0.0000
vn -0.8387 0.5446 -0.0000
vn 0.0137 -0.9999 -0.0000
vn 0.8312 0.5560 -0.0000
vn -0.6452 -0.7641 -0.0000
vt 0.520661 0.000000
vt 0.512397 0.000000
vt 0.487603 0.000000
vt 0.504132 0.000000
vt 0.495868 0.000000
vt 0.462810 0.000000
vt 0.454545 0.000000
vt 0.545455 0.000000
vt 0.471074 0.000000
vt 0.537190 0.000000
vt 0.479339 0.000000
vt 0.528926 0.000000
vt 0.785124 0.000000
vt 0.776860 0.000000
vt 0.198347 0.000000
vt 0.793388 0.000000
vt 0.190083 0.000000
vt 0.801653 0.000000
vt 0.181818 0.000000
vt 0.809917 0.000000
vt 0.173554 0.000000
vt 0.818182 0.000000
vt 0.421488 0.000000
vt 0.570248 0.000000
vt 0.429752 0.000000
vt 0.404959 0.000000
vt 0.586777 0.000000
vt 0.413223 0.000000
vt 0.578512 0.000000
vt 0.388430 0.000000
vt 0.595041 0.000000
vt 0.396694 0.000000
vt 0.884298 0.000000
vt 0.107438 0.000000
vt 0.099174 0.000000
vt 0.876033 0.000000
vt 0.115702 0.000000
vt 0.743802 0.000000
vt 0.223140 0.000000
vt 0.752066 0.000000
vt 0.214876 0.000000
vt 0.859504 0.000000
vt 0.132231 0.000000
vt 0.123967 0.000000
vt 0.867769 0.000000
vt 0.438017 0.000000
vt 0.561983 0.000000
vt 0.446281 0.000000
vt 0.553719 0.000000
vt 0.760331 0.000000
vt 0.768595 0.000000
vt 0.206612 0.000000
vt 0.165289 0.000000
vt 0.826446 0.000000
vt 0.157025 0.000000
vt 0.834711 0.000000
vt 0.148760 0.000000
vt 0.842975 0.000000
vt 0.140496 0.000000
vt 0.851240 0.000000
vt 0.082645 0.000000
vt 0.892562 0.000000
vt 0.090909 0.000000
vt 0.074380 0.000000
vt 0.909091 0.000000
vt 0.900826 0.000000
vt 0.066116 0.000000
vt 0.917355 0.000000
vt 0.611570 0.000000
vt 0.603306 0.000000
vt 0.380165 0.000000
vt 0.925620 0.000000
vt 0.057851 0.000000
vt 0.933884 0.000000
vt 0.371901 0.000000
vt 0.619835 0.000000
vt 0.363636 0.000000
vt 0.628099 0.000000
vt 0.239669 0.000000
vt 0.727273 0.000000
vt 0.247934 0.000000
vt 0.000000 0.000000
vt 1.000000 0.000000
vt 0.991736 0.000000
vt 0.008264 0.000000
vt 0.322314 0.000000
vt 0.314050 0.000000
vt 0.669421 0.000000
vt 0.677686 0.000000
vt 0.305785 0.000000
vt 0.685950 0.000000
vt 0.297521 0.000000
vt 0.694215 0.000000
vt 0.289256 0.000000
vt 0.702479 0.000000
vt 0.280992 0.000000
vt 0.272727 0.000000
vt 0.016529 0.000000
vt 0.024793 0.000000
vt 0.983471 0.000000
vt 0.975207 0.000000
vt 0.033058 0.000000
vt 0.966942 0.000000
vt 0.355372 0.000000
vt 0.636364 0.000000
vt 0.347107 0.000000
vt 0.644628 0.000000
vt 0.338843 0.000000
vt 0.652893 0.000000
vt 0.330579 0.000000
vt 0.661157 0.000000
vt 0.710744 0.000000
vt 0.264463 0.000000
vt 0.719008 0.000000
vt 0.256198 0.000000
vt 0.041322 0.000000
vt 0.958678 0.000000
vt 0.950413 0.000000
vt 0.049587 0.000000
vt 0.942149 0.000000
vt 0.735537 0.000000
vt 0.231405 0.000000
vt 0.400000 0.000000
vt 0.300000 0.000000
vt 0.200000 0.000000
vt 0.500000 0.000000
vt 0.600000 0.000000
vt 0.900000 0.000000
vt 0.800000 0.000000
vt 0.100000 0.000000
vt 0.700000 0.000000
vt 0.714286 0.000000
vt 0.571429 0.000000
vt 0.428571 0.000000
vt 0.857143 0.000000
vt 0.285714 0.000000
vt 0.142857 0.000000
vt 0.333333 0.000000
vt 0.666667 0.000000
vt 0.701031 0.000000
vt 0.690722 0.000000
vt 0.278351 0.000000
vt 0.268041 0.000000
vt 0.711340 0.000000
vt 0.257732 0.000000
vt 0.721649 0.000000
vt 0.247423 0.000000
vt 0.731959 0.000000
vt 0.742268 0.000000
vt 0.237113 0.000000
vt 0.752577 0.000000
vt 0.226804 0.000000
vt 0.762887 0.000000
vt 0.216495 0.000000
vt 0.773196 0.000000
vt 0.206186 0.000000
vt 0.783505 0.000000
vt 0.195876 0.000000
vt 0.793814 0.000000
vt 0.649485 0.000000
vt 0.319588 0.000000
vt 0.659794 0.000000
vt 0.309278 0.000000
vt 0.164948 0.000000
vt 0.154639 0.000000
vt 0.824742 0.000000
vt 0.835052 0.000000
vt 0.329897 0.000000
vt 0.639175 0.000000
vt 0.340206 0.000000
vt 0.134021 0.000000
vt 0.845361 0.000000
vt 0.144330 0.000000
vt 0.618557 0.000000
vt 0.350515 0.000000
vt 0.628866 0.000000
vt 0.113402 0.000000
vt 0.865979 0.000000
vt 0.123711 0.000000
vt 0.855670 0.000000
vt 0.670103 0.000000
vt 0.298969 0.000000
vt 0.680412 0.000000
vt 0.288660 0.000000
vt 0.185567 0.000000
vt 0.804124 0.000000
vt 0.175258 0.000000
vt 0.814433 0.000000
vt 0.608247 0.000000
vt 0.371134 0.000000
vt 0.360825 0.000000
vt 0.876289 0.000000
vt 0.103093 0.000000
vt 0.886598 0.000000
vt 0.082474 0.000000
vt 0.896907 0.000000
vt 0.092784 0.000000
vt 0.597938 0.000000
vt 0.381443 0.000000
vt 0.402062 0.000000
vt 0.577320 0.000000
vt 0.567010 0.000000
vt 0.412371 0.000000
vt 0.061856 0.000000
vt 0.927835 0.000000
vt 0.072165 0.000000
vt 0.917526 0.000000
vt 0.587629 0.000000
vt 0.391753 0.000000
vt 0.907216 0.000000
vt 0.030928 0.000000
vt 0.958763 0.000000
vt 0.041237 0.000000
vt 0.948454 0.000000
vt 0.494845 0.000000
vt 0.484536 0.000000
vt 0.474227 0.000000
vt 0.989691 0.000000
vt 0.463918 0.000000
vt 0.010309 0.000000
vt 0.979381 0.000000
vt 0.432990 0.000000
vt 0.536082 0.000000
vt 0.525773 0.000000
vt 0.443299 0.000000
vt 0.515464 0.000000
vt 0.453608 0.000000
vt 0.505155 0.000000
vt 0.020619 0.000000
vt 0.969072 0.000000
vt 0.556701 0.000000
vt 0.422680 0.000000
vt 0.546392 0.000000
vt 0.051546 0.000000
vt 0.938144 0.000000
vt 0.000000 1.000000
vt 0.010204 1.000000
vt 0.010204 0.000000
vt 0.020408 1.000000
vt 0.020408 0.000000
vt 0.030612 1.000000
vt 0.030612 0.000000
vt 0.040816 1.000000
vt 0.040816 0.000000
vt 0.051020 1.000000
vt 0.051020 0.000000
vt 0.061224 1.000000
vt 0.061224 0.000000
vt 0.071429 1.000000
vt 0.071429 0.000000
vt 0.081633 1.000000
vt 0.081633 0.000000
vt 0.091837 1.000000
vt 0.091837 0.000000
vt 0.102041 1.000000
vt 0.102041 0.000000
vt 0.112245 1.000000
vt 0.112245 0.000000
vt 0.122449 1.000000
vt 0.122449 0.000000
vt 0.132653 1.000000
vt 0.132653 0.000000
vt 0.142857 1.000000
vt 0.153061 1.000000
vt 0.153061 0.000000
vt 0.163265 1.000000
vt 0.163265 0.000000
vt 0.173469 1.000000
vt 0.173469 0.000000
vt 0.183673 1.000000
vt 0.183673 0.000000
vt 0.193878 1.000000
vt 0.193878 0.000000
vt 0.204082 1.000000
vt 0.204082 0.000000
vt 0.214286 1.000000
vt 0.214286 0.000000
vt 0.224490 1.000000
vt 0.224490 0.000000
vt 0.234694 1.000000
vt 0.234694 0.000000
vt 0.244898 1.000000
vt 0.244898 0.000000
vt 0.255102 1.000000
vt 0.255102 0.000000
vt 0.265306 1.000000
vt 0.265306 0.000000
vt 0.275510 1.000000
vt 0.275510 0.000000
vt 0.285714 1.000000
vt 0.295918 1.000000
vt 0.295918 0.000000
vt 0.306122 1.000000
vt 0.306122 0.000000
vt 0.316327 1.000000
vt 0.316327 0.000000
vt 0.326531 1.000000
vt 0.326531 0.000000
vt 0.336735 1.000000
vt 0.336735 0.000000
vt 0.346939 1.000000
vt 0.346939 0.000000
vt 0.357143 1.000000
vt 0.357143 0.000000
vt 0.367347 1.000000
vt 0.367347 0.000000
vt 0.377551 1.000000
vt 0.377551 0.000000
vt 0.387755 1.000000
vt 0.387755 0.000000
vt 0.397959 1.000000
vt 0.397959 0.000000
vt 0.408163 1.000000
vt 0.408163 0.000000
vt 0.418367 1.000000
vt 0.418367 0.000000
vt 0.428571 1.000000
vt 0.438776 1.000000
vt 0.438776 0.000000
vt 0.448980 1.000000
vt 0.448980 0.000000
vt 0.459184 1.000000
vt 0.459184 0.000000
vt 0.469388 1.000000
vt 0.469388 0.000000
vt 0.479592 1.000000
vt 0.479592 0.000000
vt 0.489796 1.000000
vt 0.489796 0.000000
vt 0.500000 1.000000
vt 0.510204 1.000000
vt 0.510204 0.000000
vt 0.520408 1.000000
vt 0.520408 0.000000
vt 0.530612 1.000000
vt 0.530612 0.000000
vt 0.540816 1.000000
vt 0.540816 0.000000
vt 0.551020 1.000000
vt 0.551020 0.000000
vt 0.561224 1.000000
vt 0.561224 0.000000
vt 0.571429 1.000000
vt 0.581633 1.000000
vt 0.581633 0.000000
vt 0.591837 1.000000
vt 0.591837 0.000000
vt 0.602041 1.000000
vt 0.602041 0.000000
vt 0.612245 1.000000
vt 0.612245 0.000000
vt 0.622449 1.000000
vt 0.622449 0.000000
vt 0.632653 1.000000
vt 0.632653 0.000000
vt 0.642857 1.000000
vt 0.642857 0.000000
vt 0.653061 1.000000
vt 0.653061 0.000000
vt 0.663265 1.000000
vt 0.663265 0.000000
vt 0.673469 1.000000
vt 0.673469 0.000000
vt 0.683673 1.000000
vt 0.683673 0.000000
vt 0.693878 1.000000
vt 0.693878 0.000000
vt 0.704082 1.000000
vt 0.704082 0.000000
vt 0.714286 1.000000
vt 0.724490 1.000000
vt 0.724490 0.000000
vt 0.734694 1.000000
vt 0.734694 0.000000
vt 0.744898 1.000000
vt 0.744898 0.000000
vt 0.755102 1.000000
vt 0.755102 0.000000
vt 0.765306 1.000000
vt 0.765306 0.000000
vt 0.775510 1.000000
vt 0.775510 0.000000
vt 0.785714 1.000000
vt 0.785714 0.000000
vt 0.795918 1.000000
vt 0.795918 0.000000
vt 0.806122 1.000000
vt 0.806122 0.000000
vt 0.816327 1.000000
vt 0.816327 0.000000
vt 0.826531 1.000000
vt 0.826531 0.000000
vt 0.836735 1.000000
vt 0.836735 0.000000
vt 0.846939 1.000000
vt 0.846939 0.000000
vt 0.857143 1.000000
vt 0.867347 1.000000
vt 0.867347 0.000000
vt 0.877551 1.000000
vt 0.877551 0.000000
vt 0.887755 1.000000
vt 0.887755 0.000000
vt 0.897959 1.000000
vt 0.897959 0.000000
vt 0.908163 1.000000
vt 0.908163 0.000000
vt 0.918367 1.000000
vt 0.918367 0.000000
vt 0.928571 1.000000
vt 0.928571 0.000000
vt 0.938776 1.000000
vt 0.938776 0.000000
vt 0.948980 1.000000
vt 0.948980 0.000000
vt 0.959184 1.000000
vt 0.959184 0.000000
vt 0.969388 1.000000
vt 0.969388 0.000000
vt 0.979592 1.000000
vt 0.979592 0.000000
vt 0.989796 1.000000
vt 0.989796 0.000000
vt 1.000000 1.000000
vt 0.250000 1.000000
vt 0.250000 0.000000
vt 0.750000 1.000000
vt 0.750000 0.000000
vt 0.166667 1.000000
vt 0.166667 0.000000
vt 0.333333 1.000000
vt 0.666667 1.000000
vt 0.833333 1.000000
vt 0.833333 0.000000
vt 0.008197 1.000000
vt 0.008197 0.000000
vt 0.016393 1.000000
vt 0.016393 0.000000
vt 0.024590 1.000000
vt 0.024590 0.000000
vt 0.032787 1.000000
vt 0.032787 0.000000
vt 0.040984 1.000000
vt 0.040984 0.000000
vt 0.049180 1.000000
vt 0.049180 0.000000
vt 0.057377 1.000000
vt 0.057377 0.000000
vt 0.065574 1.000000
vt 0.065574 0.000000
vt 0.073770 1.000000
vt 0.073770 0.000000
vt 0.081967 1.000000
vt 0.081967 0.000000
vt 0.090164 1.000000
vt 0.090164 0.000000
vt 0.098361 1.000000
vt 0.098361 0.000000
vt 0.106557 1.000000
vt 0.106557 0.000000
vt 0.114754 1.000000
vt 0.114754 0.000000
vt 0.122951 1.000000
vt 0.122951 0.000000
vt 0.131148 1.000000
vt 0.131148 0.000000
vt 0.139344 1.000000
vt 0.139344 0.000000
vt 0.147541 1.000000
vt 0.147541 0.000000
vt 0.155738 1.000000
vt 0.155738 0.000000
vt 0.163934 1.000000
vt 0.163934 0.000000
vt 0.172131 1.000000
vt 0.172131 0.000000
vt 0.180328 1.000000
vt 0.180328 0.000000
vt 0.188525 1.000000
vt 0.188525 0.000000
vt 0.196721 1.000000
vt 0.196721 0.000000
vt 0.204918 1.000000
vt 0.204918 0.000000
vt 0.213115 1.000000
vt 0.213115 0.000000
vt 0.221311 1.000000
vt 0.221311 0.000000
vt 0.229508 1.000000
vt 0.229508 0.000000
vt 0.237705 1.000000
vt 0.237705 0.000000
vt 0.245902 1.000000
vt 0.245902 0.000000
vt 0.254098 1.000000
vt 0.254098 0.000000
vt 0.262295 1.000000
vt 0.262295 0.000000
vt 0.270492 1.000000
vt 0.270492 0.000000
vt 0.278689 1.000000
vt 0.278689 0.000000
vt 0.286885 1.000000
vt 0.286885 0.000000
vt 0.295082 1.000000
vt 0.295082 0.000000
vt 0.303279 1.000000
vt 0.303279 0.000000
vt 0.311475 1.000000
vt 0.311475 0.000000
vt 0.319672 1.000000
vt 0.319672 0.000000
vt 0.327869 1.000000
vt 0.327869 0.000000
vt 0.336066 1.000000
vt 0.336066 0.000000
vt 0.344262 1.000000
vt 0.344262 0.000000
vt 0.352459 1.000000
vt 0.352459 0.000000
vt 0.360656 1.000000
vt 0.360656 0.000000
vt 0.368852 1.000000
vt 0.368852 0.000000
vt 0.377049 1.000000
vt 0.377049 0.000000
vt 0.385246 1.000000
vt 0.385246 0.000000
vt 0.393443 1.000000
vt 0.393443 0.000000
vt 0.401639 1.000000
vt 0.401639 0.000000
vt 0.409836 1.000000
vt 0.409836 0.000000
vt 0.418033 1.000000
vt 0.418033 0.000000
vt 0.426230 1.000000
vt 0.426230 0.000000
vt 0.434426 1.000000
vt 0.434426 0.000000
vt 0.442623 1.000000
vt 0.442623 0.000000
vt 0.450820 1.000000
vt 0.450820 0.000000
vt 0.459016 1.000000
vt 0.459016 0.000000
vt 0.467213 1.000000
vt 0.467213 0.000000
vt 0.475410 1.000000
vt 0.475410 0.000000
vt 0.483607 1.000000
vt 0.483607 0.000000
vt 0.491803 1.000000
vt 0.491803 0.000000
vt 0.508197 1.000000
vt 0.508197 0.000000
vt 0.516393 1.000000
vt 0.516393 0.000000
vt 0.524590 1.000000
vt 0.524590 0.000000
vt 0.532787 1.000000
vt 0.532787 0.000000
vt 0.540984 1.000000
vt 0.540984 0.000000
vt 0.549180 1.000000
vt 0.549180 0.000000
vt 0.557377 1.000000
vt 0.557377 0.000000
vt 0.565574 1.000000
vt 0.565574 0.000000
vt 0.573770 1.000000
vt 0.573770 0.000000
vt 0.581967 1.000000
vt 0.581967 0.000000
vt 0.590164 1.000000
vt 0.590164 0.000000
vt 0.598361 1.000000
vt 0.598361 0.000000
vt 0.606557 1.000000
vt 0.606557 0.000000
vt 0.614754 1.000000
vt 0.614754 0.000000
vt 0.622951 1.000000
vt 0.622951 0.000000
vt 0.631148 1.000000
vt 0.631148 0.000000
vt 0.639344 1.000000
vt 0.639344 0.000000
vt 0.647541 1.000000
vt 0.647541 0.000000
vt 0.655738 1.000000
vt 0.655738 0.000000
vt 0.663934 1.000000
vt 0.663934 0.000000
vt 0.672131 1.000000
vt 0.672131 0.000000
vt 0.680328 1.000000
vt 0.680328 0.000000
vt 0.688525 1.000000
vt 0.688525 0.000000
vt 0.696721 1.000000
vt 0.696721 0.000000
vt 0.704918 1.000000
vt 0.704918 0.000000
vt 0.713115 1.000000
vt 0.713115 0.000000
vt 0.721311 1.000000
vt 0.721311 0.000000
vt 0.729508 1.000000
vt 0.729508 0.000000
vt 0.737705 1.000000
vt 0.737705 0.000000
vt 0.745902 1.000000
vt 0.745902 0.000000
vt 0.754098 1.000000
vt 0.754098 0.000000
vt 0.762295 1.000000
vt 0.762295 0.000000
vt 0.770492 1.000000
vt 0.770492 0.000000
vt 0.778689 1.000000
vt 0.778689 0.000000
vt 0.786885 1.000000
vt 0.786885 0.000000
vt 0.795082 1.000000
vt 0.795082 0.000000
vt 0.803279 1.000000
vt 0.803279 0.000000
vt 0.811475 1.000000
vt 0.811475 0.000000
vt 0.819672 1.000000
vt 0.819672 0.000000
vt 0.827869 1.000000
vt 0.827869 0.000000
vt 0.836066 1.000000
vt 0.836066 0.000000
vt 0.844262 1.000000
vt 0.844262 0.000000
vt 0.852459 1.000000
vt 0.852459 0.000000
vt 0.860656 1.000000
vt 0.860656 0.000000
vt 0.868852 1.000000
vt 0.868852 0.000000
vt 0.877049 1.000000
vt 0.877049 0.000000
vt 0.885246 1.000000
vt 0.885246 0.000000
vt 0.893443 1.000000
vt 0.893443 0.000000
vt 0.901639 1.000000
vt 0.901639 0.000000
vt 0.909836 1.000000
vt 0.909836 0.000000
vt 0.918033 1.000000
vt 0.918033 0.000000
vt 0.926230 1.000000
vt 0.926230 0.000000
vt 0.934426 1.000000
vt 0.934426 0.000000
vt 0.942623 1.000000
vt 0.942623 0.000000
vt 0.950820 1.000000
vt 0.950820 0.000000
vt 0.959016 1.000000
vt 0.959016 0.000000
vt 0.967213 1.000000
vt 0.967213 0.000000
vt 0.975410 1.000000
vt 0.975410 0.000000
vt 0.983607 1.000000
vt 0.983607 0.000000
vt 0.991803 1.000000
vt 0.991803 0.000000
vt 0.125000 1.000000
vt 0.125000 0.000000
vt 0.375000 1.000000
vt 0.375000 0.000000
vt 0.625000 1.000000
vt 0.625000 0.000000
vt 0.875000 1.000000
vt 0.875000 0.000000
s 0
f 132/138/39 131/139/39 128/140/39
f 131/139/39 130/141/39 128/140/39
f 129/142/39 128/140/39 130/141/39
f 125/143/39 124/144/39 135/145/39
f 125/143/39 135/145/39 126/146/39
f 135/145/39 134/147/39 126/146/39
f 127/148/39 126/146/39 134/147/39
f 134/147/39 133/149/39 127/148/39
f 128/140/39 127/148/39 133/149/39
f 132/138/39 128/140/39 133/149/39
f 164/150/39 163/151/39 93/152/39
f 165/153/39 164/150/39 93/152/39
f 93/152/39 92/154/39 165/153/39
f 166/155/39 165/153/39 92/154/39
f 92/154/39 91/156/39 166/155/39
f 167/157/39 166/155/39 91/156/39
f 91/156/39 90/158/39 167/157/39
f 168/159/39 167/157/39 90/158/39
f 120/160/39 138/161/39 121/162/39
f 118/163/39 140/164/39 119/165/39
f 140/164/39 139/166/39 119/165/39
f 116/167/39 141/168/39 117/169/39
f 176/170/39 82/171/39 81/172/39
f 140/164/39 118/163/39 117/169/39
f 117/169/39 141/168/39 140/164/39
f 175/173/39 83/174/39 82/171/39
f 82/171/39 176/170/39 175/173/39
f 119/165/39 139/166/39 120/160/39
f 138/161/39 120/160/39 139/166/39
f 159/175/39 96/176/39 160/177/39
f 95/178/39 160/177/39 96/176/39
f 173/179/39 85/180/39 84/181/39
f 174/182/39 173/179/39 84/181/39
f 84/181/39 83/174/39 174/182/39
f 83/174/39 175/173/39 174/182/39
f 121/162/39 138/161/39 122/183/39
f 138/161/39 137/184/39 122/183/39
f 123/185/39 122/183/39 137/184/39
f 137/184/39 136/186/39 123/185/39
f 124/144/39 123/185/39 136/186/39
f 135/145/39 124/144/39 136/186/39
f 160/177/39 95/178/39 161/187/39
f 162/188/39 161/187/39 95/178/39
f 95/178/39 94/189/39 162/188/39
f 163/151/39 162/188/39 94/189/39
f 93/152/39 163/151/39 94/189/39
f 168/159/39 90/158/39 89/190/39
f 169/191/39 168/159/39 89/190/39
f 89/190/39 88/192/39 169/191/39
f 170/193/39 169/191/39 88/192/39
f 88/192/39 87/194/39 170/193/39
f 171/195/39 170/193/39 87/194/39
f 87/194/39 86/196/39 171/195/39
f 172/197/39 171/195/39 86/196/39
f 86/196/39 85/180/39 172/197/39
f 85/180/39 173/179/39 172/197/39
f 79/198/39 177/199/39 80/200/39
f 78/201/39 179/202/39 178/203/39
f 77/204/39 180/205/39 78/201/39
f 179/202/39 78/201/39 180/205/39
f 143/206/39 142/207/39 115/208/39
f 78/201/39 178/203/39 79/198/39
f 177/199/39 79/198/39 178/203/39
f 181/209/39 76/210/39 182/211/39
f 143/206/39 115/208/39 114/212/39
f 144/213/39 143/206/39 114/212/39
f 114/212/39 113/214/39 144/213/39
f 113/214/39 145/215/39 144/213/39
f 98/216/39 157/217/39 99/218/39
f 76/210/39 181/209/39 77/204/39
f 180/205/39 77/204/39 181/209/39
f 69/219/39 190/220/39 189/221/39
f 70/222/39 69/219/39 189/221/39
f 108/223/39 107/224/39 150/225/39
f 151/226/39 150/225/39 107/224/39
f 107/224/39 106/227/39 151/226/39
f 152/228/39 151/226/39 106/227/39
f 106/227/39 105/229/39 152/228/39
f 153/230/39 152/228/39 105/229/39
f 105/229/39 104/231/39 153/230/39
f 154/232/39 153/230/39 104/231/39
f 104/231/39 103/233/39 154/232/39
f 103/233/39 102/234/39 154/232/39
f 70/222/39 189/221/39 71/235/39
f 72/236/39 71/235/39 189/221/39
f 189/221/39 188/237/39 72/236/39
f 188/237/39 187/238/39 72/236/39
f 73/239/39 72/236/39 187/238/39
f 186/240/39 73/239/39 187/238/39
f 145/215/39 113/214/39 112/241/39
f 146/242/39 145/215/39 112/241/39
f 112/241/39 111/243/39 146/242/39
f 147/244/39 146/242/39 111/243/39
f 111/243/39 110/245/39 147/244/39
f 148/246/39 147/244/39 110/245/39
f 110/245/39 109/247/39 148/246/39
f 149/248/39 148/246/39 109/247/39
f 109/247/39 108/223/39 149/248/39
f 108/223/39 150/225/39 149/248/39
f 154/232/39 102/234/39 155/249/39
f 102/234/39 101/250/39 155/249/39
f 156/251/39 155/249/39 101/250/39
f 101/250/39 100/252/39 156/251/39
f 157/217/39 156/251/39 100/252/39
f 99/218/39 157/217/39 100/252/39
f 73/239/39 186/240/39 74/253/39
f 186/240/39 185/254/39 74/253/39
f 185/254/39 184/255/39 74/253/39
f 75/256/39 74/253/39 184/255/39
f 184/255/39 183/257/39 75/256/39
f 76/210/39 75/256/39 183/257/39
f 182/211/39 76/210/39 183/257/39
f 115/208/39 142/207/39 116/167/39
f 141/168/39 116/167/39 142/207/39
f 157/217/39 98/216/39 158/258/39
f 98/216/39 97/259/39 158/258/39
f 159/175/39 158/258/39 97/259/39
f 96/176/39 159/175/39 97/259/39
f 176/170/39 81/172/39 80/200/39
f 80/200/39 177/199/39 176/170/39
f 195/260/39 194/261/39 193/262/39
f 193/262/39 201/220/39 195/260/39
f 201/220/39 196/263/39 195/260/39
f 197/264/39 200/265/39 199/266/39
f 192/267/39 191/219/39 198/268/39
f 192/267/39 198/268/39 199/266/39
f 197/264/39 199/266/39 198/268/39
f 192/267/39 199/266/39 193/262/39
f 201/220/39 193/262/39 199/266/39
f 196/263/39 201/220/39 200/265/39
f 200/265/39 197/264/39 196/263/39
f 207/269/39 206/270/39 205/271/39
f 209/220/39 208/272/39 202/219/39
f 205/271/39 204/273/39 203/274/39
f 203/274/39 202/219/39 205/271/39
f 202/219/39 208/272/39 205/271/39
f 207/269/39 205/271/39 208/272/39
f 273/138/39 272/139/39 269/140/39
f 272/139/39 271/141/39 269/140/39
f 270/142/39 269/140/39 271/141/39
f 266/143/39 265/144/39 276/145/39
f 266/143/39 276/145/39 267/146/39
f 276/145/39 275/147/39 267/146/39
f 268/148/39 267/146/39 275/147/39
f 275/147/39 274/149/39 268/148/39
f 269/140/39 268/148/39 274/149/39
f 273/138/39 269/140/39 274/149/39
f 305/150/39 304/151/39 234/152/39
f 306/153/39 305/150/39 234/152/39
f 234/152/39 233/154/39 306/153/39
f 307/155/39 306/153/39 233/154/39
f 233/154/39 232/156/39 307/155/39
f 308/157/39 307/155/39 232/156/39
f 232/156/39 231/158/39 308/157/39
f 309/159/39 308/157/39 231/158/39
f 261/160/39 279/161/39 262/162/39
f 259/163/39 281/164/39 260/165/39
f 281/164/39 280/166/39 260/165/39
f 257/167/39 282/168/39 258/169/39
f 317/170/39 223/171/39 222/172/39
f 281/164/39 259/163/39 258/169/39
f 258/169/39 282/168/39 281/164/39
f 316/173/39 224/174/39 223/171/39
f 223/171/39 317/170/39 316/173/39
f 260/165/39 280/166/39 261/160/39
f 279/161/39 261/160/39 280/166/39
f 300/175/39 237/176/39 301/177/39
f 236/178/39 301/177/39 237/176/39
f 314/179/39 226/180/39 225/181/39
f 315/182/39 314/179/39 225/181/39
f 225/181/39 224/174/39 315/182/39
f 224/174/39 316/173/39 315/182/39
f 262/162/39 279/161/39 263/183/39
f 279/161/39 278/184/39 263/183/39
f 264/185/39 263/183/39 278/184/39
f 278/184/39 277/186/39 264/185/39
f 265/144/39 264/185/39 277/186/39
f 276/145/39 265/144/39 277/186/39
f 301/177/39 236/178/39 302/187/39
f 303/188/39 302/187/39 236/178/39
f 236/178/39 235/189/39 303/188/39
f 304/151/39 303/188/39 235/189/39
f 234/152/39 304/151/39 235/189/39
f 309/159/39 231/158/39 230/190/39
f 310/191/39 309/159/39 230/190/39
f 230/190/39 229/192/39 310/191/39
f 311/193/39 310/191/39 229/192/39
f 229/192/39 228/194/39 311/193/39
f 312/195/39 311/193/39 228/194/39
f 228/194/39 227/196/39 312/195/39
f 313/197/39 312/195/39 227/196/39
f 227/196/39 226/180/39 313/197/39
f 226/180/39 314/179/39 313/197/39
f 220/198/39 318/199/39 221/200/39
f 219/201/39 320/202/39 319/203/39
f 218/204/39 321/205/39 219/201/39
f 320/202/39 219/201/39 321/205/39
f 284/206/39 283/207/39 256/208/39
f 219/201/39 319/203/39 220/198/39
f 318/199/39 220/198/39 319/203/39
f 322/209/39 217/210/39 323/211/39
f 284/206/39 256/208/39 255/212/39
f 285/213/39 284/206/39 255/212/39
f 255/212/39 254/214/39 285/213/39
f 254/214/39 286/215/39 285/213/39
f 239/216/39 298/217/39 240/218/39
f 217/210/39 322/209/39 218/204/39
f 321/205/39 218/204/39 322/209/39
f 210/219/39 331/220/39 330/221/39
f 211/222/39 210/219/39 330/221/39
f 249/223/39 248/224/39 291/225/39
f 292/226/39 291/225/39 248/224/39
f 248/224/39 247/227/39 292/226/39
f 293/228/39 292/226/39 247/227/39
f 247/227/39 246/229/39 293/228/39
f 294/230/39 293/228/39 246/229/39
f 246/229/39 245/231/39 294/230/39
f 295/232/39 294/230/39 245/231/39
f 245/231/39 244/233/39 295/232/39
f 244/233/39 243/234/39 295/232/39
f 211/222/39 330/221/39 212/235/39
f 213/236/39 212/235/39 330/221/39
f 330/221/39 329/237/39 213/236/39
f 329/237/39 328/238/39 213/236/39
f 214/239/39 213/236/39 328/238/39
f 327/240/39 214/239/39 328/238/39
f 286/215/39 254/214/39 253/241/39
f 287/242/39 286/215/39 253/241/39
f 253/241/39 252/243/39 287/242/39
f 288/244/39 287/242/39 252/243/39
f 252/243/39 251/245/39 288/244/39
f 289/246/39 288/244/39 251/245/39
f 251/245/39 250/247/39 289/246/39
f 290/248/39 289/246/39 250/247/39
f 250/247/39 249/223/39 290/248/39
f 249/223/39 291/225/39 290/248/39
f 295/232/39 243/234/39 296/249/39
f 243/234/39 242/250/39 296/249/39
f 297/251/39 296/249/39 242/250/39
f 242/250/39 241/252/39 297/251/39
f 298/217/39 297/251/39 241/252/39
f 240/218/39 298/217/39 241/252/39
f 214/239/39 327/240/39 215/253/39
f 327/240/39 326/254/39 215/253/39
f 326/254/39 325/255/39 215/253/39
f 216/256/39 215/253/39 325/255/39
f 325/255/39 324/257/39 216/256/39
f 217/210/39 216/256/39 324/257/39
f 323/211/39 217/210/39 324/257/39
f 256/208/39 283/207/39 257/167/39
f 282/168/39 257/167/39 283/207/39
f 298/217/39 239/216/39 299/258/39
f 239/216/39 238/259/39 299/258/39
f 300/175/39 299/258/39 238/259/39
f 237/176/39 300/175/39 238/259/39
f 317/170/39 222/172/39 221/200/39
f 221/200/39 318/199/39 317/170/39
f 333/275/39 332/219/39 335/220/39
f 335/220/39 334/276/39 333/275/39
f 339/264/39 338/260/39 341/220/39
f 341/220/39 338/260/39 337/262/39
f 337/262/39 336/219/39 341/220/39
f 339/264/39 341/220/39 340/266/39
f 410/277/39 409/278/39 369/279/39
f 369/279/39 368/280/39 410/277/39
f 411/281/39 410/277/39 368/280/39
f 368/280/39 367/282/39 411/281/39
f 412/283/39 411/281/39 367/282/39
f 367/282/39 366/284/39 412/283/39
f 413/285/39 412/283/39 366/284/39
f 414/286/39 413/285/39 366/284/39
f 366/284/39 365/287/39 414/286/39
f 415/288/39 414/286/39 365/287/39
f 365/287/39 364/289/39 415/288/39
f 416/290/39 415/288/39 364/289/39
f 364/289/39 363/291/39 416/290/39
f 417/292/39 416/290/39 363/291/39
f 363/291/39 362/293/39 417/292/39
f 418/294/39 417/292/39 362/293/39
f 362/293/39 361/295/39 418/294/39
f 419/296/39 418/294/39 361/295/39
f 405/297/39 373/298/39 406/299/39
f 373/298/39 372/300/39 406/299/39
f 358/301/39 357/302/39 422/303/39
f 357/302/39 423/304/39 422/303/39
f 374/305/39 404/306/39 375/307/39
f 355/308/39 424/309/39 356/310/39
f 402/311/39 376/312/39 403/313/39
f 353/314/39 426/315/39 354/316/39
f 425/317/39 354/316/39 426/315/39
f 375/307/39 404/306/39 403/313/39
f 403/313/39 376/312/39 375/307/39
f 354/316/39 425/317/39 355/308/39
f 424/309/39 355/308/39 425/317/39
f 404/306/39 374/305/39 405/297/39
f 373/298/39 405/297/39 374/305/39
f 423/304/39 357/302/39 356/310/39
f 356/310/39 424/309/39 423/304/39
f 406/299/39 372/300/39 407/318/39
f 372/300/39 371/319/39 407/318/39
f 408/320/39 407/318/39 371/319/39
f 371/319/39 370/321/39 408/320/39
f 409/278/39 408/320/39 370/321/39
f 369/279/39 409/278/39 370/321/39
f 419/296/39 361/295/39 360/322/39
f 420/323/39 419/296/39 360/322/39
f 360/322/39 359/324/39 420/323/39
f 421/325/39 420/323/39 359/324/39
f 359/324/39 358/301/39 421/325/39
f 358/301/39 422/303/39 421/325/39
f 401/326/39 378/327/39 377/328/39
f 427/329/39 352/330/39 428/331/39
f 350/332/39 429/333/39 351/334/39
f 378/327/39 401/326/39 400/335/39
f 400/335/39 379/336/39 378/327/39
f 428/331/39 352/330/39 351/334/39
f 351/334/39 429/333/39 428/331/39
f 381/337/39 398/338/39 397/339/39
f 397/339/39 382/340/39 381/337/39
f 348/341/39 432/342/39 349/343/39
f 431/344/39 349/343/39 432/342/39
f 379/336/39 400/335/39 399/345/39
f 380/346/39 379/336/39 399/345/39
f 399/345/39 398/338/39 380/346/39
f 398/338/39 381/337/39 380/346/39
f 349/343/39 431/344/39 350/332/39
f 431/344/39 430/347/39 350/332/39
f 429/333/39 350/332/39 430/347/39
f 345/348/39 435/349/39 346/350/39
f 434/351/39 346/350/39 435/349/39
f 390/352/39 389/353/39 388/354/39
f 439/220/39 438/355/39 342/219/39
f 390/352/39 388/354/39 387/356/39
f 342/219/39 438/355/39 343/357/39
f 437/358/39 343/357/39 438/355/39
f 384/359/39 394/360/39 393/361/39
f 385/362/39 384/359/39 393/361/39
f 393/361/39 392/363/39 385/362/39
f 386/364/39 385/362/39 392/363/39
f 392/363/39 391/365/39 386/364/39
f 391/365/39 390/352/39 386/364/39
f 390/352/39 387/356/39 386/364/39
f 343/357/39 437/358/39 344/366/39
f 437/358/39 436/367/39 344/366/39
f 345/348/39 344/366/39 436/367/39
f 435/349/39 345/348/39 436/367/39
f 382/340/39 397/339/39 396/368/39
f 383/369/39 382/340/39 396/368/39
f 396/368/39 395/370/39 383/369/39
f 395/370/39 394/360/39 383/369/39
f 394/360/39 384/359/39 383/369/39
f 346/350/39 434/351/39 347/371/39
f 434/351/39 433/372/39 347/371/39
f 348/341/39 347/371/39 433/372/39
f 432/342/39 348/341/39 433/372/39
f 401/326/39 377/328/39 402/311/39
f 376/312/39 402/311/39 377/328/39
f 352/330/39 427/329/39 353/314/39
f 426/315/39 353/314/39 427/329/39
f 441/275/39 440/219/39 443/220/39
f 443/220/39 442/276/39 441/275/39
f 512/277/39 511/278/39 471/279/39
f 471/279/39 470/280/39 512/277/39
f 513/281/39 512/277/39 470/280/39
f 470/280/39 469/282/39 513/281/39
f 514/283/39 513/281/39 469/282/39
f 469/282/39 468/284/39 514/283/39
f 515/285/39 514/283/39 468/284/39
f 516/286/39 515/285/39 468/284/39
f 468/284/39 467/287/39 516/286/39
f 517/288/39 516/286/39 467/287/39
f 467/287/39 466/289/39 517/288/39
f 518/290/39 517/288/39 466/289/39
f 466/289/39 465/291/39 518/290/39
f 519/292/39 518/290/39 465/291/39
f 465/291/39 464/293/39 519/292/39
f 520/294/39 519/292/39 464/293/39
f 464/293/39 463/295/39 520/294/39
f 521/296/39 520/294/39 463/295/39
f 507/297/39 475/298/39 508/299/39
f 475/298/39 474/300/39 508/299/39
f 460/301/39 459/302/39 524/303/39
f 459/302/39 525/304/39 524/303/39
f 476/305/39 506/306/39 477/307/39
f 457/308/39 526/309/39 458/310/39
f 504/311/39 478/312/39 505/313/39
f 455/314/39 528/315/39 456/316/39
f 527/317/39 456/316/39 528/315/39
f 477/307/39 506/306/39 505/313/39
f 505/313/39 478/312/39 477/307/39
f 456/316/39 527/317/39 457/308/39
f 526/309/39 457/308/39 527/317/39
f 506/306/39 476/305/39 507/297/39
f 475/298/39 507/297/39 476/305/39
f 525/304/39 459/302/39 458/310/39
f 458/310/39 526/309/39 525/304/39
f 508/299/39 474/300/39 509/318/39
f 474/300/39 473/319/39 509/318/39
f 510/320/39 509/318/39 473/319/39
f 473/319/39 472/321/39 510/320/39
f 511/278/39 510/320/39 472/321/39
f 471/279/39 511/278/39 472/321/39
f 521/296/39 463/295/39 462/322/39
f 522/323/39 521/296/39 462/322/39
f 462/322/39 461/324/39 522/323/39
f 523/325/39 522/323/39 461/324/39
f 461/324/39 460/301/39 523/325/39
f 460/301/39 524/303/39 523/325/39
f 503/326/39 480/327/39 479/328/39
f 529/329/39 454/330/39 530/331/39
f 452/332/39 531/333/39 453/334/39
f 480/327/39 503/326/39 502/335/39
f 502/335/39 481/336/39 480/327/39
f 530/331/39 454/330/39 453/334/39
f 453/334/39 531/333/39 530/331/39
f 483/337/39 500/338/39 499/339/39
f 499/339/39 484/340/39 483/337/39
f 450/341/39 534/342/39 451/343/39
f 533/344/39 451/343/39 534/342/39
f 481/336/39 502/335/39 501/345/39
f 482/346/39 481/336/39 501/345/39
f 501/345/39 500/338/39 482/346/39
f 500/338/39 483/337/39 482/346/39
f 451/343/39 533/344/39 452/332/39
f 533/344/39 532/347/39 452/332/39
f 531/333/39 452/332/39 532/347/39
f 447/348/39 537/349/39 448/350/39
f 536/351/39 448/350/39 537/349/39
f 492/352/39 491/353/39 490/354/39
f 541/220/39 540/355/39 444/219/39
f 492/352/39 490/354/39 489/356/39
f 444/219/39 540/355/39 445/357/39
f 539/358/39 445/357/39 540/355/39
f 486/359/39 496/360/39 495/361/39
f 487/362/39 486/359/39 495/361/39
f 495/361/39 494/363/39 487/362/39
f 488/364/39 487/362/39 494/363/39
f 494/363/39 493/365/39 488/364/39
f 493/365/39 492/352/39 488/364/39
f 492/352/39 489/356/39 488/364/39
f 445/357/39 539/358/39 446/366/39
f 539/358/39 538/367/39 446/366/39
f 447/348/39 446/366/39 538/367/39
f 537/349/39 447/348/39 538/367/39
f 484/340/39 499/339/39 498/368/39
f 485/369/39 484/340/39 498/368/39
f 498/368/39 497/370/39 485/369/39
f 497/370/39 496/360/39 485/369/39
f 496/360/39 486/359/39 485/369/39
f 448/350/39 536/351/39 449/371/39
f 536/351/39 535/372/39 449/371/39
f 450/341/39 449/371/39 535/372/39
f 534/342/39 450/341/39 535/372/39
f 503/326/39 479/328/39 504/311/39
f 478/312/39 504/311/39 479/328/39
f 454/330/39 529/329/39 455/314/39
f 528/315/39 455/314/39 529/329/39
f 605/138/40 601/140/40 604/139/40
f 604/139/40 601/140/40 603/141/40
f 602/142/40 603/141/40 601/140/40
f 598/143/40 608/145/40 597/144/40
f 598/143/40 599/146/40 608/145/40
f 608/145/40 599/146/40 607/147/40
f 600/148/40 607/147/40 599/146/40
f 607/147/40 600/148/40 606/149/40
f 601/140/40 606/149/40 600/148/40
f 605/138/40 606/149/40 601/140/40
f 637/150/40 566/152/40 636/151/40
f 638/153/40 566/152/40 637/150/40
f 566/152/40 638/153/40 565/154/40
f 639/155/40 565/154/40 638/153/40
f 565/154/40 639/155/40 564/156/40
f 640/157/40 564/156/40 639/155/40
f 564/156/40 640/157/40 563/158/40
f 641/159/40 563/158/40 640/157/40
f 593/160/40 594/162/40 611/161/40
f 591/163/40 592/165/40 613/164/40
f 613/164/40 592/165/40 612/166/40
f 589/167/40 590/169/40 614/168/40
f 649/170/40 554/172/40 555/171/40
f 613/164/40 590/169/40 591/163/40
f 590/169/40 613/164/40 614/168/40
f 648/173/40 555/171/40 556/174/40
f 555/171/40 648/173/40 649/170/40
f 592/165/40 593/160/40 612/166/40
f 611/161/40 612/166/40 593/160/40
f 632/175/40 633/177/40 569/176/40
f 568/178/40 569/176/40 633/177/40
f 646/179/40 557/181/40 558/180/40
f 647/182/40 557/181/40 646/179/40
f 557/181/40 647/182/40 556/174/40
f 556/174/40 647/182/40 648/173/40
f 594/162/40 595/183/40 611/161/40
f 611/161/40 595/183/40 610/184/40
f 596/185/40 610/184/40 595/183/40
f 610/184/40 596/185/40 609/186/40
f 597/144/40 609/186/40 596/185/40
f 608/145/40 609/186/40 597/144/40
f 633/177/40 634/187/40 568/178/40
f 635/188/40 568/178/40 634/187/40
f 568/178/40 635/188/40 567/189/40
f 636/151/40 567/189/40 635/188/40
f 566/152/40 567/189/40 636/151/40
f 641/159/40 562/190/40 563/158/40
f 642/191/40 562/190/40 641/159/40
f 562/190/40 642/191/40 561/192/40
f 643/193/40 561/192/40 642/191/40
f 561/192/40 643/193/40 560/194/40
f 644/195/40 560/194/40 643/193/40
f 560/194/40 644/195/40 559/196/40
f 645/197/40 559/196/40 644/195/40
f 559/196/40 645/197/40 558/180/40
f 558/180/40 645/197/40 646/179/40
f 552/198/40 553/200/40 650/199/40
f 551/201/40 651/203/40 652/202/40
f 550/204/40 551/201/40 653/205/40
f 652/202/40 653/205/40 551/201/40
f 616/206/40 588/208/40 615/207/40
f 551/201/40 552/198/40 651/203/40
f 650/199/40 651/203/40 552/198/40
f 654/209/40 655/211/40 549/210/40
f 616/206/40 587/212/40 588/208/40
f 617/213/40 587/212/40 616/206/40
f 587/212/40 617/213/40 586/214/40
f 586/214/40 617/213/40 618/215/40
f 571/216/40 572/218/40 630/217/40
f 549/210/40 550/204/40 654/209/40
f 653/205/40 654/209/40 550/204/40
f 542/219/40 662/221/40 663/220/40
f 543/222/40 662/221/40 542/219/40
f 581/223/40 623/225/40 580/224/40
f 624/226/40 580/224/40 623/225/40
f 580/224/40 624/226/40 579/227/40
f 625/228/40 579/227/40 624/226/40
f 579/227/40 625/228/40 578/229/40
f 626/230/40 578/229/40 625/228/40
f 578/229/40 626/230/40 577/231/40
f 627/232/40 577/231/40 626/230/40
f 577/231/40 627/232/40 576/233/40
f 576/233/40 627/232/40 575/234/40
f 543/222/40 544/235/40 662/221/40
f 545/236/40 662/221/40 544/235/40
f 662/221/40 545/236/40 661/237/40
f 661/237/40 545/236/40 660/238/40
f 546/239/40 660/238/40 545/236/40
f 659/240/40 660/238/40 546/239/40
f 618/215/40 585/241/40 586/214/40
f 619/242/40 585/241/40 618/215/40
f 585/241/40 619/242/40 584/243/40
f 620/244/40 584/243/40 619/242/40
f 584/243/40 620/244/40 583/245/40
f 621/246/40 583/245/40 620/244/40
f 583/245/40 621/246/40 582/247/40
f 622/248/40 582/247/40 621/246/40
f 582/247/40 622/248/40 581/223/40
f 581/223/40 622/248/40 623/225/40
f 627/232/40 628/249/40 575/234/40
f 575/234/40 628/249/40 574/250/40
f 629/251/40 574/250/40 628/249/40
f 574/250/40 629/251/40 573/252/40
f 630/217/40 573/252/40 629/251/40
f 572/218/40 573/252/40 630/217/40
f 546/239/40 547/253/40 659/240/40
f 659/240/40 547/253/40 658/254/40
f 658/254/40 547/253/40 657/255/40
f 548/256/40 657/255/40 547/253/40
f 657/255/40 548/256/40 656/257/40
f 549/210/40 656/257/40 548/256/40
f 655/211/40 656/257/40 549/210/40
f 588/208/40 589/167/40 615/207/40
f 614/168/40 615/207/40 589/167/40
f 630/217/40 631/258/40 571/216/40
f 571/216/40 631/258/40 570/259/40
f 632/175/40 570/259/40 631/258/40
f 569/176/40 570/259/40 632/175/40
f 649/170/40 553/200/40 554/172/40
f 553/200/40 649/170/40 650/199/40
f 668/260/40 666/262/40 667/261/40
f 666/262/40 668/260/40 674/220/40
f 674/220/40 668/260/40 669/263/40
f 670/264/40 672/266/40 673/265/40
f 665/267/40 671/268/40 664/219/40
f 665/267/40 672/266/40 671/268/40
f 670/264/40 671/268/40 672/266/40
f 665/267/40 666/262/40 672/266/40
f 674/220/40 672/266/40 666/262/40
f 669/263/40 673/265/40 674/220/40
f 673/265/40 669/263/40 670/264/40
f 680/269/40 678/271/40 679/270/40
f 682/220/40 675/219/40 681/272/40
f 678/271/40 676/274/40 677/273/40
f 676/274/40 678/271/40 675/219/40
f 675/219/40 678/271/40 681/272/40
f 680/269/40 681/272/40 678/271/40
f 746/138/40 742/140/40 745/139/40
f 745/139/40 742/140/40 744/141/40
f 743/142/40 744/141/40 742/140/40
f 739/143/40 749/145/40 738/144/40
f 739/143/40 740/146/40 749/145/40
f 749/145/40 740/146/40 748/147/40
f 741/148/40 748/147/40 740/146/40
f 748/147/40 741/148/40 747/149/40
f 742/140/40 747/149/40 741/148/40
f 746/138/40 747/149/40 742/140/40
f 778/150/40 707/152/40 777/151/40
f 779/153/40 707/152/40 778/150/40
f 707/152/40 779/153/40 706/154/40
f 780/155/40 706/154/40 779/153/40
f 706/154/40 780/155/40 705/156/40
f 781/157/40 705/156/40 780/155/40
f 705/156/40 781/157/40 704/158/40
f 782/159/40 704/158/40 781/157/40
f 734/160/40 735/162/40 752/161/40
f 732/163/40 733/165/40 754/164/40
f 754/164/40 733/165/40 753/166/40
f 730/167/40 731/169/40 755/168/40
f 790/170/40 695/172/40 696/171/40
f 754/164/40 731/169/40 732/163/40
f 731/169/40 754/164/40 755/168/40
f 789/173/40 696/171/40 697/174/40
f 696/171/40 789/173/40 790/170/40
f 733/165/40 734/160/40 753/166/40
f 752/161/40 753/166/40 734/160/40
f 773/175/40 774/177/40 710/176/40
f 709/178/40 710/176/40 774/177/40
f 787/179/40 698/181/40 699/180/40
f 788/182/40 698/181/40 787/179/40
f 698/181/40 788/182/40 697/174/40
f 697/174/40 788/182/40 789/173/40
f 735/162/40 736/183/40 752/161/40
f 752/161/40 736/183/40 751/184/40
f 737/185/40 751/184/40 736/183/40
f 751/184/40 737/185/40 750/186/40
f 738/144/40 750/186/40 737/185/40
f 749/145/40 750/186/40 738/144/40
f 774/177/40 775/187/40 709/178/40
f 776/188/40 709/178/40 775/187/40
f 709/178/40 776/188/40 708/189/40
f 777/151/40 708/189/40 776/188/40
f 707/152/40 708/189/40 777/151/40
f 782/159/40 703/190/40 704/158/40
f 783/191/40 703/190/40 782/159/40
f 703/190/40 783/191/40 702/192/40
f 784/193/40 702/192/40 783/191/40
f 702/192/40 784/193/40 701/194/40
f 785/195/40 701/194/40 784/193/40
f 701/194/40 785/195/40 700/196/40
f 786/197/40 700/196/40 785/195/40
f 700/196/40 786/197/40 699/180/40
f 699/180/40 786/197/40 787/179/40
f 693/198/40 694/200/40 791/199/40
f 692/201/40 792/203/40 793/202/40
f 691/204/40 692/201/40 794/205/40
f 793/202/40 794/205/40 692/201/40
f 757/206/40 729/208/40 756/207/40
f 692/201/40 693/198/40 792/203/40
f 791/199/40 792/203/40 693/198/40
f 795/209/40 796/211/40 690/210/40
f 757/206/40 728/212/40 729/208/40
f 758/213/40 728/212/40 757/206/40
f 728/212/40 758/213/40 727/214/40
f 727/214/40 758/213/40 759/215/40
f 712/216/40 713/218/40 771/217/40
f 690/210/40 691/204/40 795/209/40
f 794/205/40 795/209/40 691/204/40
f 683/219/40 803/221/40 804/220/40
f 684/222/40 803/221/40 683/219/40
f 722/223/40 764/225/40 721/224/40
f 765/226/40 721/224/40 764/225/40
f 721/224/40 765/226/40 720/227/40
f 766/228/40 720/227/40 765/226/40
f 720/227/40 766/228/40 719/229/40
f 767/230/40 719/229/40 766/228/40
f 719/229/40 767/230/40 718/231/40
f 768/232/40 718/231/40 767/230/40
f 718/231/40 768/232/40 717/233/40
f 717/233/40 768/232/40 716/234/40
f 684/222/40 685/235/40 803/221/40
f 686/236/40 803/221/40 685/235/40
f 803/221/40 686/236/40 802/237/40
f 802/237/40 686/236/40 801/238/40
f 687/239/40 801/238/40 686/236/40
f 800/240/40 801/238/40 687/239/40
f 759/215/40 726/241/40 727/214/40
f 760/242/40 726/241/40 759/215/40
f 726/241/40 760/242/40 725/243/40
f 761/244/40 725/243/40 760/242/40
f 725/243/40 761/244/40 724/245/40
f 762/246/40 724/245/40 761/244/40
f 724/245/40 762/246/40 723/247/40
f 763/248/40 723/247/40 762/246/40
f 723/247/40 763/248/40 722/223/40
f 722/223/40 763/248/40 764/225/40
f 768/232/40 769/249/40 716/234/40
f 716/234/40 769/249/40 715/250/40
f 770/251/40 715/250/40 769/249/40
f 715/250/40 770/251/40 714/252/40
f 771/217/40 714/252/40 770/251/40
f 713/218/40 714/252/40 771/217/40
f 687/239/40 688/253/40 800/240/40
f 800/240/40 688/253/40 799/254/40
f 799/254/40 688/253/40 798/255/40
f 689/256/40 798/255/40 688/253/40
f 798/255/40 689/256/40 797/257/40
f 690/210/40 797/257/40 689/256/40
f 796/211/40 797/257/40 690/210/40
f 729/208/40 730/167/40 756/207/40
f 755/168/40 756/207/40 730/167/40
f 771/217/40 772/258/40 712/216/40
f 712/216/40 772/258/40 711/259/40
f 773/175/40 711/259/40 772/258/40
f 710/176/40 711/259/40 773/175/40
f 790/170/40 694/200/40 695/172/40
f 694/200/40 790/170/40 791/199/40
f 806/275/40 808/220/40 805/219/40
f 808/220/40 806/275/40 807/276/40
f 812/264/40 814/220/40 811/260/40
f 814/220/40 810/262/40 811/260/40
f 810/262/40 814/220/40 809/219/40
f 812/264/40 813/266/40 814/220/40
f 883/277/40 842/279/40 882/278/40
f 842/279/40 883/277/40 841/280/40
f 884/281/40 841/280/40 883/277/40
f 841/280/40 884/281/40 840/282/40
f 885/283/40 840/282/40 884/281/40
f 840/282/40 885/283/40 839/284/40
f 886/285/40 839/284/40 885/283/40
f 887/286/40 839/284/40 886/285/40
f 839/284/40 887/286/40 838/287/40
f 888/288/40 838/287/40 887/286/40
f 838/287/40 888/288/40 837/289/40
f 889/290/40 837/289/40 888/288/40
f 837/289/40 889/290/40 836/291/40
f 890/292/40 836/291/40 889/290/40
f 836/291/40 890/292/40 835/293/40
f 891/294/40 835/293/40 890/292/40
f 835/293/40 891/294/40 834/295/40
f 892/296/40 834/295/40 891/294/40
f 878/297/40 879/299/40 846/298/40
f 846/298/40 879/299/40 845/300/40
f 831/301/40 895/303/40 830/302/40
f 830/302/40 895/303/40 896/304/40
f 847/305/40 848/307/40 877/306/40
f 828/308/40 829/310/40 897/309/40
f 875/311/40 876/313/40 849/312/40
f 826/314/40 827/316/40 899/315/40
f 898/317/40 899/315/40 827/316/40
f 848/307/40 876/313/40 877/306/40
f 876/313/40 848/307/40 849/312/40
f 827/316/40 828/308/40 898/317/40
f 897/309/40 898/317/40 828/308/40
f 877/306/40 878/297/40 847/305/40
f 846/298/40 847/305/40 878/297/40
f 896/304/40 829/310/40 830/302/40
f 829/310/40 896/304/40 897/309/40
f 879/299/40 880/318/40 845/300/40
f 845/300/40 880/318/40 844/319/40
f 881/320/40 844/319/40 880/318/40
f 844/319/40 881/320/40 843/321/40
f 882/278/40 843/321/40 881/320/40
f 842/279/40 843/321/40 882/278/40
f 892/296/40 833/322/40 834/295/40
f 893/323/40 833/322/40 892/296/40
f 833/322/40 893/323/40 832/324/40
f 894/325/40 832/324/40 893/323/40
f 832/324/40 894/325/40 831/301/40
f 831/301/40 894/325/40 895/303/40
f 874/326/40 850/328/40 851/327/40
f 900/329/40 901/331/40 825/330/40
f 823/332/40 824/334/40 902/333/40
f 851/327/40 873/335/40 874/326/40
f 873/335/40 851/327/40 852/336/40
f 901/331/40 824/334/40 825/330/40
f 824/334/40 901/331/40 902/333/40
f 854/337/40 870/339/40 871/338/40
f 870/339/40 854/337/40 855/340/40
f 821/341/40 822/343/40 905/342/40
f 904/344/40 905/342/40 822/343/40
f 852/336/40 872/345/40 873/335/40
f 853/346/40 872/345/40 852/336/40
f 872/345/40 853/346/40 871/338/40
f 871/338/40 853/346/40 854/337/40
f 822/343/40 823/332/40 904/344/40
f 904/344/40 823/332/40 903/347/40
f 902/333/40 903/347/40 823/332/40
f 818/348/40 819/350/40 908/349/40
f 907/351/40 908/349/40 819/350/40
f 863/352/40 861/354/40 862/353/40
f 912/220/40 815/219/40 911/355/40
f 863/352/40 860/356/40 861/354/40
f 815/219/40 816/357/40 911/355/40
f 910/358/40 911/355/40 816/357/40
f 857/359/40 866/361/40 867/360/40
f 858/362/40 866/361/40 857/359/40
f 866/361/40 858/362/40 865/363/40
f 859/364/40 865/363/40 858/362/40
f 865/363/40 859/364/40 864/365/40
f 864/365/40 859/364/40 863/352/40
f 863/352/40 859/364/40 860/356/40
f 816/357/40 817/366/40 910/358/40
f 910/358/40 817/366/40 909/367/40
f 818/348/40 909/367/40 817/366/40
f 908/349/40 909/367/40 818/348/40
f 855/340/40 869/368/40 870/339/40
f 856/369/40 869/368/40 855/340/40
f 869/368/40 856/369/40 868/370/40
f 868/370/40 856/369/40 867/360/40
f 867/360/40 856/369/40 857/359/40
f 819/350/40 820/371/40 907/351/40
f 907/351/40 820/371/40 906/372/40
f 821/341/40 906/372/40 820/371/40
f 905/342/40 906/372/40 821/341/40
f 874/326/40 875/311/40 850/328/40
f 849/312/40 850/328/40 875/311/40
f 825/330/40 826/314/40 900/329/40
f 899/315/40 900/329/40 826/314/40
f 914/275/40 916/220/40 913/219/40
f 916/220/40 914/275/40 915/276/40
f 985/277/40 944/279/40 984/278/40
f 944/279/40 985/277/40 943/280/40
f 986/281/40 943/280/40 985/277/40
f 943/280/40 986/281/40 942/282/40
f 987/283/40 942/282/40 986/281/40
f 942/282/40 987/283/40 941/284/40
f 988/285/40 941/284/40 987/283/40
f 989/286/40 941/284/40 988/285/40
f 941/284/40 989/286/40 940/287/40
f 990/288/40 940/287/40 989/286/40
f 940/287/40 990/288/40 939/289/40
f 991/290/40 939/289/40 990/288/40
f 939/289/40 991/290/40 938/291/40
f 992/292/40 938/291/40 991/290/40
f 938/291/40 992/292/40 937/293/40
f 993/294/40 937/293/40 992/292/40
f 937/293/40 993/294/40 936/295/40
f 994/296/40 936/295/40 993/294/40
f 980/297/40 981/299/40 948/298/40
f 948/298/40 981/299/40 947/300/40
f 933/301/40 997/303/40 932/302/40
f 932/302/40 997/303/40 998/304/40
f 949/305/40 950/307/40 979/306/40
f 930/308/40 931/310/40 999/309/40
f 977/311/40 978/313/40 951/312/40
f 928/314/40 929/316/40 1001/315/40
f 1000/317/40 1001/315/40 929/316/40
f 950/307/40 978/313/40 979/306/40
f 978/313/40 950/307/40 951/312/40
f 929/316/40 930/308/40 1000/317/40
f 999/309/40 1000/317/40 930/308/40
f 979/306/40 980/297/40 949/305/40
f 948/298/40 949/305/40 980/297/40
f 998/304/40 931/310/40 932/302/40
f 931/310/40 998/304/40 999/309/40
f 981/299/40 982/318/40 947/300/40
f 947/300/40 982/318/40 946/319/40
f 983/320/40 946/319/40 982/318/40
f 946/319/40 983/320/40 945/321/40
f 984/278/40 945/321/40 983/320/40
f 944/279/40 945/321/40 984/278/40
f 994/296/40 935/322/40 936/295/40
f 995/323/40 935/322/40 994/296/40
f 935/322/40 995/323/40 934/324/40
f 996/325/40 934/324/40 995/323/40
f 934/324/40 996/325/40 933/301/40
f 933/301/40 996/325/40 997/303/40
f 976/326/40 952/328/40 953/327/40
f 1002/329/40 1003/331/40 927/330/40
f 925/332/40 926/334/40 1004/333/40
f 953/327/40 975/335/40 976/326/40
f 975/335/40 953/327/40 954/336/40
f 1003/331/40 926/334/40 927/330/40
f 926/334/40 1003/331/40 1004/333/40
f 956/337/40 972/339/40 973/338/40
f 972/339/40 956/337/40 957/340/40
f 923/341/40 924/343/40 1007/342/40
f 1006/344/40 1007/342/40 924/343/40
f 954/336/40 974/345/40 975/335/40
f 955/346/40 974/345/40 954/336/40
f 974/345/40 955/346/40 973/338/40
f 973/338/40 955/346/40 956/337/40
f 924/343/40 925/332/40 1006/344/40
f 1006/344/40 925/332/40 1005/347/40
f 1004/333/40 1005/347/40 925/332/40
f 920/348/40 921/350/40 1010/349/40
f 1009/351/40 1010/349/40 921/350/40
f 965/352/40 963/354/40 964/353/40
f 1014/220/40 917/219/40 1013/355/40
f 965/352/40 962/356/40 963/354/40
f 917/219/40 918/357/40 1013/355/40
f 1012/358/40 1013/355/40 918/357/40
f 959/359/40 968/361/40 969/360/40
f 960/362/40 968/361/40 959/359/40
f 968/361/40 960/362/40 967/363/40
f 961/364/40 967/363/40 960/362/40
f 967/363/40 961/364/40 966/365/40
f 966/365/40 961/364/40 965/352/40
f 965/352/40 961/364/40 962/356/40
f 918/357/40 919/366/40 1012/358/40
f 1012/358/40 919/366/40 1011/367/40
f 920/348/40 1011/367/40 919/366/40
f 1010/349/40 1011/367/40 920/348/40
f 957/340/40 971/368/40 972/339/40
f 958/369/40 971/368/40 957/340/40
f 971/368/40 958/369/40 970/370/40
f 970/370/40 958/369/40 969/360/40
f 969/360/40 958/369/40 959/359/40
f 921/350/40 922/371/40 1009/351/40
f 1009/351/40 922/371/40 1008/372/40
f 923/341/40 1008/372/40 922/371/40
f 1007/342/40 1008/372/40 923/341/40
f 976/326/40 977/311/40 952/328/40
f 951/312/40 952/328/40 977/311/40
f 927/330/40 928/314/40 1002/329/40
f 1001/315/40 1002/329/40 928/314/40
s 1
f 1016/373/41 1018/374/42 1017/375/42 1015/219/41
f 1018/374/42 1020/376/43 1019/377/43 1017/375/42
f 1020/376/43 1022/378/44 1021/379/44 1019/377/43
f 1022/378/44 1024/380/45 1023/381/45 1021/379/44
f 1024/380/45 1026/382/46 1025/383/46 1023/381/45
f 1026/382/46 1028/384/47 1027/385/47 1025/383/46
f 1028/384/47 1030/386/48 1029/387/48 1027/385/47
f 1030/386/48 1032/388/49 1031/389/49 1029/387/48
f 1032/388/49 1034/390/50 1033/391/50 1031/389/49
f 1034/390/50 1036/392/51 1035/393/51 1033/391/50
f 1036/392/51 1038/394/52 1037/395/52 1035/393/51
f 1038/394/52 1040/396/53 1039/397/53 1037/395/52
f 1040/396/53 1042/398/54 1041/399/54 1039/397/53
f 1042/398/54 1044/400/55 1043/274/55 1041/399/54
f 1044/400/55 1046/401/56 1045/402/56 1043/274/55
f 1046/401/56 1048/403/57 1047/404/57 1045/402/56
f 1048/403/57 1050/405/58 1049/406/58 1047/404/57
f 1050/405/58 1052/407/59 1051/408/59 1049/406/58
f 1052/407/59 1054/409/60 1053/410/60 1051/408/59
f 1054/409/60 1056/411/61 1055/412/61 1053/410/60
f 1056/411/61 1058/413/62 1057/414/62 1055/412/61
f 1058/413/62 1060/415/63 1059/416/63 1057/414/62
f 1060/415/63 1062/417/64 1061/418/64 1059/416/63
f 1062/417/64 1064/419/65 1063/420/65 1061/418/64
f 1064/419/65 1066/421/66 1065/422/66 1063/420/65
f 1066/421/66 1068/423/67 1067/424/67 1065/422/66
f 1068/423/67 1070/425/68 1069/426/68 1067/424/67
f 1070/425/68 1072/427/69 1071/273/69 1069/426/68
f 1072/427/69 1074/428/70 1073/429/70 1071/273/69
f 1074/428/70 1076/430/71 1075/431/71 1073/429/70
f 1076/430/71 1078/432/72 1077/433/72 1075/431/71
f 1078/432/72 1080/434/73 1079/435/73 1077/433/72
f 1080/434/73 1082/436/74 1081/437/74 1079/435/73
f 1082/436/74 1084/438/75 1083/439/75 1081/437/74
f 1084/438/75 1086/440/76 1085/441/76 1083/439/75
f 1086/440/76 1088/442/77 1087/443/77 1085/441/76
f 1088/442/77 1090/444/78 1089/445/78 1087/443/77
f 1090/444/78 1092/446/79 1091/447/79 1089/445/78
f 1092/446/79 1094/448/80 1093/449/80 1091/447/79
f 1094/448/80 1096/450/81 1095/451/81 1093/449/80
f 1096/450/81 1098/452/82 1097/453/82 1095/451/81
f 1098/452/82 1100/454/83 1099/271/83 1097/453/82
f 1100/454/83 1102/455/84 1101/456/84 1099/271/83
f 1102/455/84 1104/457/85 1103/458/85 1101/456/84
f 1104/457/85 1106/459/86 1105/460/86 1103/458/85
f 1106/459/86 1108/461/87 1107/462/87 1105/460/86
f 1108/461/87 1110/463/88 1109/464/88 1107/462/87
f 1110/463/88 1112/465/89 1111/466/89 1109/464/88
f 1112/465/89 1114/467/90 1113/263/90 1111/466/89
f 1114/467/90 1116/468/91 1115/469/91 1113/263/90
f 1116/468/91 1118/470/92 1117/471/92 1115/469/91
f 1118/470/92 1120/472/93 1119/473/93 1117/471/92
f 1120/472/93 1122/474/94 1121/475/94 1119/473/93
f 1122/474/94 1124/476/95 1123/477/95 1121/475/94
f 1124/476/95 1126/478/96 1125/479/96 1123/477/95
f 1126/478/96 1128/480/97 1127/270/97 1125/479/96
f 1128/480/97 1130/481/98 1129/482/98 1127/270/97
f 1130/481/98 1132/483/99 1131/484/99 1129/482/98
f 1132/483/99 1134/485/100 1133/486/100 1131/484/99
f 1134/485/100 1136/487/101 1135/488/101 1133/486/100
f 1136/487/101 1138/489/102 1137/490/102 1135/488/101
f 1138/489/102 1140/491/103 1139/492/103 1137/490/102
f 1140/491/103 1142/493/104 1141/494/104 1139/492/103
f 1142/493/104 1144/495/105 1143/496/105 1141/494/104
f 1144/495/105 1146/497/106 1145/498/106 1143/496/105
f 1146/497/106 1148/499/107 1147/500/107 1145/498/106
f 1148/499/107 1150/501/108 1149/502/108 1147/500/107
f 1150/501/108 1152/503/109 1151/504/109 1149/502/108
f 1152/503/109 1154/505/110 1153/506/110 1151/504/109
f 1154/505/110 1156/507/111 1155/269/111 1153/506/110
f 1156/507/111 1158/508/112 1157/509/112 1155/269/111
f 1158/508/112 1160/510/113 1159/511/113 1157/509/112
f 1160/510/113 1162/512/114 1161/513/114 1159/511/113
f 1162/512/114 1164/514/115 1163/515/115 1161/513/114
f 1164/514/115 1166/516/116 1165/517/116 1163/515/115
f 1166/516/116 1168/518/117 1167/519/117 1165/517/116
f 1168/518/117 1170/520/118 1169/521/118 1167/519/117
f 1170/520/118 1172/522/119 1171/523/119 1169/521/118
f 1172/522/119 1174/524/120 1173/525/120 1171/523/119
f 1174/524/120 1176/526/121 1175/527/121 1173/525/120
f 1176/526/121 1178/528/122 1177/529/122 1175/527/121
f 1178/528/122 1180/530/123 1179/531/123 1177/529/122
f 1180/530/123 1182/532/124 1181/533/124 1179/531/123
f 1182/532/124 1184/534/125 1183/272/125 1181/533/124
f 1184/534/125 1186/535/126 1185/536/126 1183/272/125
f 1186/535/126 1188/537/127 1187/538/127 1185/536/126
f 1188/537/127 1190/539/128 1189/540/128 1187/538/127
f 1190/539/128 1192/541/129 1191/542/129 1189/540/128
f 1192/541/129 1194/543/130 1193/544/130 1191/542/129
f 1194/543/130 1196/545/131 1195/546/131 1193/544/130
f 1196/545/131 1198/547/132 1197/548/132 1195/546/131
f 1198/547/132 1200/549/133 1199/550/133 1197/548/132
f 1200/549/133 1202/551/134 1201/552/134 1199/550/133
f 1202/551/134 1204/553/135 1203/554/135 1201/552/134
f 1204/553/135 1206/555/136 1205/556/136 1203/554/135
f 1206/555/136 1208/557/137 1207/558/137 1205/556/136
f 1208/557/137 1210/559/138 1209/560/138 1207/558/137
f 1210/559/138 1016/561/41 1015/220/41 1209/560/138
f 1212/373/139 1214/562/140 1213/563/140 1211/219/139
f 1214/562/140 1216/467/141 1215/263/141 1213/563/140
f 1216/467/141 1218/564/142 1217/565/142 1215/263/141
f 1218/564/142 1212/561/139 1211/220/139 1217/565/142
f 1220/373/41 1222/374/42 1221/375/42 1219/219/41
f 1222/374/42 1224/376/43 1223/377/43 1221/375/42
f 1224/376/43 1226/378/44 1225/379/44 1223/377/43
f 1226/378/44 1228/380/45 1227/381/45 1225/379/44
f 1228/380/45 1230/382/46 1229/383/46 1227/381/45
f 1230/382/46 1232/384/47 1231/385/47 1229/383/46
f 1232/384/47 1234/386/48 1233/387/48 1231/385/47
f 1234/386/48 1236/388/49 1235/389/49 1233/387/48
f 1236/388/49 1238/390/50 1237/391/50 1235/389/49
f 1238/390/50 1240/392/51 1239/393/51 1237/391/50
f 1240/392/51 1242/394/52 1241/395/52 1239/393/51
f 1242/394/52 1244/396/53 1243/397/53 1241/395/52
f 1244/396/53 1246/398/54 1245/399/54 1243/397/53
f 1246/398/54 1248/400/55 1247/274/55 1245/399/54
f 1248/400/55 1250/401/56 1249/402/56 1247/274/55
f 1250/401/56 1252/403/57 1251/404/57 1249/402/56
f 1252/403/57 1254/405/58 1253/406/58 1251/404/57
f 1254/405/58 1256/407/59 1255/408/59 1253/406/58
f 1256/407/59 1258/409/60 1257/410/60 1255/408/59
f 1258/409/60 1260/411/61 1259/412/61 1257/410/60
f 1260/411/61 1262/413/62 1261/414/62 1259/412/61
f 1262/413/62 1264/415/63 1263/416/63 1261/414/62
f 1264/415/63 1266/417/64 1265/418/64 1263/416/63
f 1266/417/64 1268/419/65 1267/420/65 1265/418/64
f 1268/419/65 1270/421/66 1269/422/66 1267/420/65
f 1270/421/66 1272/423/67 1271/424/67 1269/422/66
f 1272/423/67 1274/425/68 1273/426/68 1271/424/67
f 1274/425/68 1276/427/69 1275/273/69 1273/426/68
f 1276/427/69 1278/428/70 1277/429/70 1275/273/69
f 1278/428/70 1280/430/71 1279/431/71 1277/429/70
f 1280/430/71 1282/432/72 1281/433/72 1279/431/71
f 1282/432/72 1284/434/73 1283/435/73 1281/433/72
f 1284/434/73 1286/436/74 1285/437/74 1283/435/73
f 1286/436/74 1288/438/75 1287/439/75 1285/437/74
f 1288/438/75 1290/440/76 1289/441/76 1287/439/75
f 1290/440/76 1292/442/77 1291/443/77 1289/441/76
f 1292/442/77 1294/444/78 1293/445/78 1291/443/77
f 1294/444/78 1296/446/79 1295/447/79 1293/445/78
f 1296/446/79 1298/448/80 1297/449/80 1295/447/79
f 1298/448/80 1300/450/81 1299/451/81 1297/449/80
f 1300/450/81 1302/452/82 1301/453/82 1299/451/81
f 1302/452/82 1304/454/83 1303/271/83 1301/453/82
f 1304/454/83 1306/455/84 1305/456/84 1303/271/83
f 1306/455/84 1308/457/85 1307/458/85 1305/456/84
f 1308/457/85 1310/459/86 1309/460/86 1307/458/85
f 1310/459/86 1312/461/87 1311/462/87 1309/460/86
f 1312/461/87 1314/463/88 1313/464/88 1311/462/87
f 1314/463/88 1316/465/89 1315/466/89 1313/464/88
f 1316/465/89 1318/467/90 1317/263/90 1315/466/89
f 1318/467/90 1320/468/91 1319/469/91 1317/263/90
f 1320/468/91 1322/470/92 1321/471/92 1319/469/91
f 1322/470/92 1324/472/93 1323/473/93 1321/471/92
f 1324/472/93 1326/474/94 1325/475/94 1323/473/93
f 1326/474/94 1328/476/95 1327/477/95 1325/475/94
f 1328/476/95 1330/478/96 1329/479/96 1327/477/95
f 1330/478/96 1332/480/97 1331/270/97 1329/479/96
f 1332/480/97 1334/481/98 1333/482/98 1331/270/97
f 1334/481/98 1336/483/99 1335/484/99 1333/482/98
f 1336/483/99 1338/485/100 1337/486/100 1335/484/99
f 1338/485/100 1340/487/101 1339/488/101 1337/486/100
f 1340/487/101 1342/489/102 1341/490/102 1339/488/101
f 1342/489/102 1344/491/103 1343/492/103 1341/490/102
f 1344/491/103 1346/493/104 1345/494/104 1343/492/103
f 1346/493/104 1348/495/105 1347/496/105 1345/494/104
f 1348/495/105 1350/497/106 1349/498/106 1347/496/105
f 1350/497/106 1352/499/107 1351/500/107 1349/498/106
f 1352/499/107 1354/501/108 1353/502/108 1351/500/107
f 1354/501/108 1356/503/109 1355/504/109 1353/502/108
f 1356/503/109 1358/505/110 1357/506/110 1355/504/109
f 1358/505/110 1360/507/111 1359/269/111 1357/506/110
f 1360/507/111 1362/508/112 1361/509/112 1359/269/111
f 1362/508/112 1364/510/113 1363/511/113 1361/509/112
f 1364/510/113 1366/512/114 1365/513/114 1363/511/113
f 1366/512/114 1368/514/115 1367/515/115 1365/513/114
f 1368/514/115 1370/516/116 1369/517/116 1367/515/115
f 1370/516/116 1372/518/117 1371/519/117 1369/517/116
f 1372/518/117 1374/520/118 1373/521/118 1371/519/117
f 1374/520/118 1376/522/119 1375/523/119 1373/521/118
f 1376/522/119 1378/524/120 1377/525/120 1375/523/119
f 1378/524/120 1380/526/121 1379/527/121 1377/525/120
f 1380/526/121 1382/528/122 1381/529/122 1379/527/121
f 1382/528/122 1384/530/123 1383/531/123 1381/529/122
f 1384/530/123 1386/532/124 1385/533/124 1383/531/123
f 1386/532/124 1388/534/125 1387/272/125 1385/533/124
f 1388/534/125 1390/535/126 1389/536/126 1387/272/125
f 1390/535/126 1392/537/127 1391/538/127 1389/536/126
f 1392/537/127 1394/539/128 1393/540/128 1391/538/127
f 1394/539/128 1396/541/129 1395/542/129 1393/540/128
f 1396/541/129 1398/543/130 1397/544/130 1395/542/129
f 1398/543/130 1400/545/131 1399/546/131 1397/544/130
f 1400/545/131 1402/547/132 1401/548/132 1399/546/131
f 1402/547/132 1404/549/133 1403/550/133 1401/548/132
f 1404/549/133 1406/551/134 1405/552/134 1403/550/133
f 1406/551/134 1408/553/135 1407/554/135 1405/552/134
f 1408/553/135 1410/555/136 1409/556/136 1407/554/135
f 1410/555/136 1412/557/137 1411/558/137 1409/556/136
f 1412/557/137 1414/559/138 1413/560/138 1411/558/137
f 1414/559/138 1220/561/41 1219/220/41 1413/560/138
f 1416/373/141 1418/566/142 1417/567/142 1415/219/141
f 1418/566/142 1420/568/139 1419/275/139 1417/567/142
f 1420/568/139 1422/467/140 1421/263/140 1419/275/139
f 1422/467/140 1424/569/141 1423/276/141 1421/263/140
f 1424/569/141 1426/570/141 1425/571/141 1423/276/141
f 1426/570/141 1416/561/141 1415/220/141 1425/571/141
f 1428/373/139 1430/562/140 1429/563/140 1427/219/139
f 1430/562/140 1432/467/141 1431/263/141 1429/563/140
f 1432/467/141 1434/564/142 1433/565/142 1431/263/141
f 1434/564/142 1428/561/139 1427/220/139 1433/565/142
f 1436/373/143 1438/572/144 1437/573/144 1435/219/143
f 1438/572/144 1440/574/145 1439/575/145 1437/573/144
f 1440/574/145 1442/576/146 1441/577/146 1439/575/145
f 1442/576/146 1444/578/147 1443/579/147 1441/577/146
f 1444/578/147 1446/580/148 1445/581/148 1443/579/147
f 1446/580/148 1448/582/149 1447/583/149 1445/581/148
f 1448/582/149 1450/584/150 1449/585/150 1447/583/149
f 1450/584/150 1452/586/151 1451/587/151 1449/585/150
f 1452/586/151 1454/588/152 1453/589/152 1451/587/151
f 1454/588/152 1456/590/153 1455/591/153 1453/589/152
f 1456/590/153 1458/592/154 1457/593/154 1455/591/153
f 1458/592/154 1460/594/155 1459/595/155 1457/593/154
f 1460/594/155 1462/596/156 1461/597/156 1459/595/155
f 1462/596/156 1464/598/157 1463/599/157 1461/597/156
f 1464/598/157 1466/600/158 1465/601/158 1463/599/157
f 1466/600/158 1468/602/159 1467/603/159 1465/601/158
f 1468/602/159 1470/604/160 1469/605/160 1467/603/159
f 1470/604/160 1472/606/161 1471/607/161 1469/605/160
f 1472/606/161 1474/608/162 1473/609/162 1471/607/161
f 1474/608/162 1476/610/163 1475/611/163 1473/609/162
f 1476/610/163 1478/612/164 1477/613/164 1475/611/163
f 1478/612/164 1480/614/165 1479/615/165 1477/613/164
f 1480/614/165 1482/616/166 1481/617/166 1479/615/165
f 1482/616/166 1484/618/167 1483/619/167 1481/617/166
f 1484/618/167 1486/620/168 1485/621/168 1483/619/167
f 1486/620/168 1488/622/169 1487/623/169 1485/621/168
f 1488/622/169 1490/624/170 1489/625/170 1487/623/169
f 1490/624/170 1492/626/171 1491/627/171 1489/625/170
f 1492/626/171 1494/628/172 1493/629/172 1491/627/171
f 1494/628/172 1496/630/173 1495/631/173 1493/629/172
f 1496/630/173 1498/632/174 1497/633/174 1495/631/173
f 1498/632/174 1500/634/175 1499/635/175 1497/633/174
f 1500/634/175 1502/636/176 1501/637/176 1499/635/175
f 1502/636/176 1504/638/177 1503/639/177 1501/637/176
f 1504/638/177 1506/640/178 1505/641/178 1503/639/177
f 1506/640/178 1508/642/179 1507/643/179 1505/641/178
f 1508/642/179 1510/644/180 1509/645/180 1507/643/179
f 1510/644/180 1512/646/181 1511/647/181 1509/645/180
f 1512/646/181 1514/648/182 1513/649/182 1511/647/181
f 1514/648/182 1516/650/183 1515/651/183 1513/649/182
f 1516/650/183 1518/652/184 1517/653/184 1515/651/183
f 1518/652/184 1520/654/185 1519/655/185 1517/653/184
f 1520/654/185 1522/656/186 1521/657/186 1519/655/185
f 1522/656/186 1524/658/187 1523/659/187 1521/657/186
f 1524/658/187 1526/660/188 1525/661/188 1523/659/187
f 1526/660/188 1528/662/189 1527/663/189 1525/661/188
f 1528/662/189 1530/664/190 1529/665/190 1527/663/189
f 1530/664/190 1532/666/191 1531/667/191 1529/665/190
f 1532/666/191 1534/668/192 1533/669/192 1531/667/191
f 1534/668/192 1536/670/193 1535/671/193 1533/669/192
f 1536/670/193 1538/672/194 1537/673/194 1535/671/193
f 1538/672/194 1540/674/195 1539/675/195 1537/673/194
f 1540/674/195 1542/676/196 1541/677/196 1539/675/195
f 1542/676/196 1544/678/197 1543/679/197 1541/677/196
f 1544/678/197 1546/680/198 1545/681/198 1543/679/197
f 1546/680/198 1548/682/199 1547/683/199 1545/681/198
f 1548/682/199 1550/684/200 1549/685/200 1547/683/199
f 1550/684/200 1552/686/201 1551/687/201 1549/685/200
f 1552/686/201 1554/688/202 1553/689/202 1551/687/201
f 1554/688/202 1556/690/203 1555/691/203 1553/689/202
f 1556/690/203 1558/467/204 1557/263/204 1555/691/203
f 1558/467/204 1560/692/205 1559/693/205 1557/263/204
f 1560/692/205 1562/694/206 1561/695/206 1559/693/205
f 1562/694/206 1564/696/207 1563/697/207 1561/695/206
f 1564/696/207 1566/698/208 1565/699/208 1563/697/207
f 1566/698/208 1568/700/209 1567/701/209 1565/699/208
f 1568/700/209 1570/702/210 1569/703/210 1567/701/209
f 1570/702/210 1572/704/211 1571/705/211 1569/703/210
f 1572/704/211 1574/706/212 1573/707/212 1571/705/211
f 1574/706/212 1576/708/213 1575/709/213 1573/707/212
f 1576/708/213 1578/710/214 1577/711/214 1575/709/213
f 1578/710/214 1580/712/215 1579/713/215 1577/711/214
f 1580/712/215 1582/714/216 1581/715/216 1579/713/215
f 1582/714/216 1584/716/217 1583/717/217 1581/715/216
f 1584/716/217 1586/718/218 1585/719/218 1583/717/217
f 1586/718/218 1588/720/219 1587/721/219 1585/719/218
f 1588/720/219 1590/722/220 1589/723/220 1587/721/219
f 1590/722/220 1592/724/221 1591/725/221 1589/723/220
f 1592/724/221 1594/726/222 1593/727/222 1591/725/221
f 1594/726/222 1596/728/223 1595/729/223 1593/727/222
f 1596/728/223 1598/730/224 1597/731/224 1595/729/223
f 1598/730/224 1600/732/225 1599/733/225 1597/731/224
f 1600/732/225 1602/734/226 1601/735/226 1599/733/225
f 1602/734/226 1604/736/227 1603/737/227 1601/735/226
f 1604/736/227 1606/738/228 1605/739/228 1603/737/227
f 1606/738/228 1608/740/229 1607/741/229 1605/739/228
f 1608/740/229 1610/742/230 1609/743/230 1607/741/229
f 1610/742/230 1612/744/231 1611/745/231 1609/743/230
f 1612/744/231 1614/746/232 1613/747/232 1611/745/231
f 1614/746/232 1616/748/233 1615/749/233 1613/747/232
f 1616/748/233 1618/750/234 1617/751/234 1615/749/233
f 1618/750/234 1620/752/235 1619/753/235 1617/751/234
f 1620/752/235 1622/754/236 1621/755/236 1619/753/235
f 1622/754/236 1624/756/237 1623/757/237 1621/755/236
f 1624/756/237 1626/758/238 1625/759/238 1623/757/237
f 1626/758/238 1628/760/239 1627/761/239 1625/759/238
f 1628/760/239 1630/762/240 1629/763/240 1627/761/239
f 1630/762/240 1632/764/241 1631/765/241 1629/763/240
f 1632/764/241 1634/766/242 1633/767/242 1631/765/241
f 1634/766/242 1636/768/243 1635/769/243 1633/767/242
f 1636/768/243 1638/770/244 1637/771/244 1635/769/243
f 1638/770/244 1640/772/245 1639/773/245 1637/771/244
f 1640/772/245 1642/774/246 1641/775/246 1639/773/245
f 1642/774/246 1644/776/247 1643/777/247 1641/775/246
f 1644/776/247 1646/778/248 1645/779/248 1643/777/247
f 1646/778/248 1648/780/249 1647/781/249 1645/779/248
f 1648/780/249 1650/782/250 1649/783/250 1647/781/249
f 1650/782/250 1652/784/251 1651/785/251 1649/783/250
f 1652/784/251 1654/786/252 1653/787/252 1651/785/251
f 1654/786/252 1656/788/253 1655/789/253 1653/787/252
f 1656/788/253 1658/790/254 1657/791/254 1655/789/253
f 1658/790/254 1660/792/255 1659/793/255 1657/791/254
f 1660/792/255 1662/794/256 1661/795/256 1659/793/255
f 1662/794/256 1664/796/257 1663/797/257 1661/795/256
f 1664/796/257 1666/798/258 1665/799/258 1663/797/257
f 1666/798/258 1668/800/259 1667/801/259 1665/799/258
f 1668/800/259 1670/802/260 1669/803/260 1667/801/259
f 1670/802/260 1672/804/261 1671/805/261 1669/803/260
f 1672/804/261 1674/806/262 1673/807/262 1671/805/261
f 1674/806/262 1676/808/263 1675/809/263 1673/807/262
f 1676/808/263 1678/810/264 1677/811/264 1675/809/263
f 1678/810/264 1436/561/143 1435/220/143 1677/811/264
f 1680/373/142 1682/812/142 1681/813/142 1679/219/142
f 1682/812/142 1684/562/139 1683/563/139 1681/813/142
f 1684/562/139 1686/814/139 1685/815/139 1683/563/139
f 1686/814/139 1688/467/139 1687/263/139 1685/815/139
f 1688/467/139 1690/816/140 1689/817/140 1687/263/139
f 1690/816/140 1692/564/141 1691/565/141 1689/817/140
f 1692/564/141 1694/818/142 1693/819/142 1691/565/141
f 1694/818/142 1680/561/142 1679/220/142 1693/819/142
f 1696/373/265 1698/812/265 1697/813/265 1695/219/265
f 1698/812/265 1700/562/266 1699/563/266 1697/813/265
f 1700/562/266 1702/814/266 1701/815/266 1699/563/266
f 1702/814/266 1704/467/267 1703/263/267 1701/815/266
f 1704/467/267 1706/816/268 1705/817/268 1703/263/267
f 1706/816/268 1708/564/269 1707/565/269 1705/817/268
f 1708/564/269 1710/818/270 1709/819/270 1707/565/269
f 1710/818/270 1696/561/265 1695/220/265 1709/819/270
f 1712/373/271 1714/568/272 1713/275/272 1711/219/271
f 1714/568/272 1716/569/273 1715/276/273 1713/275/272
f 1716/569/273 1712/561/271 1711/220/271 1715/276/273
f 1718/373/274 1720/572/144 1719/573/144 1717/219/274
f 1720/572/144 1722/574/145 1721/575/145 1719/573/144
f 1722/574/145 1724/576/146 1723/577/146 1721/575/145
f 1724/576/146 1726/578/147 1725/579/147 1723/577/146
f 1726/578/147 1728/580/148 1727/581/148 1725/579/147
f 1728/580/148 1730/582/149 1729/583/149 1727/581/148
f 1730/582/149 1732/584/150 1731/585/150 1729/583/149
f 1732/584/150 1734/586/151 1733/587/151 1731/585/150
f 1734/586/151 1736/588/152 1735/589/152 1733/587/151
f 1736/588/152 1738/590/153 1737/591/153 1735/589/152
f 1738/590/153 1740/592/154 1739/593/154 1737/591/153
f 1740/592/154 1742/594/155 1741/595/155 1739/593/154
f 1742/594/155 1744/596/156 1743/597/156 1741/595/155
f 1744/596/156 1746/598/157 1745/599/157 1743/597/156
f 1746/598/157 1748/600/158 1747/601/158 1745/599/157
f 1748/600/158 1750/602/159 1749/603/159 1747/601/158
f 1750/602/159 1752/604/160 1751/605/160 1749/603/159
f 1752/604/160 1754/606/161 1753/607/161 1751/605/160
f 1754/606/161 1756/608/162 1755/609/162 1753/607/161
f 1756/608/162 1758/610/163 1757/611/163 1755/609/162
f 1758/610/163 1760/612/164 1759/613/164 1757/611/163
f 1760/612/164 1762/614/165 1761/615/165 1759/613/164
f 1762/614/165 1764/616/166 1763/617/166 1761/615/165
f 1764/616/166 1766/618/167 1765/619/167 1763/617/166
f 1766/618/167 1768/620/168 1767/621/168 1765/619/167
f 1768/620/168 1770/622/169 1769/623/169 1767/621/168
f 1770/622/169 1772/624/170 1771/625/170 1769/623/169
f 1772/624/170 1774/626/171 1773/627/171 1771/625/170
f 1774/626/171 1776/628/172 1775/629/172 1773/627/171
f 1776/628/172 1778/630/173 1777/631/173 1775/629/172
f 1778/630/173 1780/632/174 1779/633/174 1777/631/173
f 1780/632/174 1782/634/175 1781/635/175 1779/633/174
f 1782/634/175 1784/636/176 1783/637/176 1781/635/175
f 1784/636/176 1786/638/177 1785/639/177 1783/637/176
f 1786/638/177 1788/640/178 1787/641/178 1785/639/177
f 1788/640/178 1790/642/179 1789/643/179 1787/641/178
f 1790/642/179 1792/644/180 1791/645/180 1789/643/179
f 1792/644/180 1794/646/181 1793/647/181 1791/645/180
f 1794/646/181 1796/648/182 1795/649/182 1793/647/181
f 1796/648/182 1798/650/183 1797/651/183 1795/649/182
f 1798/650/183 1800/652/184 1799/653/184 1797/651/183
f 1800/652/184 1802/654/185 1801/655/185 1799/653/184
f 1802/654/185 1804/656/186 1803/657/186 1801/655/185
f 1804/656/186 1806/658/187 1805/659/187 1803/657/186
f 1806/658/187 1808/660/188 1807/661/188 1805/659/187
f 1808/660/188 1810/662/189 1809/663/189 1807/661/188
f 1810/662/189 1812/664/190 1811/665/190 1809/663/189
f 1812/664/190 1814/666/191 1813/667/191 1811/665/190
f 1814/666/191 1816/668/192 1815/669/192 1813/667/191
f 1816/668/192 1818/670/193 1817/671/193 1815/669/192
f 1818/670/193 1820/672/194 1819/673/194 1817/671/193
f 1820/672/194 1822/674/195 1821/675/195 1819/673/194
f 1822/674/195 1824/676/196 1823/677/196 1821/675/195
f 1824/676/196 1826/678/197 1825/679/197 1823/677/196
f 1826/678/197 1828/680/198 1827/681/198 1825/679/197
f 1828/680/198 1830/682/199 1829/683/199 1827/681/198
f 1830/682/199 1832/684/200 1831/685/200 1829/683/199
f 1832/684/200 1834/686/201 1833/687/201 1831/685/200
f 1834/686/201 1836/688/202 1835/689/202 1833/687/201
f 1836/688/202 1838/690/203 1837/691/203 1835/689/202
f 1838/690/203 1840/467/204 1839/263/204 1837/691/203
f 1840/467/204 1842/692/205 1841/693/205 1839/263/204
f 1842/692/205 1844/694/206 1843/695/206 1841/693/205
f 1844/694/206 1846/696/207 1845/697/207 1843/695/206
f 1846/696/207 1848/698/208 1847/699/208 1845/697/207
f 1848/698/208 1850/700/209 1849/701/209 1847/699/208
f 1850/700/209 1852/702/210 1851/703/210 1849/701/209
f 1852/702/210 1854/704/211 1853/705/211 1851/703/210
f 1854/704/211 1856/706/212 1855/707/212 1853/705/211
f 1856/706/212 1858/708/213 1857/709/213 1855/707/212
f 1858/708/213 1860/710/214 1859/711/214 1857/709/213
f 1860/710/214 1862/712/215 1861/713/215 1859/711/214
f 1862/712/215 1864/714/216 1863/715/216 1861/713/215
f 1864/714/216 1866/716/217 1865/717/217 1863/715/216
f 1866/716/217 1868/718/218 1867/719/218 1865/717/217
f 1868/718/218 1870/720/219 1869/721/219 1867/719/218
f 1870/720/219 1872/722/220 1871/723/220 1869/721/219
f 1872/722/220 1874/724/221 1873/725/221 1871/723/220
f 1874/724/221 1876/726/222 1875/727/222 1873/725/221
f 1876/726/222 1878/728/223 1877/729/223 1875/727/222
f 1878/728/223 1880/730/224 1879/731/224 1877/729/223
f 1880/730/224 1882/732/225 1881/733/225 1879/731/224
f 1882/732/225 1884/734/226 1883/735/226 1881/733/225
f 1884/734/226 1886/736/227 1885/737/227 1883/735/226
f 1886/736/227 1888/738/228 1887/739/228 1885/737/227
f 1888/738/228 1890/740/229 1889/741/229 1887/739/228
f 1890/740/229 1892/742/230 1891/743/230 1889/741/229
f 1892/742/230 1894/744/231 1893/745/231 1891/743/230
f 1894/744/231 1896/746/232 1895/747/232 1893/745/231
f 1896/746/232 1898/748/233 1897/749/233 1895/747/232
f 1898/748/233 1900/750/234 1899/751/234 1897/749/233
f 1900/750/234 1902/752/235 1901/753/235 1899/751/234
f 1902/752/235 1904/754/236 1903/755/236 1901/753/235
f 1904/754/236 1906/756/237 1905/757/237 1903/755/236
f 1906/756/237 1908/758/238 1907/759/238 1905/757/237
f 1908/758/238 1910/760/239 1909/761/239 1907/759/238
f 1910/760/239 1912/762/240 1911/763/240 1909/761/239
f 1912/762/240 1914/764/241 1913/765/241 1911/763/240
f 1914/764/241 1916/766/242 1915/767/242 1913/765/241
f 1916/766/242 1918/768/243 1917/769/243 1915/767/242
f 1918/768/243 1920/770/244 1919/771/244 1917/769/243
f 1920/770/244 1922/772/245 1921/773/245 1919/771/244
f 1922/772/245 1924/774/246 1923/775/246 1921/773/245
f 1924/774/246 1926/776/247 1925/777/247 1923/775/246
f 1926/776/247 1928/778/248 1927/779/248 1925/777/247
f 1928/778/248 1930/780/249 1929/781/249 1927/779/248
f 1930/780/249 1932/782/250 1931/783/250 1929/781/249
f 1932/782/250 1934/784/251 1933/785/251 1931/783/250
f 1934/784/251 1936/786/252 1935/787/252 1933/785/251
f 1936/786/252 1938/788/253 1937/789/253 1935/787/252
f 1938/788/253 1940/790/254 1939/791/254 1937/789/253
f 1940/790/254 1942/792/255 1941/793/255 1939/791/254
f 1942/792/255 1944/794/256 1943/795/256 1941/793/255
f 1944/794/256 1946/796/257 1945/797/257 1943/795/256
f 1946/796/257 1948/798/258 1947/799/258 1945/797/257
f 1948/798/258 1950/800/259 1949/801/259 1947/799/258
f 1950/800/259 1952/802/260 1951/803/260 1949/801/259
f 1952/802/260 1954/804/261 1953/805/261 1951/803/260
f 1954/804/261 1956/806/262 1955/807/262 1953/805/261
f 1956/806/262 1958/808/263 1957/809/263 1955/807/262
f 1958/808/263 1960/810/264 1959/811/264 1957/809/263
f 1960/810/264 1718/561/274 1717/220/274 1959/811/264
