# Blender 5.2.2 LTS
# www.blender.org
mtllib Poste .mtl
o Cylinder
v 0.456933 0.321714 0.786269
v 0.294760 0.321714 0.860304
v 0.121259 0.321714 0.901278
v -0.056902 0.321714 0.907617
v -0.232875 0.321714 0.879076
v -0.399900 0.321714 0.816753
v -0.551557 0.321714 0.723043
v -0.682017 0.321714 0.601547
v -0.786269 0.321714 0.456933
v -0.860304 0.321714 0.294760
v -0.901278 0.321714 0.121259
v -0.907617 0.321714 -0.056902
v -0.879076 0.321714 -0.232875
v -0.816753 0.321714 -0.399900
v -0.723043 0.321714 -0.551557
v -0.601547 0.321714 -0.682017
v -0.456933 0.321714 -0.786269
v -0.294760 0.321714 -0.860304
v -0.121259 0.321714 -0.901278
v 0.056902 0.321714 -0.907617
v 0.232875 0.321714 -0.879076
v 0.399900 0.321714 -0.816753
v 0.551557 0.321714 -0.723043
v 0.682017 0.321714 -0.601547
v 0.786269 0.321714 -0.456933
v 0.860304 0.321714 -0.294760
v 0.901278 0.321714 -0.121259
v 0.907617 0.321714 0.056902
v 0.879076 0.321714 0.232875
v 0.816753 0.321714 0.399900
v 0.723043 0.321714 0.551557
v 0.601547 0.321714 0.682017
v 0.141007 0.815318 0.242638
v 0.163106 1.216939 0.280665
v 0.195946 1.652504 0.337175
v 0.178592 2.108906 0.307313
v 0.181790 2.503371 0.312816
v 0.199950 2.961118 0.344064
v 0.199950 3.397147 0.344064
v 0.199950 3.833176 0.344064
v 0.199950 4.269205 0.344064
v 0.199950 4.705234 0.344064
v 0.199950 5.141263 0.344064
v 0.199950 5.577292 0.344064
v 0.199950 6.013321 0.344064
v 0.199950 6.449350 0.344064
v 0.199950 6.885379 0.344064
v 0.199950 7.321408 0.344064
v 0.128984 7.321408 0.376462
v 0.128984 6.885379 0.376462
v 0.128984 6.449350 0.376462
v 0.128984 6.013321 0.376462
v 0.128984 5.577292 0.376462
v 0.128984 5.141263 0.376462
v 0.128984 4.705234 0.376462
v 0.128984 4.269205 0.376462
v 0.128984 3.833176 0.376462
v 0.128984 3.397147 0.376462
v 0.128984 2.961118 0.376462
v 0.117270 2.503371 0.342270
v 0.115207 2.108906 0.336250
v 0.126402 1.652504 0.368923
v 0.105217 1.216939 0.307092
v 0.089769 0.815318 0.266178
v 0.053062 7.321408 0.394392
v 0.053062 6.885379 0.394392
v 0.053062 6.449350 0.394392
v 0.053062 6.013321 0.394392
v 0.053062 5.577292 0.394392
v 0.053062 5.141263 0.394392
v 0.053062 4.705234 0.394392
v 0.053062 4.269205 0.394392
v 0.053062 3.833176 0.394392
v 0.053062 3.397147 0.394392
v 0.053062 2.961118 0.394392
v 0.048243 2.503371 0.358572
v 0.047394 2.108906 0.352265
v 0.051999 1.652504 0.386494
v 0.043284 1.216939 0.321719
v 0.035082 0.815318 0.279488
v -0.024900 7.321408 0.397165
v -0.024900 6.885379 0.397165
v -0.024900 6.449350 0.397165
v -0.024900 6.013321 0.397165
v -0.024900 5.577292 0.397165
v -0.024900 5.141263 0.397165
v -0.024900 4.705234 0.397165
v -0.024900 4.269205 0.397165
v -0.024900 3.833176 0.397165
v -0.024900 3.397147 0.397165
v -0.024900 2.961118 0.397165
v -0.022638 2.503371 0.361094
v -0.022240 2.108906 0.354742
v -0.024401 1.652504 0.389212
v -0.020311 1.216939 0.323981
v -0.020954 0.815318 0.282058
v -0.101904 7.321408 0.384676
v -0.101904 6.885379 0.384676
v -0.101904 6.449350 0.384676
v -0.101904 6.013321 0.384676
v -0.101904 5.577292 0.384676
v -0.101904 5.141263 0.384676
v -0.101904 4.705234 0.384676
v -0.101904 4.269205 0.384676
v -0.101904 3.833176 0.384676
v -0.101904 3.397147 0.384676
v -0.101904 2.961118 0.384676
v -0.092649 2.503371 0.349739
v -0.091019 2.108906 0.343587
v -0.099864 1.652504 0.376973
v -0.083127 1.216939 0.313793
v -0.076184 0.815318 0.273789
v -0.174993 7.321408 0.357404
v -0.174993 6.885379 0.357404
v -0.174993 6.449350 0.357404
v -0.174993 6.013321 0.357404
v -0.174993 5.577292 0.357404
v -0.174993 5.141263 0.357404
v -0.174993 4.705234 0.357404
v -0.174993 4.269205 0.357404
v -0.174993 3.833176 0.357404
v -0.174993 3.397147 0.357404
v -0.174993 2.961118 0.357404
v -0.159100 2.503371 0.324944
v -0.156301 2.108906 0.319228
v -0.171489 1.652504 0.350248
v -0.142748 1.216939 0.291547
v -0.128487 0.815318 0.254998
v -0.241357 7.321408 0.316397
v -0.241357 6.885379 0.316397
v -0.241357 6.449350 0.316397
v -0.241357 6.013321 0.316397
v -0.241357 5.577292 0.316397
v -0.241357 5.141263 0.316397
v -0.241357 4.705234 0.316397
v -0.241357 4.269205 0.316397
v -0.241357 3.833176 0.316397
v -0.241357 3.397147 0.316397
v -0.241357 2.961118 0.316397
v -0.219436 2.503371 0.287661
v -0.215576 2.108906 0.282602
v -0.236524 1.652504 0.310062
v -0.196883 1.216939 0.258096
v -0.175852 0.815318 0.226407
v -0.298445 7.321408 0.263232
v -0.298445 6.885379 0.263232
v -0.298445 6.449350 0.263232
v -0.298445 6.013321 0.263232
v -0.298445 5.577292 0.263232
v -0.298445 5.141263 0.263232
v -0.298445 4.705234 0.263232
v -0.298445 4.269205 0.263232
v -0.298445 3.833176 0.263232
v -0.298445 3.397147 0.263232
v -0.298445 2.961118 0.263232
v -0.271340 2.503371 0.239324
v -0.266567 2.108906 0.235115
v -0.292469 1.652504 0.257961
v -0.243452 1.216939 0.214727
v -0.216459 0.815318 0.189116
v -0.344064 7.321408 0.199950
v -0.344064 6.885379 0.199950
v -0.344064 6.449350 0.199950
v -0.344064 6.013321 0.199950
v -0.344064 5.577292 0.199950
v -0.344064 5.141263 0.199950
v -0.344064 4.705234 0.199950
v -0.344064 4.269205 0.199950
v -0.344064 3.833176 0.199950
v -0.344064 3.397147 0.199950
v -0.344064 2.961118 0.199950
v -0.312816 2.503371 0.181790
v -0.307313 2.108906 0.178592
v -0.337175 1.652504 0.195946
v -0.280665 1.216939 0.163106
v -0.248748 0.815318 0.144558
v -0.376462 7.321408 0.128984
v -0.376462 6.885379 0.128984
v -0.376462 6.449350 0.128984
v -0.376462 6.013321 0.128984
v -0.376462 5.577292 0.128984
v -0.376462 5.141263 0.128984
v -0.376462 4.705234 0.128984
v -0.376462 4.269205 0.128984
v -0.376462 3.833176 0.128984
v -0.376462 3.397147 0.128984
v -0.376462 2.961118 0.128984
v -0.342270 2.503371 0.117270
v -0.336250 2.108906 0.115207
v -0.368923 1.652504 0.126402
v -0.307092 1.216939 0.105217
v -0.271477 0.815318 0.094444
v -0.394392 7.321408 0.053062
v -0.394392 6.885379 0.053062
v -0.394392 6.449350 0.053062
v -0.394392 6.013321 0.053062
v -0.394392 5.577292 0.053062
v -0.394392 5.141263 0.053062
v -0.394392 4.705234 0.053062
v -0.394392 4.269205 0.053062
v -0.394392 3.833176 0.053062
v -0.394392 3.397147 0.053062
v -0.394392 2.961118 0.053062
v -0.358572 2.503371 0.048243
v -0.352265 2.108906 0.047394
v -0.386494 1.652504 0.051999
v -0.321719 1.216939 0.043284
v -0.283774 0.815318 0.040700
v -0.397165 7.321408 -0.024900
v -0.397165 6.885379 -0.024900
v -0.397165 6.449350 -0.024900
v -0.397165 6.013321 -0.024900
v -0.397165 5.577292 -0.024900
v -0.397165 5.141263 -0.024900
v -0.397165 4.705234 -0.024900
v -0.397165 4.269205 -0.024900
v -0.397165 3.833176 -0.024900
v -0.397165 3.397147 -0.024900
v -0.397165 2.961118 -0.024900
v -0.361094 2.503371 -0.022638
v -0.354742 2.108906 -0.022240
v -0.389212 1.652504 -0.024401
v -0.323981 1.216939 -0.020311
v -0.285166 0.815318 -0.014607
v -0.384676 7.321408 -0.101904
v -0.384676 6.885379 -0.101904
v -0.384676 6.449350 -0.101904
v -0.384676 6.013321 -0.101904
v -0.384676 5.577292 -0.101904
v -0.384676 5.141263 -0.101904
v -0.384676 4.705234 -0.101904
v -0.384676 4.269205 -0.101904
v -0.384676 3.833176 -0.101904
v -0.384676 3.397147 -0.101904
v -0.384676 2.961118 -0.101904
v -0.349739 2.503371 -0.092649
v -0.343587 2.108906 -0.091019
v -0.376973 1.652504 -0.099864
v -0.313793 1.216939 -0.083127
v -0.275598 0.815318 -0.069354
v -0.357404 7.321408 -0.174993
v -0.357404 6.885379 -0.174993
v -0.357404 6.449350 -0.174993
v -0.357404 6.013321 -0.174993
v -0.357404 5.577292 -0.174993
v -0.357404 5.141263 -0.174993
v -0.357404 4.705234 -0.174993
v -0.357404 4.269205 -0.174993
v -0.357404 3.833176 -0.174993
v -0.357404 3.397147 -0.174993
v -0.357404 2.961118 -0.174993
v -0.324944 2.503371 -0.159100
v -0.319228 2.108906 -0.156301
v -0.350248 1.652504 -0.171489
v -0.291547 1.216939 -0.142748
v -0.255440 0.815318 -0.121435
v -0.316397 7.321408 -0.241357
v -0.316397 6.885379 -0.241357
v -0.316397 6.449350 -0.241357
v -0.316397 6.013321 -0.241357
v -0.316397 5.577292 -0.241357
v -0.316397 5.141263 -0.241357
v -0.316397 4.705234 -0.241357
v -0.316397 4.269205 -0.241357
v -0.316397 3.833176 -0.241357
v -0.316397 3.397147 -0.241357
v -0.316397 2.961118 -0.241357
v -0.287661 2.503371 -0.219436
v -0.282602 2.108906 -0.215576
v -0.310062 1.652504 -0.236524
v -0.258096 1.216939 -0.196883
v -0.225465 0.815318 -0.168849
v -0.263232 7.321408 -0.298445
v -0.263232 6.885379 -0.298445
v -0.263232 6.449350 -0.298445
v -0.263232 6.013321 -0.298445
v -0.263232 5.577292 -0.298445
v -0.263232 5.141263 -0.298445
v -0.263232 4.705234 -0.298445
v -0.263232 4.269205 -0.298445
v -0.263232 3.833176 -0.298445
v -0.263232 3.397147 -0.298445
v -0.263232 2.961118 -0.298445
v -0.239324 2.503371 -0.271340
v -0.235115 2.108906 -0.266567
v -0.257961 1.652504 -0.292469
v -0.214727 1.216939 -0.243452
v -0.186826 0.815318 -0.209774
v -0.199950 7.321408 -0.344064
v -0.199950 6.885379 -0.344064
v -0.199950 6.449350 -0.344064
v -0.199950 6.013321 -0.344064
v -0.199950 5.577292 -0.344064
v -0.199950 5.141263 -0.344064
v -0.199950 4.705234 -0.344064
v -0.199950 4.269205 -0.344064
v -0.199950 3.833176 -0.344064
v -0.199950 3.397147 -0.344064
v -0.199950 2.961118 -0.344064
v -0.181790 2.503371 -0.312816
v -0.178592 2.108906 -0.307313
v -0.195946 1.652504 -0.337175
v -0.163106 1.216939 -0.280665
v -0.141007 0.815318 -0.242638
v -0.128984 7.321408 -0.376462
v -0.128984 6.885379 -0.376462
v -0.128984 6.449350 -0.376462
v -0.128984 6.013321 -0.376462
v -0.128984 5.577292 -0.376462
v -0.128984 5.141263 -0.376462
v -0.128984 4.705234 -0.376462
v -0.128984 4.269205 -0.376462
v -0.128984 3.833176 -0.376462
v -0.128984 3.397147 -0.376462
v -0.128984 2.961118 -0.376462
v -0.117270 2.503371 -0.342270
v -0.115207 2.108906 -0.336250
v -0.126402 1.652504 -0.368923
v -0.105217 1.216939 -0.307092
v -0.089769 0.815318 -0.266178
v -0.053062 7.321408 -0.394392
v -0.053062 6.885379 -0.394392
v -0.053062 6.449350 -0.394392
v -0.053062 6.013321 -0.394392
v -0.053062 5.577292 -0.394392
v -0.053062 5.141263 -0.394392
v -0.053062 4.705234 -0.394392
v -0.053062 4.269205 -0.394392
v -0.053062 3.833176 -0.394392
v -0.053062 3.397147 -0.394392
v -0.053062 2.961118 -0.394392
v -0.048243 2.503371 -0.358572
v -0.047394 2.108906 -0.352265
v -0.051999 1.652504 -0.386494
v -0.043284 1.216939 -0.321719
v -0.035082 0.815318 -0.279488
v 0.024900 7.321408 -0.397165
v 0.024900 6.885379 -0.397165
v 0.024900 6.449350 -0.397165
v 0.024900 6.013321 -0.397165
v 0.024900 5.577292 -0.397165
v 0.024900 5.141263 -0.397165
v 0.024900 4.705234 -0.397165
v 0.024900 4.269205 -0.397165
v 0.024900 3.833176 -0.397165
v 0.024900 3.397147 -0.397165
v 0.024900 2.961118 -0.397165
v 0.022638 2.503371 -0.361094
v 0.022240 2.108906 -0.354742
v 0.024401 1.652504 -0.389212
v 0.020311 1.216939 -0.323981
v 0.020954 0.815318 -0.282058
v 0.101904 7.321408 -0.384676
v 0.101904 6.885379 -0.384676
v 0.101904 6.449350 -0.384676
v 0.101904 6.013321 -0.384676
v 0.101904 5.577292 -0.384676
v 0.101904 5.141263 -0.384676
v 0.101904 4.705234 -0.384676
v 0.101904 4.269205 -0.384676
v 0.101904 3.833176 -0.384676
v 0.101904 3.397147 -0.384676
v 0.101904 2.961118 -0.384676
v 0.092649 2.503371 -0.349739
v 0.091019 2.108906 -0.343587
v 0.099864 1.652504 -0.376973
v 0.083127 1.216939 -0.313793
v 0.076184 0.815318 -0.273789
v 0.174993 7.321408 -0.357404
v 0.174993 6.885379 -0.357404
v 0.174993 6.449350 -0.357404
v 0.174993 6.013321 -0.357404
v 0.174993 5.577292 -0.357404
v 0.174993 5.141263 -0.357404
v 0.174993 4.705234 -0.357404
v 0.174993 4.269205 -0.357404
v 0.174993 3.833176 -0.357404
v 0.174993 3.397147 -0.357404
v 0.174993 2.961118 -0.357404
v 0.159100 2.503371 -0.324944
v 0.156301 2.108906 -0.319228
v 0.171489 1.652504 -0.350248
v 0.142748 1.216939 -0.291547
v 0.128487 0.815318 -0.254998
v 0.241357 7.321408 -0.316397
v 0.241357 6.885379 -0.316397
v 0.241357 6.449350 -0.316397
v 0.241357 6.013321 -0.316397
v 0.241357 5.577292 -0.316397
v 0.241357 5.141263 -0.316397
v 0.241357 4.705234 -0.316397
v 0.241357 4.269205 -0.316397
v 0.241357 3.833176 -0.316397
v 0.241357 3.397147 -0.316397
v 0.241357 2.961118 -0.316397
v 0.219436 2.503371 -0.287661
v 0.215576 2.108906 -0.282601
v 0.236524 1.652504 -0.310062
v 0.196883 1.216939 -0.258096
v 0.175852 0.815318 -0.226408
v 0.298445 7.321408 -0.263232
v 0.298445 6.885379 -0.263232
v 0.298445 6.449350 -0.263232
v 0.298445 6.013321 -0.263232
v 0.298445 5.577292 -0.263232
v 0.298445 5.141263 -0.263232
v 0.298445 4.705234 -0.263232
v 0.298445 4.269205 -0.263232
v 0.298445 3.833176 -0.263232
v 0.298445 3.397147 -0.263232
v 0.298445 2.961118 -0.263232
v 0.271340 2.503371 -0.239324
v 0.266567 2.108906 -0.235115
v 0.292469 1.652504 -0.257961
v 0.243452 1.216939 -0.214727
v 0.216459 0.815318 -0.189116
v 0.344064 7.321408 -0.199950
v 0.344064 6.885379 -0.199950
v 0.344064 6.449350 -0.199950
v 0.344064 6.013321 -0.199950
v 0.344064 5.577292 -0.199950
v 0.344064 5.141263 -0.199950
v 0.344064 4.705234 -0.199950
v 0.344064 4.269205 -0.199950
v 0.344064 3.833176 -0.199950
v 0.344064 3.397147 -0.199950
v 0.344064 2.961118 -0.199950
v 0.312816 2.503371 -0.181790
v 0.307313 2.108906 -0.178592
v 0.337175 1.652504 -0.195946
v 0.280665 1.216939 -0.163106
v 0.248748 0.815318 -0.144558
v 0.376462 7.321408 -0.128984
v 0.376462 6.885379 -0.128984
v 0.376462 6.449350 -0.128984
v 0.376462 6.013321 -0.128984
v 0.376462 5.577292 -0.128984
v 0.376462 5.141263 -0.128984
v 0.376462 4.705234 -0.128984
v 0.376462 4.269205 -0.128984
v 0.376462 3.833176 -0.128984
v 0.376462 3.397147 -0.128984
v 0.376462 2.961118 -0.128984
v 0.342270 2.503371 -0.117270
v 0.336250 2.108906 -0.115207
v 0.368923 1.652504 -0.126402
v 0.307092 1.216939 -0.105217
v 0.271477 0.815318 -0.094444
v 0.394392 7.321408 -0.053062
v 0.394392 6.885379 -0.053062
v 0.394392 6.449350 -0.053062
v 0.394392 6.013321 -0.053062
v 0.394392 5.577292 -0.053062
v 0.394392 5.141263 -0.053062
v 0.394392 4.705234 -0.053062
v 0.394392 4.269205 -0.053062
v 0.394392 3.833176 -0.053062
v 0.394392 3.397147 -0.053062
v 0.394392 2.961118 -0.053062
v 0.358572 2.503371 -0.048243
v 0.352265 2.108906 -0.047394
v 0.386494 1.652504 -0.051999
v 0.321719 1.216939 -0.043284
v 0.283774 0.815318 -0.040700
v 0.397165 7.321408 0.024900
v 0.397165 6.885379 0.024900
v 0.397165 6.449350 0.024900
v 0.397165 6.013321 0.024900
v 0.397165 5.577292 0.024900
v 0.397165 5.141263 0.024900
v 0.397165 4.705234 0.024900
v 0.397165 4.269205 0.024900
v 0.397165 3.833176 0.024900
v 0.397165 3.397147 0.024900
v 0.397165 2.961118 0.024900
v 0.361094 2.503371 0.022638
v 0.354742 2.108906 0.022240
v 0.389212 1.652504 0.024401
v 0.323981 1.216939 0.020311
v 0.285166 0.815318 0.014607
v 0.384676 7.321408 0.101904
v 0.384676 6.885379 0.101904
v 0.384676 6.449350 0.101904
v 0.384676 6.013321 0.101904
v 0.384676 5.577292 0.101904
v 0.384676 5.141263 0.101904
v 0.384676 4.705234 0.101904
v 0.384676 4.269205 0.101904
v 0.384676 3.833176 0.101904
v 0.384676 3.397147 0.101904
v 0.384676 2.961118 0.101904
v 0.349739 2.503371 0.092649
v 0.343587 2.108906 0.091019
v 0.376973 1.652504 0.099864
v 0.313793 1.216939 0.083127
v 0.275598 0.815318 0.069354
v 0.357404 7.321408 0.174993
v 0.357404 6.885379 0.174993
v 0.357404 6.449350 0.174993
v 0.357404 6.013321 0.174993
v 0.357404 5.577292 0.174993
v 0.357404 5.141263 0.174993
v 0.357404 4.705234 0.174993
v 0.357404 4.269205 0.174993
v 0.357404 3.833176 0.174993
v 0.357404 3.397147 0.174993
v 0.357404 2.961118 0.174993
v 0.324944 2.503371 0.159100
v 0.319228 2.108906 0.156301
v 0.350248 1.652504 0.171489
v 0.291547 1.216939 0.142748
v 0.255440 0.815318 0.121435
v 0.316397 7.321408 0.241357
v 0.316397 6.885379 0.241357
v 0.316397 6.449350 0.241357
v 0.316397 6.013321 0.241357
v 0.316397 5.577292 0.241357
v 0.316397 5.141263 0.241357
v 0.316397 4.705234 0.241357
v 0.316397 4.269205 0.241357
v 0.316397 3.833176 0.241357
v 0.316397 3.397147 0.241357
v 0.316397 2.961118 0.241357
v 0.287661 2.503371 0.219436
v 0.282601 2.108906 0.215576
v 0.310062 1.652504 0.236524
v 0.258096 1.216939 0.196883
v 0.225465 0.815318 0.168849
v 0.263232 7.321408 0.298445
v 0.263232 6.885379 0.298445
v 0.263232 6.449350 0.298445
v 0.263232 6.013321 0.298445
v 0.263232 5.577292 0.298445
v 0.263232 5.141263 0.298445
v 0.263232 4.705234 0.298445
v 0.263232 4.269205 0.298445
v 0.263232 3.833176 0.298445
v 0.263232 3.397147 0.298445
v 0.263232 2.961118 0.298445
v 0.239324 2.503371 0.271340
v 0.235115 2.108906 0.266567
v 0.257961 1.652504 0.292469
v 0.214727 1.216939 0.243452
v 0.186826 0.815318 0.209774
v 0.195503 7.757446 0.336412
v 0.199950 7.656110 0.344064
v 0.195761 7.757265 0.336857
v 0.196019 7.756752 0.337300
v 0.196275 7.755898 0.337741
v 0.196528 7.754705 0.338177
v 0.196778 7.753180 0.338607
v 0.197024 7.751326 0.339029
v 0.197264 7.749150 0.339443
v 0.197499 7.746659 0.339846
v 0.197726 7.743862 0.340238
v 0.197947 7.740767 0.340617
v 0.198158 7.737387 0.340982
v 0.198361 7.733731 0.341331
v 0.198555 7.729813 0.341663
v 0.198738 7.725645 0.341978
v 0.198909 7.721242 0.342274
v 0.199070 7.716618 0.342550
v 0.199218 7.711790 0.342805
v 0.199354 7.706774 0.343039
v 0.199477 7.701586 0.343250
v 0.199586 7.696243 0.343439
v 0.199682 7.690766 0.343603
v 0.199763 7.685171 0.343743
v 0.199830 7.679478 0.343858
v 0.199882 7.673705 0.343948
v 0.199920 7.667873 0.344013
v 0.199942 7.662002 0.344051
v 0.126116 7.757446 0.368089
v 0.128984 7.656110 0.376462
v 0.126282 7.757265 0.368576
v 0.126449 7.756752 0.369061
v 0.126614 7.755898 0.369543
v 0.126777 7.754705 0.370020
v 0.126938 7.753180 0.370490
v 0.127097 7.751326 0.370952
v 0.127252 7.749150 0.371405
v 0.127403 7.746659 0.371846
v 0.127550 7.743862 0.372275
v 0.127692 7.740767 0.372690
v 0.127829 7.737387 0.373089
v 0.127960 7.733731 0.373471
v 0.128084 7.729813 0.373835
v 0.128202 7.725645 0.374179
v 0.128313 7.721242 0.374503
v 0.128417 7.716618 0.374805
v 0.128512 7.711790 0.375084
v 0.128600 7.706774 0.375340
v 0.128679 7.701586 0.375571
v 0.128750 7.696243 0.375777
v 0.128811 7.690766 0.375957
v 0.128864 7.685171 0.376110
v 0.128907 7.679478 0.376236
v 0.128941 7.673705 0.376334
v 0.128965 7.667873 0.376405
v 0.128979 7.662002 0.376447
v 0.051882 7.757446 0.385620
v 0.053062 7.656110 0.394392
v 0.051950 7.757265 0.386130
v 0.052019 7.756752 0.386638
v 0.052087 7.755898 0.387143
v 0.052154 7.754705 0.387643
v 0.052220 7.753180 0.388136
v 0.052285 7.751326 0.388620
v 0.052349 7.749150 0.389094
v 0.052411 7.746659 0.389557
v 0.052472 7.743862 0.390006
v 0.052530 7.740767 0.390440
v 0.052586 7.737387 0.390858
v 0.052640 7.733731 0.391258
v 0.052692 7.729813 0.391639
v 0.052740 7.725645 0.392000
v 0.052786 7.721242 0.392339
v 0.052828 7.716618 0.392656
v 0.052868 7.711790 0.392949
v 0.052904 7.706774 0.393216
v 0.052936 7.701586 0.393459
v 0.052965 7.696243 0.393674
v 0.052991 7.690766 0.393863
v 0.053012 7.685171 0.394023
v 0.053030 7.679478 0.394155
v 0.053044 7.673705 0.394258
v 0.053054 7.667873 0.394332
v 0.053060 7.662002 0.394377
v -0.024346 7.757446 0.388332
v -0.024900 7.656110 0.397165
v -0.024378 7.757265 0.388846
v -0.024410 7.756752 0.389358
v -0.024442 7.755898 0.389866
v -0.024474 7.754705 0.390369
v -0.024505 7.753180 0.390865
v -0.024535 7.751326 0.391353
v -0.024565 7.749150 0.391831
v -0.024594 7.746659 0.392296
v -0.024623 7.743862 0.392749
v -0.024650 7.740767 0.393186
v -0.024677 7.737387 0.393607
v -0.024702 7.733731 0.394010
v -0.024726 7.729813 0.394394
v -0.024749 7.725645 0.394757
v -0.024770 7.721242 0.395099
v -0.024790 7.716618 0.395417
v -0.024809 7.711790 0.395712
v -0.024825 7.706774 0.395982
v -0.024841 7.701586 0.396226
v -0.024854 7.696243 0.396443
v -0.024866 7.690766 0.396633
v -0.024876 7.685171 0.396794
v -0.024885 7.679478 0.396927
v -0.024891 7.673705 0.397031
v -0.024896 7.667873 0.397106
v -0.024899 7.662002 0.397150
v -0.099638 7.757446 0.376121
v -0.101904 7.656110 0.384676
v -0.099770 7.757265 0.376618
v -0.099901 7.756752 0.377114
v -0.100031 7.755898 0.377606
v -0.100161 7.754705 0.378094
v -0.100288 7.753180 0.378574
v -0.100413 7.751326 0.379047
v -0.100536 7.749150 0.379509
v -0.100655 7.746659 0.379960
v -0.100771 7.743862 0.380398
v -0.100883 7.740767 0.380822
v -0.100991 7.737387 0.381230
v -0.101095 7.733731 0.381620
v -0.101193 7.729813 0.381992
v -0.101286 7.725645 0.382344
v -0.101374 7.721242 0.382675
v -0.101456 7.716618 0.382983
v -0.101531 7.711790 0.383269
v -0.101601 7.706774 0.383530
v -0.101663 7.701586 0.383766
v -0.101719 7.696243 0.383977
v -0.101768 7.690766 0.384160
v -0.101809 7.685171 0.384317
v -0.101843 7.679478 0.384446
v -0.101870 7.673705 0.384546
v -0.101889 7.667873 0.384618
v -0.101900 7.662002 0.384662
v -0.171101 7.757446 0.349455
v -0.174993 7.656110 0.357404
v -0.171327 7.757265 0.349917
v -0.171553 7.756752 0.350378
v -0.171777 7.755898 0.350836
v -0.171998 7.754705 0.351288
v -0.172217 7.753180 0.351735
v -0.172432 7.751326 0.352174
v -0.172642 7.749150 0.352604
v -0.172848 7.746659 0.353023
v -0.173047 7.743862 0.353430
v -0.173240 7.740767 0.353823
v -0.173425 7.737387 0.354202
v -0.173603 7.733731 0.354565
v -0.173772 7.729813 0.354910
v -0.173932 7.725645 0.355237
v -0.174082 7.721242 0.355545
v -0.174223 7.716618 0.355831
v -0.174353 7.711790 0.356097
v -0.174471 7.706774 0.356339
v -0.174579 7.701586 0.356559
v -0.174675 7.696243 0.356754
v -0.174758 7.690766 0.356925
v -0.174829 7.685171 0.357070
v -0.174888 7.679478 0.357190
v -0.174934 7.673705 0.357284
v -0.174967 7.667873 0.357350
v -0.174986 7.662002 0.357391
v -0.235988 7.757446 0.309360
v -0.241357 7.656110 0.316397
v -0.236301 7.757265 0.309770
v -0.236612 7.756752 0.310177
v -0.236921 7.755898 0.310582
v -0.237226 7.754705 0.310983
v -0.237528 7.753180 0.311379
v -0.237824 7.751326 0.311767
v -0.238115 7.749150 0.312148
v -0.238398 7.746659 0.312519
v -0.238673 7.743862 0.312879
v -0.238938 7.740767 0.313227
v -0.239194 7.737387 0.313563
v -0.239439 7.733731 0.313884
v -0.239672 7.729813 0.314189
v -0.239893 7.725645 0.314479
v -0.240101 7.721242 0.314751
v -0.240294 7.716618 0.315005
v -0.240473 7.711790 0.315240
v -0.240637 7.706774 0.315455
v -0.240785 7.701586 0.315649
v -0.240917 7.696243 0.315822
v -0.241033 7.690766 0.315973
v -0.241131 7.685171 0.316102
v -0.241212 7.679478 0.316208
v -0.241275 7.673705 0.316290
v -0.241320 7.667873 0.316350
v -0.241347 7.662002 0.316385
v -0.291807 7.757446 0.257377
v -0.298445 7.656110 0.263232
v -0.292193 7.757265 0.257717
v -0.292578 7.756752 0.258057
v -0.292960 7.755898 0.258394
v -0.293338 7.754705 0.258727
v -0.293711 7.753180 0.259056
v -0.294077 7.751326 0.259379
v -0.294436 7.749150 0.259696
v -0.294786 7.746659 0.260005
v -0.295126 7.743862 0.260304
v -0.295455 7.740767 0.260594
v -0.295771 7.737387 0.260873
v -0.296074 7.733731 0.261140
v -0.296362 7.729813 0.261395
v -0.296635 7.725645 0.261635
v -0.296892 7.721242 0.261862
v -0.297132 7.716618 0.262073
v -0.297353 7.711790 0.262268
v -0.297556 7.706774 0.262447
v -0.297739 7.701586 0.262609
v -0.297902 7.696243 0.262753
v -0.298045 7.690766 0.262879
v -0.298166 7.685171 0.262986
v -0.298266 7.679478 0.263074
v -0.298344 7.673705 0.263143
v -0.298400 7.667873 0.263192
v -0.298434 7.662002 0.263222
v -0.336412 7.757446 0.195503
v -0.344064 7.656110 0.199950
v -0.336857 7.757265 0.195761
v -0.337300 7.756752 0.196019
v -0.337741 7.755898 0.196275
v -0.338177 7.754705 0.196528
v -0.338607 7.753180 0.196778
v -0.339029 7.751326 0.197024
v -0.339443 7.749150 0.197264
v -0.339846 7.746659 0.197499
v -0.340238 7.743862 0.197726
v -0.340617 7.740767 0.197947
v -0.340982 7.737387 0.198158
v -0.341331 7.733731 0.198361
v -0.341663 7.729813 0.198555
v -0.341978 7.725645 0.198738
v -0.342274 7.721242 0.198909
v -0.342550 7.716618 0.199070
v -0.342805 7.711790 0.199218
v -0.343039 7.706774 0.199354
v -0.343250 7.701586 0.199477
v -0.343439 7.696243 0.199586
v -0.343603 7.690766 0.199682
v -0.343743 7.685171 0.199763
v -0.343858 7.679478 0.199830
v -0.343948 7.673705 0.199882
v -0.344013 7.667873 0.199920
v -0.344051 7.662002 0.199942
v -0.368089 7.757446 0.126116
v -0.376462 7.656110 0.128984
v -0.368576 7.757265 0.126282
v -0.369061 7.756752 0.126449
v -0.369543 7.755898 0.126614
v -0.370020 7.754705 0.126777
v -0.370490 7.753180 0.126938
v -0.370952 7.751326 0.127097
v -0.371405 7.749150 0.127252
v -0.371846 7.746659 0.127403
v -0.372275 7.743862 0.127550
v -0.372690 7.740767 0.127692
v -0.373089 7.737387 0.127829
v -0.373471 7.733731 0.127960
v -0.373834 7.729813 0.128084
v -0.374179 7.725645 0.128202
v -0.374503 7.721242 0.128313
v -0.374805 7.716618 0.128417
v -0.375084 7.711790 0.128512
v -0.375340 7.706774 0.128600
v -0.375571 7.701586 0.128679
v -0.375777 7.696243 0.128750
v -0.375957 7.690766 0.128811
v -0.376110 7.685171 0.128864
v -0.376236 7.679478 0.128907
v -0.376334 7.673705 0.128941
v -0.376405 7.667873 0.128965
v -0.376447 7.662002 0.128979
v -0.385620 7.757446 0.051882
v -0.394392 7.656110 0.053062
v -0.386130 7.757265 0.051950
v -0.386638 7.756752 0.052019
v -0.387143 7.755898 0.052087
v -0.387643 7.754705 0.052154
v -0.388136 7.753180 0.052220
v -0.388620 7.751326 0.052285
v -0.389094 7.749150 0.052349
v -0.389557 7.746659 0.052411
v -0.390006 7.743862 0.052472
v -0.390440 7.740767 0.052530
v -0.390858 7.737387 0.052586
v -0.391258 7.733731 0.052640
v -0.391639 7.729813 0.052692
v -0.392000 7.725645 0.052740
v -0.392339 7.721242 0.052786
v -0.392656 7.716618 0.052828
v -0.392949 7.711790 0.052868
v -0.393216 7.706774 0.052904
v -0.393459 7.701586 0.052936
v -0.393674 7.696243 0.052965
v -0.393863 7.690766 0.052991
v -0.394023 7.685171 0.053012
v -0.394155 7.679478 0.053030
v -0.394258 7.673705 0.053044
v -0.394332 7.667873 0.053054
v -0.394377 7.662002 0.053060
v -0.388332 7.757446 -0.024346
v -0.397165 7.656110 -0.024900
v -0.388846 7.757265 -0.024378
v -0.389358 7.756752 -0.024410
v -0.389866 7.755898 -0.024442
v -0.390369 7.754705 -0.024474
v -0.390865 7.753180 -0.024505
v -0.391353 7.751326 -0.024535
v -0.391831 7.749150 -0.024565
v -0.392296 7.746659 -0.024594
v -0.392749 7.743862 -0.024623
v -0.393186 7.740767 -0.024650
v -0.393607 7.737387 -0.024677
v -0.394010 7.733731 -0.024702
v -0.394394 7.729813 -0.024726
v -0.394757 7.725645 -0.024749
v -0.395099 7.721242 -0.024770
v -0.395417 7.716618 -0.024790
v -0.395712 7.711790 -0.024809
v -0.395982 7.706774 -0.024825
v -0.396226 7.701586 -0.024841
v -0.396443 7.696243 -0.024854
v -0.396633 7.690766 -0.024866
v -0.396794 7.685171 -0.024876
v -0.396927 7.679478 -0.024885
v -0.397031 7.673705 -0.024891
v -0.397106 7.667873 -0.024896
v -0.397150 7.662002 -0.024899
v -0.376121 7.757446 -0.099638
v -0.384676 7.656110 -0.101904
v -0.376618 7.757265 -0.099770
v -0.377114 7.756752 -0.099901
v -0.377606 7.755898 -0.100031
v -0.378094 7.754705 -0.100161
v -0.378574 7.753180 -0.100288
v -0.379047 7.751326 -0.100413
v -0.379509 7.749150 -0.100536
v -0.379960 7.746659 -0.100655
v -0.380398 7.743862 -0.100771
v -0.380822 7.740767 -0.100883
v -0.381230 7.737387 -0.100991
v -0.381620 7.733731 -0.101095
v -0.381992 7.729813 -0.101193
v -0.382344 7.725645 -0.101286
v -0.382675 7.721242 -0.101374
v -0.382983 7.716618 -0.101456
v -0.383269 7.711790 -0.101531
v -0.383530 7.706774 -0.101601
v -0.383766 7.701586 -0.101663
v -0.383977 7.696243 -0.101719
v -0.384160 7.690766 -0.101768
v -0.384317 7.685171 -0.101809
v -0.384446 7.679478 -0.101843
v -0.384546 7.673705 -0.101870
v -0.384618 7.667873 -0.101889
v -0.384662 7.662002 -0.101900
v -0.349455 7.757446 -0.171101
v -0.357404 7.656110 -0.174993
v -0.349917 7.757265 -0.171327
v -0.350378 7.756752 -0.171553
v -0.350836 7.755898 -0.171777
v -0.351288 7.754705 -0.171998
v -0.351735 7.753180 -0.172217
v -0.352174 7.751326 -0.172432
v -0.352604 7.749150 -0.172642
v -0.353023 7.746659 -0.172848
v -0.353430 7.743862 -0.173047
v -0.353823 7.740767 -0.173240
v -0.354202 7.737387 -0.173425
v -0.354565 7.733731 -0.173603
v -0.354910 7.729813 -0.173772
v -0.355237 7.725645 -0.173932
v -0.355545 7.721242 -0.174082
v -0.355831 7.716618 -0.174223
v -0.356097 7.711790 -0.174353
v -0.356339 7.706774 -0.174471
v -0.356559 7.701586 -0.174579
v -0.356754 7.696243 -0.174675
v -0.356925 7.690766 -0.174758
v -0.357070 7.685171 -0.174829
v -0.357190 7.679478 -0.174888
v -0.357284 7.673705 -0.174934
v -0.357350 7.667873 -0.174967
v -0.357391 7.662002 -0.174986
v -0.309360 7.757446 -0.235988
v -0.316397 7.656110 -0.241357
v -0.309770 7.757265 -0.236301
v -0.310177 7.756752 -0.236612
v -0.310582 7.755898 -0.236921
v -0.310983 7.754705 -0.237226
v -0.311379 7.753180 -0.237528
v -0.311767 7.751326 -0.237824
v -0.312148 7.749150 -0.238115
v -0.312519 7.746659 -0.238398
v -0.312879 7.743862 -0.238672
v -0.313227 7.740767 -0.238938
v -0.313563 7.737387 -0.239194
v -0.313884 7.733731 -0.239439
v -0.314189 7.729813 -0.239672
v -0.314479 7.725645 -0.239893
v -0.314751 7.721242 -0.240101
v -0.315005 7.716618 -0.240294
v -0.315240 7.711790 -0.240473
v -0.315455 7.706774 -0.240637
v -0.315649 7.701586 -0.240786
v -0.315822 7.696243 -0.240917
v -0.315973 7.690766 -0.241033
v -0.316102 7.685171 -0.241131
v -0.316208 7.679478 -0.241212
v -0.316290 7.673705 -0.241275
v -0.316350 7.667873 -0.241320
v -0.316386 7.662002 -0.241347
v -0.257377 7.757446 -0.291807
v -0.263232 7.656110 -0.298445
v -0.257717 7.757265 -0.292193
v -0.258057 7.756752 -0.292578
v -0.258394 7.755898 -0.292960
v -0.258727 7.754705 -0.293338
v -0.259056 7.753180 -0.293711
v -0.259379 7.751326 -0.294077
v -0.259696 7.749150 -0.294436
v -0.260005 7.746659 -0.294786
v -0.260304 7.743862 -0.295126
v -0.260594 7.740767 -0.295455
v -0.260873 7.737387 -0.295771
v -0.261140 7.733731 -0.296074
v -0.261395 7.729813 -0.296362
v -0.261636 7.725645 -0.296635
v -0.261862 7.721242 -0.296892
v -0.262073 7.716618 -0.297132
v -0.262268 7.711790 -0.297353
v -0.262447 7.706774 -0.297556
v -0.262609 7.701586 -0.297739
v -0.262753 7.696243 -0.297902
v -0.262879 7.690766 -0.298045
v -0.262986 7.685171 -0.298166
v -0.263074 7.679478 -0.298266
v -0.263143 7.673705 -0.298344
v -0.263192 7.667873 -0.298400
v -0.263222 7.662002 -0.298434
v -0.195503 7.757446 -0.336412
v -0.199950 7.656110 -0.344064
v -0.195761 7.757265 -0.336857
v -0.196019 7.756752 -0.337300
v -0.196275 7.755898 -0.337741
v -0.196528 7.754705 -0.338177
v -0.196778 7.753180 -0.338607
v -0.197024 7.751326 -0.339029
v -0.197264 7.749150 -0.339443
v -0.197499 7.746659 -0.339846
v -0.197726 7.743862 -0.340238
v -0.197947 7.740767 -0.340617
v -0.198158 7.737387 -0.340982
v -0.198361 7.733731 -0.341331
v -0.198555 7.729813 -0.341663
v -0.198738 7.725645 -0.341978
v -0.198909 7.721242 -0.342274
v -0.199070 7.716618 -0.342550
v -0.199218 7.711790 -0.342805
v -0.199354 7.706774 -0.343039
v -0.199477 7.701586 -0.343250
v -0.199586 7.696243 -0.343439
v -0.199682 7.690766 -0.343603
v -0.199763 7.685171 -0.343743
v -0.199830 7.679478 -0.343858
v -0.199882 7.673705 -0.343948
v -0.199920 7.667873 -0.344013
v -0.199942 7.662002 -0.344051
v -0.126116 7.757446 -0.368089
v -0.128984 7.656110 -0.376462
v -0.126282 7.757265 -0.368576
v -0.126449 7.756752 -0.369061
v -0.126614 7.755898 -0.369543
v -0.126777 7.754705 -0.370020
v -0.126938 7.753180 -0.370490
v -0.127097 7.751326 -0.370952
v -0.127252 7.749150 -0.371405
v -0.127403 7.746659 -0.371846
v -0.127550 7.743862 -0.372275
v -0.127692 7.740767 -0.372690
v -0.127829 7.737387 -0.373089
v -0.127960 7.733731 -0.373471
v -0.128084 7.729813 -0.373834
v -0.128202 7.725645 -0.374179
v -0.128313 7.721242 -0.374503
v -0.128417 7.716618 -0.374805
v -0.128512 7.711790 -0.375084
v -0.128600 7.706774 -0.375340
v -0.128679 7.701586 -0.375571
v -0.128750 7.696243 -0.375777
v -0.128811 7.690766 -0.375957
v -0.128864 7.685171 -0.376110
v -0.128907 7.679478 -0.376236
v -0.128941 7.673705 -0.376334
v -0.128965 7.667873 -0.376405
v -0.128979 7.662002 -0.376447
v -0.051882 7.757446 -0.385620
v -0.053062 7.656110 -0.394392
v -0.051950 7.757265 -0.386130
v -0.052019 7.756752 -0.386638
v -0.052087 7.755898 -0.387143
v -0.052154 7.754705 -0.387643
v -0.052220 7.753180 -0.388136
v -0.052285 7.751326 -0.388620
v -0.052349 7.749150 -0.389094
v -0.052411 7.746659 -0.389557
v -0.052472 7.743862 -0.390006
v -0.052530 7.740767 -0.390440
v -0.052587 7.737387 -0.390858
v -0.052640 7.733731 -0.391258
v -0.052692 7.729813 -0.391639
v -0.052740 7.725645 -0.392000
v -0.052786 7.721242 -0.392339
v -0.052828 7.716618 -0.392656
v -0.052868 7.711790 -0.392949
v -0.052904 7.706774 -0.393216
v -0.052936 7.701586 -0.393459
v -0.052965 7.696243 -0.393674
v -0.052991 7.690766 -0.393863
v -0.053012 7.685171 -0.394023
v -0.053030 7.679478 -0.394155
v -0.053044 7.673705 -0.394258
v -0.053054 7.667873 -0.394332
v -0.053060 7.662002 -0.394377
v 0.024346 7.757446 -0.388332
v 0.024900 7.656110 -0.397165
v 0.024378 7.757265 -0.388846
v 0.024410 7.756752 -0.389358
v 0.024442 7.755898 -0.389866
v 0.024474 7.754705 -0.390369
v 0.024505 7.753180 -0.390865
v 0.024535 7.751326 -0.391353
v 0.024565 7.749150 -0.391831
v 0.024594 7.746659 -0.392296
v 0.024623 7.743862 -0.392749
v 0.024650 7.740767 -0.393186
v 0.024677 7.737387 -0.393607
v 0.024702 7.733731 -0.394010
v 0.024726 7.729813 -0.394394
v 0.024749 7.725645 -0.394757
v 0.024770 7.721242 -0.395099
v 0.024790 7.716618 -0.395417
v 0.024809 7.711790 -0.395712
v 0.024825 7.706774 -0.395982
v 0.024841 7.701586 -0.396226
v 0.024854 7.696243 -0.396443
v 0.024866 7.690766 -0.396633
v 0.024876 7.685171 -0.396794
v 0.024885 7.679478 -0.396927
v 0.024891 7.673705 -0.397031
v 0.024896 7.667873 -0.397106
v 0.024899 7.662002 -0.397150
v 0.099638 7.757446 -0.376121
v 0.101904 7.656110 -0.384676
v 0.099770 7.757265 -0.376618
v 0.099901 7.756752 -0.377114
v 0.100031 7.755898 -0.377606
v 0.100161 7.754705 -0.378094
v 0.100288 7.753180 -0.378574
v 0.100413 7.751326 -0.379047
v 0.100536 7.749150 -0.379509
v 0.100655 7.746659 -0.379960
v 0.100771 7.743862 -0.380398
v 0.100883 7.740767 -0.380822
v 0.100991 7.737387 -0.381230
v 0.101095 7.733731 -0.381620
v 0.101193 7.729813 -0.381992
v 0.101286 7.725645 -0.382344
v 0.101374 7.721242 -0.382675
v 0.101456 7.716618 -0.382983
v 0.101531 7.711790 -0.383269
v 0.101601 7.706774 -0.383530
v 0.101663 7.701586 -0.383766
v 0.101719 7.696243 -0.383977
v 0.101768 7.690766 -0.384160
v 0.101809 7.685171 -0.384317
v 0.101843 7.679478 -0.384446
v 0.101870 7.673705 -0.384546
v 0.101889 7.667873 -0.384618
v 0.101900 7.662002 -0.384662
v 0.171101 7.757446 -0.349455
v 0.174993 7.656110 -0.357404
v 0.171327 7.757265 -0.349917
v 0.171553 7.756752 -0.350378
v 0.171777 7.755898 -0.350836
v 0.171998 7.754705 -0.351288
v 0.172217 7.753180 -0.351735
v 0.172432 7.751326 -0.352174
v 0.172642 7.749150 -0.352604
v 0.172848 7.746659 -0.353023
v 0.173047 7.743862 -0.353430
v 0.173240 7.740767 -0.353823
v 0.173425 7.737387 -0.354202
v 0.173603 7.733731 -0.354565
v 0.173772 7.729813 -0.354910
v 0.173932 7.725645 -0.355237
v 0.174082 7.721242 -0.355545
v 0.174223 7.716618 -0.355831
v 0.174353 7.711790 -0.356097
v 0.174471 7.706774 -0.356339
v 0.174579 7.701586 -0.356559
v 0.174675 7.696243 -0.356754
v 0.174758 7.690766 -0.356925
v 0.174829 7.685171 -0.357070
v 0.174888 7.679478 -0.357190
v 0.174934 7.673705 -0.357284
v 0.174967 7.667873 -0.357350
v 0.174986 7.662002 -0.357391
v 0.235988 7.757446 -0.309360
v 0.241357 7.656110 -0.316397
v 0.236301 7.757265 -0.309770
v 0.236612 7.756752 -0.310177
v 0.236921 7.755898 -0.310582
v 0.237226 7.754705 -0.310983
v 0.237528 7.753180 -0.311379
v 0.237824 7.751326 -0.311767
v 0.238115 7.749150 -0.312148
v 0.238398 7.746659 -0.312519
v 0.238673 7.743862 -0.312879
v 0.238938 7.740767 -0.313227
v 0.239194 7.737387 -0.313563
v 0.239439 7.733731 -0.313884
v 0.239672 7.729813 -0.314189
v 0.239893 7.725645 -0.314479
v 0.240101 7.721242 -0.314751
v 0.240294 7.716618 -0.315005
v 0.240473 7.711790 -0.315240
v 0.240637 7.706774 -0.315455
v 0.240785 7.701586 -0.315649
v 0.240917 7.696243 -0.315822
v 0.241033 7.690766 -0.315973
v 0.241131 7.685171 -0.316102
v 0.241212 7.679478 -0.316208
v 0.241275 7.673705 -0.316290
v 0.241320 7.667873 -0.316350
v 0.241347 7.662002 -0.316385
v 0.291807 7.757446 -0.257377
v 0.298445 7.656110 -0.263232
v 0.292193 7.757265 -0.257717
v 0.292578 7.756752 -0.258057
v 0.292960 7.755898 -0.258394
v 0.293338 7.754705 -0.258727
v 0.293711 7.753180 -0.259056
v 0.294077 7.751326 -0.259379
v 0.294436 7.749150 -0.259696
v 0.294786 7.746659 -0.260005
v 0.295126 7.743862 -0.260304
v 0.295455 7.740767 -0.260594
v 0.295771 7.737387 -0.260873
v 0.296074 7.733731 -0.261140
v 0.296362 7.729813 -0.261395
v 0.296635 7.725645 -0.261635
v 0.296892 7.721242 -0.261862
v 0.297132 7.716618 -0.262073
v 0.297353 7.711790 -0.262268
v 0.297556 7.706774 -0.262447
v 0.297739 7.701586 -0.262609
v 0.297902 7.696243 -0.262753
v 0.298045 7.690766 -0.262879
v 0.298166 7.685171 -0.262986
v 0.298266 7.679478 -0.263074
v 0.298344 7.673705 -0.263143
v 0.298400 7.667873 -0.263192
v 0.298434 7.662002 -0.263222
v 0.336412 7.757446 -0.195503
v 0.344064 7.656110 -0.199950
v 0.336857 7.757265 -0.195761
v 0.337300 7.756752 -0.196019
v 0.337741 7.755898 -0.196275
v 0.338177 7.754705 -0.196528
v 0.338607 7.753180 -0.196778
v 0.339029 7.751326 -0.197024
v 0.339443 7.749150 -0.197264
v 0.339846 7.746659 -0.197499
v 0.340238 7.743862 -0.197726
v 0.340617 7.740767 -0.197947
v 0.340982 7.737387 -0.198158
v 0.341331 7.733731 -0.198361
v 0.341663 7.729813 -0.198555
v 0.341978 7.725645 -0.198738
v 0.342274 7.721242 -0.198909
v 0.342550 7.716618 -0.199070
v 0.342805 7.711790 -0.199218
v 0.343039 7.706774 -0.199354
v 0.343250 7.701586 -0.199477
v 0.343439 7.696243 -0.199586
v 0.343603 7.690766 -0.199682
v 0.343743 7.685171 -0.199763
v 0.343858 7.679478 -0.199830
v 0.343948 7.673705 -0.199882
v 0.344013 7.667873 -0.199920
v 0.344051 7.662002 -0.199942
v 0.368089 7.757446 -0.126116
v 0.376462 7.656110 -0.128984
v 0.368576 7.757265 -0.126282
v 0.369061 7.756752 -0.126449
v 0.369543 7.755898 -0.126614
v 0.370020 7.754705 -0.126777
v 0.370490 7.753180 -0.126938
v 0.370952 7.751326 -0.127097
v 0.371405 7.749150 -0.127252
v 0.371846 7.746659 -0.127403
v 0.372275 7.743862 -0.127550
v 0.372690 7.740767 -0.127692
v 0.373089 7.737387 -0.127829
v 0.373471 7.733731 -0.127960
v 0.373834 7.729813 -0.128084
v 0.374179 7.725645 -0.128202
v 0.374503 7.721242 -0.128313
v 0.374805 7.716618 -0.128417
v 0.375084 7.711790 -0.128512
v 0.375340 7.706774 -0.128600
v 0.375571 7.701586 -0.128679
v 0.375777 7.696243 -0.128750
v 0.375957 7.690766 -0.128811
v 0.376110 7.685171 -0.128864
v 0.376236 7.679478 -0.128907
v 0.376334 7.673705 -0.128941
v 0.376405 7.667873 -0.128965
v 0.376447 7.662002 -0.128979
v 0.385620 7.757446 -0.051882
v 0.394392 7.656110 -0.053062
v 0.386130 7.757265 -0.051950
v 0.386638 7.756752 -0.052019
v 0.387143 7.755898 -0.052087
v 0.387643 7.754705 -0.052154
v 0.388136 7.753180 -0.052220
v 0.388620 7.751326 -0.052285
v 0.389094 7.749150 -0.052349
v 0.389557 7.746659 -0.052411
v 0.390006 7.743862 -0.052472
v 0.390440 7.740767 -0.052530
v 0.390858 7.737387 -0.052586
v 0.391258 7.733731 -0.052640
v 0.391639 7.729813 -0.052692
v 0.392000 7.725645 -0.052740
v 0.392339 7.721242 -0.052786
v 0.392656 7.716618 -0.052828
v 0.392949 7.711790 -0.052868
v 0.393216 7.706774 -0.052904
v 0.393459 7.701586 -0.052936
v 0.393674 7.696243 -0.052965
v 0.393863 7.690766 -0.052991
v 0.394023 7.685171 -0.053012
v 0.394155 7.679478 -0.053030
v 0.394258 7.673705 -0.053044
v 0.394332 7.667873 -0.053054
v 0.394377 7.662002 -0.053060
v 0.388332 7.757446 0.024346
v 0.397165 7.656110 0.024900
v 0.388846 7.757265 0.024378
v 0.389358 7.756752 0.024410
v 0.389866 7.755898 0.024442
v 0.390369 7.754705 0.024474
v 0.390865 7.753180 0.024505
v 0.391353 7.751326 0.024535
v 0.391831 7.749150 0.024565
v 0.392296 7.746659 0.024594
v 0.392749 7.743862 0.024623
v 0.393186 7.740767 0.024650
v 0.393607 7.737387 0.024677
v 0.394010 7.733731 0.024702
v 0.394394 7.729813 0.024726
v 0.394757 7.725645 0.024749
v 0.395099 7.721242 0.024770
v 0.395417 7.716618 0.024790
v 0.395712 7.711790 0.024809
v 0.395982 7.706774 0.024825
v 0.396226 7.701586 0.024841
v 0.396443 7.696243 0.024854
v 0.396633 7.690766 0.024866
v 0.396794 7.685171 0.024876
v 0.396927 7.679478 0.024885
v 0.397031 7.673705 0.024891
v 0.397106 7.667873 0.024896
v 0.397150 7.662002 0.024899
v 0.376121 7.757446 0.099638
v 0.384676 7.656110 0.101904
v 0.376618 7.757265 0.099770
v 0.377114 7.756752 0.099901
v 0.377606 7.755898 0.100031
v 0.378094 7.754705 0.100161
v 0.378574 7.753180 0.100288
v 0.379047 7.751326 0.100413
v 0.379509 7.749150 0.100536
v 0.379960 7.746659 0.100655
v 0.380398 7.743862 0.100771
v 0.380822 7.740767 0.100883
v 0.381230 7.737387 0.100991
v 0.381620 7.733731 0.101095
v 0.381992 7.729813 0.101193
v 0.382344 7.725645 0.101286
v 0.382675 7.721242 0.101374
v 0.382983 7.716618 0.101456
v 0.383269 7.711790 0.101531
v 0.383530 7.706774 0.101601
v 0.383766 7.701586 0.101663
v 0.383977 7.696243 0.101719
v 0.384160 7.690766 0.101768
v 0.384317 7.685171 0.101809
v 0.384446 7.679478 0.101843
v 0.384546 7.673705 0.101870
v 0.384618 7.667873 0.101889
v 0.384662 7.662002 0.101900
v 0.349455 7.757446 0.171101
v 0.357404 7.656110 0.174993
v 0.349917 7.757265 0.171327
v 0.350378 7.756752 0.171553
v 0.350836 7.755898 0.171777
v 0.351288 7.754705 0.171998
v 0.351735 7.753180 0.172217
v 0.352174 7.751326 0.172432
v 0.352604 7.749150 0.172642
v 0.353023 7.746659 0.172848
v 0.353430 7.743862 0.173047
v 0.353823 7.740767 0.173240
v 0.354202 7.737387 0.173425
v 0.354565 7.733731 0.173603
v 0.354910 7.729813 0.173772
v 0.355237 7.725645 0.173932
v 0.355545 7.721242 0.174082
v 0.355831 7.716618 0.174223
v 0.356097 7.711790 0.174353
v 0.356339 7.706774 0.174471
v 0.356559 7.701586 0.174579
v 0.356754 7.696243 0.174675
v 0.356925 7.690766 0.174758
v 0.357070 7.685171 0.174829
v 0.357190 7.679478 0.174888
v 0.357284 7.673705 0.174934
v 0.357350 7.667873 0.174967
v 0.357391 7.662002 0.174986
v 0.309360 7.757446 0.235988
v 0.316397 7.656110 0.241357
v 0.309770 7.757265 0.236301
v 0.310177 7.756752 0.236612
v 0.310582 7.755898 0.236921
v 0.310983 7.754705 0.237226
v 0.311379 7.753180 0.237528
v 0.311767 7.751326 0.237824
v 0.312148 7.749150 0.238115
v 0.312519 7.746659 0.238398
v 0.312879 7.743862 0.238673
v 0.313227 7.740767 0.238938
v 0.313563 7.737387 0.239194
v 0.313884 7.733731 0.239439
v 0.314189 7.729813 0.239672
v 0.314479 7.725645 0.239893
v 0.314751 7.721242 0.240101
v 0.315005 7.716618 0.240294
v 0.315240 7.711790 0.240473
v 0.315455 7.706774 0.240637
v 0.315649 7.701586 0.240786
v 0.315822 7.696243 0.240918
v 0.315973 7.690766 0.241033
v 0.316102 7.685171 0.241131
v 0.316208 7.679478 0.241212
v 0.316290 7.673705 0.241275
v 0.316350 7.667873 0.241320
v 0.316385 7.662002 0.241347
v 0.257377 7.757446 0.291807
v 0.263232 7.656110 0.298445
v 0.257717 7.757265 0.292193
v 0.258057 7.756752 0.292578
v 0.258394 7.755898 0.292960
v 0.258727 7.754705 0.293338
v 0.259056 7.753180 0.293711
v 0.259379 7.751326 0.294078
v 0.259696 7.749150 0.294436
v 0.260005 7.746659 0.294786
v 0.260304 7.743862 0.295126
v 0.260594 7.740767 0.295455
v 0.260873 7.737387 0.295771
v 0.261140 7.733731 0.296074
v 0.261395 7.729813 0.296362
v 0.261635 7.725645 0.296635
v 0.261862 7.721242 0.296892
v 0.262073 7.716618 0.297132
v 0.262268 7.711790 0.297353
v 0.262447 7.706774 0.297556
v 0.262609 7.701586 0.297739
v 0.262753 7.696243 0.297902
v 0.262879 7.690766 0.298045
v 0.262986 7.685171 0.298166
v 0.263074 7.679478 0.298266
v 0.263143 7.673705 0.298344
v 0.263192 7.667873 0.298400
v 0.263222 7.662002 0.298434
v 0.263232 6.885379 0.298445
v 0.199950 6.885379 0.344064
v 0.263232 7.321408 0.298445
v 0.199950 7.321408 0.344064
v 0.316397 6.885379 0.241357
v 0.316397 7.321408 0.241357
v 0.357404 6.885379 0.174993
v 0.357404 7.321408 0.174993
v 0.384676 6.885379 0.101904
v 0.384676 7.321408 0.101904
v 0.397165 6.885379 0.024900
v 0.397165 7.321408 0.024900
v 0.394392 6.885379 -0.053062
v 0.394392 7.321408 -0.053062
v 0.376462 6.885379 -0.128984
v 0.376462 7.321408 -0.128984
v 0.344064 6.885379 -0.199950
v 0.344064 7.321408 -0.199950
v 0.298445 6.885379 -0.263232
v 0.298445 7.321408 -0.263232
v 0.241357 6.885379 -0.316397
v 0.241357 7.321408 -0.316397
v 0.174993 6.885379 -0.357404
v 0.174993 7.321408 -0.357404
v 0.101904 6.885379 -0.384676
v 0.101904 7.321408 -0.384676
v 0.024900 6.885379 -0.397165
v 0.024900 7.321408 -0.397165
v -0.053062 6.885379 -0.394392
v -0.053062 7.321408 -0.394392
v -0.128984 6.885379 -0.376462
v -0.128984 7.321408 -0.376462
v -0.199950 6.885379 -0.344064
v -0.199950 7.321408 -0.344064
v -0.263232 6.885379 -0.298445
v -0.263232 7.321408 -0.298445
v -0.316397 6.885379 -0.241357
v -0.316397 7.321408 -0.241357
v -0.357404 6.885379 -0.174993
v -0.357404 7.321408 -0.174993
v -0.384676 6.885379 -0.101904
v -0.384676 7.321408 -0.101904
v -0.397165 6.885379 -0.024900
v -0.397165 7.321408 -0.024900
v -0.394392 6.885379 0.053062
v -0.394392 7.321408 0.053062
v -0.376462 6.885379 0.128984
v -0.376462 7.321408 0.128984
v -0.344064 6.885379 0.199950
v -0.344064 7.321408 0.199950
v -0.298445 6.885379 0.263232
v -0.298445 7.321408 0.263232
v -0.241357 6.885379 0.316397
v -0.241357 7.321408 0.316397
v -0.174993 6.885379 0.357404
v -0.174993 7.321408 0.357404
v -0.101904 6.885379 0.384676
v -0.101904 7.321408 0.384676
v -0.024900 6.885379 0.397165
v -0.024900 7.321408 0.397165
v 0.053062 6.885379 0.394392
v 0.053062 7.321408 0.394392
v 0.128984 6.885379 0.376462
v 0.128984 7.321408 0.376462
v 0.198404 3.844977 0.341404
v 0.198404 4.277634 0.341404
v 0.198404 5.142949 0.341404
v 0.198404 5.575606 0.341404
v 0.198404 6.440921 0.341404
v 0.198404 6.873578 0.341404
v 0.127987 6.873578 0.373551
v 0.127987 6.440921 0.373551
v 0.127987 5.575606 0.373551
v 0.127987 5.142949 0.373551
v 0.127987 4.277634 0.373551
v 0.127987 3.844977 0.373551
v 0.052652 6.873578 0.391342
v 0.052652 6.440921 0.391342
v 0.052652 5.575606 0.391342
v 0.052652 5.142949 0.391342
v 0.052652 4.277634 0.391342
v 0.052652 3.844977 0.391342
v -0.024707 6.873578 0.394094
v -0.024707 6.440921 0.394094
v -0.024707 5.575606 0.394094
v -0.024707 5.142949 0.394094
v -0.024707 4.277634 0.394094
v -0.024707 3.844977 0.394094
v -0.101116 6.873578 0.381702
v -0.101116 6.440921 0.381702
v -0.101116 5.575606 0.381702
v -0.101116 5.142949 0.381702
v -0.101116 4.277634 0.381702
v -0.101116 3.844977 0.381702
v -0.173640 6.873578 0.354641
v -0.173640 6.440921 0.354641
v -0.173640 5.575606 0.354641
v -0.173640 5.142949 0.354641
v -0.173640 4.277634 0.354641
v -0.173640 3.844977 0.354641
v -0.239490 6.873578 0.313951
v -0.239490 6.440921 0.313951
v -0.239490 5.575606 0.313951
v -0.239490 5.142949 0.313951
v -0.239490 4.277634 0.313951
v -0.239490 3.844977 0.313951
v -0.296137 6.873578 0.261196
v -0.296137 6.440921 0.261196
v -0.296137 5.575606 0.261196
v -0.296137 5.142949 0.261196
v -0.296137 4.277634 0.261196
v -0.296137 3.844977 0.261196
v -0.341404 6.873578 0.198404
v -0.341404 6.440921 0.198404
v -0.341404 5.575606 0.198404
v -0.341404 5.142949 0.198404
v -0.341404 4.277634 0.198404
v -0.341404 3.844977 0.198404
v -0.373551 6.873578 0.127987
v -0.373551 6.440921 0.127987
v -0.373551 5.575606 0.127987
v -0.373551 5.142949 0.127987
v -0.373551 4.277634 0.127987
v -0.373551 3.844977 0.127987
v -0.391342 6.873578 0.052652
v -0.391342 6.440921 0.052652
v -0.391342 5.575606 0.052652
v -0.391342 5.142949 0.052652
v -0.391342 4.277634 0.052652
v -0.391342 3.844977 0.052652
v -0.394094 6.873578 -0.024707
v -0.394094 6.440921 -0.024707
v -0.394094 5.575606 -0.024707
v -0.394094 5.142949 -0.024707
v -0.394094 4.277634 -0.024707
v -0.394094 3.844977 -0.024707
v -0.381702 6.873578 -0.101116
v -0.381702 6.440921 -0.101116
v -0.381702 5.575606 -0.101116
v -0.381702 5.142949 -0.101116
v -0.381702 4.277634 -0.101116
v -0.381702 3.844977 -0.101116
v -0.354641 6.873578 -0.173640
v -0.354641 6.440921 -0.173640
v -0.354641 5.575606 -0.173640
v -0.354641 5.142949 -0.173640
v -0.354641 4.277634 -0.173640
v -0.354641 3.844977 -0.173640
v -0.313951 6.873578 -0.239490
v -0.313951 6.440921 -0.239490
v -0.313951 5.575606 -0.239490
v -0.313951 5.142949 -0.239490
v -0.313951 4.277634 -0.239490
v -0.313951 3.844977 -0.239490
v -0.261196 6.873578 -0.296137
v -0.261196 6.440921 -0.296137
v -0.261196 5.575606 -0.296137
v -0.261196 5.142949 -0.296137
v -0.261196 4.277634 -0.296137
v -0.261196 3.844977 -0.296137
v -0.198404 6.873578 -0.341404
v -0.198404 6.440921 -0.341404
v -0.198404 5.575606 -0.341404
v -0.198404 5.142949 -0.341404
v -0.198404 4.277634 -0.341404
v -0.198404 3.844977 -0.341404
v -0.127987 6.873578 -0.373551
v -0.127987 6.440921 -0.373551
v -0.127987 5.575606 -0.373551
v -0.127987 5.142949 -0.373551
v -0.127987 4.277634 -0.373551
v -0.127987 3.844977 -0.373551
v -0.052652 6.873578 -0.391342
v -0.052652 6.440921 -0.391342
v -0.052652 5.575606 -0.391342
v -0.052652 5.142949 -0.391342
v -0.052652 4.277634 -0.391342
v -0.052652 3.844977 -0.391342
v 0.024707 6.873578 -0.394094
v 0.024707 6.440921 -0.394094
v 0.024707 5.575606 -0.394094
v 0.024707 5.142949 -0.394094
v 0.024707 4.277634 -0.394094
v 0.024707 3.844977 -0.394094
v 0.101116 6.873578 -0.381702
v 0.101116 6.440921 -0.381702
v 0.101116 5.575606 -0.381702
v 0.101116 5.142949 -0.381702
v 0.101116 4.277634 -0.381702
v 0.101116 3.844977 -0.381702
v 0.173640 6.873578 -0.354641
v 0.173640 6.440921 -0.354641
v 0.173640 5.575606 -0.354641
v 0.173640 5.142949 -0.354641
v 0.173640 4.277634 -0.354641
v 0.173640 3.844977 -0.354641
v 0.239490 6.873578 -0.313951
v 0.239490 6.440921 -0.313951
v 0.239490 5.575606 -0.313951
v 0.239490 5.142949 -0.313951
v 0.239490 4.277634 -0.313951
v 0.239490 3.844977 -0.313951
v 0.296137 6.873578 -0.261196
v 0.296137 6.440921 -0.261196
v 0.296137 5.575606 -0.261196
v 0.296137 5.142949 -0.261196
v 0.296137 4.277634 -0.261196
v 0.296137 3.844977 -0.261196
v 0.341404 6.873578 -0.198404
v 0.341404 6.440921 -0.198404
v 0.341404 5.575606 -0.198404
v 0.341404 5.142949 -0.198404
v 0.341404 4.277634 -0.198404
v 0.341404 3.844977 -0.198404
v 0.373551 6.873578 -0.127987
v 0.373551 6.440921 -0.127987
v 0.373551 5.575606 -0.127987
v 0.373551 5.142949 -0.127987
v 0.373551 4.277634 -0.127987
v 0.373551 3.844977 -0.127987
v 0.391342 6.873578 -0.052652
v 0.391342 6.440921 -0.052652
v 0.391342 5.575606 -0.052652
v 0.391342 5.142949 -0.052652
v 0.391342 4.277634 -0.052652
v 0.391342 3.844977 -0.052652
v 0.394094 6.873578 0.024707
v 0.394094 6.440921 0.024707
v 0.394094 5.575606 0.024707
v 0.394094 5.142949 0.024707
v 0.394094 4.277634 0.024707
v 0.394094 3.844977 0.024707
v 0.381702 6.873578 0.101116
v 0.381702 6.440921 0.101116
v 0.381702 5.575606 0.101116
v 0.381702 5.142949 0.101116
v 0.381702 4.277634 0.101116
v 0.381702 3.844977 0.101116
v 0.354641 6.873578 0.173640
v 0.354641 6.440921 0.173640
v 0.354641 5.575606 0.173640
v 0.354641 5.142949 0.173640
v 0.354641 4.277634 0.173640
v 0.354641 3.844977 0.173640
v 0.313951 6.873578 0.239490
v 0.313951 6.440921 0.239490
v 0.313951 5.575606 0.239490
v 0.313951 5.142949 0.239490
v 0.313951 4.277634 0.239490
v 0.313951 3.844977 0.239490
v 0.261196 6.873578 0.296137
v 0.261196 6.440921 0.296137
v 0.261196 5.575606 0.296137
v 0.261196 5.142949 0.296137
v 0.261196 4.277634 0.296137
v 0.261196 3.844977 0.296137
v 0.200081 3.832175 0.344290
v 0.200081 4.268490 0.344290
v 0.200081 5.141120 0.344290
v 0.200081 5.577435 0.344290
v 0.200081 6.450065 0.344290
v 0.200081 6.886380 0.344290
v 0.129069 6.886380 0.376709
v 0.129069 6.450065 0.376709
v 0.129069 5.577435 0.376709
v 0.129069 5.141120 0.376709
v 0.129069 4.268490 0.376709
v 0.129069 3.832175 0.376709
v 0.053097 6.886380 0.394650
v 0.053097 6.450065 0.394650
v 0.053097 5.577435 0.394650
v 0.053097 5.141120 0.394650
v 0.053097 4.268490 0.394650
v 0.053097 3.832175 0.394650
v -0.024916 6.886380 0.397426
v -0.024916 6.450065 0.397426
v -0.024916 5.577435 0.397426
v -0.024916 5.141120 0.397426
v -0.024916 4.268490 0.397426
v -0.024916 3.832175 0.397426
v -0.101971 6.886380 0.384929
v -0.101971 6.450065 0.384929
v -0.101971 5.577435 0.384929
v -0.101971 5.141120 0.384929
v -0.101971 4.268490 0.384929
v -0.101971 3.832175 0.384929
v -0.175108 6.886380 0.357639
v -0.175108 6.450065 0.357639
v -0.175108 5.577435 0.357639
v -0.175108 5.141120 0.357639
v -0.175108 4.268490 0.357639
v -0.175108 3.832175 0.357639
v -0.241515 6.886380 0.316605
v -0.241515 6.450065 0.316605
v -0.241515 5.577435 0.316605
v -0.241515 5.141120 0.316605
v -0.241515 4.268490 0.316605
v -0.241515 3.832175 0.316605
v -0.298641 6.886380 0.263404
v -0.298641 6.450065 0.263404
v -0.298641 5.577435 0.263404
v -0.298641 5.141120 0.263404
v -0.298641 4.268490 0.263404
v -0.298641 3.832175 0.263404
v -0.344290 6.886380 0.200081
v -0.344290 6.450065 0.200081
v -0.344290 5.577435 0.200081
v -0.344290 5.141120 0.200081
v -0.344290 4.268490 0.200081
v -0.344290 3.832175 0.200081
v -0.376709 6.886380 0.129069
v -0.376709 6.450065 0.129069
v -0.376709 5.577435 0.129069
v -0.376709 5.141120 0.129069
v -0.376709 4.268490 0.129069
v -0.376709 3.832175 0.129069
v -0.394650 6.886380 0.053097
v -0.394650 6.450065 0.053097
v -0.394650 5.577435 0.053097
v -0.394650 5.141120 0.053097
v -0.394650 4.268490 0.053097
v -0.394650 3.832175 0.053097
v -0.397426 6.886380 -0.024916
v -0.397426 6.450065 -0.024916
v -0.397426 5.577435 -0.024916
v -0.397426 5.141120 -0.024916
v -0.397426 4.268490 -0.024916
v -0.397426 3.832175 -0.024916
v -0.384929 6.886380 -0.101971
v -0.384929 6.450065 -0.101971
v -0.384929 5.577435 -0.101971
v -0.384929 5.141120 -0.101971
v -0.384929 4.268490 -0.101971
v -0.384929 3.832175 -0.101971
v -0.357639 6.886380 -0.175108
v -0.357639 6.450065 -0.175108
v -0.357639 5.577435 -0.175108
v -0.357639 5.141120 -0.175108
v -0.357639 4.268490 -0.175108
v -0.357639 3.832175 -0.175108
v -0.316605 6.886380 -0.241515
v -0.316605 6.450065 -0.241515
v -0.316605 5.577435 -0.241515
v -0.316605 5.141120 -0.241515
v -0.316605 4.268490 -0.241515
v -0.316605 3.832175 -0.241515
v -0.263404 6.886380 -0.298641
v -0.263404 6.450065 -0.298641
v -0.263404 5.577435 -0.298641
v -0.263404 5.141120 -0.298641
v -0.263404 4.268490 -0.298641
v -0.263404 3.832175 -0.298641
v -0.200081 6.886380 -0.344290
v -0.200081 6.450065 -0.344290
v -0.200081 5.577435 -0.344290
v -0.200081 5.141120 -0.344290
v -0.200081 4.268490 -0.344290
v -0.200081 3.832175 -0.344290
v -0.129069 6.886380 -0.376709
v -0.129069 6.450065 -0.376709
v -0.129069 5.577435 -0.376709
v -0.129069 5.141120 -0.376709
v -0.129069 4.268490 -0.376709
v -0.129069 3.832175 -0.376709
v -0.053097 6.886380 -0.394650
v -0.053097 6.450065 -0.394650
v -0.053097 5.577435 -0.394650
v -0.053097 5.141120 -0.394650
v -0.053097 4.268490 -0.394650
v -0.053097 3.832175 -0.394650
v 0.024916 6.886380 -0.397426
v 0.024916 6.450065 -0.397426
v 0.024916 5.577435 -0.397426
v 0.024916 5.141120 -0.397426
v 0.024916 4.268490 -0.397426
v 0.024916 3.832175 -0.397426
v 0.101971 6.886380 -0.384929
v 0.101971 6.450065 -0.384929
v 0.101971 5.577435 -0.384929
v 0.101971 5.141120 -0.384929
v 0.101971 4.268490 -0.384929
v 0.101971 3.832175 -0.384929
v 0.175108 6.886380 -0.357639
v 0.175108 6.450065 -0.357639
v 0.175108 5.577435 -0.357639
v 0.175108 5.141120 -0.357639
v 0.175108 4.268490 -0.357639
v 0.175108 3.832175 -0.357639
v 0.241515 6.886380 -0.316605
v 0.241515 6.450065 -0.316605
v 0.241515 5.577435 -0.316605
v 0.241515 5.141120 -0.316605
v 0.241515 4.268490 -0.316605
v 0.241515 3.832175 -0.316605
v 0.298641 6.886380 -0.263404
v 0.298641 6.450065 -0.263404
v 0.298641 5.577435 -0.263404
v 0.298641 5.141120 -0.263404
v 0.298641 4.268490 -0.263404
v 0.298641 3.832175 -0.263404
v 0.344290 6.886380 -0.200081
v 0.344290 6.450065 -0.200081
v 0.344290 5.577435 -0.200081
v 0.344290 5.141120 -0.200081
v 0.344290 4.268490 -0.200081
v 0.344290 3.832175 -0.200081
v 0.376709 6.886380 -0.129069
v 0.376709 6.450065 -0.129069
v 0.376709 5.577435 -0.129069
v 0.376709 5.141120 -0.129069
v 0.376709 4.268490 -0.129069
v 0.376709 3.832175 -0.129069
v 0.394650 6.886380 -0.053097
v 0.394650 6.450065 -0.053097
v 0.394650 5.577435 -0.053097
v 0.394650 5.141120 -0.053097
v 0.394650 4.268490 -0.053097
v 0.394650 3.832175 -0.053097
v 0.397426 6.886380 0.024916
v 0.397426 6.450065 0.024916
v 0.397426 5.577435 0.024916
v 0.397426 5.141120 0.024916
v 0.397426 4.268490 0.024916
v 0.397426 3.832175 0.024916
v 0.384929 6.886380 0.101971
v 0.384929 6.450065 0.101971
v 0.384929 5.577435 0.101971
v 0.384929 5.141120 0.101971
v 0.384929 4.268490 0.101971
v 0.384929 3.832175 0.101971
v 0.357639 6.886380 0.175108
v 0.357639 6.450065 0.175108
v 0.357639 5.577435 0.175108
v 0.357639 5.141120 0.175108
v 0.357639 4.268490 0.175108
v 0.357639 3.832175 0.175108
v 0.316605 6.886380 0.241515
v 0.316605 6.450065 0.241515
v 0.316605 5.577435 0.241515
v 0.316605 5.141120 0.241515
v 0.316605 4.268490 0.241515
v 0.316605 3.832175 0.241515
v 0.263404 6.886380 0.298641
v 0.263404 6.450065 0.298641
v 0.263404 5.577435 0.298641
v 0.263404 5.141120 0.298641
v 0.263404 4.268490 0.298641
v 0.263404 3.832175 0.298641
v 0.208008 3.832175 0.357931
v 0.208008 4.268490 0.357931
v 0.208008 5.141120 0.357931
v 0.208008 5.577435 0.357931
v 0.208008 6.450065 0.357931
v 0.208008 6.886380 0.357931
v 0.136844 6.886380 0.390087
v 0.136844 6.450065 0.390087
v 0.136844 5.577435 0.390087
v 0.136844 5.141120 0.390087
v 0.136844 4.268490 0.390087
v 0.136844 3.832175 0.390087
v 0.060420 6.886380 0.407253
v 0.060420 6.450065 0.407253
v 0.060420 5.577435 0.407253
v 0.060420 5.141120 0.407253
v 0.060420 4.268490 0.407253
v 0.060420 3.832175 0.407253
v -0.018325 6.886380 0.408768
v -0.018325 6.450065 0.408768
v -0.018325 5.577435 0.408768
v -0.018325 5.141120 0.408768
v -0.018325 4.268490 0.408768
v -0.018325 3.832175 0.408768
v -0.096366 6.886380 0.394574
v -0.096366 6.450065 0.394574
v -0.096366 5.577435 0.394574
v -0.096366 5.141120 0.394574
v -0.096366 4.268490 0.394574
v -0.096366 3.832175 0.394574
v -0.170704 6.886380 0.365217
v -0.170704 6.450065 0.365217
v -0.170704 5.577435 0.365217
v -0.170704 5.141120 0.365217
v -0.170704 4.268490 0.365217
v -0.170704 3.832175 0.365217
v -0.238481 6.886380 0.321825
v -0.238481 6.450065 0.321825
v -0.238481 5.577435 0.321825
v -0.238481 5.141120 0.321825
v -0.238481 4.268490 0.321825
v -0.238481 3.832175 0.321825
v -0.297094 6.886380 0.266065
v -0.297094 6.450065 0.266065
v -0.297094 5.577435 0.266065
v -0.297094 5.141120 0.266065
v -0.297094 4.268490 0.266065
v -0.297094 3.832175 0.266065
v -0.344290 6.886380 0.200081
v -0.344290 6.450065 0.200081
v -0.344290 5.577435 0.200081
v -0.344290 5.141120 0.200081
v -0.344290 4.268490 0.200081
v -0.344290 3.832175 0.200081
v -0.378255 6.886380 0.126408
v -0.378255 6.450065 0.126408
v -0.378255 5.577435 0.126408
v -0.378255 5.141120 0.126408
v -0.378255 4.268490 0.126408
v -0.378255 3.832175 0.126408
v -0.397684 6.886380 0.047877
v -0.397684 6.450065 0.047877
v -0.397684 5.577435 0.047877
v -0.397684 5.141120 0.047877
v -0.397684 4.268490 0.047877
v -0.397684 3.832175 0.047877
v -0.401830 6.886380 -0.032494
v -0.401830 6.450065 -0.032494
v -0.401830 5.577435 -0.032494
v -0.401830 5.141120 -0.032494
v -0.401830 4.268490 -0.032494
v -0.401830 3.832175 -0.032494
v -0.390534 6.886380 -0.111617
v -0.390534 6.450065 -0.111617
v -0.390534 5.577435 -0.111617
v -0.390534 5.141120 -0.111617
v -0.390534 4.268490 -0.111617
v -0.390534 3.832175 -0.111617
v -0.364230 6.886380 -0.186450
v -0.364230 6.450065 -0.186450
v -0.364230 5.577435 -0.186450
v -0.364230 5.141120 -0.186450
v -0.364230 4.268490 -0.186450
v -0.364230 3.832175 -0.186450
v -0.323929 6.886380 -0.254117
v -0.323929 6.450065 -0.254117
v -0.323929 5.577435 -0.254117
v -0.323929 5.141120 -0.254117
v -0.323929 4.268490 -0.254117
v -0.323929 3.832175 -0.254117
v -0.271179 6.886380 -0.312019
v -0.271179 6.450065 -0.312019
v -0.271179 5.577435 -0.312019
v -0.271179 5.141120 -0.312019
v -0.271179 4.268490 -0.312019
v -0.271179 3.832175 -0.312019
v -0.208008 6.886380 -0.357931
v -0.208008 6.450065 -0.357931
v -0.208008 5.577435 -0.357931
v -0.208008 5.141120 -0.357931
v -0.208008 4.268490 -0.357931
v -0.208008 3.832175 -0.357931
v -0.136844 6.886380 -0.390087
v -0.136844 6.450065 -0.390087
v -0.136844 5.577435 -0.390087
v -0.136844 5.141120 -0.390087
v -0.136844 4.268490 -0.390087
v -0.136844 3.832175 -0.390087
v -0.060421 6.886380 -0.407253
v -0.060421 6.450065 -0.407253
v -0.060421 5.577435 -0.407253
v -0.060421 5.141120 -0.407253
v -0.060421 4.268490 -0.407253
v -0.060421 3.832175 -0.407253
v 0.018325 6.886380 -0.408768
v 0.018325 6.450065 -0.408768
v 0.018325 5.577435 -0.408768
v 0.018325 5.141120 -0.408768
v 0.018325 4.268490 -0.408768
v 0.018325 3.832175 -0.408768
v 0.096366 6.886380 -0.394574
v 0.096366 6.450065 -0.394574
v 0.096366 5.577435 -0.394574
v 0.096366 5.141120 -0.394574
v 0.096366 4.268490 -0.394574
v 0.096366 3.832175 -0.394574
v 0.170704 6.886380 -0.365217
v 0.170704 6.450065 -0.365217
v 0.170704 5.577435 -0.365217
v 0.170704 5.141120 -0.365217
v 0.170704 4.268490 -0.365217
v 0.170704 3.832175 -0.365217
v 0.238481 6.886380 -0.321825
v 0.238481 6.450065 -0.321825
v 0.238481 5.577435 -0.321825
v 0.238481 5.141120 -0.321825
v 0.238481 4.268490 -0.321825
v 0.238481 3.832175 -0.321825
v 0.297094 6.886380 -0.266065
v 0.297094 6.450065 -0.266065
v 0.297094 5.577435 -0.266065
v 0.297094 5.141120 -0.266065
v 0.297094 4.268490 -0.266065
v 0.297094 3.832175 -0.266065
v 0.344290 6.886380 -0.200081
v 0.344290 6.450065 -0.200081
v 0.344290 5.577435 -0.200081
v 0.344290 5.141120 -0.200081
v 0.344290 4.268490 -0.200081
v 0.344290 3.832175 -0.200081
v 0.378255 6.886380 -0.126408
v 0.378255 6.450065 -0.126408
v 0.378255 5.577435 -0.126408
v 0.378255 5.141120 -0.126408
v 0.378255 4.268490 -0.126408
v 0.378255 3.832175 -0.126408
v 0.397684 6.886380 -0.047877
v 0.397684 6.450065 -0.047877
v 0.397684 5.577435 -0.047877
v 0.397684 5.141120 -0.047877
v 0.397684 4.268490 -0.047877
v 0.397684 3.832175 -0.047877
v 0.401830 6.886380 0.032494
v 0.401830 6.450065 0.032494
v 0.401830 5.577435 0.032494
v 0.401830 5.141120 0.032494
v 0.401830 4.268490 0.032494
v 0.401830 3.832175 0.032494
v 0.390534 6.886380 0.111617
v 0.390534 6.450065 0.111617
v 0.390534 5.577435 0.111617
v 0.390534 5.141120 0.111617
v 0.390534 4.268490 0.111617
v 0.390534 3.832175 0.111617
v 0.364230 6.886380 0.186450
v 0.364230 6.450065 0.186450
v 0.364230 5.577435 0.186450
v 0.364230 5.141120 0.186450
v 0.364230 4.268490 0.186450
v 0.364230 3.832175 0.186450
v 0.323929 6.886380 0.254117
v 0.323929 6.450065 0.254117
v 0.323929 5.577435 0.254117
v 0.323929 5.141120 0.254117
v 0.323929 4.268490 0.254117
v 0.323929 3.832175 0.254117
v 0.271179 6.886380 0.312019
v 0.271179 6.450065 0.312019
v 0.271179 5.577435 0.312019
v 0.271179 5.141120 0.312019
v 0.271179 4.268490 0.312019
v 0.271179 3.832175 0.312019
v 0.132342 0.618442 0.392412
v 0.189377 0.534349 0.552726
v 0.051719 0.618442 0.412035
v 0.077906 0.534349 0.579051
v -0.030891 0.618442 0.415823
v -0.036558 0.534349 0.583124
v -0.112314 0.618442 0.403632
v -0.149617 0.534349 0.564787
v -0.189421 0.618442 0.375930
v -0.256927 0.534349 0.524746
v -0.259249 0.618442 0.333780
v -0.354363 0.534349 0.464539
v -0.319114 0.618442 0.278804
v -0.438181 0.534349 0.386481
v -0.366715 0.618442 0.213113
v -0.505160 0.534349 0.293569
v -0.400224 0.618442 0.139233
v -0.552726 0.534349 0.189377
v -0.418353 0.618442 0.060002
v -0.579051 0.534349 0.077906
v -0.420404 0.618442 -0.021535
v -0.583124 0.534349 -0.036558
v -0.406300 0.618442 -0.102244
v -0.564787 0.534349 -0.149617
v -0.376582 0.618442 -0.179024
v -0.524746 0.534349 -0.256927
v -0.332391 0.618442 -0.248925
v -0.464539 0.534349 -0.354363
v -0.275428 0.618442 -0.309259
v -0.386481 0.534349 -0.438181
v -0.207879 0.618442 -0.357709
v -0.293569 0.534349 -0.505160
v -0.132342 0.618442 -0.392412
v -0.189377 0.534349 -0.552726
v -0.051719 0.618442 -0.412035
v -0.077906 0.534349 -0.579051
v 0.030891 0.618442 -0.415823
v 0.036558 0.534349 -0.583124
v 0.112314 0.618442 -0.403632
v 0.149617 0.534349 -0.564787
v 0.189421 0.618442 -0.375930
v 0.256927 0.534349 -0.524746
v 0.259249 0.618442 -0.333780
v 0.354363 0.534349 -0.464539
v 0.319114 0.618442 -0.278804
v 0.438181 0.534349 -0.386481
v 0.366715 0.618442 -0.213113
v 0.505160 0.534349 -0.293569
v 0.400224 0.618442 -0.139233
v 0.552726 0.534349 -0.189377
v 0.418353 0.618442 -0.060002
v 0.579051 0.534349 -0.077906
v 0.420404 0.618442 0.021535
v 0.583124 0.534349 0.036558
v 0.406300 0.618442 0.102244
v 0.564787 0.534349 0.149617
v 0.376582 0.618442 0.179024
v 0.524746 0.534349 0.256927
v 0.332391 0.618442 0.248925
v 0.464539 0.534349 0.354363
v 0.275427 0.618442 0.309259
v 0.386481 0.534349 0.438181
v 0.293569 0.534349 0.505160
v 0.207879 0.618442 0.357709
v 0.089579 0.918278 0.154143
v 0.137734 1.061006 0.237006
v 0.088850 1.061006 0.259322
v 0.057786 0.918278 0.168657
v 0.036551 1.061006 0.271673
v 0.023772 0.918278 0.176690
v -0.017152 1.061006 0.273584
v -0.011155 0.918278 0.177932
v -0.070196 1.061006 0.264981
v -0.045654 0.918278 0.172337
v -0.120542 1.061006 0.246195
v -0.078398 0.918278 0.160119
v -0.166256 1.061006 0.217948
v -0.108129 0.918278 0.141748
v -0.205581 1.061006 0.181325
v -0.133705 0.918278 0.117929
v -0.237006 1.061006 0.137734
v -0.154143 0.918278 0.089579
v -0.259322 1.061006 0.088850
v -0.168657 0.918278 0.057786
v -0.271673 1.061006 0.036551
v -0.176690 0.918278 0.023772
v -0.273584 1.061006 -0.017152
v -0.177932 0.918278 -0.011155
v -0.264981 1.061006 -0.070196
v -0.172337 0.918278 -0.045654
v -0.246195 1.061006 -0.120542
v -0.160119 0.918278 -0.078398
v -0.217948 1.061006 -0.166256
v -0.141748 0.918278 -0.108129
v -0.181325 1.061006 -0.205581
v -0.117929 0.918278 -0.133705
v -0.137734 1.061006 -0.237006
v -0.089579 0.918278 -0.154143
v -0.088850 1.061006 -0.259322
v -0.057786 0.918278 -0.168657
v -0.036551 1.061006 -0.271673
v -0.023772 0.918278 -0.176690
v 0.017152 1.061006 -0.273584
v 0.011155 0.918278 -0.177932
v 0.070196 1.061006 -0.264981
v 0.045654 0.918278 -0.172337
v 0.120542 1.061006 -0.246195
v 0.078398 0.918278 -0.160119
v 0.166256 1.061006 -0.217948
v 0.108129 0.918278 -0.141748
v 0.205581 1.061006 -0.181325
v 0.133705 0.918278 -0.117929
v 0.237006 1.061006 -0.137734
v 0.154143 0.918278 -0.089579
v 0.259322 1.061006 -0.088850
v 0.168657 0.918278 -0.057786
v 0.271673 1.061006 -0.036551
v 0.176690 0.918278 -0.023772
v 0.273584 1.061006 0.017152
v 0.177932 0.918278 0.011155
v 0.264981 1.061006 0.070196
v 0.172337 0.918278 0.045654
v 0.246195 1.061006 0.120542
v 0.160119 0.918278 0.078398
v 0.217948 1.061006 0.166256
v 0.141748 0.918278 0.108129
v 0.181325 1.061006 0.205581
v 0.117929 0.918278 0.133705
v 0.177920 1.343924 0.306156
v 0.191377 1.501197 0.329312
v 0.123454 1.501197 0.360320
v 0.114773 1.343924 0.334983
v 0.050787 1.501197 0.377481
v 0.047216 1.343924 0.350938
v -0.023832 1.501197 0.380136
v -0.022156 1.343924 0.353406
v -0.097535 1.501197 0.368183
v -0.090677 1.343924 0.342293
v -0.167490 1.501197 0.342080
v -0.155712 1.343924 0.318026
v -0.231008 1.501197 0.302831
v -0.214764 1.343924 0.281537
v -0.285649 1.501197 0.251945
v -0.265563 1.343924 0.234229
v -0.329312 1.501197 0.191377
v -0.306156 1.343924 0.177920
v -0.360320 1.501197 0.123454
v -0.334983 1.343924 0.114773
v -0.377482 1.501197 0.050787
v -0.350938 1.343924 0.047216
v -0.380136 1.501197 -0.023832
v -0.353406 1.343924 -0.022156
v -0.368183 1.501197 -0.097535
v -0.342293 1.343924 -0.090677
v -0.342080 1.501197 -0.167490
v -0.318026 1.343924 -0.155712
v -0.302831 1.501197 -0.231008
v -0.281537 1.343924 -0.214764
v -0.251945 1.501197 -0.285649
v -0.234229 1.343924 -0.265563
v -0.191377 1.501197 -0.329312
v -0.177920 1.343924 -0.306156
v -0.123454 1.501197 -0.360320
v -0.114773 1.343924 -0.334983
v -0.050787 1.501197 -0.377481
v -0.047216 1.343924 -0.350938
v 0.023832 1.501197 -0.380136
v 0.022156 1.343924 -0.353406
v 0.097535 1.501197 -0.368183
v 0.090677 1.343924 -0.342293
v 0.167490 1.501197 -0.342080
v 0.155712 1.343924 -0.318026
v 0.231008 1.501197 -0.302831
v 0.214764 1.343924 -0.281537
v 0.285649 1.501197 -0.251945
v 0.265563 1.343924 -0.234229
v 0.329312 1.501197 -0.191377
v 0.306156 1.343924 -0.177920
v 0.360320 1.501197 -0.123454
v 0.334983 1.343924 -0.114773
v 0.377481 1.501197 -0.050787
v 0.350938 1.343924 -0.047216
v 0.380136 1.501197 0.023832
v 0.353406 1.343924 0.022156
v 0.368183 1.501197 0.097535
v 0.342293 1.343924 0.090677
v 0.342080 1.501197 0.167490
v 0.318026 1.343924 0.155712
v 0.302831 1.501197 0.231008
v 0.281537 1.343924 0.214764
v 0.251945 1.501197 0.285649
v 0.234229 1.343924 0.265563
v 0.215722 0.481190 0.629621
v 0.242068 0.428031 0.706515
v 0.268414 0.374872 0.783410
v 0.088744 0.481190 0.659608
v 0.099583 0.428031 0.740165
v 0.110421 0.374872 0.820722
v -0.041644 0.481190 0.664247
v -0.046730 0.428031 0.745370
v -0.051816 0.374872 0.826494
v -0.170432 0.481190 0.643359
v -0.191246 0.428031 0.721932
v -0.212061 0.374872 0.800504
v -0.292670 0.481190 0.597748
v -0.328414 0.428031 0.670750
v -0.364157 0.374872 0.743752
v -0.403661 0.481190 0.529165
v -0.452960 0.428031 0.593791
v -0.502258 0.374872 0.658417
v -0.499140 0.481190 0.440247
v -0.560099 0.428031 0.494014
v -0.621058 0.374872 0.547780
v -0.575437 0.481190 0.334410
v -0.645714 0.428031 0.375251
v -0.715991 0.374872 0.416092
v -0.629621 0.481190 0.215722
v -0.706515 0.428031 0.242068
v -0.783410 0.374872 0.268414
v -0.659608 0.481190 0.088744
v -0.740165 0.428031 0.099583
v -0.820722 0.374872 0.110421
v -0.664247 0.481190 -0.041644
v -0.745370 0.428031 -0.046730
v -0.826494 0.374872 -0.051816
v -0.643359 0.481190 -0.170432
v -0.721932 0.428031 -0.191246
v -0.800504 0.374872 -0.212061
v -0.597748 0.481190 -0.292670
v -0.670750 0.428031 -0.328414
v -0.743752 0.374872 -0.364157
v -0.529165 0.481190 -0.403661
v -0.593791 0.428031 -0.452960
v -0.658417 0.374872 -0.502258
v -0.440247 0.481190 -0.499140
v -0.494014 0.428031 -0.560099
v -0.547780 0.374872 -0.621058
v -0.334410 0.481190 -0.575437
v -0.375251 0.428031 -0.645714
v -0.416092 0.374872 -0.715991
v -0.215722 0.481190 -0.629621
v -0.242068 0.428031 -0.706515
v -0.268414 0.374872 -0.783409
v -0.088744 0.481190 -0.659608
v -0.099583 0.428031 -0.740165
v -0.110421 0.374872 -0.820722
v 0.041644 0.481190 -0.664247
v 0.046730 0.428031 -0.745370
v 0.051816 0.374872 -0.826494
v 0.170432 0.481190 -0.643359
v 0.191246 0.428031 -0.721932
v 0.212061 0.374872 -0.800504
v 0.292670 0.481190 -0.597748
v 0.328414 0.428031 -0.670750
v 0.364157 0.374872 -0.743752
v 0.403661 0.481190 -0.529165
v 0.452960 0.428031 -0.593791
v 0.502258 0.374872 -0.658417
v 0.499140 0.481190 -0.440247
v 0.560099 0.428031 -0.494014
v 0.621058 0.374872 -0.547780
v 0.575437 0.481190 -0.334410
v 0.645714 0.428031 -0.375251
v 0.715991 0.374872 -0.416092
v 0.629621 0.481190 -0.215722
v 0.706515 0.428031 -0.242068
v 0.783409 0.374872 -0.268414
v 0.659608 0.481190 -0.088744
v 0.740165 0.428031 -0.099583
v 0.820722 0.374872 -0.110421
v 0.664247 0.481190 0.041644
v 0.745370 0.428031 0.046730
v 0.826494 0.374872 0.051816
v 0.643359 0.481190 0.170432
v 0.721932 0.428031 0.191246
v 0.800504 0.374872 0.212061
v 0.597748 0.481190 0.292670
v 0.670750 0.428031 0.328414
v 0.743752 0.374872 0.364157
v 0.529165 0.481190 0.403662
v 0.593791 0.428031 0.452960
v 0.658417 0.374872 0.502258
v 0.440247 0.481190 0.499140
v 0.494013 0.428031 0.560099
v 0.547780 0.374872 0.621058
v 0.416092 0.374873 0.715991
v 0.375251 0.428032 0.645714
v 0.334410 0.481191 0.575437
vn -0.0000 1.0000 -0.0000
vn -0.4836 -0.5583 -0.6742
vn -0.5566 0.3067 -0.7721
vn -0.5837 0.0597 -0.8097
vn -0.5831 -0.0751 -0.8089
vn -0.5847 0.0161 -0.8111
vn -0.5830 0.0783 -0.8087
vn -0.5848 -0.0000 -0.8112
vn 0.9393 -0.3415 -0.0334
vn 0.9673 0.2512 -0.0344
vn 0.4020 -0.2512 0.8805
vn -0.6029 -0.5590 -0.5692
vn -0.6965 0.3067 -0.6487
vn -0.7305 0.0597 -0.6803
vn -0.7297 -0.0751 -0.6796
vn -0.7317 0.0161 -0.6814
vn -0.7296 0.0783 -0.6794
vn -0.7318 -0.0000 -0.6815
vn 0.3903 0.3415 0.8550
vn 0.4103 -0.8760 0.2535
vn -0.9393 -0.3415 0.0334
vn -0.7001 -0.5603 -0.4426
vn -0.8097 0.3067 -0.5003
vn -0.8492 0.0597 -0.5247
vn -0.8483 -0.0751 -0.5242
vn -0.8506 0.0161 -0.5256
vn -0.8481 0.0783 -0.5240
vn -0.8507 -0.0000 -0.5257
vn -0.4020 -0.2512 -0.8805
vn 0.7996 0.3415 0.4941
vn -0.4820 0.8760 0.0172
vn -0.7714 -0.5620 -0.2986
vn -0.8917 0.3067 -0.3327
vn -0.9352 0.0597 -0.3490
vn -0.9343 -0.0751 -0.3486
vn -0.9368 0.0161 -0.3495
vn -0.9340 0.0783 -0.3485
vn -0.9369 -0.0000 -0.3496
vn -0.7852 0.2512 0.5660
vn -0.8234 -0.2512 -0.5088
vn -0.7996 0.3415 -0.4941
vn -0.8135 -0.5638 -0.1422
vn -0.9395 0.3067 -0.1524
vn -0.9853 0.0597 -0.1598
vn -0.9843 -0.0751 -0.1596
vn -0.9870 0.0161 -0.1601
vn -0.9841 0.0783 -0.1596
vn -0.9871 -0.0000 -0.1601
vn -0.4820 -0.8760 0.0171
vn 0.4820 0.8760 -0.0172
vn 0.7624 -0.3415 -0.5496
vn -0.8244 -0.5656 0.0207
vn -0.9512 0.3067 0.0338
vn -0.9976 0.0597 0.0355
vn -0.9965 -0.0751 0.0355
vn -0.9992 0.0161 0.0356
vn -0.9963 0.0783 0.0354
vn -0.9994 -0.0000 0.0356
vn 0.7852 0.2512 -0.5660
vn 0.8234 -0.2512 0.5088
vn 0.4820 -0.8760 -0.0171
vn -0.8030 -0.5669 0.1837
vn -0.9263 0.3067 0.2188
vn -0.9715 0.0597 0.2294
vn -0.9705 -0.0751 0.2292
vn -0.9731 0.0161 0.2298
vn -0.9702 0.0783 0.2291
vn -0.9732 -0.0000 0.2298
vn -0.7624 -0.3415 0.5496
vn 0.9393 0.3415 -0.0334
vn -0.3912 0.8760 0.2820
vn -0.7498 -0.5677 0.3401
vn -0.8658 0.3067 0.3953
vn -0.9081 0.0597 0.4146
vn -0.9071 -0.0751 0.4141
vn -0.9096 0.0161 0.4152
vn -0.9069 0.0783 0.4140
vn -0.9097 -0.0000 0.4153
vn -0.3384 0.2512 0.9069
vn -0.9673 -0.2512 0.0344
vn -0.9393 0.3415 0.0334
vn -0.6666 -0.5677 0.4831
vn -0.7721 0.3067 0.5566
vn -0.8097 0.0597 0.5837
vn -0.8089 -0.0751 0.5831
vn -0.8111 0.0161 0.5847
vn -0.8087 0.0783 0.5830
vn -0.8112 -0.0000 0.5848
vn -0.3912 -0.8760 0.2820
vn 0.3912 0.8760 -0.2820
vn 0.3286 -0.3415 -0.8806
vn -0.5572 -0.5669 0.6067
vn -0.6487 0.3067 0.6965
vn -0.6803 0.0597 0.7305
vn -0.6796 -0.0751 0.7297
vn -0.6814 0.0161 0.7317
vn -0.6794 0.0783 0.7296
vn -0.6815 -0.0000 0.7318
vn 0.3384 0.2512 -0.9069
vn 0.9673 -0.2512 -0.0344
vn 0.3912 -0.8760 -0.2820
vn -0.4262 -0.5656 0.7060
vn -0.5003 0.3067 0.8097
vn -0.5247 0.0597 0.8492
vn -0.5242 -0.0751 0.8483
vn -0.5256 0.0161 0.8506
vn -0.5240 0.0783 0.8481
vn -0.5257 -0.0000 0.8507
vn -0.3286 -0.3415 0.8806
vn 0.7624 0.3415 -0.5496
vn -0.1686 0.8760 0.4518
vn -0.2792 -0.5638 0.7772
vn -0.3327 0.3067 0.8917
vn -0.3490 0.0597 0.9352
vn -0.3486 -0.0751 0.9343
vn -0.3495 0.0161 0.9368
vn -0.3485 0.0783 0.9340
vn -0.3496 -0.0000 0.9369
vn 0.2225 0.2512 0.9420
vn -0.7852 -0.2512 0.5660
vn -0.7624 0.3415 0.5496
vn -0.1225 -0.5620 0.8180
vn -0.1524 0.3067 0.9395
vn -0.1598 0.0597 0.9853
vn -0.1596 -0.0751 0.9843
vn -0.1601 0.0161 0.9870
vn -0.1596 0.0783 0.9841
vn -0.1601 -0.0000 0.9871
vn -0.1686 -0.8760 0.4518
vn 0.1686 0.8760 -0.4518
vn -0.2160 -0.3415 -0.9147
vn 0.0380 -0.5603 0.8274
vn 0.0338 0.3067 0.9512
vn 0.0355 0.0597 0.9976
vn 0.0355 -0.0751 0.9965
vn 0.0356 0.0161 0.9992
vn 0.0354 0.0783 0.9963
vn 0.0356 -0.0000 0.9994
vn -0.2225 0.2512 -0.9420
vn 0.7852 -0.2512 -0.5660
vn 0.1686 -0.8760 -0.4518
vn 0.1961 -0.5590 0.8057
vn 0.2188 0.3067 0.9263
vn 0.2294 0.0597 0.9715
vn 0.2292 -0.0751 0.9705
vn 0.2298 0.0161 0.9731
vn 0.2291 0.0783 0.9702
vn 0.2298 -0.0000 0.9732
vn 0.2160 -0.3415 0.9147
vn -0.7083 0.2512 -0.6597
vn 0.3286 0.3415 -0.8806
vn 0.3464 -0.5583 0.7539
vn 0.3953 0.3067 0.8658
vn 0.4146 0.0597 0.9081
vn 0.4141 -0.0751 0.9071
vn 0.4152 0.0161 0.9096
vn 0.4140 0.0783 0.9069
vn 0.4153 -0.0000 0.9097
vn 0.1108 0.8760 0.4693
vn 0.6878 -0.3415 0.6406
vn 0.7083 0.2512 0.6597
vn 0.4836 -0.5583 0.6742
vn 0.5566 0.3067 0.7721
vn 0.5837 0.0597 0.8097
vn 0.5831 -0.0751 0.8089
vn 0.5847 0.0161 0.8111
vn 0.5830 0.0783 0.8087
vn 0.5848 -0.0000 0.8112
vn -0.3384 -0.2512 0.9069
vn -0.3286 0.3415 0.8806
vn 0.1108 -0.8760 0.4694
vn 0.6029 -0.5590 0.5692
vn 0.6965 0.3067 0.6487
vn 0.7305 0.0597 0.6803
vn 0.7297 -0.0751 0.6796
vn 0.7317 0.0161 0.6814
vn 0.7296 0.0783 0.6794
vn 0.7318 -0.0000 0.6815
vn -0.1108 0.8760 -0.4693
vn -0.6878 -0.3415 -0.6406
vn 0.3384 -0.2512 -0.9069
vn 0.7001 -0.5603 0.4426
vn 0.8097 0.3067 0.5003
vn 0.8492 0.0597 0.5247
vn 0.8483 -0.0751 0.5242
vn 0.8506 0.0161 0.5256
vn 0.8481 0.0783 0.5240
vn 0.8507 -0.0000 0.5257
vn -0.1108 -0.8760 -0.4694
vn -0.3529 0.8760 -0.3287
vn -0.9555 0.2512 -0.1550
vn 0.7714 -0.5620 0.2986
vn 0.8917 0.3067 0.3327
vn 0.9352 0.0597 0.3490
vn 0.9343 -0.0751 0.3486
vn 0.9368 0.0161 0.3495
vn 0.9340 0.0783 0.3485
vn 0.9369 -0.0000 0.3496
vn -0.2160 0.3415 -0.9147
vn -0.3529 -0.8760 -0.3287
vn 0.3529 0.8760 0.3287
vn 0.8135 -0.5638 0.1422
vn 0.9395 0.3067 0.1524
vn 0.9853 0.0597 0.1598
vn 0.9843 -0.0751 0.1596
vn 0.9870 0.0161 0.1601
vn 0.9841 0.0783 0.1596
vn 0.9871 -0.0000 0.1601
vn 0.9278 -0.3415 0.1505
vn 0.9555 0.2512 0.1550
vn 0.2225 -0.2512 0.9420
vn 0.8244 -0.5656 -0.0207
vn 0.9512 0.3067 -0.0338
vn 0.9976 0.0597 -0.0355
vn 0.9965 -0.0751 -0.0355
vn 0.9992 0.0161 -0.0356
vn 0.9963 0.0783 -0.0354
vn 0.9994 -0.0000 -0.0356
vn 0.2160 0.3415 0.9147
vn 0.3529 -0.8760 0.3287
vn -0.9278 -0.3415 -0.1505
vn 0.8030 -0.5669 -0.1837
vn 0.9263 0.3067 -0.2188
vn 0.9715 0.0597 -0.2294
vn 0.9705 -0.0751 -0.2292
vn 0.9731 0.0161 -0.2298
vn 0.9702 0.0783 -0.2291
vn 0.9732 -0.0000 -0.2298
vn -0.2225 -0.2512 -0.9420
vn 0.6878 0.3415 0.6406
vn -0.4760 0.8760 -0.0772
vn 0.7498 -0.5677 -0.3401
vn 0.8658 0.3067 -0.3953
vn 0.9081 0.0597 -0.4145
vn 0.9071 -0.0751 -0.4141
vn 0.9096 0.0161 -0.4152
vn 0.9069 0.0783 -0.4140
vn 0.9097 -0.0000 -0.4153
vn -0.8805 0.2512 0.4020
vn -0.7083 -0.2512 -0.6597
vn -0.6878 0.3415 -0.6406
vn 0.6666 -0.5677 -0.4831
vn 0.7721 0.3067 -0.5566
vn 0.8097 0.0597 -0.5837
vn 0.8089 -0.0751 -0.5831
vn 0.8111 0.0161 -0.5847
vn 0.8087 0.0783 -0.5830
vn 0.8112 -0.0000 -0.5848
vn -0.4761 -0.8760 -0.0772
vn 0.4760 0.8760 0.0772
vn 0.8550 -0.3415 -0.3903
vn 0.5572 -0.5669 -0.6067
vn 0.6487 0.3067 -0.6965
vn 0.6803 0.0597 -0.7305
vn 0.6796 -0.0751 -0.7297
vn 0.6814 0.0161 -0.7317
vn 0.6794 0.0783 -0.7296
vn 0.6815 -0.0000 -0.7318
vn 0.8805 0.2512 -0.4020
vn 0.7083 -0.2512 0.6597
vn 0.4761 -0.8760 0.0772
vn 0.4262 -0.5656 -0.7060
vn 0.5003 0.3067 -0.8097
vn 0.5247 0.0597 -0.8492
vn 0.5242 -0.0751 -0.8483
vn 0.5256 0.0161 -0.8506
vn 0.5240 0.0783 -0.8481
vn 0.5257 -0.0000 -0.8507
vn -0.8550 -0.3415 0.3903
vn 0.9278 0.3415 0.1505
vn -0.4387 0.8760 0.2003
vn 0.2792 -0.5638 -0.7772
vn 0.3327 0.3067 -0.8917
vn 0.3490 0.0597 -0.9352
vn 0.3486 -0.0751 -0.9343
vn 0.3495 0.0161 -0.9368
vn 0.3485 0.0783 -0.9340
vn 0.3496 -0.0000 -0.9369
vn -0.5088 0.2512 0.8234
vn -0.9555 -0.2512 -0.1550
vn -0.9278 0.3415 -0.1505
vn 0.1225 -0.5620 -0.8180
vn 0.1524 0.3067 -0.9395
vn 0.1598 0.0597 -0.9853
vn 0.1596 -0.0751 -0.9843
vn 0.1601 0.0161 -0.9870
vn 0.1596 0.0783 -0.9841
vn 0.1601 -0.0000 -0.9871
vn -0.4387 -0.8760 0.2003
vn 0.4387 0.8760 -0.2003
vn 0.4941 -0.3415 -0.7996
vn -0.0379 -0.5603 -0.8274
vn -0.0338 0.3067 -0.9512
vn -0.0355 0.0597 -0.9976
vn -0.0355 -0.0751 -0.9965
vn -0.0356 0.0161 -0.9992
vn -0.0354 0.0783 -0.9963
vn -0.0356 -0.0000 -0.9994
vn 0.5088 0.2512 -0.8234
vn 0.9555 -0.2512 0.1550
vn 0.4387 -0.8760 -0.2003
vn -0.1961 -0.5590 -0.8057
vn -0.2188 0.3067 -0.9263
vn -0.2294 0.0597 -0.9715
vn -0.2292 -0.0751 -0.9705
vn -0.2298 0.0161 -0.9731
vn -0.2291 0.0783 -0.9702
vn -0.2298 -0.0000 -0.9732
vn -0.4941 -0.3415 0.7996
vn 0.8550 0.3415 -0.3903
vn -0.2535 0.8760 0.4103
vn -0.3464 -0.5583 -0.7539
vn -0.3953 0.3067 -0.8658
vn -0.4146 0.0597 -0.9081
vn -0.4141 -0.0751 -0.9071
vn -0.4152 0.0161 -0.9096
vn -0.4140 0.0783 -0.9069
vn -0.4153 -0.0000 -0.9097
vn 0.0344 0.2512 0.9673
vn -0.8805 -0.2512 0.4020
vn -0.8550 0.3415 0.3903
vn -0.4153 -0.0025 -0.9097
vn -0.4153 -0.0076 -0.9097
vn -0.4153 -0.0127 -0.9096
vn -0.4152 -0.0179 -0.9095
vn -0.4152 -0.0233 -0.9094
vn -0.4151 -0.0288 -0.9093
vn -0.4150 -0.0345 -0.9091
vn -0.4149 -0.0405 -0.9089
vn -0.4148 -0.0468 -0.9087
vn -0.4147 -0.0535 -0.9084
vn -0.4145 -0.0608 -0.9080
vn -0.4143 -0.0686 -0.9075
vn -0.4140 -0.0771 -0.9070
vn -0.4137 -0.0866 -0.9063
vn -0.4133 -0.0972 -0.9054
vn -0.4128 -0.1093 -0.9042
vn -0.4121 -0.1232 -0.9028
vn -0.4112 -0.1395 -0.9008
vn -0.4100 -0.1592 -0.8981
vn -0.4083 -0.1832 -0.8943
vn -0.4057 -0.2138 -0.8887
vn -0.4017 -0.2537 -0.8799
vn -0.3950 -0.3086 -0.8653
vn -0.3828 -0.3879 -0.8384
vn -0.3572 -0.5103 -0.7823
vn -0.2945 -0.7049 -0.6452
vn -0.1384 -0.9428 -0.3031
vn -0.2298 -0.0025 -0.9732
vn -0.2298 -0.0076 -0.9732
vn -0.2298 -0.0127 -0.9732
vn -0.2298 -0.0180 -0.9731
vn -0.2298 -0.0233 -0.9730
vn -0.2297 -0.0288 -0.9728
vn -0.2297 -0.0345 -0.9726
vn -0.2296 -0.0405 -0.9724
vn -0.2296 -0.0468 -0.9722
vn -0.2295 -0.0535 -0.9718
vn -0.2294 -0.0608 -0.9714
vn -0.2293 -0.0686 -0.9709
vn -0.2291 -0.0771 -0.9703
vn -0.2290 -0.0866 -0.9696
vn -0.2288 -0.0972 -0.9686
vn -0.2285 -0.1093 -0.9674
vn -0.2281 -0.1232 -0.9658
vn -0.2276 -0.1395 -0.9637
vn -0.2269 -0.1592 -0.9608
vn -0.2260 -0.1833 -0.9567
vn -0.2245 -0.2138 -0.9507
vn -0.2223 -0.2537 -0.9414
vn -0.2186 -0.3086 -0.9257
vn -0.2118 -0.3880 -0.8970
vn -0.1977 -0.5103 -0.8370
vn -0.1630 -0.7049 -0.6903
vn -0.0767 -0.9428 -0.3243
vn -0.0356 -0.0025 -0.9994
vn -0.0355 -0.0076 -0.9993
vn -0.0356 -0.0127 -0.9993
vn -0.0355 -0.0179 -0.9992
vn -0.0356 -0.0233 -0.9991
vn -0.0355 -0.0288 -0.9990
vn -0.0355 -0.0345 -0.9988
vn -0.0355 -0.0405 -0.9985
vn -0.0355 -0.0468 -0.9983
vn -0.0355 -0.0535 -0.9979
vn -0.0355 -0.0608 -0.9975
vn -0.0355 -0.0686 -0.9970
vn -0.0355 -0.0771 -0.9964
vn -0.0354 -0.0866 -0.9956
vn -0.0354 -0.0972 -0.9946
vn -0.0353 -0.1093 -0.9934
vn -0.0353 -0.1232 -0.9918
vn -0.0352 -0.1396 -0.9896
vn -0.0351 -0.1592 -0.9866
vn -0.0349 -0.1832 -0.9824
vn -0.0348 -0.2138 -0.9763
vn -0.0344 -0.2537 -0.9667
vn -0.0338 -0.3086 -0.9506
vn -0.0328 -0.3880 -0.9211
vn -0.0307 -0.5103 -0.8594
vn -0.0251 -0.7049 -0.7089
vn -0.0118 -0.9428 -0.3330
vn 0.1601 -0.0025 -0.9871
vn 0.1601 -0.0076 -0.9871
vn 0.1601 -0.0127 -0.9870
vn 0.1601 -0.0179 -0.9869
vn 0.1601 -0.0233 -0.9868
vn 0.1600 -0.0288 -0.9867
vn 0.1600 -0.0345 -0.9865
vn 0.1600 -0.0405 -0.9863
vn 0.1599 -0.0468 -0.9860
vn 0.1598 -0.0535 -0.9857
vn 0.1598 -0.0608 -0.9853
vn 0.1597 -0.0686 -0.9848
vn 0.1596 -0.0771 -0.9842
vn 0.1596 -0.0866 -0.9834
vn 0.1593 -0.0972 -0.9824
vn 0.1591 -0.1093 -0.9812
vn 0.1589 -0.1232 -0.9796
vn 0.1585 -0.1396 -0.9774
vn 0.1581 -0.1592 -0.9745
vn 0.1574 -0.1833 -0.9704
vn 0.1564 -0.2138 -0.9643
vn 0.1548 -0.2538 -0.9548
vn 0.1523 -0.3086 -0.9389
vn 0.1477 -0.3879 -0.9098
vn 0.1377 -0.5103 -0.8489
vn 0.1132 -0.7051 -0.7001
vn 0.0535 -0.9428 -0.3290
vn 0.3496 -0.0025 -0.9369
vn 0.3496 -0.0076 -0.9369
vn 0.3496 -0.0127 -0.9368
vn 0.3495 -0.0180 -0.9368
vn 0.3495 -0.0233 -0.9366
vn 0.3495 -0.0288 -0.9365
vn 0.3494 -0.0345 -0.9363
vn 0.3493 -0.0405 -0.9361
vn 0.3492 -0.0468 -0.9359
vn 0.3491 -0.0535 -0.9356
vn 0.3489 -0.0608 -0.9352
vn 0.3488 -0.0686 -0.9347
vn 0.3486 -0.0771 -0.9341
vn 0.3483 -0.0866 -0.9334
vn 0.3479 -0.0972 -0.9325
vn 0.3475 -0.1093 -0.9313
vn 0.3469 -0.1232 -0.9298
vn 0.3462 -0.1395 -0.9277
vn 0.3451 -0.1592 -0.9250
vn 0.3436 -0.1833 -0.9210
vn 0.3416 -0.2137 -0.9152
vn 0.3382 -0.2537 -0.9062
vn 0.3324 -0.3087 -0.8912
vn 0.3223 -0.3879 -0.8635
vn 0.3005 -0.5104 -0.8057
vn 0.2482 -0.7048 -0.6646
vn 0.1167 -0.9428 -0.3124
vn 0.5257 -0.0025 -0.8507
vn 0.5256 -0.0076 -0.8507
vn 0.5256 -0.0127 -0.8506
vn 0.5256 -0.0179 -0.8506
vn 0.5255 -0.0233 -0.8505
vn 0.5255 -0.0288 -0.8503
vn 0.5253 -0.0345 -0.8502
vn 0.5252 -0.0405 -0.8500
vn 0.5251 -0.0468 -0.8498
vn 0.5249 -0.0535 -0.8495
vn 0.5247 -0.0608 -0.8491
vn 0.5244 -0.0686 -0.8487
vn 0.5241 -0.0771 -0.8482
vn 0.5237 -0.0866 -0.8475
vn 0.5232 -0.0972 -0.8467
vn 0.5225 -0.1093 -0.8456
vn 0.5217 -0.1232 -0.8442
vn 0.5205 -0.1396 -0.8424
vn 0.5190 -0.1592 -0.8398
vn 0.5168 -0.1832 -0.8363
vn 0.5135 -0.2138 -0.8311
vn 0.5084 -0.2537 -0.8229
vn 0.5000 -0.3086 -0.8092
vn 0.4844 -0.3880 -0.7841
vn 0.4521 -0.5103 -0.7316
vn 0.3727 -0.7050 -0.6034
vn 0.1753 -0.9428 -0.2836
vn 0.6815 -0.0025 -0.7318
vn 0.6815 -0.0076 -0.7318
vn 0.6815 -0.0127 -0.7317
vn 0.6814 -0.0179 -0.7317
vn 0.6813 -0.0233 -0.7316
vn 0.6812 -0.0288 -0.7315
vn 0.6811 -0.0345 -0.7314
vn 0.6810 -0.0405 -0.7312
vn 0.6808 -0.0468 -0.7310
vn 0.6805 -0.0535 -0.7308
vn 0.6803 -0.0608 -0.7304
vn 0.6799 -0.0686 -0.7301
vn 0.6795 -0.0771 -0.7296
vn 0.6790 -0.0866 -0.7290
vn 0.6783 -0.0972 -0.7284
vn 0.6774 -0.1093 -0.7274
vn 0.6763 -0.1232 -0.7262
vn 0.6749 -0.1395 -0.7246
vn 0.6728 -0.1592 -0.7225
vn 0.6700 -0.1833 -0.7194
vn 0.6658 -0.2138 -0.7149
vn 0.6592 -0.2537 -0.7079
vn 0.6483 -0.3086 -0.6961
vn 0.6281 -0.3880 -0.6745
vn 0.5860 -0.5104 -0.6294
vn 0.4834 -0.7049 -0.5191
vn 0.2271 -0.9428 -0.2439
vn 0.8112 -0.0025 -0.5848
vn 0.8112 -0.0076 -0.5848
vn 0.8111 -0.0127 -0.5847
vn 0.8111 -0.0179 -0.5847
vn 0.8110 -0.0233 -0.5846
vn 0.8109 -0.0288 -0.5845
vn 0.8107 -0.0345 -0.5844
vn 0.8105 -0.0405 -0.5843
vn 0.8103 -0.0468 -0.5841
vn 0.8100 -0.0535 -0.5839
vn 0.8097 -0.0608 -0.5837
vn 0.8093 -0.0686 -0.5834
vn 0.8088 -0.0771 -0.5830
vn 0.8081 -0.0866 -0.5826
vn 0.8073 -0.0972 -0.5820
vn 0.8063 -0.1093 -0.5813
vn 0.8050 -0.1232 -0.5803
vn 0.8033 -0.1395 -0.5791
vn 0.8008 -0.1592 -0.5773
vn 0.7975 -0.1833 -0.5749
vn 0.7924 -0.2138 -0.5713
vn 0.7846 -0.2537 -0.5656
vn 0.7716 -0.3086 -0.5562
vn 0.7477 -0.3879 -0.5390
vn 0.6976 -0.5104 -0.5029
vn 0.5754 -0.7049 -0.4148
vn 0.2704 -0.9428 -0.1949
vn 0.9097 -0.0025 -0.4153
vn 0.9097 -0.0076 -0.4153
vn 0.9096 -0.0127 -0.4153
vn 0.9095 -0.0179 -0.4152
vn 0.9094 -0.0233 -0.4152
vn 0.9093 -0.0288 -0.4151
vn 0.9091 -0.0345 -0.4150
vn 0.9089 -0.0405 -0.4150
vn 0.9087 -0.0468 -0.4148
vn 0.9084 -0.0535 -0.4147
vn 0.9080 -0.0608 -0.4145
vn 0.9075 -0.0686 -0.4143
vn 0.9070 -0.0771 -0.4141
vn 0.9063 -0.0866 -0.4137
vn 0.9054 -0.0972 -0.4133
vn 0.9042 -0.1093 -0.4128
vn 0.9028 -0.1232 -0.4121
vn 0.9008 -0.1395 -0.4112
vn 0.8981 -0.1592 -0.4100
vn 0.8943 -0.1833 -0.4083
vn 0.8887 -0.2138 -0.4057
vn 0.8799 -0.2537 -0.4017
vn 0.8653 -0.3086 -0.3950
vn 0.8384 -0.3879 -0.3828
vn 0.7823 -0.5104 -0.3571
vn 0.6452 -0.7049 -0.2946
vn 0.3033 -0.9428 -0.1385
vn 0.9732 -0.0025 -0.2298
vn 0.9732 -0.0076 -0.2298
vn 0.9732 -0.0127 -0.2298
vn 0.9731 -0.0179 -0.2298
vn 0.9730 -0.0233 -0.2298
vn 0.9728 -0.0288 -0.2297
vn 0.9726 -0.0345 -0.2297
vn 0.9724 -0.0405 -0.2296
vn 0.9722 -0.0468 -0.2296
vn 0.9718 -0.0535 -0.2295
vn 0.9714 -0.0608 -0.2294
vn 0.9709 -0.0686 -0.2293
vn 0.9703 -0.0771 -0.2292
vn 0.9696 -0.0866 -0.2290
vn 0.9686 -0.0972 -0.2287
vn 0.9674 -0.1093 -0.2285
vn 0.9658 -0.1232 -0.2281
vn 0.9637 -0.1395 -0.2276
vn 0.9608 -0.1592 -0.2269
vn 0.9567 -0.1833 -0.2259
vn 0.9507 -0.2138 -0.2245
vn 0.9414 -0.2537 -0.2223
vn 0.9257 -0.3086 -0.2187
vn 0.8970 -0.3880 -0.2118
vn 0.8369 -0.5104 -0.1976
vn 0.6903 -0.7049 -0.1630
vn 0.3243 -0.9428 -0.0766
vn 0.9994 -0.0025 -0.0356
vn 0.9993 -0.0076 -0.0355
vn 0.9993 -0.0127 -0.0356
vn 0.9992 -0.0179 -0.0355
vn 0.9991 -0.0233 -0.0356
vn 0.9990 -0.0288 -0.0356
vn 0.9988 -0.0345 -0.0355
vn 0.9985 -0.0405 -0.0355
vn 0.9983 -0.0468 -0.0355
vn 0.9979 -0.0535 -0.0355
vn 0.9975 -0.0608 -0.0355
vn 0.9970 -0.0686 -0.0355
vn 0.9964 -0.0771 -0.0354
vn 0.9956 -0.0866 -0.0354
vn 0.9946 -0.0972 -0.0354
vn 0.9934 -0.1093 -0.0354
vn 0.9918 -0.1232 -0.0353
vn 0.9896 -0.1396 -0.0352
vn 0.9866 -0.1592 -0.0351
vn 0.9824 -0.1832 -0.0350
vn 0.9763 -0.2138 -0.0347
vn 0.9667 -0.2537 -0.0344
vn 0.9506 -0.3086 -0.0338
vn 0.9211 -0.3880 -0.0327
vn 0.8595 -0.5103 -0.0306
vn 0.7088 -0.7050 -0.0251
vn 0.3328 -0.9429 -0.0117
vn 0.9871 -0.0025 0.1601
vn 0.9871 -0.0076 0.1601
vn 0.9870 -0.0127 0.1601
vn 0.9869 -0.0180 0.1601
vn 0.9868 -0.0233 0.1601
vn 0.9867 -0.0288 0.1600
vn 0.9865 -0.0345 0.1600
vn 0.9863 -0.0405 0.1600
vn 0.9860 -0.0468 0.1599
vn 0.9857 -0.0535 0.1599
vn 0.9853 -0.0608 0.1598
vn 0.9848 -0.0686 0.1597
vn 0.9842 -0.0771 0.1596
vn 0.9834 -0.0866 0.1595
vn 0.9824 -0.0972 0.1593
vn 0.9812 -0.1093 0.1591
vn 0.9796 -0.1232 0.1589
vn 0.9774 -0.1395 0.1585
vn 0.9745 -0.1592 0.1581
vn 0.9704 -0.1833 0.1574
vn 0.9643 -0.2137 0.1563
vn 0.9548 -0.2537 0.1548
vn 0.9389 -0.3087 0.1524
vn 0.9098 -0.3879 0.1475
vn 0.8488 -0.5104 0.1378
vn 0.7003 -0.7048 0.1133
vn 0.3292 -0.9428 0.0532
vn 0.9369 -0.0025 0.3496
vn 0.9369 -0.0076 0.3496
vn 0.9368 -0.0127 0.3495
vn 0.9367 -0.0179 0.3495
vn 0.9367 -0.0233 0.3495
vn 0.9365 -0.0288 0.3495
vn 0.9363 -0.0345 0.3494
vn 0.9361 -0.0405 0.3493
vn 0.9359 -0.0468 0.3492
vn 0.9355 -0.0535 0.3491
vn 0.9352 -0.0608 0.3489
vn 0.9347 -0.0686 0.3487
vn 0.9341 -0.0771 0.3486
vn 0.9334 -0.0866 0.3483
vn 0.9325 -0.0972 0.3480
vn 0.9313 -0.1093 0.3475
vn 0.9298 -0.1232 0.3470
vn 0.9277 -0.1395 0.3461
vn 0.9250 -0.1592 0.3451
vn 0.9210 -0.1833 0.3437
vn 0.9152 -0.2138 0.3415
vn 0.9062 -0.2537 0.3381
vn 0.8912 -0.3086 0.3325
vn 0.8636 -0.3879 0.3221
vn 0.8057 -0.5103 0.3007
vn 0.6644 -0.7050 0.2481
vn 0.3122 -0.9428 0.1165
vn 0.8507 -0.0025 0.5257
vn 0.8507 -0.0076 0.5256
vn 0.8506 -0.0127 0.5256
vn 0.8506 -0.0179 0.5256
vn 0.8505 -0.0233 0.5255
vn 0.8503 -0.0288 0.5254
vn 0.8502 -0.0345 0.5254
vn 0.8500 -0.0405 0.5252
vn 0.8498 -0.0468 0.5251
vn 0.8495 -0.0535 0.5249
vn 0.8491 -0.0608 0.5247
vn 0.8487 -0.0686 0.5244
vn 0.8482 -0.0771 0.5241
vn 0.8475 -0.0866 0.5237
vn 0.8467 -0.0972 0.5232
vn 0.8456 -0.1093 0.5225
vn 0.8442 -0.1232 0.5217
vn 0.8424 -0.1396 0.5205
vn 0.8399 -0.1592 0.5189
vn 0.8363 -0.1832 0.5167
vn 0.8310 -0.2138 0.5135
vn 0.8229 -0.2537 0.5084
vn 0.8092 -0.3086 0.5000
vn 0.7841 -0.3880 0.4845
vn 0.7315 -0.5103 0.4521
vn 0.6035 -0.7049 0.3727
vn 0.2835 -0.9428 0.1752
vn 0.7318 -0.0025 0.6815
vn 0.7318 -0.0076 0.6815
vn 0.7317 -0.0127 0.6815
vn 0.7317 -0.0180 0.6814
vn 0.7316 -0.0233 0.6813
vn 0.7315 -0.0288 0.6812
vn 0.7314 -0.0345 0.6811
vn 0.7312 -0.0405 0.6810
vn 0.7310 -0.0468 0.6808
vn 0.7308 -0.0536 0.6805
vn 0.7304 -0.0608 0.6803
vn 0.7301 -0.0686 0.6799
vn 0.7296 -0.0771 0.6795
vn 0.7291 -0.0866 0.6790
vn 0.7283 -0.0972 0.6783
vn 0.7274 -0.1093 0.6774
vn 0.7262 -0.1232 0.6763
vn 0.7246 -0.1395 0.6749
vn 0.7225 -0.1592 0.6728
vn 0.7194 -0.1833 0.6700
vn 0.7149 -0.2138 0.6658
vn 0.7079 -0.2537 0.6592
vn 0.6961 -0.3086 0.6482
vn 0.6745 -0.3880 0.6281
vn 0.6293 -0.5103 0.5861
vn 0.5191 -0.7049 0.4834
vn 0.2438 -0.9428 0.2272
vn 0.5848 -0.0025 0.8112
vn 0.5848 -0.0076 0.8112
vn 0.5847 -0.0127 0.8111
vn 0.5847 -0.0179 0.8111
vn 0.5846 -0.0233 0.8110
vn 0.5845 -0.0288 0.8109
vn 0.5844 -0.0345 0.8107
vn 0.5843 -0.0405 0.8105
vn 0.5841 -0.0468 0.8103
vn 0.5839 -0.0535 0.8100
vn 0.5837 -0.0608 0.8097
vn 0.5834 -0.0686 0.8093
vn 0.5830 -0.0771 0.8088
vn 0.5826 -0.0866 0.8081
vn 0.5820 -0.0972 0.8073
vn 0.5813 -0.1093 0.8063
vn 0.5803 -0.1232 0.8050
vn 0.5791 -0.1395 0.8033
vn 0.5773 -0.1592 0.8009
vn 0.5749 -0.1832 0.7975
vn 0.5713 -0.2138 0.7924
vn 0.5657 -0.2537 0.7846
vn 0.5562 -0.3086 0.7716
vn 0.5390 -0.3879 0.7477
vn 0.5029 -0.5103 0.6976
vn 0.4148 -0.7049 0.5754
vn 0.1948 -0.9428 0.2704
vn 0.4153 -0.0025 0.9097
vn 0.4153 -0.0076 0.9097
vn 0.4153 -0.0127 0.9096
vn 0.4152 -0.0179 0.9095
vn 0.4152 -0.0233 0.9094
vn 0.4151 -0.0288 0.9093
vn 0.4150 -0.0345 0.9091
vn 0.4149 -0.0405 0.9089
vn 0.4148 -0.0468 0.9087
vn 0.4147 -0.0535 0.9084
vn 0.4145 -0.0608 0.9080
vn 0.4143 -0.0686 0.9075
vn 0.4140 -0.0771 0.9070
vn 0.4137 -0.0866 0.9063
vn 0.4133 -0.0972 0.9054
vn 0.4128 -0.1093 0.9042
vn 0.4121 -0.1232 0.9028
vn 0.4112 -0.1395 0.9008
vn 0.4100 -0.1592 0.8981
vn 0.4083 -0.1832 0.8943
vn 0.4057 -0.2138 0.8887
vn 0.4017 -0.2538 0.8799
vn 0.3950 -0.3086 0.8653
vn 0.3828 -0.3880 0.8384
vn 0.3572 -0.5103 0.7823
vn 0.2945 -0.7049 0.6453
vn 0.1384 -0.9428 0.3031
vn 0.2298 -0.0025 0.9732
vn 0.2298 -0.0076 0.9732
vn 0.2298 -0.0127 0.9731
vn 0.2298 -0.0179 0.9731
vn 0.2298 -0.0233 0.9730
vn 0.2297 -0.0288 0.9728
vn 0.2297 -0.0345 0.9726
vn 0.2296 -0.0405 0.9724
vn 0.2296 -0.0468 0.9722
vn 0.2295 -0.0535 0.9718
vn 0.2294 -0.0608 0.9714
vn 0.2293 -0.0686 0.9709
vn 0.2291 -0.0771 0.9703
vn 0.2290 -0.0866 0.9696
vn 0.2288 -0.0972 0.9686
vn 0.2285 -0.1093 0.9674
vn 0.2281 -0.1232 0.9658
vn 0.2276 -0.1395 0.9637
vn 0.2269 -0.1592 0.9608
vn 0.2260 -0.1833 0.9567
vn 0.2245 -0.2138 0.9507
vn 0.2223 -0.2537 0.9414
vn 0.2186 -0.3086 0.9257
vn 0.2118 -0.3880 0.8970
vn 0.1976 -0.5103 0.8370
vn 0.1630 -0.7049 0.6903
vn 0.0767 -0.9428 0.3243
vn 0.0356 -0.0025 0.9994
vn 0.0355 -0.0076 0.9993
vn 0.0356 -0.0127 0.9993
vn 0.0356 -0.0179 0.9992
vn 0.0355 -0.0233 0.9991
vn 0.0355 -0.0288 0.9990
vn 0.0355 -0.0345 0.9988
vn 0.0356 -0.0405 0.9985
vn 0.0355 -0.0468 0.9983
vn 0.0355 -0.0535 0.9979
vn 0.0355 -0.0608 0.9975
vn 0.0355 -0.0686 0.9970
vn 0.0355 -0.0771 0.9964
vn 0.0354 -0.0866 0.9956
vn 0.0354 -0.0972 0.9946
vn 0.0353 -0.1093 0.9934
vn 0.0353 -0.1232 0.9918
vn 0.0352 -0.1396 0.9896
vn 0.0351 -0.1592 0.9866
vn 0.0349 -0.1832 0.9824
vn 0.0348 -0.2138 0.9763
vn 0.0344 -0.2537 0.9667
vn 0.0338 -0.3086 0.9506
vn 0.0328 -0.3879 0.9211
vn 0.0307 -0.5103 0.8594
vn 0.0251 -0.7049 0.7089
vn 0.0118 -0.9428 0.3330
vn -0.1601 -0.0025 0.9871
vn -0.1601 -0.0076 0.9871
vn -0.1601 -0.0127 0.9870
vn -0.1601 -0.0179 0.9869
vn -0.1601 -0.0233 0.9868
vn -0.1600 -0.0288 0.9867
vn -0.1600 -0.0345 0.9865
vn -0.1600 -0.0405 0.9863
vn -0.1599 -0.0468 0.9860
vn -0.1598 -0.0535 0.9857
vn -0.1598 -0.0608 0.9853
vn -0.1597 -0.0686 0.9848
vn -0.1596 -0.0771 0.9842
vn -0.1596 -0.0866 0.9834
vn -0.1593 -0.0972 0.9824
vn -0.1591 -0.1093 0.9812
vn -0.1589 -0.1232 0.9796
vn -0.1585 -0.1396 0.9774
vn -0.1581 -0.1592 0.9745
vn -0.1574 -0.1833 0.9704
vn -0.1564 -0.2138 0.9643
vn -0.1548 -0.2538 0.9548
vn -0.1523 -0.3086 0.9389
vn -0.1477 -0.3879 0.9098
vn -0.1377 -0.5103 0.8489
vn -0.1132 -0.7051 0.7001
vn -0.0535 -0.9428 0.3290
vn -0.3496 -0.0025 0.9369
vn -0.3496 -0.0076 0.9369
vn -0.3496 -0.0127 0.9368
vn -0.3495 -0.0180 0.9368
vn -0.3495 -0.0233 0.9366
vn -0.3495 -0.0288 0.9365
vn -0.3494 -0.0345 0.9363
vn -0.3493 -0.0405 0.9361
vn -0.3492 -0.0468 0.9359
vn -0.3491 -0.0535 0.9356
vn -0.3489 -0.0608 0.9352
vn -0.3488 -0.0686 0.9347
vn -0.3486 -0.0771 0.9341
vn -0.3483 -0.0866 0.9334
vn -0.3479 -0.0972 0.9325
vn -0.3475 -0.1093 0.9313
vn -0.3469 -0.1232 0.9298
vn -0.3462 -0.1395 0.9277
vn -0.3451 -0.1592 0.9250
vn -0.3436 -0.1833 0.9210
vn -0.3416 -0.2137 0.9152
vn -0.3382 -0.2537 0.9062
vn -0.3324 -0.3087 0.8912
vn -0.3223 -0.3879 0.8635
vn -0.3005 -0.5104 0.8057
vn -0.2482 -0.7048 0.6646
vn -0.1167 -0.9428 0.3124
vn -0.5257 -0.0025 0.8507
vn -0.5256 -0.0076 0.8507
vn -0.5256 -0.0127 0.8506
vn -0.5256 -0.0179 0.8506
vn -0.5255 -0.0233 0.8505
vn -0.5255 -0.0288 0.8503
vn -0.5253 -0.0345 0.8502
vn -0.5252 -0.0405 0.8500
vn -0.5251 -0.0468 0.8498
vn -0.5249 -0.0535 0.8495
vn -0.5247 -0.0608 0.8491
vn -0.5244 -0.0686 0.8487
vn -0.5241 -0.0771 0.8482
vn -0.5237 -0.0866 0.8475
vn -0.5232 -0.0972 0.8467
vn -0.5225 -0.1093 0.8456
vn -0.5217 -0.1232 0.8442
vn -0.5205 -0.1396 0.8424
vn -0.5190 -0.1592 0.8398
vn -0.5168 -0.1832 0.8363
vn -0.5135 -0.2138 0.8311
vn -0.5084 -0.2537 0.8229
vn -0.5000 -0.3086 0.8092
vn -0.4844 -0.3880 0.7841
vn -0.4521 -0.5103 0.7316
vn -0.3727 -0.7050 0.6034
vn -0.1749 -0.9429 0.2833
vn -0.6815 -0.0025 0.7318
vn -0.6815 -0.0076 0.7318
vn -0.6815 -0.0127 0.7317
vn -0.6814 -0.0179 0.7317
vn -0.6813 -0.0233 0.7316
vn -0.6812 -0.0288 0.7315
vn -0.6811 -0.0345 0.7314
vn -0.6810 -0.0405 0.7312
vn -0.6808 -0.0468 0.7310
vn -0.6805 -0.0535 0.7308
vn -0.6803 -0.0608 0.7304
vn -0.6799 -0.0686 0.7301
vn -0.6795 -0.0771 0.7296
vn -0.6790 -0.0866 0.7290
vn -0.6783 -0.0972 0.7284
vn -0.6774 -0.1093 0.7274
vn -0.6763 -0.1232 0.7262
vn -0.6749 -0.1395 0.7246
vn -0.6728 -0.1592 0.7225
vn -0.6700 -0.1833 0.7194
vn -0.6658 -0.2138 0.7149
vn -0.6592 -0.2537 0.7079
vn -0.6483 -0.3086 0.6961
vn -0.6281 -0.3880 0.6745
vn -0.5860 -0.5104 0.6294
vn -0.4834 -0.7049 0.5191
vn -0.2271 -0.9428 0.2439
vn -0.8112 -0.0025 0.5848
vn -0.8112 -0.0076 0.5848
vn -0.8111 -0.0127 0.5847
vn -0.8111 -0.0179 0.5847
vn -0.8110 -0.0233 0.5846
vn -0.8109 -0.0288 0.5845
vn -0.8107 -0.0345 0.5844
vn -0.8105 -0.0405 0.5843
vn -0.8103 -0.0468 0.5841
vn -0.8100 -0.0535 0.5839
vn -0.8097 -0.0608 0.5837
vn -0.8093 -0.0686 0.5834
vn -0.8088 -0.0771 0.5830
vn -0.8081 -0.0866 0.5826
vn -0.8073 -0.0972 0.5820
vn -0.8063 -0.1093 0.5813
vn -0.8050 -0.1232 0.5803
vn -0.8033 -0.1395 0.5791
vn -0.8008 -0.1592 0.5773
vn -0.7975 -0.1833 0.5749
vn -0.7924 -0.2138 0.5713
vn -0.7846 -0.2537 0.5656
vn -0.7716 -0.3086 0.5562
vn -0.7477 -0.3879 0.5390
vn -0.6976 -0.5104 0.5029
vn -0.5754 -0.7049 0.4148
vn -0.2704 -0.9428 0.1949
vn -0.9097 -0.0025 0.4153
vn -0.9097 -0.0076 0.4153
vn -0.9096 -0.0127 0.4153
vn -0.9095 -0.0179 0.4152
vn -0.9094 -0.0233 0.4152
vn -0.9093 -0.0288 0.4151
vn -0.9091 -0.0345 0.4150
vn -0.9089 -0.0405 0.4150
vn -0.9087 -0.0468 0.4148
vn -0.9084 -0.0535 0.4147
vn -0.9080 -0.0608 0.4145
vn -0.9075 -0.0686 0.4143
vn -0.9070 -0.0771 0.4141
vn -0.9063 -0.0866 0.4137
vn -0.9054 -0.0972 0.4133
vn -0.9042 -0.1093 0.4128
vn -0.9028 -0.1232 0.4121
vn -0.9008 -0.1395 0.4112
vn -0.8981 -0.1592 0.4100
vn -0.8943 -0.1833 0.4083
vn -0.8887 -0.2138 0.4057
vn -0.8799 -0.2537 0.4017
vn -0.8653 -0.3086 0.3950
vn -0.8384 -0.3879 0.3828
vn -0.7823 -0.5104 0.3571
vn -0.6452 -0.7049 0.2946
vn -0.3033 -0.9428 0.1385
vn -0.9732 -0.0025 0.2298
vn -0.9732 -0.0076 0.2298
vn -0.9732 -0.0127 0.2298
vn -0.9731 -0.0179 0.2298
vn -0.9730 -0.0233 0.2298
vn -0.9728 -0.0288 0.2297
vn -0.9726 -0.0345 0.2297
vn -0.9724 -0.0405 0.2296
vn -0.9722 -0.0468 0.2296
vn -0.9718 -0.0535 0.2295
vn -0.9714 -0.0608 0.2294
vn -0.9709 -0.0686 0.2293
vn -0.9703 -0.0771 0.2292
vn -0.9696 -0.0866 0.2290
vn -0.9686 -0.0972 0.2287
vn -0.9674 -0.1093 0.2285
vn -0.9658 -0.1232 0.2281
vn -0.9637 -0.1395 0.2276
vn -0.9608 -0.1592 0.2269
vn -0.9567 -0.1833 0.2259
vn -0.9507 -0.2138 0.2245
vn -0.9414 -0.2537 0.2223
vn -0.9257 -0.3086 0.2187
vn -0.8970 -0.3880 0.2118
vn -0.8369 -0.5104 0.1976
vn -0.6903 -0.7049 0.1630
vn -0.3243 -0.9428 0.0766
vn -0.9994 -0.0025 0.0356
vn -0.9993 -0.0076 0.0355
vn -0.9993 -0.0127 0.0356
vn -0.9992 -0.0179 0.0355
vn -0.9991 -0.0233 0.0356
vn -0.9990 -0.0288 0.0356
vn -0.9988 -0.0345 0.0355
vn -0.9985 -0.0405 0.0355
vn -0.9983 -0.0468 0.0355
vn -0.9979 -0.0535 0.0355
vn -0.9975 -0.0608 0.0355
vn -0.9970 -0.0686 0.0355
vn -0.9964 -0.0771 0.0354
vn -0.9956 -0.0866 0.0354
vn -0.9946 -0.0972 0.0354
vn -0.9934 -0.1093 0.0354
vn -0.9918 -0.1232 0.0353
vn -0.9896 -0.1396 0.0352
vn -0.9866 -0.1592 0.0351
vn -0.9824 -0.1832 0.0350
vn -0.9763 -0.2138 0.0347
vn -0.9667 -0.2537 0.0344
vn -0.9506 -0.3086 0.0338
vn -0.9211 -0.3880 0.0327
vn -0.8595 -0.5103 0.0306
vn -0.7088 -0.7050 0.0251
vn -0.3332 -0.9428 0.0119
vn -0.9871 -0.0025 -0.1601
vn -0.9871 -0.0076 -0.1601
vn -0.9870 -0.0127 -0.1601
vn -0.9869 -0.0180 -0.1601
vn -0.9868 -0.0233 -0.1601
vn -0.9867 -0.0288 -0.1600
vn -0.9865 -0.0345 -0.1600
vn -0.9863 -0.0405 -0.1600
vn -0.9860 -0.0468 -0.1599
vn -0.9857 -0.0535 -0.1599
vn -0.9853 -0.0608 -0.1598
vn -0.9848 -0.0686 -0.1597
vn -0.9842 -0.0771 -0.1596
vn -0.9834 -0.0866 -0.1595
vn -0.9824 -0.0972 -0.1593
vn -0.9812 -0.1093 -0.1591
vn -0.9796 -0.1232 -0.1589
vn -0.9774 -0.1395 -0.1585
vn -0.9745 -0.1592 -0.1581
vn -0.9704 -0.1833 -0.1574
vn -0.9643 -0.2137 -0.1563
vn -0.9548 -0.2537 -0.1548
vn -0.9389 -0.3087 -0.1524
vn -0.9098 -0.3879 -0.1475
vn -0.8488 -0.5104 -0.1378
vn -0.7003 -0.7048 -0.1133
vn -0.3292 -0.9428 -0.0532
vn -0.9369 -0.0025 -0.3496
vn -0.9369 -0.0076 -0.3496
vn -0.9368 -0.0127 -0.3495
vn -0.9367 -0.0179 -0.3495
vn -0.9367 -0.0233 -0.3495
vn -0.9365 -0.0288 -0.3495
vn -0.9363 -0.0345 -0.3494
vn -0.9361 -0.0405 -0.3493
vn -0.9359 -0.0468 -0.3492
vn -0.9355 -0.0535 -0.3491
vn -0.9352 -0.0608 -0.3489
vn -0.9347 -0.0686 -0.3487
vn -0.9341 -0.0771 -0.3486
vn -0.9334 -0.0866 -0.3483
vn -0.9325 -0.0972 -0.3480
vn -0.9313 -0.1093 -0.3475
vn -0.9298 -0.1232 -0.3470
vn -0.9277 -0.1395 -0.3461
vn -0.9250 -0.1592 -0.3451
vn -0.9210 -0.1833 -0.3437
vn -0.9152 -0.2138 -0.3415
vn -0.9062 -0.2537 -0.3381
vn -0.8912 -0.3086 -0.3325
vn -0.8636 -0.3879 -0.3221
vn -0.8057 -0.5103 -0.3007
vn -0.6644 -0.7050 -0.2481
vn -0.3122 -0.9428 -0.1165
vn -0.8507 -0.0025 -0.5257
vn -0.8507 -0.0076 -0.5256
vn -0.8506 -0.0127 -0.5256
vn -0.8505 -0.0179 -0.5256
vn -0.8505 -0.0233 -0.5255
vn -0.8503 -0.0288 -0.5254
vn -0.8502 -0.0345 -0.5254
vn -0.8500 -0.0405 -0.5252
vn -0.8498 -0.0468 -0.5251
vn -0.8495 -0.0535 -0.5249
vn -0.8491 -0.0608 -0.5247
vn -0.8487 -0.0686 -0.5244
vn -0.8482 -0.0771 -0.5241
vn -0.8475 -0.0866 -0.5237
vn -0.8467 -0.0972 -0.5232
vn -0.8456 -0.1093 -0.5225
vn -0.8442 -0.1232 -0.5217
vn -0.8424 -0.1396 -0.5205
vn -0.8399 -0.1592 -0.5189
vn -0.8363 -0.1832 -0.5167
vn -0.8310 -0.2138 -0.5135
vn -0.8229 -0.2537 -0.5084
vn -0.8092 -0.3086 -0.5000
vn -0.7841 -0.3879 -0.4845
vn -0.7315 -0.5103 -0.4521
vn -0.6035 -0.7049 -0.3727
vn -0.2835 -0.9428 -0.1752
vn -0.7318 -0.0025 -0.6815
vn -0.7318 -0.0076 -0.6815
vn -0.7317 -0.0127 -0.6815
vn -0.7317 -0.0179 -0.6814
vn -0.7316 -0.0233 -0.6813
vn -0.7315 -0.0288 -0.6812
vn -0.7314 -0.0345 -0.6811
vn -0.7312 -0.0405 -0.6810
vn -0.7310 -0.0468 -0.6808
vn -0.7308 -0.0535 -0.6805
vn -0.7304 -0.0608 -0.6803
vn -0.7301 -0.0686 -0.6799
vn -0.7296 -0.0771 -0.6795
vn -0.7291 -0.0866 -0.6790
vn -0.7283 -0.0972 -0.6783
vn -0.7274 -0.1093 -0.6774
vn -0.7262 -0.1232 -0.6763
vn -0.7246 -0.1395 -0.6749
vn -0.7225 -0.1592 -0.6728
vn -0.7194 -0.1833 -0.6700
vn -0.7149 -0.2138 -0.6658
vn -0.7079 -0.2537 -0.6592
vn -0.6961 -0.3086 -0.6482
vn -0.6745 -0.3880 -0.6281
vn -0.6294 -0.5103 -0.5861
vn -0.5190 -0.7049 -0.4834
vn -0.2438 -0.9428 -0.2272
vn -0.5848 -0.0025 -0.8112
vn -0.5848 -0.0076 -0.8112
vn -0.5847 -0.0127 -0.8111
vn -0.5847 -0.0179 -0.8111
vn -0.5846 -0.0233 -0.8110
vn -0.5845 -0.0288 -0.8109
vn -0.5844 -0.0345 -0.8107
vn -0.5843 -0.0405 -0.8105
vn -0.5841 -0.0468 -0.8103
vn -0.5839 -0.0535 -0.8100
vn -0.5837 -0.0608 -0.8097
vn -0.5834 -0.0686 -0.8093
vn -0.5830 -0.0771 -0.8088
vn -0.5826 -0.0866 -0.8081
vn -0.5820 -0.0972 -0.8073
vn -0.5813 -0.1093 -0.8063
vn -0.5803 -0.1232 -0.8050
vn -0.5791 -0.1395 -0.8033
vn -0.5773 -0.1592 -0.8009
vn -0.5749 -0.1832 -0.7975
vn -0.5713 -0.2138 -0.7924
vn -0.5657 -0.2538 -0.7846
vn -0.5562 -0.3086 -0.7716
vn -0.5390 -0.3880 -0.7476
vn -0.5029 -0.5103 -0.6976
vn -0.4148 -0.7049 -0.5754
vn -0.1948 -0.9428 -0.2703
vn -0.0000 -1.0000 -0.0000
vn -0.2003 -0.8760 -0.4387
vn 0.9420 -0.2512 -0.2225
vn -0.2003 0.8760 -0.4387
vn -0.9147 0.3415 0.2160
vn 0.3903 -0.3415 0.8550
vn 0.4693 -0.8760 -0.1108
vn -0.4020 0.2512 -0.8805
vn 0.4693 0.8760 -0.1108
vn -0.9147 -0.3415 0.2160
vn 0.9420 0.2512 -0.2225
vn -0.3903 0.3415 -0.8550
vn -0.1109 -0.8760 -0.4693
vn 0.2003 -0.8760 0.4387
vn -0.9420 -0.2512 0.2225
vn 0.2003 0.8760 0.4387
vn 0.9147 0.3415 -0.2160
vn 0.4820 -0.8760 -0.0172
vn -0.3903 -0.3415 -0.8550
vn -0.4693 -0.8760 0.1108
vn 0.4020 0.2512 0.8805
vn -0.0344 -0.2512 -0.9673
vn -0.4693 0.8760 0.1108
vn 0.0334 0.3415 0.9393
vn 0.9147 -0.3415 -0.2160
vn -0.0172 -0.8760 -0.4820
vn -0.9420 0.2512 0.2225
vn 0.1109 -0.8760 0.4694
vn -0.0172 0.8760 -0.4819
vn 0.0334 -0.3415 0.9393
vn -0.0344 0.2512 -0.9673
vn -0.4820 -0.8760 0.0172
vn 0.1550 -0.2512 -0.9555
vn 0.0344 -0.2512 0.9673
vn -0.1505 0.3415 0.9278
vn -0.0334 0.3415 -0.9393
vn 0.0772 -0.8760 -0.4760
vn -0.9673 0.2512 0.0344
vn 0.9069 -0.2512 0.3384
vn 0.0172 -0.8760 0.4820
vn 0.0772 0.8760 -0.4760
vn -0.8806 0.3415 -0.3286
vn 0.0172 0.8760 0.4819
vn -0.1505 -0.3415 0.9278
vn 0.4518 -0.8760 0.1686
vn -0.0334 -0.3415 -0.9393
vn 0.1550 0.2512 -0.9555
vn 0.4518 0.8760 0.1686
vn -0.8806 -0.3415 -0.3286
vn -0.1550 -0.2512 0.9555
vn 0.9069 0.2512 0.3384
vn 0.1505 0.3415 -0.9278
vn -0.0772 -0.8760 0.4760
vn 0.4102 0.8760 0.2535
vn -0.4103 -0.8760 -0.2535
vn -0.4102 0.8760 -0.2535
vn -0.7996 -0.3415 -0.4941
vn 0.8234 0.2512 0.5088
vn 0.7996 -0.3415 0.4941
vn -0.8234 0.2512 -0.5088
vn 0.6597 -0.2512 -0.7083
vn -0.6406 0.3415 0.6878
vn -0.6597 -0.2512 0.7083
vn -0.0772 0.8760 0.4760
vn 0.6406 0.3415 -0.6878
vn 0.3287 -0.8760 -0.3529
vn 0.1505 -0.3415 -0.9278
vn 0.3286 0.8760 -0.3529
vn -0.3287 -0.8760 0.3529
vn -0.1550 0.2512 0.9555
vn -0.3286 0.8760 0.3529
vn -0.6406 -0.3415 0.6878
vn 0.6597 0.2512 -0.7083
vn 0.6406 -0.3415 -0.6878
vn -0.9069 -0.2512 -0.3384
vn -0.6597 0.2512 0.7083
vn 0.8806 0.3415 0.3286
vn 0.5660 -0.2512 0.7852
vn -0.4518 -0.8760 -0.1686
vn -0.5496 0.3415 -0.7624
vn -0.5660 -0.2512 -0.7852
vn -0.4518 0.8760 -0.1686
vn 0.5496 0.3415 0.7624
vn 0.2820 -0.8760 0.3912
vn 0.8806 -0.3415 0.3286
vn 0.2820 0.8760 0.3912
vn -0.2820 -0.8760 -0.3912
vn -0.9069 0.2512 -0.3384
vn -0.2820 0.8760 -0.3912
vn 0.5088 -0.2512 -0.8234
vn -0.5496 -0.3415 -0.7624
vn -0.4941 0.3415 0.7996
vn -0.5088 -0.2512 0.8234
vn 0.5660 0.2512 0.7852
vn 0.5496 -0.3415 0.7624
vn 0.4941 0.3415 -0.7996
vn -0.5660 0.2512 -0.7852
vn 0.2535 -0.8760 -0.4103
vn 0.8805 -0.2512 -0.4020
vn 0.2535 0.8760 -0.4103
vn -0.2535 -0.8760 0.4103
vn -0.3287 0.8760 0.3529
vn 0.3287 0.8760 -0.3529
vn -0.6878 0.3415 -0.6405
vn -0.5879 -0.0000 -0.8089
vn -0.7392 -0.0000 -0.6735
vn -0.8592 -0.0000 -0.5117
vn -0.9434 -0.0000 -0.3316
vn -0.9900 -0.0000 -0.1413
vn -0.9987 -0.0000 0.0515
vn -0.9707 -0.0000 0.2402
vn -0.9081 -0.0000 0.4187
vn -0.8134 -0.0000 0.5818
vn -0.6893 -0.0000 0.7245
vn -0.5392 -0.0000 0.8422
vn -0.3673 -0.0000 0.9301
vn -0.1789 -0.0000 0.9839
vn 0.0192 -0.0000 0.9998
vn 0.2192 -0.0000 0.9757
vn 0.4118 -0.0000 0.9113
vn 0.5879 -0.0000 0.8089
vn 0.7392 -0.0000 0.6735
vn 0.8592 -0.0000 0.5117
vn 0.9434 -0.0000 0.3316
vn 0.9900 -0.0000 0.1413
vn 0.9987 -0.0000 -0.0515
vn 0.9707 -0.0000 -0.2402
vn 0.9081 -0.0000 -0.4187
vn 0.8134 -0.0000 -0.5818
vn 0.6893 -0.0000 -0.7245
vn 0.5392 -0.0000 -0.8422
vn 0.3673 -0.0000 -0.9301
vn 0.1789 -0.0000 -0.9839
vn -0.0192 -0.0000 -0.9998
vn -0.2192 -0.0000 -0.9757
vn -0.4118 -0.0000 -0.9113
vn 0.0002 1.0000 -0.0001
vn -0.0002 -1.0000 0.0001
vn -0.0001 1.0000 0.0001
vn 0.0001 -1.0000 -0.0001
vn 0.0004 1.0000 -0.0002
vn 0.0016 1.0000 -0.0009
vn -0.0002 1.0000 0.0001
vn 0.0002 -1.0000 -0.0001
vn 0.0001 1.0000 -0.0001
vn -0.0001 -1.0000 0.0001
vn -0.0004 1.0000 0.0002
vn -0.0016 1.0000 0.0009
vn -0.2281 -0.8357 -0.4996
vn -0.1849 -0.8959 -0.4039
vn -0.1262 -0.8357 -0.5345
vn -0.1037 -0.8951 -0.4336
vn -0.0195 -0.8357 -0.5488
vn -0.0179 -0.8936 -0.4485
vn 0.0879 -0.8357 -0.5421
vn 0.0702 -0.8916 -0.4474
vn 0.1920 -0.8357 -0.5145
vn 0.1577 -0.8893 -0.4292
vn 0.2887 -0.8357 -0.4672
vn 0.2409 -0.8872 -0.3936
vn 0.3743 -0.8357 -0.4019
vn 0.3157 -0.8855 -0.3410
vn 0.4455 -0.8357 -0.3212
vn 0.3781 -0.8845 -0.2732
vn 0.4996 -0.8357 -0.2281
vn 0.4245 -0.8845 -0.1933
vn 0.5345 -0.8357 -0.1262
vn 0.4526 -0.8855 -0.1055
vn 0.5488 -0.8357 -0.0195
vn 0.4612 -0.8872 -0.0144
vn 0.5421 -0.8357 0.0879
vn 0.4510 -0.8893 0.0755
vn 0.5145 -0.8357 0.1920
vn 0.4234 -0.8916 0.1605
vn 0.4672 -0.8357 0.2887
vn 0.3808 -0.8936 0.2376
vn 0.4019 -0.8357 0.3743
vn 0.3254 -0.8951 0.3048
vn 0.3212 -0.8357 0.4455
vn 0.2594 -0.8959 0.3606
vn 0.2281 -0.8357 0.4996
vn 0.1849 -0.8959 0.4039
vn 0.1262 -0.8357 0.5345
vn 0.1037 -0.8951 0.4336
vn 0.0195 -0.8357 0.5488
vn 0.0179 -0.8936 0.4485
vn -0.0879 -0.8357 0.5421
vn -0.0702 -0.8916 0.4474
vn -0.1920 -0.8357 0.5145
vn -0.1577 -0.8893 0.4292
vn -0.2887 -0.8357 0.4672
vn -0.2409 -0.8872 0.3936
vn -0.3743 -0.8357 0.4019
vn -0.3157 -0.8855 0.3410
vn -0.4455 -0.8357 0.3212
vn -0.3781 -0.8845 0.2732
vn -0.4996 -0.8357 0.2281
vn -0.4245 -0.8845 0.1933
vn -0.5345 -0.8357 0.1262
vn -0.4526 -0.8855 0.1055
vn -0.5488 -0.8357 0.0195
vn -0.4612 -0.8872 0.0144
vn -0.5421 -0.8357 -0.0879
vn -0.4510 -0.8893 -0.0755
vn -0.5145 -0.8357 -0.1920
vn -0.4234 -0.8916 -0.1605
vn -0.4672 -0.8357 -0.2887
vn -0.3808 -0.8936 -0.2376
vn -0.4019 -0.8357 -0.3743
vn -0.3254 -0.8951 -0.3048
vn -0.3212 -0.8357 -0.4455
vn -0.2594 -0.8959 -0.3606
vn -0.2961 -0.7035 -0.6460
vn -0.3453 0.5556 -0.7564
vn -0.1658 -0.7053 -0.6892
vn -0.1911 0.5556 -0.8092
vn -0.0295 -0.7086 -0.7050
vn -0.0296 0.5556 -0.8309
vn 0.1071 -0.7129 -0.6931
vn 0.1331 0.5556 -0.8207
vn 0.2386 -0.7174 -0.6545
vn 0.2907 0.5556 -0.7790
vn 0.3602 -0.7216 -0.5913
vn 0.4371 0.5556 -0.7073
vn 0.4674 -0.7247 -0.5062
vn 0.5666 0.5556 -0.6084
vn 0.5569 -0.7264 -0.4027
vn 0.6745 0.5556 -0.4862
vn 0.6256 -0.7264 -0.2845
vn 0.7564 0.5556 -0.3453
vn 0.6713 -0.7247 -0.1555
vn 0.8092 0.5556 -0.1911
vn 0.6920 -0.7216 -0.0202
vn 0.8309 0.5556 -0.0296
vn 0.6868 -0.7174 0.1167
vn 0.8207 0.5556 0.1331
vn 0.6552 -0.7129 0.2501
vn 0.7790 0.5556 0.2907
vn 0.5979 -0.7086 0.3747
vn 0.7073 0.5556 0.4370
vn 0.5167 -0.7053 0.4853
vn 0.6085 0.5556 0.5666
vn 0.4147 -0.7035 0.5771
vn 0.4862 0.5556 0.6745
vn 0.2961 -0.7035 0.6460
vn 0.3453 0.5556 0.7564
vn 0.1658 -0.7053 0.6892
vn 0.1911 0.5556 0.8092
vn 0.0295 -0.7086 0.7050
vn 0.0296 0.5556 0.8309
vn -0.1071 -0.7129 0.6931
vn -0.1331 0.5556 0.8207
vn -0.2386 -0.7174 0.6545
vn -0.2907 0.5556 0.7790
vn -0.3602 -0.7216 0.5913
vn -0.4371 0.5556 0.7073
vn -0.4674 -0.7247 0.5062
vn -0.5666 0.5556 0.6084
vn -0.5569 -0.7264 0.4027
vn -0.6745 0.5556 0.4862
vn -0.6256 -0.7264 0.2845
vn -0.7564 0.5556 0.3453
vn -0.6713 -0.7247 0.1555
vn -0.8092 0.5556 0.1911
vn -0.6920 -0.7216 0.0202
vn -0.8309 0.5556 0.0296
vn -0.6868 -0.7174 -0.1167
vn -0.8207 0.5556 -0.1331
vn -0.6552 -0.7129 -0.2501
vn -0.7790 0.5556 -0.2907
vn -0.5979 -0.7086 -0.3747
vn -0.7073 0.5556 -0.4370
vn -0.5167 -0.7053 -0.4853
vn -0.6085 0.5556 -0.5666
vn -0.4147 -0.7035 -0.5771
vn -0.4862 0.5556 -0.6745
vn -0.4046 0.2251 -0.8863
vn -0.4095 0.1671 -0.8969
vn -0.2239 0.2251 -0.9482
vn -0.2266 0.1671 -0.9595
vn -0.0346 0.2251 -0.9737
vn -0.0351 0.1671 -0.9853
vn 0.1560 0.2251 -0.9618
vn 0.1578 0.1671 -0.9732
vn 0.3406 0.2251 -0.9129
vn 0.3447 0.1671 -0.9237
vn 0.5122 0.2251 -0.8289
vn 0.5183 0.1671 -0.8387
vn 0.6640 0.2251 -0.7130
vn 0.6719 0.1671 -0.7215
vn 0.7904 0.2251 -0.5698
vn 0.7998 0.1671 -0.5766
vn 0.8863 0.2251 -0.4046
vn 0.8969 0.1671 -0.4095
vn 0.9482 0.2251 -0.2239
vn 0.9595 0.1671 -0.2266
vn 0.9737 0.2251 -0.0346
vn 0.9853 0.1671 -0.0351
vn 0.9618 0.2251 0.1560
vn 0.9732 0.1671 0.1578
vn 0.9129 0.2251 0.3406
vn 0.9237 0.1671 0.3447
vn 0.8289 0.2251 0.5122
vn 0.8387 0.1671 0.5183
vn 0.7130 0.2251 0.6640
vn 0.7215 0.1671 0.6719
vn 0.5698 0.2251 0.7904
vn 0.5766 0.1671 0.7998
vn 0.4046 0.2251 0.8863
vn 0.4095 0.1671 0.8969
vn 0.2239 0.2251 0.9482
vn 0.2266 0.1671 0.9595
vn 0.0346 0.2251 0.9737
vn 0.0351 0.1671 0.9853
vn -0.1560 0.2251 0.9618
vn -0.1578 0.1671 0.9732
vn -0.3406 0.2251 0.9129
vn -0.3447 0.1671 0.9237
vn -0.5122 0.2251 0.8289
vn -0.5183 0.1671 0.8387
vn -0.6640 0.2251 0.7130
vn -0.6719 0.1671 0.7215
vn -0.7904 0.2251 0.5698
vn -0.7998 0.1671 0.5766
vn -0.8863 0.2251 0.4046
vn -0.8969 0.1671 0.4095
vn -0.9482 0.2251 0.2239
vn -0.9595 0.1671 0.2266
vn -0.9737 0.2251 0.0346
vn -0.9853 0.1671 0.0351
vn -0.9618 0.2251 -0.1560
vn -0.9732 0.1671 -0.1578
vn -0.9129 0.2251 -0.3406
vn -0.9237 0.1671 -0.3447
vn -0.8289 0.2251 -0.5122
vn -0.8387 0.1671 -0.5183
vn -0.7130 0.2251 -0.6640
vn -0.7215 0.1671 -0.6719
vn -0.5698 0.2251 -0.7904
vn -0.5766 0.1671 -0.7998
vt 0.750000 0.490000
vt 0.796822 0.485388
vt 0.841844 0.471731
vt 0.883337 0.449553
vt 0.919706 0.419706
vt 0.949553 0.383337
vt 0.971731 0.341844
vt 0.985388 0.296822
vt 0.990000 0.250000
vt 0.985388 0.203178
vt 0.971731 0.158156
vt 0.949553 0.116663
vt 0.919706 0.080294
vt 0.883337 0.050447
vt 0.841844 0.028269
vt 0.796822 0.014612
vt 0.750000 0.010000
vt 0.703178 0.014612
vt 0.658156 0.028269
vt 0.616663 0.050447
vt 0.580294 0.080294
vt 0.550447 0.116663
vt 0.528269 0.158156
vt 0.514612 0.203178
vt 0.510000 0.250000
vt 0.514612 0.296822
vt 0.528269 0.341844
vt 0.550447 0.383337
vt 0.580294 0.419706
vt 0.616663 0.449553
vt 0.658156 0.471731
vt 0.703178 0.485388
vt 0.031250 0.519608
vt 0.031250 0.529412
vt 0.000000 0.529412
vt 0.000000 0.519608
vt 0.031250 0.549263
vt 0.031250 0.558824
vt 0.000000 0.558824
vt 0.000000 0.549263
vt 0.031250 0.577915
vt 0.031250 0.588235
vt 0.000000 0.588235
vt 0.000000 0.577915
vt 0.031250 0.617647
vt 0.000000 0.617647
vt 0.031250 0.647059
vt 0.000000 0.647059
vt 0.031250 0.676471
vt 0.000000 0.676471
vt 0.031250 0.705882
vt 0.000000 0.705882
vt 0.031250 0.735294
vt 0.000000 0.735294
vt 0.156250 0.911765
vt 0.187500 0.911765
vt 0.031250 0.764706
vt 0.031250 0.794118
vt 0.000000 0.794118
vt 0.000000 0.764706
vt 0.031250 0.823529
vt 0.000000 0.823529
vt 0.687500 0.941176
vt 0.656250 0.941176
vt 0.031250 0.852941
vt 0.031250 0.882353
vt 0.000000 0.882353
vt 0.000000 0.852941
vt 0.031250 0.911765
vt 0.000000 0.911765
vt 0.468750 0.735294
vt 0.500000 0.735294
vt 0.031250 0.941176
vt 0.031250 0.970588
vt 0.000000 0.970588
vt 0.000000 0.941176
vt 0.062500 0.519608
vt 0.062500 0.529412
vt 0.062500 0.549263
vt 0.062500 0.558824
vt 0.062500 0.577915
vt 0.062500 0.588235
vt 0.062500 0.617647
vt 0.062500 0.647059
vt 0.062500 0.676471
vt 0.062500 0.705882
vt 0.062500 0.735294
vt 1.000000 0.764706
vt 0.968750 0.764706
vt 0.062500 0.764706
vt 0.062500 0.794118
vt 0.062500 0.823529
vt 0.562500 0.823530
vt 0.593750 0.823529
vt 0.062500 0.852941
vt 0.062500 0.882353
vt 0.062500 0.911765
vt 0.656250 0.911765
vt 0.687500 0.911765
vt 0.062500 0.941176
vt 0.062500 0.970588
vt 0.093750 0.519608
vt 0.093750 0.529412
vt 0.093750 0.549263
vt 0.093750 0.558824
vt 0.093750 0.577915
vt 0.093750 0.588235
vt 0.093750 0.617647
vt 0.093750 0.647059
vt 0.093750 0.676471
vt 0.093750 0.705882
vt 0.093750 0.735294
vt 0.968750 0.735294
vt 1.000000 0.735294
vt 0.093750 0.764706
vt 0.093750 0.794118
vt 0.093750 0.823529
vt 0.093750 0.852941
vt 0.093750 0.882353
vt 0.093750 0.911765
vt 0.187500 0.852941
vt 0.156250 0.852941
vt 0.093750 0.941176
vt 0.093750 0.970588
vt 0.125000 0.519608
vt 0.125000 0.529412
vt 0.125000 0.549263
vt 0.125000 0.558824
vt 0.125000 0.577915
vt 0.125000 0.588235
vt 0.125000 0.617647
vt 0.125000 0.647059
vt 0.125000 0.676471
vt 0.125000 0.705882
vt 0.125000 0.735294
vt 0.281250 0.941176
vt 0.250000 0.941176
vt 0.125000 0.764706
vt 0.125000 0.794118
vt 0.125000 0.823529
vt 0.125000 0.852941
vt 0.125000 0.882353
vt 0.125000 0.911765
vt 0.593750 0.764706
vt 0.562500 0.764706
vt 0.125000 0.941176
vt 0.125000 0.970588
vt 0.156250 0.519608
vt 0.156250 0.529412
vt 0.156250 0.549263
vt 0.156250 0.558824
vt 0.156250 0.577915
vt 0.156250 0.588235
vt 0.156250 0.617647
vt 0.156250 0.647059
vt 0.156250 0.676471
vt 0.156250 0.705882
vt 0.156250 0.735294
vt 0.156250 0.823529
vt 0.187500 0.823529
vt 0.156250 0.764706
vt 0.156250 0.794118
vt 0.687500 0.852941
vt 0.656250 0.852941
vt 0.156250 0.882353
vt 0.250000 0.911765
vt 0.281250 0.911765
vt 0.156250 0.941176
vt 0.156250 0.970588
vt 0.187500 0.519608
vt 0.187500 0.529412
vt 0.187500 0.549263
vt 0.187500 0.558824
vt 0.187500 0.577915
vt 0.187500 0.588235
vt 0.187500 0.617647
vt 0.187500 0.647059
vt 0.187500 0.676471
vt 0.187500 0.705882
vt 0.187500 0.735294
vt 0.781250 0.941176
vt 0.750000 0.941176
vt 0.187500 0.764706
vt 0.187500 0.794118
vt 0.562500 0.735294
vt 0.593750 0.735294
vt 0.187500 0.882353
vt 0.656250 0.823529
vt 0.687500 0.823529
vt 0.187500 0.941176
vt 0.187500 0.970588
vt 0.218750 0.519608
vt 0.218750 0.529412
vt 0.218750 0.549263
vt 0.218750 0.558824
vt 0.218750 0.577915
vt 0.218750 0.588235
vt 0.218750 0.617647
vt 0.218750 0.647059
vt 0.218750 0.676471
vt 0.218750 0.705882
vt 0.218750 0.735294
vt 0.750000 0.911765
vt 0.781250 0.911765
vt 0.218750 0.764706
vt 0.218750 0.794118
vt 0.218750 0.823529
vt 0.218750 0.852941
vt 0.218750 0.882353
vt 0.218750 0.911765
vt 0.281250 0.852941
vt 0.250000 0.852941
vt 0.218750 0.941176
vt 0.218750 0.970588
vt 0.250000 0.519608
vt 0.250000 0.529412
vt 0.250000 0.549263
vt 0.250000 0.558824
vt 0.250000 0.577915
vt 0.250000 0.588235
vt 0.250000 0.617647
vt 0.250000 0.647059
vt 0.250000 0.676471
vt 0.250000 0.705882
vt 0.250000 0.735294
vt 0.375000 0.941176
vt 0.343750 0.941176
vt 0.250000 0.764706
vt 0.250000 0.794118
vt 0.250000 0.823529
vt 0.250000 0.882353
vt 0.687500 0.764706
vt 0.656250 0.764706
vt 0.250000 0.970588
vt 0.281250 0.519608
vt 0.281250 0.529412
vt 0.281250 0.549263
vt 0.281250 0.558824
vt 0.281250 0.577915
vt 0.281250 0.588235
vt 0.281250 0.617647
vt 0.281250 0.647059
vt 0.281250 0.676471
vt 0.281250 0.705882
vt 0.281250 0.735294
vt 0.281250 0.823529
vt 0.281250 0.764706
vt 0.281250 0.794118
vt 0.781250 0.852941
vt 0.750000 0.852941
vt 0.281250 0.882353
vt 0.343750 0.911765
vt 0.375000 0.911765
vt 0.281250 0.970588
vt 0.312500 0.519608
vt 0.312500 0.529412
vt 0.312500 0.549263
vt 0.312500 0.558824
vt 0.312500 0.577915
vt 0.312500 0.588235
vt 0.312500 0.617647
vt 0.312500 0.647059
vt 0.312500 0.676471
vt 0.312500 0.705882
vt 0.312500 0.735294
vt 0.875000 0.941176
vt 0.843750 0.941176
vt 0.312500 0.764706
vt 0.312500 0.794118
vt 0.312500 0.823529
vt 0.656250 0.735294
vt 0.687500 0.735294
vt 0.312500 0.852941
vt 0.312500 0.882353
vt 0.312500 0.911765
vt 0.750000 0.823529
vt 0.781250 0.823529
vt 0.312500 0.941176
vt 0.312500 0.970588
vt 0.343750 0.519608
vt 0.343750 0.529412
vt 0.343750 0.549263
vt 0.343750 0.558824
vt 0.343750 0.577915
vt 0.343750 0.588235
vt 0.343750 0.617647
vt 0.343750 0.647059
vt 0.343750 0.676471
vt 0.343750 0.705882
vt 0.343750 0.735294
vt 0.843750 0.911765
vt 0.875000 0.911765
vt 0.343750 0.764706
vt 0.343750 0.794118
vt 0.343750 0.823529
vt 0.343750 0.852941
vt 0.343750 0.882353
vt 0.375000 0.852941
vt 0.343750 0.970588
vt 0.375000 0.519608
vt 0.375000 0.529412
vt 0.375000 0.549263
vt 0.375000 0.558824
vt 0.375000 0.577915
vt 0.375000 0.588235
vt 0.375000 0.617647
vt 0.375000 0.647059
vt 0.375000 0.676471
vt 0.375000 0.705882
vt 0.375000 0.735294
vt 0.468750 0.941176
vt 0.437500 0.941176
vt 0.375000 0.764706
vt 0.375000 0.794118
vt 0.375000 0.823529
vt 0.375000 0.882353
vt 0.781250 0.764706
vt 0.750000 0.764706
vt 0.375000 0.970588
vt 0.406250 0.519608
vt 0.406250 0.529412
vt 0.406250 0.549263
vt 0.406250 0.558824
vt 0.406250 0.577915
vt 0.406250 0.588235
vt 0.406250 0.617647
vt 0.406250 0.647059
vt 0.406250 0.676471
vt 0.406250 0.705882
vt 0.406250 0.735294
vt 0.406250 0.764706
vt 0.406250 0.794118
vt 0.406250 0.823529
vt 0.875000 0.852941
vt 0.843750 0.852941
vt 0.406250 0.852941
vt 0.406250 0.882353
vt 0.406250 0.911765
vt 0.437500 0.911765
vt 0.468750 0.911765
vt 0.406250 0.941176
vt 0.406250 0.970588
vt 0.437500 0.519608
vt 0.437500 0.529412
vt 0.437500 0.549263
vt 0.437500 0.558824
vt 0.437500 0.577915
vt 0.437500 0.588235
vt 0.437500 0.617647
vt 0.437500 0.647059
vt 0.437500 0.676471
vt 0.437500 0.705882
vt 0.437500 0.735294
vt 0.968750 0.941176
vt 0.937500 0.941177
vt 0.437500 0.764706
vt 0.437500 0.794118
vt 0.437500 0.823529
vt 0.750000 0.735294
vt 0.781250 0.735294
vt 0.437500 0.852941
vt 0.437500 0.882353
vt 0.843750 0.823529
vt 0.875000 0.823529
vt 0.437500 0.970588
vt 0.468750 0.519608
vt 0.468750 0.529412
vt 0.468750 0.549263
vt 0.468750 0.558824
vt 0.468750 0.577915
vt 0.468750 0.588235
vt 0.468750 0.617647
vt 0.468750 0.647059
vt 0.468750 0.676471
vt 0.468750 0.705882
vt 0.937500 0.911765
vt 0.968750 0.911765
vt 0.468750 0.764706
vt 0.468750 0.794118
vt 0.468750 0.823529
vt 0.468750 0.852941
vt 0.468750 0.882353
vt 0.468750 0.970588
vt 0.500000 0.519608
vt 0.500000 0.529412
vt 0.500000 0.549263
vt 0.500000 0.558824
vt 0.500000 0.577915
vt 0.500000 0.588235
vt 0.500000 0.617647
vt 0.500000 0.647059
vt 0.500000 0.676471
vt 0.500000 0.705882
vt 0.500000 0.764706
vt 0.500000 0.794118
vt 0.500000 0.823529
vt 0.500000 0.852941
vt 0.500000 0.882353
vt 0.500000 0.911765
vt 0.562500 0.941177
vt 0.531250 0.941176
vt 0.500000 0.941176
vt 0.500000 0.970588
vt 0.531250 0.519608
vt 0.531250 0.529412
vt 0.531250 0.549263
vt 0.531250 0.558824
vt 0.531250 0.577915
vt 0.531250 0.588235
vt 0.531250 0.617647
vt 0.531250 0.647059
vt 0.531250 0.676471
vt 0.531250 0.705882
vt 0.531250 0.735294
vt 0.531250 0.764706
vt 0.531250 0.794118
vt 0.531250 0.823529
vt 0.875000 0.764706
vt 0.843750 0.764706
vt 0.531250 0.852941
vt 0.531250 0.882353
vt 0.531250 0.911765
vt 0.531250 0.970588
vt 0.562500 0.519608
vt 0.562500 0.529412
vt 0.562500 0.549263
vt 0.562500 0.558824
vt 0.562500 0.577915
vt 0.562500 0.588235
vt 0.562500 0.617647
vt 0.562500 0.647059
vt 0.562500 0.676471
vt 0.562500 0.705882
vt 0.968750 0.852941
vt 0.937500 0.852941
vt 0.562500 0.794118
vt 0.562500 0.911765
vt 0.562500 0.852941
vt 0.562500 0.882353
vt 0.843750 0.735294
vt 0.875000 0.735294
vt 0.562500 0.970588
vt 0.593750 0.519608
vt 0.593750 0.529412
vt 0.593750 0.549263
vt 0.593750 0.558824
vt 0.593750 0.577915
vt 0.593750 0.588235
vt 0.593750 0.617647
vt 0.593750 0.647059
vt 0.593750 0.676471
vt 0.593750 0.705882
vt 0.937500 0.823529
vt 0.968750 0.823529
vt 0.593750 0.794118
vt 0.593750 0.852941
vt 0.593750 0.882353
vt 0.593750 0.911765
vt 0.593750 0.941177
vt 0.593750 0.970588
vt 0.625000 0.519608
vt 0.625000 0.529412
vt 0.625000 0.549263
vt 0.625000 0.558824
vt 0.625000 0.577915
vt 0.625000 0.588235
vt 0.625000 0.617647
vt 0.625000 0.647059
vt 0.625000 0.676471
vt 0.625000 0.705882
vt 0.625000 0.735294
vt 0.625000 0.764706
vt 0.625000 0.794118
vt 0.625000 0.823529
vt 0.625000 0.852941
vt 0.625000 0.882353
vt 0.625000 0.911765
vt 0.625000 0.941176
vt 0.625000 0.970588
vt 0.656250 0.519608
vt 0.656250 0.529412
vt 0.656250 0.549263
vt 0.656250 0.558824
vt 0.656250 0.577915
vt 0.656250 0.588235
vt 0.656250 0.617647
vt 0.656250 0.647059
vt 0.656250 0.676471
vt 0.656250 0.705882
vt 0.656250 0.794118
vt 0.656250 0.882353
vt 0.656250 0.970588
vt 0.687500 0.519608
vt 0.687500 0.529412
vt 0.687500 0.549263
vt 0.687500 0.558824
vt 0.687500 0.577915
vt 0.687500 0.588235
vt 0.687500 0.617647
vt 0.687500 0.647059
vt 0.687500 0.676471
vt 0.687500 0.705882
vt 0.937500 0.764706
vt 0.687500 0.794118
vt 0.687500 0.882353
vt 0.687500 0.970588
vt 0.718750 0.519608
vt 0.718750 0.529412
vt 0.718750 0.549263
vt 0.718750 0.558824
vt 0.718750 0.577915
vt 0.718750 0.588235
vt 0.718750 0.617647
vt 0.718750 0.647059
vt 0.718750 0.676471
vt 0.718750 0.705882
vt 0.718750 0.735294
vt 0.937500 0.735294
vt 0.718750 0.764706
vt 0.718750 0.794118
vt 0.718750 0.823529
vt 0.718750 0.852941
vt 0.718750 0.882353
vt 0.718750 0.911765
vt 0.718750 0.941176
vt 0.718750 0.970588
vt 0.750000 0.519608
vt 0.750000 0.529412
vt 0.750000 0.549263
vt 0.750000 0.558824
vt 0.750000 0.577915
vt 0.750000 0.588235
vt 0.750000 0.617647
vt 0.750000 0.647059
vt 0.750000 0.676471
vt 0.750000 0.705882
vt 0.750000 0.794118
vt 0.750000 0.882353
vt 0.750000 0.970588
vt 0.781250 0.519608
vt 0.781250 0.529412
vt 0.781250 0.549263
vt 0.781250 0.558824
vt 0.781250 0.577915
vt 0.781250 0.588235
vt 0.781250 0.617647
vt 0.781250 0.647059
vt 0.781250 0.676471
vt 0.781250 0.705882
vt 0.781250 0.794118
vt 0.781250 0.882353
vt 0.781250 0.970588
vt 0.812500 0.519608
vt 0.812500 0.529412
vt 0.812500 0.549263
vt 0.812500 0.558824
vt 0.812500 0.577915
vt 0.812500 0.588235
vt 0.812500 0.617647
vt 0.812500 0.647059
vt 0.812500 0.676471
vt 0.812500 0.705882
vt 0.812500 0.735294
vt 0.812500 0.764706
vt 0.812500 0.794118
vt 0.812500 0.823529
vt 0.812500 0.852941
vt 0.812500 0.882353
vt 0.812500 0.911765
vt 0.812500 0.941176
vt 0.812500 0.970588
vt 0.843750 0.519608
vt 0.843750 0.529412
vt 0.843750 0.549263
vt 0.843750 0.558824
vt 0.843750 0.577915
vt 0.843750 0.588235
vt 0.843750 0.617647
vt 0.843750 0.647059
vt 0.843750 0.676471
vt 0.843750 0.705882
vt 0.843750 0.794118
vt 0.843750 0.882353
vt 0.843750 0.970588
vt 0.875000 0.519608
vt 0.875000 0.529412
vt 0.875000 0.549263
vt 0.875000 0.558824
vt 0.875000 0.577915
vt 0.875000 0.588235
vt 0.875000 0.617647
vt 0.875000 0.647059
vt 0.875000 0.676471
vt 0.875000 0.705882
vt 0.875000 0.794118
vt 0.875000 0.882353
vt 0.875000 0.970588
vt 0.906250 0.519608
vt 0.906250 0.529412
vt 0.906250 0.549263
vt 0.906250 0.558824
vt 0.906250 0.577915
vt 0.906250 0.588235
vt 0.906250 0.617647
vt 0.906250 0.647059
vt 0.906250 0.676471
vt 0.906250 0.705882
vt 0.906250 0.735294
vt 0.906250 0.764706
vt 0.906250 0.794118
vt 0.906250 0.823530
vt 0.906250 0.852941
vt 0.906250 0.882353
vt 0.906250 0.911765
vt 0.906250 0.941177
vt 0.906250 0.970588
vt 0.937500 0.519608
vt 0.937500 0.529412
vt 0.937500 0.549263
vt 0.937500 0.558824
vt 0.937500 0.577915
vt 0.937500 0.588235
vt 0.937500 0.617647
vt 0.937500 0.647059
vt 0.937500 0.676471
vt 0.937500 0.705882
vt 0.937500 0.794118
vt 0.937500 0.882353
vt 0.937500 0.970588
vt 0.968750 0.519608
vt 0.968750 0.529412
vt 0.968750 0.549263
vt 0.968750 0.558824
vt 0.968750 0.577915
vt 0.968750 0.588235
vt 0.968750 0.617647
vt 0.968750 0.647059
vt 0.968750 0.676471
vt 0.968750 0.705882
vt 0.968750 0.794118
vt 0.968750 0.882353
vt 0.968750 0.970588
vt 1.000000 0.519608
vt 1.000000 0.529412
vt 1.000000 0.549263
vt 1.000000 0.558824
vt 1.000000 0.577915
vt 1.000000 0.588235
vt 1.000000 0.617647
vt 1.000000 0.647059
vt 1.000000 0.676471
vt 1.000000 0.705882
vt 1.000000 0.794118
vt 1.000000 0.823529
vt 1.000000 0.852941
vt 1.000000 0.882353
vt 1.000000 0.911765
vt 1.000000 0.941176
vt 1.000000 0.970588
vt 0.968750 0.993165
vt 1.000000 0.993165
vt 0.999999 0.993563
vt 0.968750 0.993563
vt 0.999998 0.993959
vt 0.968750 0.993959
vt 0.999995 0.994352
vt 0.968750 0.994352
vt 0.999991 0.994741
vt 0.968750 0.994741
vt 0.999985 0.995125
vt 0.968750 0.995125
vt 0.999979 0.995503
vt 0.968750 0.995503
vt 0.999972 0.995872
vt 0.968750 0.995872
vt 0.999963 0.996233
vt 0.968750 0.996233
vt 0.999953 0.996583
vt 0.968750 0.996583
vt 0.999943 0.996921
vt 0.968750 0.996921
vt 0.999931 0.997247
vt 0.968750 0.997247
vt 0.999919 0.997558
vt 0.968750 0.997558
vt 0.999905 0.997855
vt 0.968750 0.997855
vt 0.999891 1.000000
vt 0.968750 1.000000
vt 0.296819 0.485373
vt 0.250000 0.489984
vt 0.250000 0.488093
vt 0.296450 0.483518
vt 0.250000 0.487849
vt 0.296402 0.483279
vt 0.250000 0.487595
vt 0.296353 0.483030
vt 0.250000 0.487331
vt 0.296301 0.482771
vt 0.250000 0.487058
vt 0.296248 0.482503
vt 0.250000 0.486777
vt 0.296193 0.482227
vt 0.250000 0.486488
vt 0.296136 0.481944
vt 0.250000 0.486193
vt 0.296079 0.481655
vt 0.250000 0.485893
vt 0.296020 0.481361
vt 0.250000 0.485589
vt 0.295961 0.481062
vt 0.250000 0.485282
vt 0.295901 0.480761
vt 0.250000 0.484972
vt 0.295841 0.480457
vt 0.250000 0.484662
vt 0.295780 0.480153
vt 0.937500 0.993165
vt 0.937500 0.993563
vt 0.937500 0.993959
vt 0.937500 0.994352
vt 0.937500 0.994741
vt 0.937500 0.995125
vt 0.937500 0.995503
vt 0.937500 0.995872
vt 0.937500 0.996233
vt 0.937500 0.996583
vt 0.937500 0.996921
vt 0.937500 0.997247
vt 0.937500 0.997558
vt 0.937500 0.997855
vt 0.937500 1.000000
vt 0.341838 0.471716
vt 0.341114 0.469969
vt 0.341021 0.469744
vt 0.340924 0.469509
vt 0.340823 0.469265
vt 0.340718 0.469013
vt 0.340611 0.468753
vt 0.340500 0.468486
vt 0.340387 0.468214
vt 0.340272 0.467937
vt 0.340156 0.467656
vt 0.340038 0.467372
vt 0.339920 0.467086
vt 0.339801 0.466799
vt 0.906250 0.993165
vt 0.906250 0.993563
vt 0.906250 0.993959
vt 0.906250 0.994352
vt 0.906250 0.994741
vt 0.906250 0.995125
vt 0.906250 0.995503
vt 0.906250 0.995872
vt 0.906250 0.996233
vt 0.906250 0.996583
vt 0.906250 0.996921
vt 0.906250 0.997247
vt 0.906250 0.997558
vt 0.906250 0.997856
vt 0.906250 1.000000
vt 0.383328 0.449539
vt 0.382278 0.447967
vt 0.382142 0.447765
vt 0.382001 0.447553
vt 0.381854 0.447334
vt 0.381702 0.447106
vt 0.381546 0.446872
vt 0.381386 0.446632
vt 0.381222 0.446387
vt 0.381055 0.446138
vt 0.380886 0.445885
vt 0.380716 0.445630
vt 0.380544 0.445373
vt 0.380371 0.445114
vt 0.875000 0.993165
vt 0.875000 0.993563
vt 0.875000 0.993959
vt 0.875000 0.994352
vt 0.875000 0.994741
vt 0.875000 0.995125
vt 0.875000 0.995503
vt 0.875000 0.995872
vt 0.875000 0.996233
vt 0.875000 0.996583
vt 0.875000 0.996921
vt 0.875000 0.997247
vt 0.875000 0.997558
vt 0.875000 0.997855
vt 0.875000 1.000000
vt 0.419694 0.419694
vt 0.418357 0.418357
vt 0.418185 0.418185
vt 0.418005 0.418005
vt 0.417818 0.417818
vt 0.417625 0.417625
vt 0.417426 0.417426
vt 0.417222 0.417222
vt 0.417014 0.417014
vt 0.416802 0.416802
vt 0.416587 0.416587
vt 0.416369 0.416369
vt 0.416151 0.416151
vt 0.415931 0.415931
vt 0.843750 0.993165
vt 0.843750 0.993563
vt 0.843750 0.993959
vt 0.843750 0.994352
vt 0.843750 0.994741
vt 0.843750 0.995125
vt 0.843750 0.995503
vt 0.843750 0.995872
vt 0.843750 0.996233
vt 0.843750 0.996583
vt 0.843750 0.996921
vt 0.843750 0.997247
vt 0.843750 0.997558
vt 0.843750 0.997856
vt 0.843750 1.000000
vt 0.449539 0.383328
vt 0.447967 0.382278
vt 0.447765 0.382142
vt 0.447553 0.382001
vt 0.447334 0.381854
vt 0.447106 0.381702
vt 0.446872 0.381546
vt 0.446632 0.381386
vt 0.446387 0.381222
vt 0.446138 0.381055
vt 0.445885 0.380886
vt 0.445630 0.380716
vt 0.445373 0.380544
vt 0.445114 0.380371
vt 0.812500 0.993165
vt 0.812500 0.993563
vt 0.812500 0.993959
vt 0.812500 0.994352
vt 0.812500 0.994741
vt 0.812500 0.995125
vt 0.812500 0.995503
vt 0.812500 0.995872
vt 0.812500 0.996233
vt 0.812500 0.996583
vt 0.812500 0.996921
vt 0.812500 0.997247
vt 0.812500 0.997558
vt 0.812500 0.997856
vt 0.812500 1.000000
vt 0.471716 0.341838
vt 0.469969 0.341114
vt 0.469744 0.341021
vt 0.469509 0.340924
vt 0.469265 0.340823
vt 0.469013 0.340718
vt 0.468753 0.340610
vt 0.468486 0.340500
vt 0.468214 0.340387
vt 0.467937 0.340272
vt 0.467656 0.340156
vt 0.467372 0.340038
vt 0.467086 0.339920
vt 0.466800 0.339801
vt 0.781250 0.993165
vt 0.781250 0.993563
vt 0.781250 0.993959
vt 0.781250 0.994352
vt 0.781250 0.994741
vt 0.781250 0.995125
vt 0.781250 0.995503
vt 0.781250 0.995872
vt 0.781250 0.996233
vt 0.781250 0.996583
vt 0.781250 0.996921
vt 0.781250 0.997247
vt 0.781250 0.997558
vt 0.781250 0.997856
vt 0.781250 1.000000
vt 0.485373 0.296819
vt 0.483518 0.296450
vt 0.483279 0.296402
vt 0.483030 0.296353
vt 0.482771 0.296301
vt 0.482503 0.296248
vt 0.482227 0.296193
vt 0.481944 0.296136
vt 0.481655 0.296079
vt 0.481360 0.296020
vt 0.481062 0.295961
vt 0.480761 0.295901
vt 0.480458 0.295841
vt 0.480153 0.295780
vt 0.750000 0.993165
vt 0.750000 0.993563
vt 0.750000 0.993959
vt 0.750000 0.994352
vt 0.750000 0.994741
vt 0.750000 0.995125
vt 0.750000 0.995503
vt 0.750000 0.995872
vt 0.750000 0.996233
vt 0.750000 0.996583
vt 0.750000 0.996921
vt 0.750000 0.997247
vt 0.750000 0.997558
vt 0.750000 0.997855
vt 0.750000 1.000000
vt 0.489984 0.250000
vt 0.488093 0.250000
vt 0.487850 0.250000
vt 0.487595 0.250000
vt 0.487331 0.250000
vt 0.487058 0.250000
vt 0.486776 0.250000
vt 0.486488 0.250000
vt 0.486193 0.250000
vt 0.485893 0.250000
vt 0.485589 0.250000
vt 0.485282 0.250000
vt 0.484973 0.250000
vt 0.484662 0.250000
vt 0.718750 0.993165
vt 0.718750 0.993563
vt 0.718750 0.993959
vt 0.718750 0.994352
vt 0.718750 0.994741
vt 0.718750 0.995125
vt 0.718750 0.995503
vt 0.718750 0.995872
vt 0.718750 0.996233
vt 0.718750 0.996583
vt 0.718750 0.996921
vt 0.718750 0.997247
vt 0.718750 0.997558
vt 0.718750 0.997855
vt 0.718750 1.000000
vt 0.485373 0.203181
vt 0.483518 0.203550
vt 0.483279 0.203598
vt 0.483030 0.203647
vt 0.482771 0.203699
vt 0.482503 0.203752
vt 0.482227 0.203807
vt 0.481944 0.203864
vt 0.481655 0.203921
vt 0.481361 0.203980
vt 0.481062 0.204039
vt 0.480761 0.204099
vt 0.480458 0.204159
vt 0.480153 0.204220
vt 0.687500 0.993165
vt 0.687500 0.993563
vt 0.687500 0.993959
vt 0.687500 0.994352
vt 0.687500 0.994741
vt 0.687500 0.995125
vt 0.687500 0.995503
vt 0.687500 0.995872
vt 0.687500 0.996233
vt 0.687500 0.996583
vt 0.687500 0.996921
vt 0.687500 0.997247
vt 0.687500 0.997558
vt 0.687500 0.997855
vt 0.687500 1.000000
vt 0.471716 0.158162
vt 0.469970 0.158886
vt 0.469744 0.158979
vt 0.469509 0.159076
vt 0.469265 0.159177
vt 0.469013 0.159282
vt 0.468753 0.159390
vt 0.468486 0.159500
vt 0.468214 0.159613
vt 0.467937 0.159728
vt 0.467656 0.159844
vt 0.467372 0.159962
vt 0.467086 0.160080
vt 0.466799 0.160199
vt 0.656250 0.993165
vt 0.656250 0.993563
vt 0.656250 0.993959
vt 0.656250 0.994352
vt 0.656250 0.994741
vt 0.656250 0.995125
vt 0.656250 0.995503
vt 0.656250 0.995872
vt 0.656250 0.996233
vt 0.656250 0.996583
vt 0.656250 0.996921
vt 0.656250 0.997247
vt 0.656250 0.997558
vt 0.656250 0.997856
vt 0.656250 1.000000
vt 0.449539 0.116672
vt 0.447967 0.117722
vt 0.447765 0.117858
vt 0.447553 0.117999
vt 0.447334 0.118146
vt 0.447106 0.118298
vt 0.446872 0.118454
vt 0.446632 0.118614
vt 0.446387 0.118778
vt 0.446138 0.118945
vt 0.445885 0.119114
vt 0.445630 0.119284
vt 0.445372 0.119456
vt 0.445114 0.119629
vt 0.625000 0.993165
vt 0.625000 0.993563
vt 0.625000 0.993959
vt 0.625000 0.994352
vt 0.625000 0.994741
vt 0.625000 0.995125
vt 0.625000 0.995503
vt 0.625000 0.995872
vt 0.625000 0.996233
vt 0.625000 0.996583
vt 0.625000 0.996921
vt 0.625000 0.997247
vt 0.625000 0.997558
vt 0.625000 0.997855
vt 0.625000 1.000000
vt 0.419694 0.080306
vt 0.418357 0.081643
vt 0.418185 0.081815
vt 0.418005 0.081995
vt 0.417818 0.082182
vt 0.417625 0.082375
vt 0.417426 0.082574
vt 0.417222 0.082778
vt 0.417014 0.082986
vt 0.416802 0.083198
vt 0.416587 0.083413
vt 0.416369 0.083631
vt 0.416151 0.083849
vt 0.415931 0.084069
vt 0.593750 0.993165
vt 0.593750 0.993563
vt 0.593750 0.993959
vt 0.593750 0.994352
vt 0.593750 0.994741
vt 0.593750 0.995125
vt 0.593750 0.995503
vt 0.593750 0.995872
vt 0.593750 0.996233
vt 0.593750 0.996583
vt 0.593750 0.996921
vt 0.593750 0.997247
vt 0.593750 0.997558
vt 0.593750 0.997856
vt 0.593750 1.000000
vt 0.383328 0.050461
vt 0.382277 0.052033
vt 0.382142 0.052235
vt 0.382001 0.052447
vt 0.381854 0.052666
vt 0.381702 0.052894
vt 0.381546 0.053128
vt 0.381386 0.053368
vt 0.381222 0.053613
vt 0.381055 0.053862
vt 0.380886 0.054115
vt 0.380715 0.054370
vt 0.380544 0.054627
vt 0.380371 0.054886
vt 0.562500 0.993165
vt 0.562500 0.993563
vt 0.562500 0.993959
vt 0.562500 0.994352
vt 0.562500 0.994741
vt 0.562500 0.995125
vt 0.562500 0.995503
vt 0.562500 0.995872
vt 0.562500 0.996233
vt 0.562500 0.996583
vt 0.562500 0.996921
vt 0.562500 0.997247
vt 0.562500 0.997558
vt 0.562500 0.997856
vt 0.562500 1.000000
vt 0.341838 0.028284
vt 0.341114 0.030031
vt 0.341021 0.030256
vt 0.340924 0.030491
vt 0.340823 0.030735
vt 0.340718 0.030987
vt 0.340610 0.031247
vt 0.340500 0.031514
vt 0.340387 0.031786
vt 0.340272 0.032063
vt 0.340156 0.032344
vt 0.340038 0.032628
vt 0.339920 0.032914
vt 0.339801 0.033200
vt 0.531250 0.993165
vt 0.531250 0.993563
vt 0.531250 0.993959
vt 0.531250 0.994352
vt 0.531250 0.994741
vt 0.531250 0.995125
vt 0.531250 0.995503
vt 0.531250 0.995872
vt 0.531250 0.996233
vt 0.531250 0.996583
vt 0.531250 0.996921
vt 0.531250 0.997247
vt 0.531250 0.997558
vt 0.531250 0.997856
vt 0.531250 1.000000
vt 0.296819 0.014627
vt 0.296450 0.016482
vt 0.296402 0.016721
vt 0.296353 0.016970
vt 0.296301 0.017229
vt 0.296248 0.017497
vt 0.296193 0.017773
vt 0.296136 0.018056
vt 0.296079 0.018345
vt 0.296020 0.018639
vt 0.295961 0.018938
vt 0.295901 0.019239
vt 0.295841 0.019542
vt 0.295780 0.019847
vt 0.500000 0.993165
vt 0.500000 0.993563
vt 0.500000 0.993959
vt 0.500000 0.994352
vt 0.500000 0.994741
vt 0.500000 0.995125
vt 0.500000 0.995503
vt 0.500000 0.995872
vt 0.500000 0.996233
vt 0.500000 0.996583
vt 0.500000 0.996921
vt 0.500000 0.997247
vt 0.500000 0.997558
vt 0.500000 0.997855
vt 0.500000 1.000000
vt 0.250000 0.010016
vt 0.250000 0.011907
vt 0.250000 0.012150
vt 0.250000 0.012405
vt 0.250000 0.012669
vt 0.250000 0.012942
vt 0.250000 0.013224
vt 0.250000 0.013512
vt 0.250000 0.013807
vt 0.250000 0.014107
vt 0.250000 0.014411
vt 0.250000 0.014718
vt 0.250000 0.015027
vt 0.250000 0.015338
vt 0.468750 0.993165
vt 0.468750 0.993563
vt 0.468750 0.993959
vt 0.468750 0.994352
vt 0.468750 0.994741
vt 0.468750 0.995125
vt 0.468750 0.995503
vt 0.468750 0.995872
vt 0.468750 0.996233
vt 0.468750 0.996583
vt 0.468750 0.996921
vt 0.468750 0.997247
vt 0.468750 0.997558
vt 0.468750 0.997855
vt 0.468750 1.000000
vt 0.203181 0.014627
vt 0.203550 0.016482
vt 0.203598 0.016721
vt 0.203647 0.016970
vt 0.203699 0.017229
vt 0.203752 0.017497
vt 0.203807 0.017773
vt 0.203864 0.018056
vt 0.203921 0.018345
vt 0.203980 0.018639
vt 0.204039 0.018938
vt 0.204099 0.019239
vt 0.204159 0.019542
vt 0.204220 0.019847
vt 0.437500 0.993165
vt 0.437500 0.993563
vt 0.437500 0.993959
vt 0.437500 0.994352
vt 0.437500 0.994741
vt 0.437500 0.995125
vt 0.437500 0.995503
vt 0.437500 0.995872
vt 0.437500 0.996233
vt 0.437500 0.996583
vt 0.437500 0.996921
vt 0.437500 0.997247
vt 0.437500 0.997558
vt 0.437500 0.997856
vt 0.437500 1.000000
vt 0.158162 0.028284
vt 0.158886 0.030031
vt 0.158979 0.030256
vt 0.159076 0.030491
vt 0.159177 0.030735
vt 0.159282 0.030987
vt 0.159390 0.031247
vt 0.159500 0.031514
vt 0.159613 0.031786
vt 0.159728 0.032063
vt 0.159844 0.032344
vt 0.159961 0.032628
vt 0.160080 0.032914
vt 0.160199 0.033200
vt 0.406250 0.993165
vt 0.406250 0.993563
vt 0.406250 0.993959
vt 0.406250 0.994352
vt 0.406250 0.994741
vt 0.406250 0.995125
vt 0.406250 0.995503
vt 0.406250 0.995872
vt 0.406250 0.996233
vt 0.406250 0.996583
vt 0.406250 0.996921
vt 0.406250 0.997247
vt 0.406250 0.997558
vt 0.406250 0.997856
vt 0.406250 1.000000
vt 0.116672 0.050461
vt 0.117722 0.052033
vt 0.117858 0.052235
vt 0.117999 0.052447
vt 0.118146 0.052666
vt 0.118298 0.052894
vt 0.118454 0.053128
vt 0.118614 0.053368
vt 0.118778 0.053613
vt 0.118945 0.053862
vt 0.119114 0.054115
vt 0.119284 0.054370
vt 0.119456 0.054627
vt 0.119629 0.054886
vt 0.375000 0.993165
vt 0.375000 0.993563
vt 0.375000 0.993959
vt 0.375000 0.994352
vt 0.375000 0.994741
vt 0.375000 0.995125
vt 0.375000 0.995503
vt 0.375000 0.995872
vt 0.375000 0.996233
vt 0.375000 0.996583
vt 0.375000 0.996921
vt 0.375000 0.997247
vt 0.375000 0.997558
vt 0.375000 0.997855
vt 0.375000 1.000000
vt 0.080306 0.080306
vt 0.081643 0.081643
vt 0.081815 0.081815
vt 0.081995 0.081995
vt 0.082182 0.082182
vt 0.082375 0.082375
vt 0.082574 0.082574
vt 0.082778 0.082778
vt 0.082986 0.082986
vt 0.083198 0.083198
vt 0.083413 0.083413
vt 0.083631 0.083631
vt 0.083849 0.083849
vt 0.084069 0.084069
vt 0.343750 0.993165
vt 0.343750 0.993563
vt 0.343750 0.993959
vt 0.343750 0.994352
vt 0.343750 0.994741
vt 0.343750 0.995125
vt 0.343750 0.995503
vt 0.343750 0.995872
vt 0.343750 0.996233
vt 0.343750 0.996583
vt 0.343750 0.996921
vt 0.343750 0.997247
vt 0.343750 0.997558
vt 0.343750 0.997856
vt 0.343750 1.000000
vt 0.050461 0.116672
vt 0.052033 0.117722
vt 0.052235 0.117858
vt 0.052447 0.117999
vt 0.052666 0.118146
vt 0.052894 0.118298
vt 0.053128 0.118454
vt 0.053368 0.118614
vt 0.053613 0.118778
vt 0.053862 0.118945
vt 0.054115 0.119114
vt 0.054370 0.119284
vt 0.054627 0.119456
vt 0.054886 0.119629
vt 0.312500 0.993165
vt 0.312500 0.993563
vt 0.312500 0.993959
vt 0.312500 0.994352
vt 0.312500 0.994741
vt 0.312500 0.995125
vt 0.312500 0.995503
vt 0.312500 0.995872
vt 0.312500 0.996233
vt 0.312500 0.996583
vt 0.312500 0.996921
vt 0.312500 0.997247
vt 0.312500 0.997558
vt 0.312500 0.997856
vt 0.312500 1.000000
vt 0.028284 0.158162
vt 0.030031 0.158886
vt 0.030256 0.158979
vt 0.030491 0.159076
vt 0.030735 0.159177
vt 0.030987 0.159282
vt 0.031247 0.159390
vt 0.031514 0.159500
vt 0.031786 0.159613
vt 0.032063 0.159728
vt 0.032344 0.159844
vt 0.032628 0.159961
vt 0.032914 0.160080
vt 0.033200 0.160199
vt 0.281250 0.993165
vt 0.281250 0.993563
vt 0.281250 0.993959
vt 0.281250 0.994352
vt 0.281250 0.994741
vt 0.281250 0.995125
vt 0.281250 0.995503
vt 0.281250 0.995872
vt 0.281250 0.996233
vt 0.281250 0.996583
vt 0.281250 0.996921
vt 0.281250 0.997247
vt 0.281250 0.997558
vt 0.281250 0.997856
vt 0.281250 1.000000
vt 0.014627 0.203181
vt 0.016482 0.203550
vt 0.016721 0.203598
vt 0.016970 0.203647
vt 0.017229 0.203699
vt 0.017497 0.203752
vt 0.017773 0.203807
vt 0.018056 0.203863
vt 0.018345 0.203921
vt 0.018639 0.203979
vt 0.018938 0.204039
vt 0.019239 0.204099
vt 0.019542 0.204159
vt 0.019847 0.204220
vt 0.250000 0.993165
vt 0.250000 0.993563
vt 0.250000 0.993959
vt 0.250000 0.994352
vt 0.250000 0.994741
vt 0.250000 0.995125
vt 0.250000 0.995503
vt 0.250000 0.995872
vt 0.250000 0.996233
vt 0.250000 0.996583
vt 0.250000 0.996921
vt 0.250000 0.997247
vt 0.250000 0.997558
vt 0.250000 0.997855
vt 0.250000 1.000000
vt 0.010016 0.250000
vt 0.011907 0.250000
vt 0.012150 0.250000
vt 0.012405 0.250000
vt 0.012669 0.250000
vt 0.012942 0.250000
vt 0.013224 0.250000
vt 0.013512 0.250000
vt 0.013807 0.250000
vt 0.014107 0.250000
vt 0.014411 0.250000
vt 0.014718 0.250000
vt 0.015027 0.250000
vt 0.015338 0.250000
vt 0.218750 0.993165
vt 0.218750 0.993563
vt 0.218750 0.993959
vt 0.218750 0.994352
vt 0.218750 0.994741
vt 0.218750 0.995125
vt 0.218750 0.995503
vt 0.218750 0.995872
vt 0.218750 0.996233
vt 0.218750 0.996583
vt 0.218750 0.996921
vt 0.218750 0.997247
vt 0.218750 0.997558
vt 0.218750 0.997855
vt 0.218750 1.000000
vt 0.014627 0.296819
vt 0.016482 0.296450
vt 0.016721 0.296402
vt 0.016970 0.296353
vt 0.017229 0.296301
vt 0.017497 0.296248
vt 0.017773 0.296193
vt 0.018056 0.296136
vt 0.018345 0.296079
vt 0.018639 0.296020
vt 0.018938 0.295961
vt 0.019239 0.295901
vt 0.019542 0.295841
vt 0.019847 0.295780
vt 0.187500 0.993165
vt 0.187500 0.993563
vt 0.187500 0.993959
vt 0.187500 0.994352
vt 0.187500 0.994741
vt 0.187500 0.995125
vt 0.187500 0.995503
vt 0.187500 0.995872
vt 0.187500 0.996233
vt 0.187500 0.996583
vt 0.187500 0.996921
vt 0.187500 0.997247
vt 0.187500 0.997558
vt 0.187500 0.997855
vt 0.187500 1.000000
vt 0.028284 0.341838
vt 0.030031 0.341114
vt 0.030256 0.341021
vt 0.030491 0.340924
vt 0.030735 0.340823
vt 0.030987 0.340718
vt 0.031247 0.340611
vt 0.031514 0.340500
vt 0.031786 0.340387
vt 0.032063 0.340272
vt 0.032344 0.340156
vt 0.032628 0.340038
vt 0.032914 0.339920
vt 0.033200 0.339801
vt 0.156250 0.993165
vt 0.156250 0.993563
vt 0.156250 0.993959
vt 0.156250 0.994352
vt 0.156250 0.994741
vt 0.156250 0.995125
vt 0.156250 0.995503
vt 0.156250 0.995872
vt 0.156250 0.996233
vt 0.156250 0.996583
vt 0.156250 0.996921
vt 0.156250 0.997247
vt 0.156250 0.997558
vt 0.156250 0.997856
vt 0.156250 1.000000
vt 0.050461 0.383328
vt 0.052033 0.382278
vt 0.052235 0.382142
vt 0.052447 0.382001
vt 0.052666 0.381854
vt 0.052894 0.381702
vt 0.053128 0.381546
vt 0.053368 0.381386
vt 0.053613 0.381222
vt 0.053862 0.381055
vt 0.054115 0.380886
vt 0.054370 0.380715
vt 0.054627 0.380544
vt 0.054886 0.380371
vt 0.125000 0.993165
vt 0.125000 0.993563
vt 0.125000 0.993959
vt 0.125000 0.994352
vt 0.125000 0.994741
vt 0.125000 0.995125
vt 0.125000 0.995503
vt 0.125000 0.995872
vt 0.125000 0.996233
vt 0.125000 0.996583
vt 0.125000 0.996921
vt 0.125000 0.997247
vt 0.125000 0.997558
vt 0.125000 0.997855
vt 0.125000 1.000000
vt 0.080306 0.419694
vt 0.081643 0.418358
vt 0.081815 0.418185
vt 0.081995 0.418005
vt 0.082182 0.417818
vt 0.082375 0.417625
vt 0.082574 0.417426
vt 0.082778 0.417222
vt 0.082986 0.417014
vt 0.083198 0.416802
vt 0.083413 0.416587
vt 0.083631 0.416369
vt 0.083849 0.416151
vt 0.084069 0.415931
vt 0.093750 0.993165
vt 0.093750 0.993563
vt 0.093750 0.993959
vt 0.093750 0.994352
vt 0.093750 0.994741
vt 0.093750 0.995125
vt 0.093750 0.995503
vt 0.093750 0.995872
vt 0.093750 0.996233
vt 0.093750 0.996583
vt 0.093750 0.996921
vt 0.093750 0.997247
vt 0.093750 0.997558
vt 0.093750 0.997856
vt 0.093750 1.000000
vt 0.116672 0.449539
vt 0.117722 0.447967
vt 0.117858 0.447765
vt 0.117999 0.447553
vt 0.118146 0.447334
vt 0.118298 0.447106
vt 0.118454 0.446873
vt 0.118614 0.446633
vt 0.118778 0.446387
vt 0.118945 0.446138
vt 0.119114 0.445885
vt 0.119284 0.445629
vt 0.119456 0.445372
vt 0.119629 0.445114
vt 0.062500 0.993165
vt 0.062500 0.993563
vt 0.062500 0.993959
vt 0.062500 0.994352
vt 0.062500 0.994741
vt 0.062500 0.995125
vt 0.062500 0.995503
vt 0.062500 0.995872
vt 0.062500 0.996233
vt 0.062500 0.996583
vt 0.062500 0.996921
vt 0.062500 0.997247
vt 0.062500 0.997558
vt 0.062500 0.997855
vt 0.062500 1.000000
vt 0.158162 0.471716
vt 0.158886 0.469970
vt 0.158979 0.469744
vt 0.159076 0.469509
vt 0.159177 0.469265
vt 0.159282 0.469013
vt 0.159390 0.468753
vt 0.159500 0.468486
vt 0.159613 0.468214
vt 0.159728 0.467937
vt 0.159844 0.467656
vt 0.159961 0.467372
vt 0.160080 0.467086
vt 0.160199 0.466799
vt 0.031250 0.993165
vt 0.031250 0.993563
vt 0.031250 0.993959
vt 0.031250 0.994352
vt 0.031250 0.994741
vt 0.031250 0.995125
vt 0.031250 0.995503
vt 0.031250 0.995872
vt 0.031250 0.996233
vt 0.031250 0.996583
vt 0.031250 0.996921
vt 0.031250 0.997247
vt 0.031250 0.997558
vt 0.031250 0.997856
vt 0.031250 1.000000
vt 0.203181 0.485373
vt 0.203550 0.483518
vt 0.203598 0.483279
vt 0.203647 0.483030
vt 0.203699 0.482771
vt 0.203752 0.482503
vt 0.203807 0.482227
vt 0.203864 0.481944
vt 0.203921 0.481655
vt 0.203979 0.481361
vt 0.204039 0.481062
vt 0.204099 0.480761
vt 0.204159 0.480457
vt 0.204220 0.480153
vt 0.000000 0.993165
vt 0.000001 0.993563
vt 0.000002 0.993959
vt 0.000005 0.994352
vt 0.000009 0.994741
vt 0.000015 0.995125
vt 0.000021 0.995503
vt 0.000028 0.995872
vt 0.000037 0.996233
vt 0.000047 0.996583
vt 0.000057 0.996921
vt 0.000069 0.997247
vt 0.000081 0.997558
vt 0.000095 0.997855
vt 0.000109 1.000000
vt 1.000000 0.507353
vt 1.000000 0.509804
vt 0.968750 0.509804
vt 0.968750 0.507353
vt 0.937500 0.509804
vt 0.937500 0.507353
vt 0.906250 0.509804
vt 0.906250 0.507353
vt 0.875000 0.509804
vt 0.875000 0.507353
vt 0.843750 0.509804
vt 0.843750 0.507353
vt 0.812500 0.509804
vt 0.812500 0.507353
vt 0.781250 0.509804
vt 0.781250 0.507353
vt 0.750000 0.509804
vt 0.750000 0.507353
vt 0.718750 0.509804
vt 0.718750 0.507353
vt 0.687500 0.509804
vt 0.687500 0.507353
vt 0.656250 0.509804
vt 0.656250 0.507353
vt 0.625000 0.509804
vt 0.625000 0.507353
vt 0.593750 0.509804
vt 0.593750 0.507353
vt 0.562500 0.509804
vt 0.562500 0.507353
vt 0.531250 0.509804
vt 0.531250 0.507353
vt 0.500000 0.509804
vt 0.500000 0.507353
vt 0.468750 0.509804
vt 0.468750 0.507353
vt 0.437500 0.509804
vt 0.437500 0.507353
vt 0.406250 0.509804
vt 0.406250 0.507353
vt 0.375000 0.509804
vt 0.375000 0.507353
vt 0.343750 0.509804
vt 0.343750 0.507353
vt 0.312500 0.509804
vt 0.312500 0.507353
vt 0.281250 0.509804
vt 0.281250 0.507353
vt 0.250000 0.509804
vt 0.250000 0.507353
vt 0.218750 0.509804
vt 0.218750 0.507353
vt 0.187500 0.509804
vt 0.187500 0.507353
vt 0.156250 0.509804
vt 0.156250 0.507353
vt 0.125000 0.509804
vt 0.125000 0.507353
vt 0.093750 0.509804
vt 0.093750 0.507353
vt 0.062500 0.509804
vt 0.062500 0.507353
vt 0.031250 0.509804
vt 0.031250 0.507353
vt 0.000000 0.509804
vt 0.000000 0.507353
vt 1.000000 0.539459
vt 0.968750 0.539459
vt 0.937500 0.539459
vt 0.906250 0.539459
vt 0.875000 0.539459
vt 0.843750 0.539459
vt 0.812500 0.539459
vt 0.781250 0.539459
vt 0.750000 0.539459
vt 0.718750 0.539459
vt 0.687500 0.539459
vt 0.656250 0.539459
vt 0.625000 0.539459
vt 0.593750 0.539459
vt 0.562500 0.539459
vt 0.531250 0.539459
vt 0.500000 0.539459
vt 0.468750 0.539459
vt 0.437500 0.539459
vt 0.406250 0.539459
vt 0.375000 0.539459
vt 0.343750 0.539459
vt 0.312500 0.539459
vt 0.281250 0.539459
vt 0.250000 0.539459
vt 0.218750 0.539459
vt 0.187500 0.539459
vt 0.156250 0.539459
vt 0.125000 0.539459
vt 0.093750 0.539459
vt 0.062500 0.539459
vt 0.031250 0.539459
vt 0.000000 0.539459
vt 1.000000 0.568111
vt 0.968750 0.568112
vt 0.937500 0.568111
vt 0.906250 0.568112
vt 0.875000 0.568111
vt 0.843750 0.568111
vt 0.812500 0.568112
vt 0.781250 0.568111
vt 0.750000 0.568111
vt 0.718750 0.568111
vt 0.687500 0.568112
vt 0.656250 0.568112
vt 0.625000 0.568111
vt 0.593750 0.568111
vt 0.562500 0.568112
vt 0.531250 0.568112
vt 0.500000 0.568111
vt 0.468750 0.568111
vt 0.437500 0.568111
vt 0.406250 0.568111
vt 0.375000 0.568111
vt 0.343750 0.568111
vt 0.312500 0.568112
vt 0.281250 0.568111
vt 0.250000 0.568111
vt 0.218750 0.568111
vt 0.187500 0.568112
vt 0.156250 0.568112
vt 0.125000 0.568111
vt 0.093750 0.568111
vt 0.062500 0.568111
vt 0.031250 0.568112
vt 0.000000 0.568111
vt 0.031250 0.500000
vt 0.031250 0.502451
vt 0.000000 0.502451
vt 0.000000 0.500000
vt 0.031250 0.504902
vt 0.000000 0.504902
vt 0.062500 0.500000
vt 0.062500 0.502451
vt 0.062500 0.504902
vt 0.093750 0.500000
vt 0.093750 0.502451
vt 0.093750 0.504902
vt 0.125000 0.500000
vt 0.125000 0.502451
vt 0.125000 0.504902
vt 0.156250 0.500000
vt 0.156250 0.502451
vt 0.156250 0.504902
vt 0.187500 0.500000
vt 0.187500 0.502451
vt 0.187500 0.504902
vt 0.218750 0.500000
vt 0.218750 0.502451
vt 0.218750 0.504902
vt 0.250000 0.500000
vt 0.250000 0.502451
vt 0.250000 0.504902
vt 0.281250 0.500000
vt 0.281250 0.502451
vt 0.281250 0.504902
vt 0.312500 0.500000
vt 0.312500 0.502451
vt 0.312500 0.504902
vt 0.343750 0.500000
vt 0.343750 0.502451
vt 0.343750 0.504902
vt 0.375000 0.500000
vt 0.375000 0.502451
vt 0.375000 0.504902
vt 0.406250 0.500000
vt 0.406250 0.502451
vt 0.406250 0.504902
vt 0.437500 0.500000
vt 0.437500 0.502451
vt 0.437500 0.504902
vt 0.468750 0.500000
vt 0.468750 0.502451
vt 0.468750 0.504902
vt 0.500000 0.500000
vt 0.500000 0.502451
vt 0.500000 0.504902
vt 0.531250 0.500000
vt 0.531250 0.502451
vt 0.531250 0.504902
vt 0.562500 0.500000
vt 0.562500 0.502451
vt 0.562500 0.504902
vt 0.593750 0.500000
vt 0.593750 0.502451
vt 0.593750 0.504902
vt 0.625000 0.500000
vt 0.625000 0.502451
vt 0.625000 0.504902
vt 0.656250 0.500000
vt 0.656250 0.502451
vt 0.656250 0.504902
vt 0.687500 0.500000
vt 0.687500 0.502451
vt 0.687500 0.504902
vt 0.718750 0.500000
vt 0.718750 0.502451
vt 0.718750 0.504902
vt 0.750000 0.500000
vt 0.750000 0.502451
vt 0.750000 0.504902
vt 0.781250 0.500000
vt 0.781250 0.502451
vt 0.781250 0.504902
vt 0.812500 0.500000
vt 0.812500 0.502451
vt 0.812500 0.504902
vt 0.843750 0.500000
vt 0.843750 0.502451
vt 0.843750 0.504902
vt 0.875000 0.500000
vt 0.875000 0.502451
vt 0.875000 0.504902
vt 0.906250 0.500000
vt 0.906250 0.502451
vt 0.906250 0.504902
vt 0.937500 0.500000
vt 0.937500 0.502451
vt 0.937500 0.504902
vt 0.968750 0.500000
vt 0.968750 0.502451
vt 0.968750 0.504902
vt 1.000000 0.500000
vt 1.000000 0.502451
vt 1.000000 0.504902
s 0
usemtl verde.001
f 1/1/1 32/32/1 31/31/1 30/30/1 29/29/1 28/28/1 27/27/1 26/26/1 25/25/1 24/24/1 23/23/1 22/22/1 21/21/1 20/20/1 19/19/1 18/18/1 17/17/1 16/16/1 15/15/1 14/14/1 13/13/1 12/12/1 11/11/1 10/10/1 9/9/1 8/8/1 7/7/1 6/6/1 5/5/1 4/4/1 3/3/1 2/2/1
f 2141/33/2 2144/36/2 33/35/2 544/34/2
f 2207/37/3 2146/40/3 34/39/3 543/38/3
f 2271/41/4 2210/44/4 35/43/4 542/42/4
f 542/42/5 35/43/5 36/46/5 541/45/5
f 541/45/6 36/46/6 37/48/6 540/47/6
f 540/47/7 37/48/7 38/50/7 539/49/7
f 539/49/8 38/50/8 39/52/8 538/51/8
f 538/51/8 39/52/8 40/54/8 537/53/8
f 467/55/9 1668/55/9 1662/56/9 451/56/9
f 536/57/8 41/60/8 42/59/8 535/58/8
f 535/58/8 42/59/8 43/62/8 534/61/8
f 194/63/10 1565/63/10 1571/64/10 210/64/10
f 533/65/8 44/68/8 45/67/8 532/66/8
f 532/66/8 45/67/8 46/70/8 531/69/8
f 313/71/11 1612/71/11 1606/72/11 297/72/11
f 1441/73/8 47/76/8 1444/75/8 1443/74/8
f 2139/77/12 2141/33/12 544/34/12 528/78/12
f 2205/79/13 2207/37/13 543/38/13 527/80/13
f 2269/81/14 2271/41/14 542/42/14 526/82/14
f 526/82/15 542/42/15 541/45/15 525/83/15
f 525/83/16 541/45/16 540/47/16 524/84/16
f 524/84/17 540/47/17 539/49/17 523/85/17
f 523/85/18 539/49/18 538/51/18 522/86/18
f 522/86/18 538/51/18 537/53/18 521/87/18
f 41/88/19 1506/88/19 1515/89/19 56/89/19
f 520/90/18 536/57/18 535/58/18 519/91/18
f 519/91/18 535/58/18 534/61/18 518/92/18
f 262/93/20 1592/93/20 1586/94/20 246/94/20
f 517/95/18 533/65/18 532/66/18 516/96/18
f 516/96/18 532/66/18 531/69/18 515/97/18
f 211/98/21 1572/98/21 1566/99/21 195/99/21
f 1445/100/18 1441/73/18 1443/74/18 1446/101/18
f 2137/102/22 2139/77/22 528/78/22 512/103/22
f 2203/104/23 2205/79/23 527/80/23 511/105/23
f 2267/106/24 2269/81/24 526/82/24 510/107/24
f 510/107/25 526/82/25 525/83/25 509/108/25
f 509/108/26 525/83/26 524/84/26 508/109/26
f 508/109/27 524/84/27 523/85/27 507/110/27
f 507/110/28 523/85/28 522/86/28 506/111/28
f 506/111/28 522/86/28 521/87/28 505/112/28
f 57/113/29 1516/113/29 1505/114/29 40/114/29
f 504/115/28 520/90/28 519/91/28 503/116/28
f 503/116/28 519/91/28 518/92/28 502/117/28
f 504/115/30 1683/115/30 1689/90/30 520/90/30
f 501/118/28 517/95/28 516/96/28 500/119/28
f 500/119/28 516/96/28 515/97/28 499/120/28
f 453/121/31 1663/121/31 1669/122/31 469/122/31
f 1447/123/28 1445/100/28 1446/101/28 1448/124/28
f 2135/125/32 2137/102/32 512/103/32 496/126/32
f 2201/127/33 2203/104/33 511/105/33 495/128/33
f 2265/129/34 2267/106/34 510/107/34 494/130/34
f 494/130/35 510/107/35 509/108/35 493/131/35
f 493/131/36 509/108/36 508/109/36 492/132/36
f 492/132/37 508/109/37 507/110/37 491/133/37
f 491/133/38 507/110/38 506/111/38 490/134/38
f 490/134/38 506/111/38 505/112/38 489/135/38
f 402/136/39 1643/136/39 1649/137/39 418/137/39
f 488/138/38 504/115/38 503/116/38 487/139/38
f 487/139/38 503/116/38 502/117/38 486/140/38
f 521/87/40 1690/87/40 1684/112/40 505/112/40
f 485/141/38 501/118/38 500/119/38 484/142/38
f 484/142/38 500/119/38 499/120/38 483/143/38
f 248/144/41 1587/144/41 1593/145/41 264/145/41
f 1449/146/38 1447/123/38 1448/124/38 1450/147/38
f 2133/148/42 2135/125/42 496/126/42 480/149/42
f 2199/150/43 2201/127/43 495/128/43 479/151/43
f 2263/152/44 2265/129/44 494/130/44 478/153/44
f 478/153/45 494/130/45 493/131/45 477/154/45
f 477/154/46 493/131/46 492/132/46 476/155/46
f 476/155/47 492/132/47 491/133/47 475/156/47
f 475/156/48 491/133/48 490/134/48 474/157/48
f 474/157/48 490/134/48 489/135/48 473/158/48
f 470/159/49 1670/159/49 1664/160/49 454/160/49
f 472/161/48 488/138/48 487/139/48 471/162/48
f 471/162/48 487/139/48 486/140/48 470/159/48
f 197/163/50 1567/163/50 1573/164/50 213/164/50
f 469/122/48 485/141/48 484/142/48 468/165/48
f 468/165/48 484/142/48 483/143/48 467/55/48
f 419/166/51 1650/166/51 1644/167/51 403/167/51
f 1451/168/48 1449/146/48 1450/147/48 1452/169/48
f 2131/170/52 2133/148/52 480/149/52 464/171/52
f 2197/172/53 2199/150/53 479/151/53 463/173/53
f 2261/174/54 2263/152/54 478/153/54 462/175/54
f 462/175/55 478/153/55 477/154/55 461/176/55
f 461/176/56 477/154/56 476/155/56 460/177/56
f 460/177/57 476/155/57 475/156/57 459/178/57
f 459/178/58 475/156/58 474/157/58 458/179/58
f 458/179/58 474/157/58 473/158/58 457/180/58
f 146/181/59 1547/181/59 1553/182/59 162/182/59
f 456/183/58 472/161/58 471/162/58 455/184/58
f 455/184/58 471/162/58 470/159/58 454/160/58
f 265/185/60 1594/185/60 1588/186/60 249/186/60
f 453/121/58 469/122/58 468/165/58 452/187/58
f 452/187/58 468/165/58 467/55/58 451/56/58
f 214/188/61 1574/188/61 1568/189/61 198/189/61
f 1453/190/58 1451/168/58 1452/169/58 1454/191/58
f 2129/192/62 2131/170/62 464/171/62 448/193/62
f 2195/194/63 2197/172/63 463/173/63 447/195/63
f 2259/196/64 2261/174/64 462/175/64 446/197/64
f 446/197/65 462/175/65 461/176/65 445/198/65
f 445/198/66 461/176/66 460/177/66 444/199/66
f 444/199/67 460/177/67 459/178/67 443/200/67
f 443/200/68 459/178/68 458/179/68 442/201/68
f 442/201/68 458/179/68 457/180/68 441/202/68
f 163/203/69 1554/203/69 1548/204/69 147/204/69
f 440/205/68 456/183/68 455/184/68 439/206/68
f 439/206/68 455/184/68 454/160/68 438/207/68
f 456/183/70 1665/183/70 1671/161/70 472/161/70
f 437/208/68 453/121/68 452/187/68 436/209/68
f 436/209/68 452/187/68 451/56/68 435/210/68
f 405/211/71 1645/211/71 1651/212/71 421/212/71
f 1455/213/68 1453/190/68 1454/191/68 1456/214/68
f 2127/215/72 2129/192/72 448/193/72 432/216/72
f 2193/217/73 2195/194/73 447/195/73 431/218/73
f 2257/219/74 2259/196/74 446/197/74 430/220/74
f 430/220/75 446/197/75 445/198/75 429/221/75
f 429/221/76 445/198/76 444/199/76 428/222/76
f 428/222/77 444/199/77 443/200/77 427/223/77
f 427/223/78 443/200/78 442/201/78 426/224/78
f 426/224/78 442/201/78 441/202/78 425/225/78
f 354/226/79 1625/226/79 1631/227/79 370/227/79
f 424/228/78 440/205/78 439/206/78 423/229/78
f 423/229/78 439/206/78 438/207/78 422/230/78
f 473/158/80 1672/158/80 1666/180/80 457/180/80
f 421/212/78 437/208/78 436/209/78 420/231/78
f 420/231/78 436/209/78 435/210/78 419/166/78
f 200/232/81 1569/232/81 1575/233/81 216/233/81
f 1457/137/78 1455/213/78 1456/214/78 1458/234/78
f 2125/235/82 2127/215/82 432/216/82 416/236/82
f 2191/237/83 2193/217/83 431/218/83 415/238/83
f 2255/239/84 2257/219/84 430/220/84 414/240/84
f 414/240/85 430/220/85 429/221/85 413/241/85
f 413/241/86 429/221/86 428/222/86 412/242/86
f 412/242/87 428/222/87 427/223/87 411/243/87
f 411/243/88 427/223/88 426/224/88 410/244/88
f 410/244/88 426/224/88 425/225/88 409/245/88
f 422/230/89 1652/230/89 1646/246/89 406/246/89
f 408/247/88 424/228/88 423/229/88 407/248/88
f 407/248/88 423/229/88 422/230/88 406/246/88
f 149/249/90 1549/249/90 1555/250/90 165/250/90
f 405/211/88 421/212/88 420/231/88 404/251/88
f 404/251/88 420/231/88 419/166/88 403/167/88
f 371/252/91 1632/252/91 1626/253/91 355/253/91
f 1459/136/88 1457/137/88 1458/234/88 1460/254/88
f 2123/255/92 2125/235/92 416/236/92 400/256/92
f 2189/257/93 2191/237/93 415/238/93 399/258/93
f 2253/259/94 2255/239/94 414/240/94 398/260/94
f 398/260/95 414/240/95 413/241/95 397/261/95
f 397/261/96 413/241/96 412/242/96 396/262/96
f 396/262/97 412/242/97 411/243/97 395/263/97
f 395/263/98 411/243/98 410/244/98 394/264/98
f 394/264/98 410/244/98 409/245/98 393/265/98
f 98/266/99 1529/266/99 1535/267/99 114/267/99
f 392/268/98 408/247/98 407/248/98 391/269/98
f 391/269/98 407/248/98 406/246/98 390/270/98
f 217/271/100 1576/271/100 1570/272/100 201/272/100
f 389/273/98 405/211/98 404/251/98 388/274/98
f 388/274/98 404/251/98 403/167/98 387/275/98
f 166/276/101 1556/276/101 1550/277/101 150/277/101
f 1461/278/98 1459/136/98 1460/254/98 1462/279/98
f 2121/280/102 2123/255/102 400/256/102 384/281/102
f 2187/282/103 2189/257/103 399/258/103 383/283/103
f 2251/284/104 2253/259/104 398/260/104 382/285/104
f 382/285/105 398/260/105 397/261/105 381/286/105
f 381/286/106 397/261/106 396/262/106 380/287/106
f 380/287/107 396/262/107 395/263/107 379/288/107
f 379/288/108 395/263/108 394/264/108 378/289/108
f 378/289/108 394/264/108 393/265/108 377/290/108
f 115/291/109 1536/291/109 1530/292/109 99/292/109
f 376/293/108 392/268/108 391/269/108 375/294/108
f 375/294/108 391/269/108 390/270/108 374/295/108
f 408/247/110 1647/247/110 1653/228/110 424/228/110
f 373/296/108 389/273/108 388/274/108 372/297/108
f 372/297/108 388/274/108 387/275/108 371/252/108
f 357/298/111 1627/298/111 1633/296/111 373/296/111
f 1463/227/108 1461/278/108 1462/279/108 1464/299/108
f 2119/300/112 2121/280/112 384/281/112 368/301/112
f 2185/302/113 2187/282/113 383/283/113 367/303/113
f 2249/304/114 2251/284/114 382/285/114 366/305/114
f 366/305/115 382/285/115 381/286/115 365/306/115
f 365/306/116 381/286/116 380/287/116 364/307/116
f 364/307/117 380/287/117 379/288/117 363/308/117
f 363/308/118 379/288/118 378/289/118 362/309/118
f 362/309/118 378/289/118 377/290/118 361/310/118
f 306/311/119 1607/311/119 1613/312/119 322/312/119
f 360/313/118 376/293/118 375/294/118 359/314/118
f 359/314/118 375/294/118 374/295/118 358/315/118
f 425/225/120 1654/225/120 1648/245/120 409/245/120
f 357/298/118 373/296/118 372/297/118 356/316/118
f 356/316/118 372/297/118 371/252/118 355/253/118
f 152/317/121 1551/317/121 1557/318/121 168/318/121
f 1465/226/118 1463/227/118 1464/299/118 1466/319/118
f 2117/320/122 2119/300/122 368/301/122 352/321/122
f 2183/322/123 2185/302/123 367/303/123 351/323/123
f 2247/324/124 2249/304/124 366/305/124 350/325/124
f 350/325/125 366/305/125 365/306/125 349/326/125
f 349/326/126 365/306/126 364/307/126 348/327/126
f 348/327/127 364/307/127 363/308/127 347/328/127
f 347/328/128 363/308/128 362/309/128 346/329/128
f 346/329/128 362/309/128 361/310/128 345/330/128
f 374/295/129 1634/295/129 1628/315/129 358/315/129
f 344/331/128 360/313/128 359/314/128 343/332/128
f 343/332/128 359/314/128 358/315/128 342/333/128
f 101/334/130 1531/334/130 1537/335/130 117/335/130
f 341/336/128 357/298/128 356/316/128 340/337/128
f 340/337/128 356/316/128 355/253/128 339/338/128
f 323/339/131 1614/339/131 1608/340/131 307/340/131
f 1467/341/128 1465/226/128 1466/319/128 1468/342/128
f 2115/343/132 2117/320/132 352/321/132 336/344/132
f 2181/345/133 2183/322/133 351/323/133 335/346/133
f 2245/347/134 2247/324/134 350/325/134 334/348/134
f 334/348/135 350/325/135 349/326/135 333/349/135
f 333/349/136 349/326/136 348/327/136 332/350/136
f 332/350/137 348/327/137 347/328/137 331/351/137
f 331/351/138 347/328/138 346/329/138 330/352/138
f 330/352/138 346/329/138 345/330/138 329/353/138
f 50/354/139 1511/354/139 1517/355/139 66/355/139
f 328/356/138 344/331/138 343/332/138 327/357/138
f 327/357/138 343/332/138 342/333/138 326/358/138
f 169/359/140 1558/359/140 1552/360/140 153/360/140
f 325/361/138 341/336/138 340/337/138 324/362/138
f 324/362/138 340/337/138 339/338/138 323/339/138
f 118/363/141 1538/363/141 1532/364/141 102/364/141
f 1469/312/138 1467/341/138 1468/342/138 1470/365/138
f 2113/366/142 2115/343/142 336/344/142 320/367/142
f 2179/368/143 2181/345/143 335/346/143 319/369/143
f 2243/370/144 2245/347/144 334/348/144 318/371/144
f 318/371/145 334/348/145 333/349/145 317/372/145
f 317/372/146 333/349/146 332/350/146 316/373/146
f 316/373/147 332/350/147 331/351/147 315/374/147
f 315/374/148 331/351/148 330/352/148 314/375/148
f 314/375/148 330/352/148 329/353/148 313/71/148
f 67/376/149 1518/376/149 1512/377/149 51/377/149
f 312/378/148 328/356/148 327/357/148 311/379/148
f 311/379/148 327/357/148 326/358/148 310/380/148
f 514/100/150 1685/100/150 1691/73/150 530/73/150
f 309/381/148 325/361/148 324/362/148 308/382/148
f 308/382/148 324/362/148 323/339/148 307/340/148
f 360/313/151 1629/313/151 1635/293/151 376/293/151
f 1471/311/148 1469/312/148 1470/365/148 1472/383/148
f 2111/384/152 2113/366/152 320/367/152 304/385/152
f 2177/386/153 2179/368/153 319/369/153 303/387/153
f 2241/388/154 2243/370/154 318/371/154 302/389/154
f 302/389/155 318/371/155 317/372/155 301/390/155
f 301/390/156 317/372/156 316/373/156 300/391/156
f 300/391/157 316/373/157 315/374/157 299/392/157
f 299/392/158 315/374/158 314/375/158 298/393/158
f 298/393/158 314/375/158 313/71/158 297/72/158
f 309/381/159 1609/381/159 1615/361/159 325/361/159
f 296/394/158 312/378/158 311/379/158 295/395/158
f 295/395/158 311/379/158 310/380/158 294/396/158
f 531/69/160 1692/69/160 1686/97/160 515/97/160
f 293/397/158 309/381/158 308/382/158 292/398/158
f 292/398/158 308/382/158 307/340/158 291/399/158
f 258/400/161 1589/400/161 1595/401/161 274/401/161
f 1473/402/158 1471/311/158 1472/383/158 1474/403/158
f 2109/404/162 2111/384/162 304/385/162 288/405/162
f 2175/406/163 2177/386/163 303/387/163 287/407/163
f 2239/408/164 2241/388/164 302/389/164 286/409/164
f 286/409/165 302/389/165 301/390/165 285/410/165
f 285/410/166 301/390/166 300/391/166 284/411/166
f 284/411/167 300/391/167 299/392/167 283/412/167
f 283/412/168 299/392/168 298/393/168 282/413/168
f 282/413/168 298/393/168 297/72/168 281/414/168
f 377/290/169 1636/290/169 1630/310/169 361/310/169
f 280/415/168 296/394/168 295/395/168 279/416/168
f 279/416/168 295/395/168 294/396/168 278/417/168
f 104/418/170 1533/418/170 1539/419/170 120/419/170
f 277/420/168 293/397/168 292/398/168 276/421/168
f 276/421/168 292/398/168 291/399/168 275/422/168
f 326/358/171 1616/358/171 1610/380/171 310/380/171
f 1475/401/168 1473/402/168 1474/403/168 1476/423/168
f 2107/424/172 2109/404/172 288/405/172 272/425/172
f 2173/426/173 2175/406/173 287/407/173 271/427/173
f 2237/428/174 2239/408/174 286/409/174 270/429/174
f 270/429/175 286/409/175 285/410/175 269/430/175
f 269/430/176 285/410/176 284/411/176 268/431/176
f 268/431/177 284/411/177 283/412/177 267/432/177
f 267/432/178 283/412/178 282/413/178 266/433/178
f 266/433/178 282/413/178 281/414/178 265/185/178
f 53/434/179 1513/434/179 1519/435/179 69/435/179
f 264/145/178 280/415/178 279/416/178 263/436/178
f 263/436/178 279/416/178 278/417/178 262/93/178
f 275/422/180 1596/422/180 1590/437/180 259/437/180
f 261/438/178 277/420/178 276/421/178 260/439/178
f 260/439/178 276/421/178 275/422/178 259/437/178
f 121/440/181 1540/440/181 1534/441/181 105/441/181
f 1477/400/178 1475/401/178 1476/423/178 1478/442/178
f 2105/443/182 2107/424/182 272/425/182 256/444/182
f 2171/445/183 2173/426/183 271/427/183 255/446/183
f 2235/447/184 2237/428/184 270/429/184 254/448/184
f 254/448/185 270/429/185 269/430/185 253/449/185
f 253/449/186 269/430/186 268/431/186 252/450/186
f 252/450/187 268/431/187 267/432/187 251/451/187
f 251/451/188 267/432/188 266/433/188 250/452/188
f 250/452/188 266/433/188 265/185/188 249/186/188
f 70/453/189 1520/453/189 1514/454/189 54/454/189
f 248/144/188 264/145/188 263/436/188 247/455/188
f 247/455/188 263/436/188 262/93/188 246/94/188
f 517/95/190 1687/95/190 1693/65/190 533/65/190
f 245/456/188 261/438/188 260/439/188 244/457/188
f 244/457/188 260/439/188 259/437/188 243/458/188
f 466/168/191 1667/168/191 1673/146/191 482/146/191
f 1479/459/188 1477/400/188 1478/442/188 1480/460/188
f 2103/461/192 2105/443/192 256/444/192 240/462/192
f 2169/463/193 2171/445/193 255/446/193 239/464/193
f 2233/465/194 2235/447/194 254/448/194 238/466/194
f 238/466/195 254/448/195 253/449/195 237/467/195
f 237/467/196 253/449/196 252/450/196 236/468/196
f 236/468/197 252/450/197 251/451/197 235/469/197
f 235/469/198 251/451/198 250/452/198 234/470/198
f 234/470/198 250/452/198 249/186/198 233/471/198
f 312/378/199 1611/378/199 1617/356/199 328/356/199
f 232/472/198 248/144/198 247/455/198 231/473/198
f 231/473/198 247/455/198 246/94/198 230/474/198
f 534/61/200 1694/61/200 1688/92/200 518/92/200
f 229/475/198 245/456/198 244/457/198 228/476/198
f 228/476/198 244/457/198 243/458/198 227/477/198
f 261/438/201 1591/438/201 1597/420/201 277/420/201
f 1481/478/198 1479/459/198 1480/460/198 1482/479/198
f 2101/480/202 2103/461/202 240/462/202 224/481/202
f 2167/482/203 2169/463/203 239/464/203 223/483/203
f 2231/484/204 2233/465/204 238/466/204 222/485/204
f 222/485/205 238/466/205 237/467/205 221/486/205
f 221/486/206 237/467/206 236/468/206 220/487/206
f 220/487/207 236/468/207 235/469/207 219/488/207
f 219/488/208 235/469/208 234/470/208 218/489/208
f 218/489/208 234/470/208 233/471/208 217/271/208
f 483/143/209 1674/143/209 1668/55/209 467/55/209
f 216/233/208 232/472/208 231/473/208 215/490/208
f 215/490/208 231/473/208 230/474/208 214/188/208
f 210/64/210 1571/64/210 1577/478/210 226/478/210
f 213/164/208 229/475/208 228/476/208 212/491/208
f 212/491/208 228/476/208 227/477/208 211/98/208
f 329/353/211 1618/353/211 1612/71/211 313/71/211
f 1483/64/208 1481/478/208 1482/479/208 1484/492/208
f 2099/493/212 2101/480/212 224/481/212 208/494/212
f 2165/495/213 2167/482/213 223/483/213 207/496/213
f 2229/497/214 2231/484/214 222/485/214 206/498/214
f 206/498/215 222/485/215 221/486/215 205/499/215
f 205/499/216 221/486/216 220/487/216 204/500/216
f 204/500/217 220/487/217 219/488/217 203/501/217
f 203/501/218 219/488/218 218/489/218 202/502/218
f 202/502/218 218/489/218 217/271/218 201/272/218
f 56/89/219 1515/89/219 1521/503/219 72/503/219
f 200/232/218 216/233/218 215/490/218 199/504/218
f 199/504/218 215/490/218 214/188/218 198/189/218
f 278/417/220 1598/417/220 1592/93/220 262/93/220
f 197/163/218 213/164/218 212/491/218 196/505/218
f 196/505/218 212/491/218 211/98/218 195/99/218
f 227/477/221 1578/477/221 1572/98/221 211/98/221
f 1485/63/218 1483/64/218 1484/492/218 1486/506/218
f 2097/507/222 2099/493/222 208/494/222 192/508/222
f 2163/509/223 2165/495/223 207/496/223 191/510/223
f 2227/511/224 2229/497/224 206/498/224 190/512/224
f 190/512/225 206/498/225 205/499/225 189/513/225
f 189/513/226 205/499/226 204/500/226 188/514/226
f 188/514/227 204/500/227 203/501/227 187/515/227
f 187/515/228 203/501/228 202/502/228 186/516/228
f 186/516/228 202/502/228 201/272/228 185/517/228
f 73/518/229 1522/518/229 1516/113/229 57/113/229
f 184/519/228 200/232/228 199/504/228 183/520/228
f 183/520/228 199/504/228 198/189/228 182/521/228
f 520/90/230 1689/90/230 1695/57/230 536/57/230
f 181/522/228 197/163/228 196/505/228 180/523/228
f 180/523/228 196/505/228 195/99/228 179/524/228
f 469/122/231 1669/122/231 1675/141/231 485/141/231
f 1487/525/228 1485/63/228 1486/506/228 1488/526/228
f 2095/527/232 2097/507/232 192/508/232 176/528/232
f 2161/529/233 2163/509/233 191/510/233 175/530/233
f 2225/531/234 2227/511/234 190/512/234 174/532/234
f 174/532/235 190/512/235 189/513/235 173/533/235
f 173/533/236 189/513/236 188/514/236 172/534/236
f 172/534/237 188/514/237 187/515/237 171/535/237
f 171/535/238 187/515/238 186/516/238 170/536/238
f 170/536/238 186/516/238 185/517/238 169/359/238
f 418/137/239 1649/137/239 1655/213/239 434/213/239
f 168/318/238 184/519/238 183/520/238 167/537/238
f 167/537/238 183/520/238 182/521/238 166/276/238
f 537/53/240 1696/53/240 1690/87/240 521/87/240
f 165/250/238 181/522/238 180/523/238 164/538/238
f 164/538/238 180/523/238 179/524/238 163/203/238
f 264/145/241 1593/145/241 1599/415/241 280/415/241
f 1489/182/238 1487/525/238 1488/526/238 1490/539/238
f 2093/540/242 2095/527/242 176/528/242 160/541/242
f 2159/542/243 2161/529/243 175/530/243 159/543/243
f 2223/544/244 2225/531/244 174/532/244 158/545/244
f 158/545/245 174/532/245 173/533/245 157/546/245
f 157/546/246 173/533/246 172/534/246 156/547/246
f 156/547/247 172/534/247 171/535/247 155/548/247
f 155/548/248 171/535/248 170/536/248 154/549/248
f 154/549/248 170/536/248 169/359/248 153/360/248
f 486/140/249 1676/140/249 1670/159/249 470/159/249
f 152/317/248 168/318/248 167/537/248 151/550/248
f 151/550/248 167/537/248 166/276/248 150/277/248
f 213/164/250 1573/164/250 1579/475/250 229/475/250
f 149/249/248 165/250/248 164/538/248 148/551/248
f 148/551/248 164/538/248 163/203/248 147/204/248
f 435/210/251 1656/210/251 1650/166/251 419/166/251
f 1491/181/248 1489/182/248 1490/539/248 1492/552/248
f 2091/553/252 2093/540/252 160/541/252 144/554/252
f 2157/555/253 2159/542/253 159/543/253 143/556/253
f 2221/557/254 2223/544/254 158/545/254 142/558/254
f 142/558/255 158/545/255 157/546/255 141/559/255
f 141/559/256 157/546/256 156/547/256 140/560/256
f 140/560/257 156/547/257 155/548/257 139/561/257
f 139/561/258 155/548/258 154/549/258 138/562/258
f 138/562/258 154/549/258 153/360/258 137/563/258
f 162/182/259 1553/182/259 1559/525/259 178/525/259
f 136/564/258 152/317/258 151/550/258 135/565/258
f 135/565/258 151/550/258 150/277/258 134/566/258
f 281/414/260 1600/414/260 1594/185/260 265/185/260
f 133/567/258 149/249/258 148/551/258 132/568/258
f 132/568/258 148/551/258 147/204/258 131/569/258
f 230/474/261 1580/474/261 1574/188/261 214/188/261
f 1493/570/258 1491/181/258 1492/552/258 1494/571/258
f 2089/572/262 2091/553/262 144/554/262 128/573/262
f 2155/574/263 2157/555/263 143/556/263 127/575/263
f 2219/576/264 2221/557/264 142/558/264 126/577/264
f 126/577/265 142/558/265 141/559/265 125/578/265
f 125/578/266 141/559/266 140/560/266 124/579/266
f 124/579/267 140/560/267 139/561/267 123/580/267
f 123/580/268 139/561/268 138/562/268 122/581/268
f 122/581/268 138/562/268 137/563/268 121/440/268
f 179/524/269 1560/524/269 1554/203/269 163/203/269
f 120/419/268 136/564/268 135/565/268 119/582/268
f 119/582/268 135/565/268 134/566/268 118/363/268
f 472/161/270 1671/161/270 1677/138/270 488/138/270
f 117/335/268 133/567/268 132/568/268 116/583/268
f 116/583/268 132/568/268 131/569/268 115/291/268
f 421/212/271 1651/212/271 1657/208/271 437/208/271
f 1495/267/268 1493/570/268 1494/571/268 1496/584/268
f 2087/585/272 2089/572/272 128/573/272 112/586/272
f 2153/587/273 2155/574/273 127/575/273 111/588/273
f 2217/589/274 2219/576/274 126/577/274 110/590/274
f 110/590/275 126/577/275 125/578/275 109/591/275
f 109/591/276 125/578/276 124/579/276 108/592/276
f 108/592/277 124/579/277 123/580/277 107/593/277
f 107/593/278 123/580/278 122/581/278 106/594/278
f 106/594/278 122/581/278 121/440/278 105/441/278
f 370/227/279 1631/227/279 1637/278/279 386/278/279
f 104/418/278 120/419/278 119/582/278 103/595/278
f 103/595/278 119/582/278 118/363/278 102/364/278
f 489/135/280 1678/135/280 1672/158/280 473/158/280
f 101/334/278 117/335/278 116/583/278 100/596/278
f 100/596/278 116/583/278 115/291/278 99/292/278
f 216/233/281 1575/233/281 1581/472/281 232/472/281
f 1497/266/278 1495/267/278 1496/584/278 1498/597/278
f 2085/598/282 2087/585/282 112/586/282 96/599/282
f 2151/600/283 2153/587/283 111/588/283 95/601/283
f 2215/602/284 2217/589/284 110/590/284 94/603/284
f 94/603/285 110/590/285 109/591/285 93/604/285
f 93/604/286 109/591/286 108/592/286 92/605/286
f 92/605/287 108/592/287 107/593/287 91/606/287
f 91/606/288 107/593/288 106/594/288 90/607/288
f 90/607/288 106/594/288 105/441/288 89/608/288
f 438/207/289 1658/207/289 1652/230/289 422/230/289
f 88/609/288 104/418/288 103/595/288 87/610/288
f 87/610/288 103/595/288 102/364/288 86/611/288
f 165/250/290 1555/250/290 1561/522/290 181/522/290
f 85/612/288 101/334/288 100/596/288 84/613/288
f 84/613/288 100/596/288 99/292/288 83/614/288
f 387/275/291 1638/275/291 1632/252/291 371/252/291
f 1499/615/288 1497/266/288 1498/597/288 1500/616/288
f 2083/617/292 2085/598/292 96/599/292 80/618/292
f 2149/619/293 2151/600/293 95/601/293 79/620/293
f 2213/621/294 2215/602/294 94/603/294 78/622/294
f 78/622/295 94/603/295 93/604/295 77/623/295
f 77/623/296 93/604/296 92/605/296 76/624/296
f 76/624/297 92/605/297 91/606/297 75/625/297
f 75/625/298 91/606/298 90/607/298 74/626/298
f 74/626/298 90/607/298 89/608/298 73/518/298
f 114/267/299 1535/267/299 1541/570/299 130/570/299
f 72/503/298 88/609/298 87/610/298 71/627/298
f 71/627/298 87/610/298 86/611/298 70/453/298
f 233/471/300 1582/471/300 1576/271/300 217/271/300
f 69/435/298 85/612/298 84/613/298 68/628/298
f 68/628/298 84/613/298 83/614/298 67/376/298
f 182/521/301 1562/521/301 1556/276/301 166/276/301
f 1501/355/298 1499/615/298 1500/616/298 1502/629/298
f 2081/630/302 2083/617/302 80/618/302 64/631/302
f 2147/632/303 2149/619/303 79/620/303 63/633/303
f 2211/634/304 2213/621/304 78/622/304 62/635/304
f 62/635/305 78/622/305 77/623/305 61/636/305
f 61/636/306 77/623/306 76/624/306 60/637/306
f 60/637/307 76/624/307 75/625/307 59/638/307
f 59/638/308 75/625/308 74/626/308 58/639/308
f 58/639/308 74/626/308 73/518/308 57/113/308
f 131/569/309 1542/569/309 1536/291/309 115/291/309
f 56/89/308 72/503/308 71/627/308 55/640/308
f 55/640/308 71/627/308 70/453/308 54/454/308
f 424/228/310 1653/228/310 1659/205/310 440/205/310
f 53/434/308 69/435/308 68/628/308 52/641/308
f 52/641/308 68/628/308 67/376/308 51/377/308
f 373/296/311 1633/296/311 1639/273/311 389/273/311
f 1503/354/308 1501/355/308 1502/629/308 1504/642/308
f 2144/643/312 2081/630/312 64/631/312 33/644/312
f 2146/645/313 2147/632/313 63/633/313 34/646/313
f 2210/647/314 2211/634/314 62/635/314 35/648/314
f 35/648/315 62/635/315 61/636/315 36/649/315
f 36/649/316 61/636/316 60/637/316 37/650/316
f 37/650/317 60/637/317 59/638/317 38/651/317
f 38/651/318 59/638/318 58/639/318 39/652/318
f 39/652/318 58/639/318 57/113/318 40/114/318
f 322/312/319 1613/312/319 1619/341/319 338/341/319
f 41/88/318 56/89/318 55/640/318 42/653/318
f 42/653/318 55/640/318 54/454/318 43/654/318
f 441/202/320 1660/202/320 1654/225/320 425/225/320
f 44/655/318 53/434/318 52/641/318 45/656/318
f 45/656/318 52/641/318 51/377/318 46/657/318
f 168/318/321 1557/318/321 1563/519/321 184/519/321
f 47/658/318 1503/354/318 1504/642/318 1444/659/318
f 574/660/322 600/663/322 572/662/322 546/661/322
f 600/663/323 599/665/323 571/664/323 572/662/323
f 599/665/324 598/667/324 570/666/324 571/664/324
f 598/667/325 597/669/325 569/668/325 570/666/325
f 597/669/326 596/671/326 568/670/326 569/668/326
f 596/671/327 595/673/327 567/672/327 568/670/327
f 595/673/328 594/675/328 566/674/328 567/672/328
f 594/675/329 593/677/329 565/676/329 566/674/329
f 593/677/330 592/679/330 564/678/330 565/676/330
f 592/679/331 591/681/331 563/680/331 564/678/331
f 591/681/332 590/683/332 562/682/332 563/680/332
f 590/683/333 589/685/333 561/684/333 562/682/333
f 589/685/334 588/687/334 560/686/334 561/684/334
f 588/687/335 587/689/335 559/688/335 560/686/335
f 587/690/336 586/693/336 558/692/336 559/691/336
f 586/693/337 585/695/337 557/694/337 558/692/337
f 585/695/338 584/697/338 556/696/338 557/694/338
f 584/697/339 583/699/339 555/698/339 556/696/339
f 583/699/340 582/701/340 554/700/340 555/698/340
f 582/701/341 581/703/341 553/702/341 554/700/341
f 581/703/342 580/705/342 552/704/342 553/702/342
f 580/705/343 579/707/343 551/706/343 552/704/343
f 579/707/344 578/709/344 550/708/344 551/706/344
f 578/709/345 577/711/345 549/710/345 550/708/345
f 577/711/346 576/713/346 548/712/346 549/710/346
f 576/713/347 575/715/347 547/714/347 548/712/347
f 575/715/348 573/717/348 545/716/348 547/714/348
f 602/718/349 628/719/349 600/663/349 574/660/349
f 628/719/350 627/720/350 599/665/350 600/663/350
f 627/720/351 626/721/351 598/667/351 599/665/351
f 626/721/352 625/722/352 597/669/352 598/667/352
f 625/722/353 624/723/353 596/671/353 597/669/353
f 624/723/354 623/724/354 595/673/354 596/671/354
f 623/724/355 622/725/355 594/675/355 595/673/355
f 622/725/356 621/726/356 593/677/356 594/675/356
f 621/726/357 620/727/357 592/679/357 593/677/357
f 620/727/358 619/728/358 591/681/358 592/679/358
f 619/728/359 618/729/359 590/683/359 591/681/359
f 618/729/360 617/730/360 589/685/360 590/683/360
f 617/730/361 616/731/361 588/687/361 589/685/361
f 616/731/362 615/732/362 587/689/362 588/687/362
f 615/733/363 614/734/363 586/693/363 587/690/363
f 614/734/364 613/735/364 585/695/364 586/693/364
f 613/735/365 612/736/365 584/697/365 585/695/365
f 612/736/366 611/737/366 583/699/366 584/697/366
f 611/737/367 610/738/367 582/701/367 583/699/367
f 610/738/368 609/739/368 581/703/368 582/701/368
f 609/739/369 608/740/369 580/705/369 581/703/369
f 608/740/370 607/741/370 579/707/370 580/705/370
f 607/741/371 606/742/371 578/709/371 579/707/371
f 606/742/372 605/743/372 577/711/372 578/709/372
f 605/743/373 604/744/373 576/713/373 577/711/373
f 604/744/374 603/745/374 575/715/374 576/713/374
f 603/745/375 601/746/375 573/717/375 575/715/375
f 630/747/376 656/748/376 628/719/376 602/718/376
f 656/748/377 655/749/377 627/720/377 628/719/377
f 655/749/378 654/750/378 626/721/378 627/720/378
f 654/750/379 653/751/379 625/722/379 626/721/379
f 653/751/380 652/752/380 624/723/380 625/722/380
f 652/752/381 651/753/381 623/724/381 624/723/381
f 651/753/382 650/754/382 622/725/382 623/724/382
f 650/754/383 649/755/383 621/726/383 622/725/383
f 649/755/384 648/756/384 620/727/384 621/726/384
f 648/756/385 647/757/385 619/728/385 620/727/385
f 647/757/386 646/758/386 618/729/386 619/728/386
f 646/758/387 645/759/387 617/730/387 618/729/387
f 645/759/388 644/760/388 616/731/388 617/730/388
f 644/760/389 643/761/389 615/732/389 616/731/389
f 643/762/390 642/763/390 614/734/390 615/733/390
f 642/763/391 641/764/391 613/735/391 614/734/391
f 641/764/392 640/765/392 612/736/392 613/735/392
f 640/765/393 639/766/393 611/737/393 612/736/393
f 639/766/394 638/767/394 610/738/394 611/737/394
f 638/767/395 637/768/395 609/739/395 610/738/395
f 637/768/396 636/769/396 608/740/396 609/739/396
f 636/769/397 635/770/397 607/741/397 608/740/397
f 635/770/398 634/771/398 606/742/398 607/741/398
f 634/771/399 633/772/399 605/743/399 606/742/399
f 633/772/400 632/773/400 604/744/400 605/743/400
f 632/773/401 631/774/401 603/745/401 604/744/401
f 631/774/402 629/775/402 601/746/402 603/745/402
f 658/776/403 684/777/403 656/748/403 630/747/403
f 684/777/404 683/778/404 655/749/404 656/748/404
f 683/778/405 682/779/405 654/750/405 655/749/405
f 682/779/406 681/780/406 653/751/406 654/750/406
f 681/780/407 680/781/407 652/752/407 653/751/407
f 680/781/408 679/782/408 651/753/408 652/752/408
f 679/782/409 678/783/409 650/754/409 651/753/409
f 678/783/410 677/784/410 649/755/410 650/754/410
f 677/784/411 676/785/411 648/756/411 649/755/411
f 676/785/412 675/786/412 647/757/412 648/756/412
f 675/786/413 674/787/413 646/758/413 647/757/413
f 674/787/414 673/788/414 645/759/414 646/758/414
f 673/788/415 672/789/415 644/760/415 645/759/415
f 672/789/416 671/790/416 643/761/416 644/760/416
f 671/791/417 670/792/417 642/763/417 643/762/417
f 670/792/418 669/793/418 641/764/418 642/763/418
f 669/793/419 668/794/419 640/765/419 641/764/419
f 668/794/420 667/795/420 639/766/420 640/765/420
f 667/795/421 666/796/421 638/767/421 639/766/421
f 666/796/422 665/797/422 637/768/422 638/767/422
f 665/797/423 664/798/423 636/769/423 637/768/423
f 664/798/424 663/799/424 635/770/424 636/769/424
f 663/799/425 662/800/425 634/771/425 635/770/425
f 662/800/426 661/801/426 633/772/426 634/771/426
f 661/801/427 660/802/427 632/773/427 633/772/427
f 660/802/428 659/803/428 631/774/428 632/773/428
f 659/803/429 657/804/429 629/775/429 631/774/429
f 686/805/430 712/806/430 684/777/430 658/776/430
f 712/806/431 711/807/431 683/778/431 684/777/431
f 711/807/432 710/808/432 682/779/432 683/778/432
f 710/808/433 709/809/433 681/780/433 682/779/433
f 709/809/434 708/810/434 680/781/434 681/780/434
f 708/810/435 707/811/435 679/782/435 680/781/435
f 707/811/436 706/812/436 678/783/436 679/782/436
f 706/812/437 705/813/437 677/784/437 678/783/437
f 705/813/438 704/814/438 676/785/438 677/784/438
f 704/814/439 703/815/439 675/786/439 676/785/439
f 703/815/440 702/816/440 674/787/440 675/786/440
f 702/816/441 701/817/441 673/788/441 674/787/441
f 701/817/442 700/818/442 672/789/442 673/788/442
f 700/818/443 699/819/443 671/790/443 672/789/443
f 699/820/444 698/821/444 670/792/444 671/791/444
f 698/821/445 697/822/445 669/793/445 670/792/445
f 697/822/446 696/823/446 668/794/446 669/793/446
f 696/823/447 695/824/447 667/795/447 668/794/447
f 695/824/448 694/825/448 666/796/448 667/795/448
f 694/825/449 693/826/449 665/797/449 666/796/449
f 693/826/450 692/827/450 664/798/450 665/797/450
f 692/827/451 691/828/451 663/799/451 664/798/451
f 691/828/452 690/829/452 662/800/452 663/799/452
f 690/829/453 689/830/453 661/801/453 662/800/453
f 689/830/454 688/831/454 660/802/454 661/801/454
f 688/831/455 687/832/455 659/803/455 660/802/455
f 687/832/456 685/833/456 657/804/456 659/803/456
f 714/834/457 740/835/457 712/806/457 686/805/457
f 740/835/458 739/836/458 711/807/458 712/806/458
f 739/836/459 738/837/459 710/808/459 711/807/459
f 738/837/460 737/838/460 709/809/460 710/808/460
f 737/838/461 736/839/461 708/810/461 709/809/461
f 736/839/462 735/840/462 707/811/462 708/810/462
f 735/840/463 734/841/463 706/812/463 707/811/463
f 734/841/464 733/842/464 705/813/464 706/812/464
f 733/842/465 732/843/465 704/814/465 705/813/465
f 732/843/466 731/844/466 703/815/466 704/814/466
f 731/844/467 730/845/467 702/816/467 703/815/467
f 730/845/468 729/846/468 701/817/468 702/816/468
f 729/846/469 728/847/469 700/818/469 701/817/469
f 728/847/470 727/848/470 699/819/470 700/818/470
f 727/849/471 726/850/471 698/821/471 699/820/471
f 726/850/472 725/851/472 697/822/472 698/821/472
f 725/851/473 724/852/473 696/823/473 697/822/473
f 724/852/474 723/853/474 695/824/474 696/823/474
f 723/853/475 722/854/475 694/825/475 695/824/475
f 722/854/476 721/855/476 693/826/476 694/825/476
f 721/855/477 720/856/477 692/827/477 693/826/477
f 720/856/478 719/857/478 691/828/478 692/827/478
f 719/857/479 718/858/479 690/829/479 691/828/479
f 718/858/480 717/859/480 689/830/480 690/829/480
f 717/859/481 716/860/481 688/831/481 689/830/481
f 716/860/482 715/861/482 687/832/482 688/831/482
f 715/861/483 713/862/483 685/833/483 687/832/483
f 742/863/484 768/864/484 740/835/484 714/834/484
f 768/864/485 767/865/485 739/836/485 740/835/485
f 767/865/486 766/866/486 738/837/486 739/836/486
f 766/866/487 765/867/487 737/838/487 738/837/487
f 765/867/488 764/868/488 736/839/488 737/838/488
f 764/868/489 763/869/489 735/840/489 736/839/489
f 763/869/490 762/870/490 734/841/490 735/840/490
f 762/870/491 761/871/491 733/842/491 734/841/491
f 761/871/492 760/872/492 732/843/492 733/842/492
f 760/872/493 759/873/493 731/844/493 732/843/493
f 759/873/494 758/874/494 730/845/494 731/844/494
f 758/874/495 757/875/495 729/846/495 730/845/495
f 757/875/496 756/876/496 728/847/496 729/846/496
f 756/876/497 755/877/497 727/848/497 728/847/497
f 755/878/498 754/879/498 726/850/498 727/849/498
f 754/879/499 753/880/499 725/851/499 726/850/499
f 753/880/500 752/881/500 724/852/500 725/851/500
f 752/881/501 751/882/501 723/853/501 724/852/501
f 751/882/502 750/883/502 722/854/502 723/853/502
f 750/883/503 749/884/503 721/855/503 722/854/503
f 749/884/504 748/885/504 720/856/504 721/855/504
f 748/885/505 747/886/505 719/857/505 720/856/505
f 747/886/506 746/887/506 718/858/506 719/857/506
f 746/887/507 745/888/507 717/859/507 718/858/507
f 745/888/508 744/889/508 716/860/508 717/859/508
f 744/889/509 743/890/509 715/861/509 716/860/509
f 743/890/510 741/891/510 713/862/510 715/861/510
f 770/892/511 796/893/511 768/864/511 742/863/511
f 796/893/512 795/894/512 767/865/512 768/864/512
f 795/894/513 794/895/513 766/866/513 767/865/513
f 794/895/514 793/896/514 765/867/514 766/866/514
f 793/896/515 792/897/515 764/868/515 765/867/515
f 792/897/516 791/898/516 763/869/516 764/868/516
f 791/898/517 790/899/517 762/870/517 763/869/517
f 790/899/518 789/900/518 761/871/518 762/870/518
f 789/900/519 788/901/519 760/872/519 761/871/519
f 788/901/520 787/902/520 759/873/520 760/872/520
f 787/902/521 786/903/521 758/874/521 759/873/521
f 786/903/522 785/904/522 757/875/522 758/874/522
f 785/904/523 784/905/523 756/876/523 757/875/523
f 784/905/524 783/906/524 755/877/524 756/876/524
f 783/907/525 782/908/525 754/879/525 755/878/525
f 782/908/526 781/909/526 753/880/526 754/879/526
f 781/909/527 780/910/527 752/881/527 753/880/527
f 780/910/528 779/911/528 751/882/528 752/881/528
f 779/911/529 778/912/529 750/883/529 751/882/529
f 778/912/530 777/913/530 749/884/530 750/883/530
f 777/913/531 776/914/531 748/885/531 749/884/531
f 776/914/532 775/915/532 747/886/532 748/885/532
f 775/915/533 774/916/533 746/887/533 747/886/533
f 774/916/534 773/917/534 745/888/534 746/887/534
f 773/917/535 772/918/535 744/889/535 745/888/535
f 772/918/536 771/919/536 743/890/536 744/889/536
f 771/919/537 769/920/537 741/891/537 743/890/537
f 798/921/538 824/922/538 796/893/538 770/892/538
f 824/922/539 823/923/539 795/894/539 796/893/539
f 823/923/540 822/924/540 794/895/540 795/894/540
f 822/924/541 821/925/541 793/896/541 794/895/541
f 821/925/542 820/926/542 792/897/542 793/896/542
f 820/926/543 819/927/543 791/898/543 792/897/543
f 819/927/544 818/928/544 790/899/544 791/898/544
f 818/928/545 817/929/545 789/900/545 790/899/545
f 817/929/546 816/930/546 788/901/546 789/900/546
f 816/930/547 815/931/547 787/902/547 788/901/547
f 815/931/548 814/932/548 786/903/548 787/902/548
f 814/932/549 813/933/549 785/904/549 786/903/549
f 813/933/550 812/934/550 784/905/550 785/904/550
f 812/934/551 811/935/551 783/906/551 784/905/551
f 811/936/552 810/937/552 782/908/552 783/907/552
f 810/937/553 809/938/553 781/909/553 782/908/553
f 809/938/554 808/939/554 780/910/554 781/909/554
f 808/939/555 807/940/555 779/911/555 780/910/555
f 807/940/556 806/941/556 778/912/556 779/911/556
f 806/941/557 805/942/557 777/913/557 778/912/557
f 805/942/558 804/943/558 776/914/558 777/913/558
f 804/943/559 803/944/559 775/915/559 776/914/559
f 803/944/560 802/945/560 774/916/560 775/915/560
f 802/945/561 801/946/561 773/917/561 774/916/561
f 801/946/562 800/947/562 772/918/562 773/917/562
f 800/947/563 799/948/563 771/919/563 772/918/563
f 799/948/564 797/949/564 769/920/564 771/919/564
f 826/950/565 852/951/565 824/922/565 798/921/565
f 852/951/566 851/952/566 823/923/566 824/922/566
f 851/952/567 850/953/567 822/924/567 823/923/567
f 850/953/568 849/954/568 821/925/568 822/924/568
f 849/954/569 848/955/569 820/926/569 821/925/569
f 848/955/570 847/956/570 819/927/570 820/926/570
f 847/956/571 846/957/571 818/928/571 819/927/571
f 846/957/572 845/958/572 817/929/572 818/928/572
f 845/958/573 844/959/573 816/930/573 817/929/573
f 844/959/574 843/960/574 815/931/574 816/930/574
f 843/960/575 842/961/575 814/932/575 815/931/575
f 842/961/576 841/962/576 813/933/576 814/932/576
f 841/962/577 840/963/577 812/934/577 813/933/577
f 840/963/578 839/964/578 811/935/578 812/934/578
f 839/965/579 838/966/579 810/937/579 811/936/579
f 838/966/580 837/967/580 809/938/580 810/937/580
f 837/967/581 836/968/581 808/939/581 809/938/581
f 836/968/582 835/969/582 807/940/582 808/939/582
f 835/969/583 834/970/583 806/941/583 807/940/583
f 834/970/584 833/971/584 805/942/584 806/941/584
f 833/971/585 832/972/585 804/943/585 805/942/585
f 832/972/586 831/973/586 803/944/586 804/943/586
f 831/973/587 830/974/587 802/945/587 803/944/587
f 830/974/588 829/975/588 801/946/588 802/945/588
f 829/975/589 828/976/589 800/947/589 801/946/589
f 828/976/590 827/977/590 799/948/590 800/947/590
f 827/977/591 825/978/591 797/949/591 799/948/591
f 854/979/592 880/980/592 852/951/592 826/950/592
f 880/980/593 879/981/593 851/952/593 852/951/593
f 879/981/594 878/982/594 850/953/594 851/952/594
f 878/982/595 877/983/595 849/954/595 850/953/595
f 877/983/596 876/984/596 848/955/596 849/954/596
f 876/984/597 875/985/597 847/956/597 848/955/597
f 875/985/598 874/986/598 846/957/598 847/956/598
f 874/986/599 873/987/599 845/958/599 846/957/599
f 873/987/600 872/988/600 844/959/600 845/958/600
f 872/988/601 871/989/601 843/960/601 844/959/601
f 871/989/602 870/990/602 842/961/602 843/960/602
f 870/990/603 869/991/603 841/962/603 842/961/603
f 869/991/604 868/992/604 840/963/604 841/962/604
f 868/992/605 867/993/605 839/964/605 840/963/605
f 867/994/606 866/995/606 838/966/606 839/965/606
f 866/995/607 865/996/607 837/967/607 838/966/607
f 865/996/608 864/997/608 836/968/608 837/967/608
f 864/997/609 863/998/609 835/969/609 836/968/609
f 863/998/610 862/999/610 834/970/610 835/969/610
f 862/999/611 861/1000/611 833/971/611 834/970/611
f 861/1000/612 860/1001/612 832/972/612 833/971/612
f 860/1001/613 859/1002/613 831/973/613 832/972/613
f 859/1002/614 858/1003/614 830/974/614 831/973/614
f 858/1003/615 857/1004/615 829/975/615 830/974/615
f 857/1004/616 856/1005/616 828/976/616 829/975/616
f 856/1005/617 855/1006/617 827/977/617 828/976/617
f 855/1006/618 853/1007/618 825/978/618 827/977/618
f 882/1008/619 908/1009/619 880/980/619 854/979/619
f 908/1009/620 907/1010/620 879/981/620 880/980/620
f 907/1010/621 906/1011/621 878/982/621 879/981/621
f 906/1011/622 905/1012/622 877/983/622 878/982/622
f 905/1012/623 904/1013/623 876/984/623 877/983/623
f 904/1013/624 903/1014/624 875/985/624 876/984/624
f 903/1014/625 902/1015/625 874/986/625 875/985/625
f 902/1015/626 901/1016/626 873/987/626 874/986/626
f 901/1016/627 900/1017/627 872/988/627 873/987/627
f 900/1017/628 899/1018/628 871/989/628 872/988/628
f 899/1018/629 898/1019/629 870/990/629 871/989/629
f 898/1019/630 897/1020/630 869/991/630 870/990/630
f 897/1020/631 896/1021/631 868/992/631 869/991/631
f 896/1021/632 895/1022/632 867/993/632 868/992/632
f 895/1023/633 894/1024/633 866/995/633 867/994/633
f 894/1024/634 893/1025/634 865/996/634 866/995/634
f 893/1025/635 892/1026/635 864/997/635 865/996/635
f 892/1026/636 891/1027/636 863/998/636 864/997/636
f 891/1027/637 890/1028/637 862/999/637 863/998/637
f 890/1028/638 889/1029/638 861/1000/638 862/999/638
f 889/1029/639 888/1030/639 860/1001/639 861/1000/639
f 888/1030/640 887/1031/640 859/1002/640 860/1001/640
f 887/1031/641 886/1032/641 858/1003/641 859/1002/641
f 886/1032/642 885/1033/642 857/1004/642 858/1003/642
f 885/1033/643 884/1034/643 856/1005/643 857/1004/643
f 884/1034/644 883/1035/644 855/1006/644 856/1005/644
f 883/1035/645 881/1036/645 853/1007/645 855/1006/645
f 910/1037/646 936/1038/646 908/1009/646 882/1008/646
f 936/1038/647 935/1039/647 907/1010/647 908/1009/647
f 935/1039/648 934/1040/648 906/1011/648 907/1010/648
f 934/1040/649 933/1041/649 905/1012/649 906/1011/649
f 933/1041/650 932/1042/650 904/1013/650 905/1012/650
f 932/1042/651 931/1043/651 903/1014/651 904/1013/651
f 931/1043/652 930/1044/652 902/1015/652 903/1014/652
f 930/1044/653 929/1045/653 901/1016/653 902/1015/653
f 929/1045/654 928/1046/654 900/1017/654 901/1016/654
f 928/1046/655 927/1047/655 899/1018/655 900/1017/655
f 927/1047/656 926/1048/656 898/1019/656 899/1018/656
f 926/1048/657 925/1049/657 897/1020/657 898/1019/657
f 925/1049/658 924/1050/658 896/1021/658 897/1020/658
f 924/1050/659 923/1051/659 895/1022/659 896/1021/659
f 923/1052/660 922/1053/660 894/1024/660 895/1023/660
f 922/1053/661 921/1054/661 893/1025/661 894/1024/661
f 921/1054/662 920/1055/662 892/1026/662 893/1025/662
f 920/1055/663 919/1056/663 891/1027/663 892/1026/663
f 919/1056/664 918/1057/664 890/1028/664 891/1027/664
f 918/1057/665 917/1058/665 889/1029/665 890/1028/665
f 917/1058/666 916/1059/666 888/1030/666 889/1029/666
f 916/1059/667 915/1060/667 887/1031/667 888/1030/667
f 915/1060/668 914/1061/668 886/1032/668 887/1031/668
f 914/1061/669 913/1062/669 885/1033/669 886/1032/669
f 913/1062/670 912/1063/670 884/1034/670 885/1033/670
f 912/1063/671 911/1064/671 883/1035/671 884/1034/671
f 911/1064/672 909/1065/672 881/1036/672 883/1035/672
f 938/1066/673 964/1067/673 936/1038/673 910/1037/673
f 964/1067/674 963/1068/674 935/1039/674 936/1038/674
f 963/1068/675 962/1069/675 934/1040/675 935/1039/675
f 962/1069/676 961/1070/676 933/1041/676 934/1040/676
f 961/1070/677 960/1071/677 932/1042/677 933/1041/677
f 960/1071/678 959/1072/678 931/1043/678 932/1042/678
f 959/1072/679 958/1073/679 930/1044/679 931/1043/679
f 958/1073/680 957/1074/680 929/1045/680 930/1044/680
f 957/1074/681 956/1075/681 928/1046/681 929/1045/681
f 956/1075/682 955/1076/682 927/1047/682 928/1046/682
f 955/1076/683 954/1077/683 926/1048/683 927/1047/683
f 954/1077/684 953/1078/684 925/1049/684 926/1048/684
f 953/1078/685 952/1079/685 924/1050/685 925/1049/685
f 952/1079/686 951/1080/686 923/1051/686 924/1050/686
f 951/1081/687 950/1082/687 922/1053/687 923/1052/687
f 950/1082/688 949/1083/688 921/1054/688 922/1053/688
f 949/1083/689 948/1084/689 920/1055/689 921/1054/689
f 948/1084/690 947/1085/690 919/1056/690 920/1055/690
f 947/1085/691 946/1086/691 918/1057/691 919/1056/691
f 946/1086/692 945/1087/692 917/1058/692 918/1057/692
f 945/1087/693 944/1088/693 916/1059/693 917/1058/693
f 944/1088/694 943/1089/694 915/1060/694 916/1059/694
f 943/1089/695 942/1090/695 914/1061/695 915/1060/695
f 942/1090/696 941/1091/696 913/1062/696 914/1061/696
f 941/1091/697 940/1092/697 912/1063/697 913/1062/697
f 940/1092/698 939/1093/698 911/1064/698 912/1063/698
f 939/1093/699 937/1094/699 909/1065/699 911/1064/699
f 966/1095/700 992/1096/700 964/1067/700 938/1066/700
f 992/1096/701 991/1097/701 963/1068/701 964/1067/701
f 991/1097/702 990/1098/702 962/1069/702 963/1068/702
f 990/1098/703 989/1099/703 961/1070/703 962/1069/703
f 989/1099/704 988/1100/704 960/1071/704 961/1070/704
f 988/1100/705 987/1101/705 959/1072/705 960/1071/705
f 987/1101/706 986/1102/706 958/1073/706 959/1072/706
f 986/1102/707 985/1103/707 957/1074/707 958/1073/707
f 985/1103/708 984/1104/708 956/1075/708 957/1074/708
f 984/1104/709 983/1105/709 955/1076/709 956/1075/709
f 983/1105/710 982/1106/710 954/1077/710 955/1076/710
f 982/1106/711 981/1107/711 953/1078/711 954/1077/711
f 981/1107/712 980/1108/712 952/1079/712 953/1078/712
f 980/1108/713 979/1109/713 951/1080/713 952/1079/713
f 979/1110/714 978/1111/714 950/1082/714 951/1081/714
f 978/1111/715 977/1112/715 949/1083/715 950/1082/715
f 977/1112/716 976/1113/716 948/1084/716 949/1083/716
f 976/1113/717 975/1114/717 947/1085/717 948/1084/717
f 975/1114/718 974/1115/718 946/1086/718 947/1085/718
f 974/1115/719 973/1116/719 945/1087/719 946/1086/719
f 973/1116/720 972/1117/720 944/1088/720 945/1087/720
f 972/1117/721 971/1118/721 943/1089/721 944/1088/721
f 971/1118/722 970/1119/722 942/1090/722 943/1089/722
f 970/1119/723 969/1120/723 941/1091/723 942/1090/723
f 969/1120/724 968/1121/724 940/1092/724 941/1091/724
f 968/1121/725 967/1122/725 939/1093/725 940/1092/725
f 967/1122/726 965/1123/726 937/1094/726 939/1093/726
f 994/1124/727 1020/1125/727 992/1096/727 966/1095/727
f 1020/1125/728 1019/1126/728 991/1097/728 992/1096/728
f 1019/1126/729 1018/1127/729 990/1098/729 991/1097/729
f 1018/1127/730 1017/1128/730 989/1099/730 990/1098/730
f 1017/1128/731 1016/1129/731 988/1100/731 989/1099/731
f 1016/1129/732 1015/1130/732 987/1101/732 988/1100/732
f 1015/1130/733 1014/1131/733 986/1102/733 987/1101/733
f 1014/1131/734 1013/1132/734 985/1103/734 986/1102/734
f 1013/1132/735 1012/1133/735 984/1104/735 985/1103/735
f 1012/1133/736 1011/1134/736 983/1105/736 984/1104/736
f 1011/1134/737 1010/1135/737 982/1106/737 983/1105/737
f 1010/1135/738 1009/1136/738 981/1107/738 982/1106/738
f 1009/1136/739 1008/1137/739 980/1108/739 981/1107/739
f 1008/1137/740 1007/1138/740 979/1109/740 980/1108/740
f 1007/1139/741 1006/1140/741 978/1111/741 979/1110/741
f 1006/1140/742 1005/1141/742 977/1112/742 978/1111/742
f 1005/1141/743 1004/1142/743 976/1113/743 977/1112/743
f 1004/1142/744 1003/1143/744 975/1114/744 976/1113/744
f 1003/1143/745 1002/1144/745 974/1115/745 975/1114/745
f 1002/1144/746 1001/1145/746 973/1116/746 974/1115/746
f 1001/1145/747 1000/1146/747 972/1117/747 973/1116/747
f 1000/1146/748 999/1147/748 971/1118/748 972/1117/748
f 999/1147/749 998/1148/749 970/1119/749 971/1118/749
f 998/1148/750 997/1149/750 969/1120/750 970/1119/750
f 997/1149/751 996/1150/751 968/1121/751 969/1120/751
f 996/1150/752 995/1151/752 967/1122/752 968/1121/752
f 995/1151/753 993/1152/753 965/1123/753 967/1122/753
f 1022/1153/754 1048/1154/754 1020/1125/754 994/1124/754
f 1048/1154/755 1047/1155/755 1019/1126/755 1020/1125/755
f 1047/1155/756 1046/1156/756 1018/1127/756 1019/1126/756
f 1046/1156/757 1045/1157/757 1017/1128/757 1018/1127/757
f 1045/1157/758 1044/1158/758 1016/1129/758 1017/1128/758
f 1044/1158/759 1043/1159/759 1015/1130/759 1016/1129/759
f 1043/1159/760 1042/1160/760 1014/1131/760 1015/1130/760
f 1042/1160/761 1041/1161/761 1013/1132/761 1014/1131/761
f 1041/1161/762 1040/1162/762 1012/1133/762 1013/1132/762
f 1040/1162/763 1039/1163/763 1011/1134/763 1012/1133/763
f 1039/1163/764 1038/1164/764 1010/1135/764 1011/1134/764
f 1038/1164/765 1037/1165/765 1009/1136/765 1010/1135/765
f 1037/1165/766 1036/1166/766 1008/1137/766 1009/1136/766
f 1036/1166/767 1035/1167/767 1007/1138/767 1008/1137/767
f 1035/1168/768 1034/1169/768 1006/1140/768 1007/1139/768
f 1034/1169/769 1033/1170/769 1005/1141/769 1006/1140/769
f 1033/1170/770 1032/1171/770 1004/1142/770 1005/1141/770
f 1032/1171/771 1031/1172/771 1003/1143/771 1004/1142/771
f 1031/1172/772 1030/1173/772 1002/1144/772 1003/1143/772
f 1030/1173/773 1029/1174/773 1001/1145/773 1002/1144/773
f 1029/1174/774 1028/1175/774 1000/1146/774 1001/1145/774
f 1028/1175/775 1027/1176/775 999/1147/775 1000/1146/775
f 1027/1176/776 1026/1177/776 998/1148/776 999/1147/776
f 1026/1177/777 1025/1178/777 997/1149/777 998/1148/777
f 1025/1178/778 1024/1179/778 996/1150/778 997/1149/778
f 1024/1179/779 1023/1180/779 995/1151/779 996/1150/779
f 1023/1180/780 1021/1181/780 993/1152/780 995/1151/780
f 1050/1182/781 1076/1183/781 1048/1154/781 1022/1153/781
f 1076/1183/782 1075/1184/782 1047/1155/782 1048/1154/782
f 1075/1184/783 1074/1185/783 1046/1156/783 1047/1155/783
f 1074/1185/784 1073/1186/784 1045/1157/784 1046/1156/784
f 1073/1186/785 1072/1187/785 1044/1158/785 1045/1157/785
f 1072/1187/786 1071/1188/786 1043/1159/786 1044/1158/786
f 1071/1188/787 1070/1189/787 1042/1160/787 1043/1159/787
f 1070/1189/788 1069/1190/788 1041/1161/788 1042/1160/788
f 1069/1190/789 1068/1191/789 1040/1162/789 1041/1161/789
f 1068/1191/790 1067/1192/790 1039/1163/790 1040/1162/790
f 1067/1192/791 1066/1193/791 1038/1164/791 1039/1163/791
f 1066/1193/792 1065/1194/792 1037/1165/792 1038/1164/792
f 1065/1194/793 1064/1195/793 1036/1166/793 1037/1165/793
f 1064/1195/794 1063/1196/794 1035/1167/794 1036/1166/794
f 1063/1197/795 1062/1198/795 1034/1169/795 1035/1168/795
f 1062/1198/796 1061/1199/796 1033/1170/796 1034/1169/796
f 1061/1199/797 1060/1200/797 1032/1171/797 1033/1170/797
f 1060/1200/798 1059/1201/798 1031/1172/798 1032/1171/798
f 1059/1201/799 1058/1202/799 1030/1173/799 1031/1172/799
f 1058/1202/800 1057/1203/800 1029/1174/800 1030/1173/800
f 1057/1203/801 1056/1204/801 1028/1175/801 1029/1174/801
f 1056/1204/802 1055/1205/802 1027/1176/802 1028/1175/802
f 1055/1205/803 1054/1206/803 1026/1177/803 1027/1176/803
f 1054/1206/804 1053/1207/804 1025/1178/804 1026/1177/804
f 1053/1207/805 1052/1208/805 1024/1179/805 1025/1178/805
f 1052/1208/806 1051/1209/806 1023/1180/806 1024/1179/806
f 1051/1209/807 1049/1210/807 1021/1181/807 1023/1180/807
f 1078/1211/808 1104/1212/808 1076/1183/808 1050/1182/808
f 1104/1212/809 1103/1213/809 1075/1184/809 1076/1183/809
f 1103/1213/810 1102/1214/810 1074/1185/810 1075/1184/810
f 1102/1214/811 1101/1215/811 1073/1186/811 1074/1185/811
f 1101/1215/812 1100/1216/812 1072/1187/812 1073/1186/812
f 1100/1216/813 1099/1217/813 1071/1188/813 1072/1187/813
f 1099/1217/814 1098/1218/814 1070/1189/814 1071/1188/814
f 1098/1218/815 1097/1219/815 1069/1190/815 1070/1189/815
f 1097/1219/816 1096/1220/816 1068/1191/816 1069/1190/816
f 1096/1220/817 1095/1221/817 1067/1192/817 1068/1191/817
f 1095/1221/818 1094/1222/818 1066/1193/818 1067/1192/818
f 1094/1222/819 1093/1223/819 1065/1194/819 1066/1193/819
f 1093/1223/820 1092/1224/820 1064/1195/820 1065/1194/820
f 1092/1224/821 1091/1225/821 1063/1196/821 1064/1195/821
f 1091/1226/822 1090/1227/822 1062/1198/822 1063/1197/822
f 1090/1227/823 1089/1228/823 1061/1199/823 1062/1198/823
f 1089/1228/824 1088/1229/824 1060/1200/824 1061/1199/824
f 1088/1229/825 1087/1230/825 1059/1201/825 1060/1200/825
f 1087/1230/826 1086/1231/826 1058/1202/826 1059/1201/826
f 1086/1231/827 1085/1232/827 1057/1203/827 1058/1202/827
f 1085/1232/828 1084/1233/828 1056/1204/828 1057/1203/828
f 1084/1233/829 1083/1234/829 1055/1205/829 1056/1204/829
f 1083/1234/830 1082/1235/830 1054/1206/830 1055/1205/830
f 1082/1235/831 1081/1236/831 1053/1207/831 1054/1206/831
f 1081/1236/832 1080/1237/832 1052/1208/832 1053/1207/832
f 1080/1237/833 1079/1238/833 1051/1209/833 1052/1208/833
f 1079/1238/834 1077/1239/834 1049/1210/834 1051/1209/834
f 1106/1240/835 1132/1241/835 1104/1212/835 1078/1211/835
f 1132/1241/836 1131/1242/836 1103/1213/836 1104/1212/836
f 1131/1242/837 1130/1243/837 1102/1214/837 1103/1213/837
f 1130/1243/838 1129/1244/838 1101/1215/838 1102/1214/838
f 1129/1244/839 1128/1245/839 1100/1216/839 1101/1215/839
f 1128/1245/840 1127/1246/840 1099/1217/840 1100/1216/840
f 1127/1246/841 1126/1247/841 1098/1218/841 1099/1217/841
f 1126/1247/842 1125/1248/842 1097/1219/842 1098/1218/842
f 1125/1248/843 1124/1249/843 1096/1220/843 1097/1219/843
f 1124/1249/844 1123/1250/844 1095/1221/844 1096/1220/844
f 1123/1250/845 1122/1251/845 1094/1222/845 1095/1221/845
f 1122/1251/846 1121/1252/846 1093/1223/846 1094/1222/846
f 1121/1252/847 1120/1253/847 1092/1224/847 1093/1223/847
f 1120/1253/848 1119/1254/848 1091/1225/848 1092/1224/848
f 1119/1255/849 1118/1256/849 1090/1227/849 1091/1226/849
f 1118/1256/850 1117/1257/850 1089/1228/850 1090/1227/850
f 1117/1257/851 1116/1258/851 1088/1229/851 1089/1228/851
f 1116/1258/852 1115/1259/852 1087/1230/852 1088/1229/852
f 1115/1259/853 1114/1260/853 1086/1231/853 1087/1230/853
f 1114/1260/854 1113/1261/854 1085/1232/854 1086/1231/854
f 1113/1261/855 1112/1262/855 1084/1233/855 1085/1232/855
f 1112/1262/856 1111/1263/856 1083/1234/856 1084/1233/856
f 1111/1263/857 1110/1264/857 1082/1235/857 1083/1234/857
f 1110/1264/858 1109/1265/858 1081/1236/858 1082/1235/858
f 1109/1265/859 1108/1266/859 1080/1237/859 1081/1236/859
f 1108/1266/860 1107/1267/860 1079/1238/860 1080/1237/860
f 1107/1267/861 1105/1268/861 1077/1239/861 1079/1238/861
f 1134/1269/862 1160/1270/862 1132/1241/862 1106/1240/862
f 1160/1270/863 1159/1271/863 1131/1242/863 1132/1241/863
f 1159/1271/864 1158/1272/864 1130/1243/864 1131/1242/864
f 1158/1272/865 1157/1273/865 1129/1244/865 1130/1243/865
f 1157/1273/866 1156/1274/866 1128/1245/866 1129/1244/866
f 1156/1274/867 1155/1275/867 1127/1246/867 1128/1245/867
f 1155/1275/868 1154/1276/868 1126/1247/868 1127/1246/868
f 1154/1276/869 1153/1277/869 1125/1248/869 1126/1247/869
f 1153/1277/870 1152/1278/870 1124/1249/870 1125/1248/870
f 1152/1278/871 1151/1279/871 1123/1250/871 1124/1249/871
f 1151/1279/872 1150/1280/872 1122/1251/872 1123/1250/872
f 1150/1280/873 1149/1281/873 1121/1252/873 1122/1251/873
f 1149/1281/874 1148/1282/874 1120/1253/874 1121/1252/874
f 1148/1282/875 1147/1283/875 1119/1254/875 1120/1253/875
f 1147/1284/876 1146/1285/876 1118/1256/876 1119/1255/876
f 1146/1285/877 1145/1286/877 1117/1257/877 1118/1256/877
f 1145/1286/878 1144/1287/878 1116/1258/878 1117/1257/878
f 1144/1287/879 1143/1288/879 1115/1259/879 1116/1258/879
f 1143/1288/880 1142/1289/880 1114/1260/880 1115/1259/880
f 1142/1289/881 1141/1290/881 1113/1261/881 1114/1260/881
f 1141/1290/882 1140/1291/882 1112/1262/882 1113/1261/882
f 1140/1291/883 1139/1292/883 1111/1263/883 1112/1262/883
f 1139/1292/884 1138/1293/884 1110/1264/884 1111/1263/884
f 1138/1293/885 1137/1294/885 1109/1265/885 1110/1264/885
f 1137/1294/886 1136/1295/886 1108/1266/886 1109/1265/886
f 1136/1295/887 1135/1296/887 1107/1267/887 1108/1266/887
f 1135/1296/888 1133/1297/888 1105/1268/888 1107/1267/888
f 1162/1298/889 1188/1299/889 1160/1270/889 1134/1269/889
f 1188/1299/890 1187/1300/890 1159/1271/890 1160/1270/890
f 1187/1300/891 1186/1301/891 1158/1272/891 1159/1271/891
f 1186/1301/892 1185/1302/892 1157/1273/892 1158/1272/892
f 1185/1302/893 1184/1303/893 1156/1274/893 1157/1273/893
f 1184/1303/894 1183/1304/894 1155/1275/894 1156/1274/894
f 1183/1304/895 1182/1305/895 1154/1276/895 1155/1275/895
f 1182/1305/896 1181/1306/896 1153/1277/896 1154/1276/896
f 1181/1306/897 1180/1307/897 1152/1278/897 1153/1277/897
f 1180/1307/898 1179/1308/898 1151/1279/898 1152/1278/898
f 1179/1308/899 1178/1309/899 1150/1280/899 1151/1279/899
f 1178/1309/900 1177/1310/900 1149/1281/900 1150/1280/900
f 1177/1310/901 1176/1311/901 1148/1282/901 1149/1281/901
f 1176/1311/902 1175/1312/902 1147/1283/902 1148/1282/902
f 1175/1313/903 1174/1314/903 1146/1285/903 1147/1284/903
f 1174/1314/904 1173/1315/904 1145/1286/904 1146/1285/904
f 1173/1315/905 1172/1316/905 1144/1287/905 1145/1286/905
f 1172/1316/906 1171/1317/906 1143/1288/906 1144/1287/906
f 1171/1317/907 1170/1318/907 1142/1289/907 1143/1288/907
f 1170/1318/908 1169/1319/908 1141/1290/908 1142/1289/908
f 1169/1319/909 1168/1320/909 1140/1291/909 1141/1290/909
f 1168/1320/910 1167/1321/910 1139/1292/910 1140/1291/910
f 1167/1321/911 1166/1322/911 1138/1293/911 1139/1292/911
f 1166/1322/912 1165/1323/912 1137/1294/912 1138/1293/912
f 1165/1323/913 1164/1324/913 1136/1295/913 1137/1294/913
f 1164/1324/914 1163/1325/914 1135/1296/914 1136/1295/914
f 1163/1325/915 1161/1326/915 1133/1297/915 1135/1296/915
f 1190/1327/916 1216/1328/916 1188/1299/916 1162/1298/916
f 1216/1328/917 1215/1329/917 1187/1300/917 1188/1299/917
f 1215/1329/918 1214/1330/918 1186/1301/918 1187/1300/918
f 1214/1330/919 1213/1331/919 1185/1302/919 1186/1301/919
f 1213/1331/920 1212/1332/920 1184/1303/920 1185/1302/920
f 1212/1332/921 1211/1333/921 1183/1304/921 1184/1303/921
f 1211/1333/922 1210/1334/922 1182/1305/922 1183/1304/922
f 1210/1334/923 1209/1335/923 1181/1306/923 1182/1305/923
f 1209/1335/924 1208/1336/924 1180/1307/924 1181/1306/924
f 1208/1336/925 1207/1337/925 1179/1308/925 1180/1307/925
f 1207/1337/926 1206/1338/926 1178/1309/926 1179/1308/926
f 1206/1338/927 1205/1339/927 1177/1310/927 1178/1309/927
f 1205/1339/928 1204/1340/928 1176/1311/928 1177/1310/928
f 1204/1340/929 1203/1341/929 1175/1312/929 1176/1311/929
f 1203/1342/930 1202/1343/930 1174/1314/930 1175/1313/930
f 1202/1343/931 1201/1344/931 1173/1315/931 1174/1314/931
f 1201/1344/932 1200/1345/932 1172/1316/932 1173/1315/932
f 1200/1345/933 1199/1346/933 1171/1317/933 1172/1316/933
f 1199/1346/934 1198/1347/934 1170/1318/934 1171/1317/934
f 1198/1347/935 1197/1348/935 1169/1319/935 1170/1318/935
f 1197/1348/936 1196/1349/936 1168/1320/936 1169/1319/936
f 1196/1349/937 1195/1350/937 1167/1321/937 1168/1320/937
f 1195/1350/938 1194/1351/938 1166/1322/938 1167/1321/938
f 1194/1351/939 1193/1352/939 1165/1323/939 1166/1322/939
f 1193/1352/940 1192/1353/940 1164/1324/940 1165/1323/940
f 1192/1353/941 1191/1354/941 1163/1325/941 1164/1324/941
f 1191/1354/942 1189/1355/942 1161/1326/942 1163/1325/942
f 1218/1356/943 1244/1357/943 1216/1328/943 1190/1327/943
f 1244/1357/944 1243/1358/944 1215/1329/944 1216/1328/944
f 1243/1358/945 1242/1359/945 1214/1330/945 1215/1329/945
f 1242/1359/946 1241/1360/946 1213/1331/946 1214/1330/946
f 1241/1360/947 1240/1361/947 1212/1332/947 1213/1331/947
f 1240/1361/948 1239/1362/948 1211/1333/948 1212/1332/948
f 1239/1362/949 1238/1363/949 1210/1334/949 1211/1333/949
f 1238/1363/950 1237/1364/950 1209/1335/950 1210/1334/950
f 1237/1364/951 1236/1365/951 1208/1336/951 1209/1335/951
f 1236/1365/952 1235/1366/952 1207/1337/952 1208/1336/952
f 1235/1366/953 1234/1367/953 1206/1338/953 1207/1337/953
f 1234/1367/954 1233/1368/954 1205/1339/954 1206/1338/954
f 1233/1368/955 1232/1369/955 1204/1340/955 1205/1339/955
f 1232/1369/956 1231/1370/956 1203/1341/956 1204/1340/956
f 1231/1371/957 1230/1372/957 1202/1343/957 1203/1342/957
f 1230/1372/958 1229/1373/958 1201/1344/958 1202/1343/958
f 1229/1373/959 1228/1374/959 1200/1345/959 1201/1344/959
f 1228/1374/960 1227/1375/960 1199/1346/960 1200/1345/960
f 1227/1375/961 1226/1376/961 1198/1347/961 1199/1346/961
f 1226/1376/962 1225/1377/962 1197/1348/962 1198/1347/962
f 1225/1377/963 1224/1378/963 1196/1349/963 1197/1348/963
f 1224/1378/964 1223/1379/964 1195/1350/964 1196/1349/964
f 1223/1379/965 1222/1380/965 1194/1351/965 1195/1350/965
f 1222/1380/966 1221/1381/966 1193/1352/966 1194/1351/966
f 1221/1381/967 1220/1382/967 1192/1353/967 1193/1352/967
f 1220/1382/968 1219/1383/968 1191/1354/968 1192/1353/968
f 1219/1383/969 1217/1384/969 1189/1355/969 1191/1354/969
f 1246/1385/970 1272/1386/970 1244/1357/970 1218/1356/970
f 1272/1386/971 1271/1387/971 1243/1358/971 1244/1357/971
f 1271/1387/972 1270/1388/972 1242/1359/972 1243/1358/972
f 1270/1388/973 1269/1389/973 1241/1360/973 1242/1359/973
f 1269/1389/974 1268/1390/974 1240/1361/974 1241/1360/974
f 1268/1390/975 1267/1391/975 1239/1362/975 1240/1361/975
f 1267/1391/976 1266/1392/976 1238/1363/976 1239/1362/976
f 1266/1392/977 1265/1393/977 1237/1364/977 1238/1363/977
f 1265/1393/978 1264/1394/978 1236/1365/978 1237/1364/978
f 1264/1394/979 1263/1395/979 1235/1366/979 1236/1365/979
f 1263/1395/980 1262/1396/980 1234/1367/980 1235/1366/980
f 1262/1396/981 1261/1397/981 1233/1368/981 1234/1367/981
f 1261/1397/982 1260/1398/982 1232/1369/982 1233/1368/982
f 1260/1398/983 1259/1399/983 1231/1370/983 1232/1369/983
f 1259/1400/984 1258/1401/984 1230/1372/984 1231/1371/984
f 1258/1401/985 1257/1402/985 1229/1373/985 1230/1372/985
f 1257/1402/986 1256/1403/986 1228/1374/986 1229/1373/986
f 1256/1403/987 1255/1404/987 1227/1375/987 1228/1374/987
f 1255/1404/988 1254/1405/988 1226/1376/988 1227/1375/988
f 1254/1405/989 1253/1406/989 1225/1377/989 1226/1376/989
f 1253/1406/990 1252/1407/990 1224/1378/990 1225/1377/990
f 1252/1407/991 1251/1408/991 1223/1379/991 1224/1378/991
f 1251/1408/992 1250/1409/992 1222/1380/992 1223/1379/992
f 1250/1409/993 1249/1410/993 1221/1381/993 1222/1380/993
f 1249/1410/994 1248/1411/994 1220/1382/994 1221/1381/994
f 1248/1411/995 1247/1412/995 1219/1383/995 1220/1382/995
f 1247/1412/996 1245/1413/996 1217/1384/996 1219/1383/996
f 1274/1414/997 1300/1415/997 1272/1386/997 1246/1385/997
f 1300/1415/998 1299/1416/998 1271/1387/998 1272/1386/998
f 1299/1416/999 1298/1417/999 1270/1388/999 1271/1387/999
f 1298/1417/1000 1297/1418/1000 1269/1389/1000 1270/1388/1000
f 1297/1418/1001 1296/1419/1001 1268/1390/1001 1269/1389/1001
f 1296/1419/1002 1295/1420/1002 1267/1391/1002 1268/1390/1002
f 1295/1420/1003 1294/1421/1003 1266/1392/1003 1267/1391/1003
f 1294/1421/1004 1293/1422/1004 1265/1393/1004 1266/1392/1004
f 1293/1422/1005 1292/1423/1005 1264/1394/1005 1265/1393/1005
f 1292/1423/1006 1291/1424/1006 1263/1395/1006 1264/1394/1006
f 1291/1424/1007 1290/1425/1007 1262/1396/1007 1263/1395/1007
f 1290/1425/1008 1289/1426/1008 1261/1397/1008 1262/1396/1008
f 1289/1426/1009 1288/1427/1009 1260/1398/1009 1261/1397/1009
f 1288/1427/1010 1287/1428/1010 1259/1399/1010 1260/1398/1010
f 1287/1429/1011 1286/1430/1011 1258/1401/1011 1259/1400/1011
f 1286/1430/1012 1285/1431/1012 1257/1402/1012 1258/1401/1012
f 1285/1431/1013 1284/1432/1013 1256/1403/1013 1257/1402/1013
f 1284/1432/1014 1283/1433/1014 1255/1404/1014 1256/1403/1014
f 1283/1433/1015 1282/1434/1015 1254/1405/1015 1255/1404/1015
f 1282/1434/1016 1281/1435/1016 1253/1406/1016 1254/1405/1016
f 1281/1435/1017 1280/1436/1017 1252/1407/1017 1253/1406/1017
f 1280/1436/1018 1279/1437/1018 1251/1408/1018 1252/1407/1018
f 1279/1437/1019 1278/1438/1019 1250/1409/1019 1251/1408/1019
f 1278/1438/1020 1277/1439/1020 1249/1410/1020 1250/1409/1020
f 1277/1439/1021 1276/1440/1021 1248/1411/1021 1249/1410/1021
f 1276/1440/1022 1275/1441/1022 1247/1412/1022 1248/1411/1022
f 1275/1441/1023 1273/1442/1023 1245/1413/1023 1247/1412/1023
f 1302/1443/1024 1328/1444/1024 1300/1415/1024 1274/1414/1024
f 1328/1444/1025 1327/1445/1025 1299/1416/1025 1300/1415/1025
f 1327/1445/1026 1326/1446/1026 1298/1417/1026 1299/1416/1026
f 1326/1446/1027 1325/1447/1027 1297/1418/1027 1298/1417/1027
f 1325/1447/1028 1324/1448/1028 1296/1419/1028 1297/1418/1028
f 1324/1448/1029 1323/1449/1029 1295/1420/1029 1296/1419/1029
f 1323/1449/1030 1322/1450/1030 1294/1421/1030 1295/1420/1030
f 1322/1450/1031 1321/1451/1031 1293/1422/1031 1294/1421/1031
f 1321/1451/1032 1320/1452/1032 1292/1423/1032 1293/1422/1032
f 1320/1452/1033 1319/1453/1033 1291/1424/1033 1292/1423/1033
f 1319/1453/1034 1318/1454/1034 1290/1425/1034 1291/1424/1034
f 1318/1454/1035 1317/1455/1035 1289/1426/1035 1290/1425/1035
f 1317/1455/1036 1316/1456/1036 1288/1427/1036 1289/1426/1036
f 1316/1456/1037 1315/1457/1037 1287/1428/1037 1288/1427/1037
f 1315/1458/1038 1314/1459/1038 1286/1430/1038 1287/1429/1038
f 1314/1459/1039 1313/1460/1039 1285/1431/1039 1286/1430/1039
f 1313/1460/1040 1312/1461/1040 1284/1432/1040 1285/1431/1040
f 1312/1461/1041 1311/1462/1041 1283/1433/1041 1284/1432/1041
f 1311/1462/1042 1310/1463/1042 1282/1434/1042 1283/1433/1042
f 1310/1463/1043 1309/1464/1043 1281/1435/1043 1282/1434/1043
f 1309/1464/1044 1308/1465/1044 1280/1436/1044 1281/1435/1044
f 1308/1465/1045 1307/1466/1045 1279/1437/1045 1280/1436/1045
f 1307/1466/1046 1306/1467/1046 1278/1438/1046 1279/1437/1046
f 1306/1467/1047 1305/1468/1047 1277/1439/1047 1278/1438/1047
f 1305/1468/1048 1304/1469/1048 1276/1440/1048 1277/1439/1048
f 1304/1469/1049 1303/1470/1049 1275/1441/1049 1276/1440/1049
f 1303/1470/1050 1301/1471/1050 1273/1442/1050 1275/1441/1050
f 1330/1472/1051 1356/1473/1051 1328/1444/1051 1302/1443/1051
f 1356/1473/1052 1355/1474/1052 1327/1445/1052 1328/1444/1052
f 1355/1474/1053 1354/1475/1053 1326/1446/1053 1327/1445/1053
f 1354/1475/1054 1353/1476/1054 1325/1447/1054 1326/1446/1054
f 1353/1476/1055 1352/1477/1055 1324/1448/1055 1325/1447/1055
f 1352/1477/1056 1351/1478/1056 1323/1449/1056 1324/1448/1056
f 1351/1478/1057 1350/1479/1057 1322/1450/1057 1323/1449/1057
f 1350/1479/1058 1349/1480/1058 1321/1451/1058 1322/1450/1058
f 1349/1480/1059 1348/1481/1059 1320/1452/1059 1321/1451/1059
f 1348/1481/1060 1347/1482/1060 1319/1453/1060 1320/1452/1060
f 1347/1482/1061 1346/1483/1061 1318/1454/1061 1319/1453/1061
f 1346/1483/1062 1345/1484/1062 1317/1455/1062 1318/1454/1062
f 1345/1484/1063 1344/1485/1063 1316/1456/1063 1317/1455/1063
f 1344/1485/1064 1343/1486/1064 1315/1457/1064 1316/1456/1064
f 1343/1487/1065 1342/1488/1065 1314/1459/1065 1315/1458/1065
f 1342/1488/1066 1341/1489/1066 1313/1460/1066 1314/1459/1066
f 1341/1489/1067 1340/1490/1067 1312/1461/1067 1313/1460/1067
f 1340/1490/1068 1339/1491/1068 1311/1462/1068 1312/1461/1068
f 1339/1491/1069 1338/1492/1069 1310/1463/1069 1311/1462/1069
f 1338/1492/1070 1337/1493/1070 1309/1464/1070 1310/1463/1070
f 1337/1493/1071 1336/1494/1071 1308/1465/1071 1309/1464/1071
f 1336/1494/1072 1335/1495/1072 1307/1466/1072 1308/1465/1072
f 1335/1495/1073 1334/1496/1073 1306/1467/1073 1307/1466/1073
f 1334/1496/1074 1333/1497/1074 1305/1468/1074 1306/1467/1074
f 1333/1497/1075 1332/1498/1075 1304/1469/1075 1305/1468/1075
f 1332/1498/1076 1331/1499/1076 1303/1470/1076 1304/1469/1076
f 1331/1499/1077 1329/1500/1077 1301/1471/1077 1303/1470/1077
f 1358/1501/1078 1384/1502/1078 1356/1473/1078 1330/1472/1078
f 1384/1502/1079 1383/1503/1079 1355/1474/1079 1356/1473/1079
f 1383/1503/1080 1382/1504/1080 1354/1475/1080 1355/1474/1080
f 1382/1504/1081 1381/1505/1081 1353/1476/1081 1354/1475/1081
f 1381/1505/1082 1380/1506/1082 1352/1477/1082 1353/1476/1082
f 1380/1506/1083 1379/1507/1083 1351/1478/1083 1352/1477/1083
f 1379/1507/1084 1378/1508/1084 1350/1479/1084 1351/1478/1084
f 1378/1508/1085 1377/1509/1085 1349/1480/1085 1350/1479/1085
f 1377/1509/1086 1376/1510/1086 1348/1481/1086 1349/1480/1086
f 1376/1510/1087 1375/1511/1087 1347/1482/1087 1348/1481/1087
f 1375/1511/1088 1374/1512/1088 1346/1483/1088 1347/1482/1088
f 1374/1512/1089 1373/1513/1089 1345/1484/1089 1346/1483/1089
f 1373/1513/1090 1372/1514/1090 1344/1485/1090 1345/1484/1090
f 1372/1514/1091 1371/1515/1091 1343/1486/1091 1344/1485/1091
f 1371/1516/1092 1370/1517/1092 1342/1488/1092 1343/1487/1092
f 1370/1517/1093 1369/1518/1093 1341/1489/1093 1342/1488/1093
f 1369/1518/1094 1368/1519/1094 1340/1490/1094 1341/1489/1094
f 1368/1519/1095 1367/1520/1095 1339/1491/1095 1340/1490/1095
f 1367/1520/1096 1366/1521/1096 1338/1492/1096 1339/1491/1096
f 1366/1521/1097 1365/1522/1097 1337/1493/1097 1338/1492/1097
f 1365/1522/1098 1364/1523/1098 1336/1494/1098 1337/1493/1098
f 1364/1523/1099 1363/1524/1099 1335/1495/1099 1336/1494/1099
f 1363/1524/1100 1362/1525/1100 1334/1496/1100 1335/1495/1100
f 1362/1525/1101 1361/1526/1101 1333/1497/1101 1334/1496/1101
f 1361/1526/1102 1360/1527/1102 1332/1498/1102 1333/1497/1102
f 1360/1527/1103 1359/1528/1103 1331/1499/1103 1332/1498/1103
f 1359/1528/1104 1357/1529/1104 1329/1500/1104 1331/1499/1104
f 1386/1530/1105 1412/1531/1105 1384/1502/1105 1358/1501/1105
f 1412/1531/1106 1411/1532/1106 1383/1503/1106 1384/1502/1106
f 1411/1532/1107 1410/1533/1107 1382/1504/1107 1383/1503/1107
f 1410/1533/1108 1409/1534/1108 1381/1505/1108 1382/1504/1108
f 1409/1534/1109 1408/1535/1109 1380/1506/1109 1381/1505/1109
f 1408/1535/1110 1407/1536/1110 1379/1507/1110 1380/1506/1110
f 1407/1536/1111 1406/1537/1111 1378/1508/1111 1379/1507/1111
f 1406/1537/1112 1405/1538/1112 1377/1509/1112 1378/1508/1112
f 1405/1538/1113 1404/1539/1113 1376/1510/1113 1377/1509/1113
f 1404/1539/1114 1403/1540/1114 1375/1511/1114 1376/1510/1114
f 1403/1540/1115 1402/1541/1115 1374/1512/1115 1375/1511/1115
f 1402/1541/1116 1401/1542/1116 1373/1513/1116 1374/1512/1116
f 1401/1542/1117 1400/1543/1117 1372/1514/1117 1373/1513/1117
f 1400/1543/1118 1399/1544/1118 1371/1515/1118 1372/1514/1118
f 1399/1545/1119 1398/1546/1119 1370/1517/1119 1371/1516/1119
f 1398/1546/1120 1397/1547/1120 1369/1518/1120 1370/1517/1120
f 1397/1547/1121 1396/1548/1121 1368/1519/1121 1369/1518/1121
f 1396/1548/1122 1395/1549/1122 1367/1520/1122 1368/1519/1122
f 1395/1549/1123 1394/1550/1123 1366/1521/1123 1367/1520/1123
f 1394/1550/1124 1393/1551/1124 1365/1522/1124 1366/1521/1124
f 1393/1551/1125 1392/1552/1125 1364/1523/1125 1365/1522/1125
f 1392/1552/1126 1391/1553/1126 1363/1524/1126 1364/1523/1126
f 1391/1553/1127 1390/1554/1127 1362/1525/1127 1363/1524/1127
f 1390/1554/1128 1389/1555/1128 1361/1526/1128 1362/1525/1128
f 1389/1555/1129 1388/1556/1129 1360/1527/1129 1361/1526/1129
f 1388/1556/1130 1387/1557/1130 1359/1528/1130 1360/1527/1130
f 1387/1557/1131 1385/1558/1131 1357/1529/1131 1359/1528/1131
f 1414/1559/1132 1440/1560/1132 1412/1531/1132 1386/1530/1132
f 1440/1560/1133 1439/1561/1133 1411/1532/1133 1412/1531/1133
f 1439/1561/1134 1438/1562/1134 1410/1533/1134 1411/1532/1134
f 1438/1562/1135 1437/1563/1135 1409/1534/1135 1410/1533/1135
f 1437/1563/1136 1436/1564/1136 1408/1535/1136 1409/1534/1136
f 1436/1564/1137 1435/1565/1137 1407/1536/1137 1408/1535/1137
f 1435/1565/1138 1434/1566/1138 1406/1537/1138 1407/1536/1138
f 1434/1566/1139 1433/1567/1139 1405/1538/1139 1406/1537/1139
f 1433/1567/1140 1432/1568/1140 1404/1539/1140 1405/1538/1140
f 1432/1568/1141 1431/1569/1141 1403/1540/1141 1404/1539/1141
f 1431/1569/1142 1430/1570/1142 1402/1541/1142 1403/1540/1142
f 1430/1570/1143 1429/1571/1143 1401/1542/1143 1402/1541/1143
f 1429/1571/1144 1428/1572/1144 1400/1543/1144 1401/1542/1144
f 1428/1572/1145 1427/1573/1145 1399/1544/1145 1400/1543/1145
f 1427/1574/1146 1426/1575/1146 1398/1546/1146 1399/1545/1146
f 1426/1575/1147 1425/1576/1147 1397/1547/1147 1398/1546/1147
f 1425/1576/1148 1424/1577/1148 1396/1548/1148 1397/1547/1148
f 1424/1577/1149 1423/1578/1149 1395/1549/1149 1396/1548/1149
f 1423/1578/1150 1422/1579/1150 1394/1550/1150 1395/1549/1150
f 1422/1579/1151 1421/1580/1151 1393/1551/1151 1394/1550/1151
f 1421/1580/1152 1420/1581/1152 1392/1552/1152 1393/1551/1152
f 1420/1581/1153 1419/1582/1153 1391/1553/1153 1392/1552/1153
f 1419/1582/1154 1418/1583/1154 1390/1554/1154 1391/1553/1154
f 1418/1583/1155 1417/1584/1155 1389/1555/1155 1390/1554/1155
f 1417/1584/1156 1416/1585/1156 1388/1556/1156 1389/1555/1156
f 1416/1585/1157 1415/1586/1157 1387/1557/1157 1388/1556/1157
f 1415/1586/1158 1413/1587/1158 1385/1558/1158 1387/1557/1158
f 546/1588/1159 572/1589/1159 1440/1560/1159 1414/1559/1159
f 572/1589/1160 571/1590/1160 1439/1561/1160 1440/1560/1160
f 571/1590/1161 570/1591/1161 1438/1562/1161 1439/1561/1161
f 570/1591/1162 569/1592/1162 1437/1563/1162 1438/1562/1162
f 569/1592/1163 568/1593/1163 1436/1564/1163 1437/1563/1163
f 568/1593/1164 567/1594/1164 1435/1565/1164 1436/1564/1164
f 567/1594/1165 566/1595/1165 1434/1566/1165 1435/1565/1165
f 566/1595/1166 565/1596/1166 1433/1567/1166 1434/1566/1166
f 565/1596/1167 564/1597/1167 1432/1568/1167 1433/1567/1167
f 564/1597/1168 563/1598/1168 1431/1569/1168 1432/1568/1168
f 563/1598/1169 562/1599/1169 1430/1570/1169 1431/1569/1169
f 562/1599/1170 561/1600/1170 1429/1571/1170 1430/1570/1170
f 561/1600/1171 560/1601/1171 1428/1572/1171 1429/1571/1171
f 560/1601/1172 559/1602/1172 1427/1573/1172 1428/1572/1172
f 559/691/1173 558/692/1173 1426/1575/1173 1427/1574/1173
f 558/692/1174 557/694/1174 1425/1576/1174 1426/1575/1174
f 557/694/1175 556/696/1175 1424/1577/1175 1425/1576/1175
f 556/696/1176 555/698/1176 1423/1578/1176 1424/1577/1176
f 555/698/1177 554/700/1177 1422/1579/1177 1423/1578/1177
f 554/700/1178 553/702/1178 1421/1580/1178 1422/1579/1178
f 553/702/1179 552/704/1179 1420/1581/1179 1421/1580/1179
f 552/704/1180 551/706/1180 1419/1582/1180 1420/1581/1180
f 551/706/1181 550/708/1181 1418/1583/1181 1419/1582/1181
f 550/708/1182 549/710/1182 1417/1584/1182 1418/1583/1182
f 549/710/1183 548/712/1183 1416/1585/1183 1417/1584/1183
f 548/712/1184 547/714/1184 1415/1586/1184 1416/1585/1184
f 547/714/1185 545/716/1185 1413/1587/1185 1415/1586/1185
f 573/717/1186 601/746/1186 629/775/1186 657/804/1186 685/833/1186 713/862/1186 741/891/1186 769/920/1186 797/949/1186 825/978/1186 853/1007/1186 881/1036/1186 909/1065/1186 937/1094/1186 965/1123/1186 993/1152/1186 1021/1181/1186 1049/1210/1186 1077/1239/1186 1105/1268/1186 1133/1297/1186 1161/1326/1186 1189/1355/1186 1217/1384/1186 1245/1413/1186 1273/1442/1186 1301/1471/1186 1329/1500/1186 1357/1529/1186 1385/1558/1186 1413/1587/1186 545/716/1186
f 48/659/318 49/642/318 574/660/318 546/661/318
f 529/74/8 48/75/8 546/1588/8 1414/1559/8
f 49/642/308 65/629/308 602/718/308 574/660/308
f 65/629/298 81/616/298 630/747/298 602/718/298
f 81/616/288 97/597/288 658/776/288 630/747/288
f 97/597/278 113/584/278 686/805/278 658/776/278
f 113/584/268 129/571/268 714/834/268 686/805/268
f 129/571/258 145/552/258 742/863/258 714/834/258
f 145/552/248 161/539/248 770/892/248 742/863/248
f 161/539/238 177/526/238 798/921/238 770/892/238
f 177/526/228 193/506/228 826/950/228 798/921/228
f 193/506/218 209/492/218 854/979/218 826/950/218
f 209/492/208 225/479/208 882/1008/208 854/979/208
f 225/479/198 241/460/198 910/1037/198 882/1008/198
f 241/460/188 257/442/188 938/1066/188 910/1037/188
f 257/442/178 273/423/178 966/1095/178 938/1066/178
f 273/423/168 289/403/168 994/1124/168 966/1095/168
f 289/403/158 305/383/158 1022/1153/158 994/1124/158
f 305/383/148 321/365/148 1050/1182/148 1022/1153/148
f 321/365/138 337/342/138 1078/1211/138 1050/1182/138
f 337/342/128 353/319/128 1106/1240/128 1078/1211/128
f 353/319/118 369/299/118 1134/1269/118 1106/1240/118
f 369/299/108 385/279/108 1162/1298/108 1134/1269/108
f 385/279/98 401/254/98 1190/1327/98 1162/1298/98
f 401/254/88 417/234/88 1218/1356/88 1190/1327/88
f 417/234/78 433/214/78 1246/1385/78 1218/1356/78
f 433/214/68 449/191/68 1274/1414/68 1246/1385/68
f 449/191/58 465/169/58 1302/1443/58 1274/1414/58
f 465/169/48 481/147/48 1330/1472/48 1302/1443/48
f 481/147/38 497/124/38 1358/1501/38 1330/1472/38
f 497/124/28 513/101/28 1386/1530/28 1358/1501/28
f 513/101/18 529/74/18 1414/1559/18 1386/1530/18
f 1441/73/1186 530/73/1186 1442/76/1186 47/76/1186
f 1444/75/1186 48/75/1186 529/74/1186 1443/74/1186
f 1445/100/1186 514/100/1186 530/73/1186 1441/73/1186
f 1443/74/1186 529/74/1186 513/101/1186 1446/101/1186
f 1447/123/1186 498/123/1186 514/100/1186 1445/100/1186
f 1446/101/1186 513/101/1186 497/124/1186 1448/124/1186
f 1449/146/1186 482/146/1186 498/123/1186 1447/123/1186
f 1448/124/1186 497/124/1186 481/147/1186 1450/147/1186
f 1451/168/1186 466/168/1186 482/146/1186 1449/146/1186
f 1450/147/1186 481/147/1186 465/169/1186 1452/169/1186
f 1453/190/1186 450/190/1186 466/168/1186 1451/168/1186
f 1452/169/1186 465/169/1186 449/191/1186 1454/191/1186
f 1455/213/1186 434/213/1186 450/190/1186 1453/190/1186
f 1454/191/1186 449/191/1186 433/214/1186 1456/214/1186
f 1457/137/1186 418/137/1186 434/213/1186 1455/213/1186
f 1456/214/1186 433/214/1186 417/234/1186 1458/234/1186
f 1459/136/1186 402/136/1186 418/137/1186 1457/137/1186
f 1458/234/1186 417/234/1186 401/254/1186 1460/254/1186
f 1461/278/1186 386/278/1186 402/136/1186 1459/136/1186
f 1460/254/1186 401/254/1186 385/279/1186 1462/279/1186
f 1463/227/1186 370/227/1186 386/278/1186 1461/278/1186
f 1462/279/1186 385/279/1186 369/299/1186 1464/299/1186
f 1465/226/1186 354/226/1186 370/227/1186 1463/227/1186
f 1464/299/1186 369/299/1186 353/319/1186 1466/319/1186
f 1467/341/1186 338/341/1186 354/226/1186 1465/226/1186
f 1466/319/1186 353/319/1186 337/342/1186 1468/342/1186
f 1469/312/1186 322/312/1186 338/341/1186 1467/341/1186
f 1468/342/1186 337/342/1186 321/365/1186 1470/365/1186
f 1471/311/1186 306/311/1186 322/312/1186 1469/312/1186
f 1470/365/1186 321/365/1186 305/383/1186 1472/383/1186
f 1473/402/1186 290/402/1186 306/311/1186 1471/311/1186
f 1472/383/1186 305/383/1186 289/403/1186 1474/403/1186
f 1475/401/1186 274/401/1186 290/402/1186 1473/402/1186
f 1474/403/1186 289/403/1186 273/423/1186 1476/423/1186
f 1477/400/1186 258/400/1186 274/401/1186 1475/401/1186
f 1476/423/1186 273/423/1186 257/442/1186 1478/442/1186
f 1479/459/1186 242/459/1186 258/400/1186 1477/400/1186
f 1478/442/1186 257/442/1186 241/460/1186 1480/460/1186
f 1481/478/1186 226/478/1186 242/459/1186 1479/459/1186
f 1480/460/1186 241/460/1186 225/479/1186 1482/479/1186
f 1483/64/1186 210/64/1186 226/478/1186 1481/478/1186
f 1482/479/1186 225/479/1186 209/492/1186 1484/492/1186
f 1485/63/1186 194/63/1186 210/64/1186 1483/64/1186
f 1484/492/1186 209/492/1186 193/506/1186 1486/506/1186
f 1487/525/1186 178/525/1186 194/63/1186 1485/63/1186
f 1486/506/1186 193/506/1186 177/526/1186 1488/526/1186
f 1489/182/1186 162/182/1186 178/525/1186 1487/525/1186
f 1488/526/1186 177/526/1186 161/539/1186 1490/539/1186
f 1491/181/1186 146/181/1186 162/182/1186 1489/182/1186
f 1490/539/1186 161/539/1186 145/552/1186 1492/552/1186
f 1493/570/1186 130/570/1186 146/181/1186 1491/181/1186
f 1492/552/1186 145/552/1186 129/571/1186 1494/571/1186
f 1495/267/1186 114/267/1186 130/570/1186 1493/570/1186
f 1494/571/1186 129/571/1186 113/584/1186 1496/584/1186
f 1497/266/1186 98/266/1186 114/267/1186 1495/267/1186
f 1496/584/1186 113/584/1186 97/597/1186 1498/597/1186
f 1499/615/1186 82/615/1186 98/266/1186 1497/266/1186
f 1498/597/1186 97/597/1186 81/616/1186 1500/616/1186
f 1501/355/1186 66/355/1186 82/615/1186 1499/615/1186
f 1500/616/1186 81/616/1186 65/629/1186 1502/629/1186
f 1503/354/1186 50/354/1186 66/355/1186 1501/355/1186
f 1502/629/1186 65/629/1186 49/642/1186 1504/642/1186
f 47/658/1186 1442/658/1186 50/354/1186 1503/354/1186
f 1504/642/1186 49/642/1186 48/659/1186 1444/659/1186
f 1603/397/1187 1795/397/1187 1801/381/1187 1609/381/1187
f 1558/359/39 1750/359/39 1744/360/39 1552/360/39
f 1655/213/1188 1847/213/1188 1853/190/1188 1661/190/1188
f 1610/380/1189 1802/380/1189 1796/396/1189 1604/396/1189
f 1553/182/320 1745/182/320 1751/525/320 1559/525/320
f 1662/56/1190 1854/56/1190 1848/210/1190 1656/210/1190
f 1605/394/1191 1797/394/1191 1803/378/1191 1611/378/1191
f 1560/524/310 1752/524/310 1746/203/310 1554/203/310
f 1657/208/1192 1849/208/1192 1855/121/1192 1663/121/1192
f 1612/71/1193 1804/71/1193 1798/72/1193 1606/72/1193
f 1555/250/289 1747/250/289 1753/522/289 1561/522/289
f 1664/160/1194 1856/160/1194 1850/207/1194 1658/207/1194
f 1607/311/229 1799/311/229 1805/312/229 1613/312/229
f 1562/521/271 1754/521/271 1748/276/271 1556/276/271
f 1659/205/1195 1851/205/1195 1857/183/1195 1665/183/1195
f 1510/658/11 1702/658/11 1703/354/11 1511/354/11
f 1614/339/219 1806/339/219 1800/340/219 1608/340/219
f 1557/318/251 1749/318/251 1755/519/251 1563/519/251
f 1666/180/1196 1858/180/1196 1852/202/1196 1660/202/1196
f 1512/377/1197 1704/377/1197 1701/657/1197 1509/657/1197
f 1609/381/1198 1801/381/1198 1807/361/1198 1615/361/1198
f 1564/517/239 1756/517/239 1750/359/239 1558/359/239
f 1661/190/100 1853/190/100 1859/168/100 1667/168/100
f 1508/655/1199 1700/655/1199 1705/434/1199 1513/434/1199
f 1616/358/179 1808/358/179 1802/380/179 1610/380/179
f 1559/525/1200 1751/525/1200 1757/63/1200 1565/63/1200
f 1668/55/81 1860/55/81 1854/56/81 1662/56/81
f 1514/454/1201 1706/454/1201 1699/654/1201 1507/654/1201
f 1611/378/149 1803/378/149 1809/356/149 1617/356/149
f 1566/99/1202 1758/99/1202 1752/524/1202 1560/524/1202
f 1663/121/1203 1855/121/1203 1861/122/1203 1669/122/1203
f 1506/88/1204 1698/88/1204 1707/89/1204 1515/89/1204
f 1618/353/139 1810/353/139 1804/71/139 1612/71/139
f 1561/522/1205 1753/522/1205 1759/163/1205 1567/163/1205
f 1670/159/50 1862/159/50 1856/160/50 1664/160/50
f 1516/113/1206 1708/113/1206 1697/114/1206 1505/114/1206
f 1613/312/1207 1805/312/1207 1811/341/1207 1619/341/1207
f 1568/189/1208 1760/189/1208 1754/521/1208 1562/521/1208
f 1665/183/21 1857/183/21 1863/161/21 1671/161/21
f 1511/354/211 1703/354/211 1709/355/211 1517/355/211
f 1620/338/1209 1812/338/1209 1806/339/1209 1614/339/1209
f 1563/519/1210 1755/519/1210 1761/232/1210 1569/232/1210
f 1672/158/10 1864/158/10 1858/180/10 1666/180/10
f 1518/376/199 1710/376/199 1704/377/199 1512/377/199
f 1615/361/1211 1807/361/1211 1813/336/1211 1621/336/1211
f 1570/272/1212 1762/272/1212 1756/517/1212 1564/517/1212
f 1667/168/300 1859/168/300 1865/146/300 1673/146/300
f 1513/434/1213 1705/434/1213 1711/435/1213 1519/435/1213
f 1622/333/1214 1814/333/1214 1808/358/1214 1616/358/1214
f 1565/63/80 1757/63/80 1763/64/80 1571/64/80
f 1674/143/281 1866/143/281 1860/55/281 1668/55/281
f 1520/453/159 1712/453/159 1706/454/159 1514/454/159
f 1617/356/1215 1809/356/1215 1815/331/1215 1623/331/1215
f 1572/98/70 1764/98/70 1758/99/70 1566/99/70
f 1669/122/261 1861/122/261 1867/141/261 1675/141/261
f 1515/89/131 1707/89/131 1713/503/131 1521/503/131
f 1624/330/1216 1816/330/1216 1810/353/1216 1618/353/1216
f 1567/163/1217 1759/163/1217 1765/164/1217 1573/164/1217
f 1676/140/250 1868/140/250 1862/159/250 1670/159/250
f 1522/518/119 1714/518/119 1708/113/119 1516/113/119
f 1619/341/1218 1811/341/1218 1817/226/1218 1625/226/1218
f 1574/188/31 1766/188/31 1760/189/31 1568/189/31
f 1671/161/221 1863/161/221 1869/138/221 1677/138/221
f 1517/355/1219 1709/355/1219 1715/615/1219 1523/615/1219
f 1626/253/1220 1818/253/1220 1812/338/1220 1620/338/1220
f 1569/232/9 1761/232/9 1767/233/9 1575/233/9
f 1678/135/210 1870/135/210 1864/158/210 1672/158/210
f 1524/614/1221 1716/614/1221 1710/376/1221 1518/376/1221
f 1621/336/1222 1813/336/1222 1819/298/1222 1627/298/1222
f 1576/271/1223 1768/271/1223 1762/272/1223 1570/272/1223
f 1673/146/1224 1865/146/1224 1871/123/1224 1679/123/1224
f 1519/435/1225 1711/435/1225 1717/612/1225 1525/612/1225
f 1628/315/1226 1820/315/1226 1814/333/1226 1622/333/1226
f 1571/64/280 1763/64/280 1769/478/280 1577/478/280
f 1680/120/1227 1872/120/1227 1866/143/1227 1674/143/1227
f 1526/611/1228 1718/611/1228 1712/453/1228 1520/453/1228
f 1623/331/1229 1815/331/1229 1821/313/1229 1629/313/1229
f 1578/477/270 1770/477/270 1764/98/270 1572/98/270
f 1675/141/1230 1867/141/1230 1873/118/1230 1681/118/1230
f 1521/503/1231 1713/503/1231 1719/609/1231 1527/609/1231
f 1630/310/1232 1822/310/1232 1816/330/1232 1624/330/1232
f 1573/164/249 1765/164/249 1771/475/249 1579/475/249
f 1682/117/1233 1874/117/1233 1868/140/1233 1676/140/1233
f 1528/608/319 1720/608/319 1714/518/319 1522/518/319
f 1625/226/181 1817/226/181 1823/227/181 1631/227/181
f 1580/474/231 1772/474/231 1766/188/231 1574/188/231
f 1677/138/1234 1869/138/1234 1875/115/1234 1683/115/1234
f 1523/615/1235 1715/615/1235 1721/266/1235 1529/266/1235
f 1632/252/170 1824/252/170 1818/253/170 1626/253/170
f 1575/233/209 1767/233/209 1773/472/209 1581/472/209
f 1684/112/1236 1876/112/1236 1870/135/1236 1678/135/1236
f 1530/292/1237 1722/292/1237 1716/614/1237 1524/614/1237
f 1627/298/141 1819/298/141 1825/296/141 1633/296/141
f 1582/471/191 1774/471/191 1768/271/191 1576/271/191
f 1679/123/60 1871/123/60 1877/100/60 1685/100/60
f 1525/612/1238 1717/612/1238 1723/334/1238 1531/334/1238
f 245/456/1239 1585/456/1239 1591/438/1239 261/438/1239
f 518/92/1240 1688/92/1240 1682/117/1240 502/117/1240
f 296/394/1197 1605/394/1197 1611/378/1197 312/378/1197
f 450/190/1223 1661/190/1223 1667/168/1223 466/168/1223
f 501/118/1241 1681/118/1241 1687/95/1241 517/95/1241
f 54/454/1187 1514/454/1187 1507/654/1187 43/654/1187
f 105/441/1218 1534/441/1218 1528/608/1218 89/608/1218
f 259/437/1242 1590/437/1242 1584/458/1242 243/458/1242
f 44/655/1189 1508/655/1189 1513/434/1189 53/434/1189
f 310/380/1199 1610/380/1199 1604/396/1199 294/396/1199
f 88/609/1220 1527/609/1220 1533/418/1220 104/418/1220
f 361/310/1235 1630/310/1235 1624/330/1235 345/330/1235
f 242/459/1243 1583/459/1243 1589/400/1243 258/400/1243
f 515/97/1244 1686/97/1244 1680/120/1244 499/120/1244
f 293/397/1201 1603/397/1201 1609/381/1201 309/381/1201
f 344/331/1237 1623/331/1237 1629/313/1237 360/313/1237
f 498/123/1245 1679/123/1245 1685/100/1245 514/100/1245
f 51/377/1191 1512/377/1191 1509/657/1191 46/657/1191
f 102/364/1222 1532/364/1222 1526/611/1222 86/611/1222
f 153/360/1246 1552/360/1246 1546/563/1246 137/563/1246
f 1442/658/1193 1510/658/1193 1511/354/1193 50/354/1193
f 307/340/1204 1608/340/1204 1602/399/1204 291/399/1204
f 85/612/1226 1525/612/1226 1531/334/1226 101/334/1226
f 358/315/1238 1628/315/1238 1622/333/1238 342/333/1238
f 136/564/1247 1545/564/1247 1551/317/1247 152/317/1247
f 409/245/1248 1648/245/1248 1642/265/1248 393/265/1248
f 290/402/1206 1601/402/1206 1607/311/1206 306/311/1206
f 341/336/1249 1621/336/1249 1627/298/1249 357/298/1249
f 392/268/1250 1641/268/1250 1647/247/1250 408/247/1250
f 99/292/1229 1530/292/1229 1524/614/1229 83/614/1229
f 150/277/1251 1550/277/1251 1544/566/1251 134/566/1251
f 201/272/1188 1570/272/1188 1564/517/1188 185/517/1188
f 82/615/1232 1523/615/1232 1529/266/1232 98/266/1232
f 355/253/1252 1626/253/1252 1620/338/1252 339/338/1252
f 133/567/1253 1543/567/1253 1549/249/1253 149/249/1253
f 406/246/1254 1646/246/1254 1640/270/1254 390/270/1254
f 184/519/1190 1563/519/1190 1569/232/1190 200/232/1190
f 457/180/1200 1666/180/1200 1660/202/1200 441/202/1200
f 338/341/1255 1619/341/1255 1625/226/1255 354/226/1255
f 389/273/1256 1639/273/1256 1645/211/1256 405/211/1256
f 440/205/1202 1659/205/1202 1665/183/1202 456/183/1202
f 147/204/1257 1548/204/1257 1542/569/1257 131/569/1257
f 198/189/1192 1568/189/1192 1562/521/1192 182/521/1192
f 249/186/1224 1588/186/1224 1582/471/1224 233/471/1224
f 130/570/1258 1541/570/1258 1547/181/1258 146/181/1258
f 403/167/1259 1644/167/1259 1638/275/1259 387/275/1259
f 181/522/1194 1561/522/1194 1567/163/1194 197/163/1194
f 454/160/1205 1664/160/1205 1658/207/1205 438/207/1205
f 232/472/1227 1581/472/1227 1587/144/1227 248/144/1227
f 505/112/1260 1684/112/1260 1678/135/1260 489/135/1260
f 386/278/1261 1637/278/1261 1643/136/1261 402/136/1261
f 437/208/1208 1657/208/1208 1663/121/1208 453/121/1208
f 488/138/1262 1677/138/1262 1683/115/1262 504/115/1262
f 195/99/1195 1566/99/1195 1560/524/1195 179/524/1195
f 246/94/1230 1586/94/1230 1580/474/1230 230/474/1230
f 297/72/1263 1606/72/1263 1600/414/1263 281/414/1263
f 178/525/1196 1559/525/1196 1565/63/1196 194/63/1196
f 451/56/1210 1662/56/1210 1656/210/1210 435/210/1210
f 229/475/1233 1579/475/1233 1585/456/1233 245/456/1233
f 502/117/1264 1682/117/1264 1676/140/1264 486/140/1264
f 280/415/1265 1599/415/1265 1605/394/1265 296/394/1265
f 40/54/1266 1505/54/1266 1696/53/1266 537/53/1266
f 434/213/1212 1655/213/1212 1661/190/1212 450/190/1212
f 485/141/1267 1675/141/1267 1681/118/1267 501/118/1267
f 536/57/1268 1695/57/1268 1506/60/1268 41/60/1268
f 89/608/1207 1528/608/1207 1522/518/1207 73/518/1207
f 243/458/1234 1584/458/1234 1578/477/1234 227/477/1234
f 294/396/1269 1604/396/1269 1598/417/1269 278/417/1269
f 72/503/1209 1521/503/1209 1527/609/1209 88/609/1209
f 345/330/1219 1624/330/1219 1618/353/1219 329/353/1219
f 226/478/1236 1577/478/1236 1583/459/1236 242/459/1236
f 499/120/1270 1680/120/1270 1674/143/1270 483/143/1270
f 277/420/1271 1597/420/1271 1603/397/1271 293/397/1271
f 43/62/1272 1507/62/1272 1694/61/1272 534/61/1272
f 328/356/1221 1617/356/1221 1623/331/1221 344/331/1221
f 482/146/1273 1673/146/1273 1679/123/1273 498/123/1273
f 533/65/1274 1693/65/1274 1508/68/1274 44/68/1274
f 86/611/1211 1526/611/1211 1520/453/1211 70/453/1211
f 137/563/1275 1546/563/1275 1540/440/1275 121/440/1275
f 291/399/1276 1602/399/1276 1596/422/1276 275/422/1276
f 69/435/1214 1519/435/1214 1525/612/1214 85/612/1214
f 342/333/1225 1622/333/1225 1616/358/1225 326/358/1225
f 120/419/1277 1539/419/1277 1545/564/1277 136/564/1277
f 393/265/1278 1642/265/1278 1636/290/1278 377/290/1278
f 274/401/1279 1595/401/1279 1601/402/1279 290/402/1279
f 46/70/1280 1509/70/1280 1692/69/1280 531/69/1280
f 325/361/1228 1615/361/1228 1621/336/1228 341/336/1228
f 376/293/1281 1635/293/1281 1641/268/1281 392/268/1281
f 530/73/1282 1691/73/1282 1510/76/1282 1442/76/1282
f 83/614/1215 1524/614/1215 1518/376/1215 67/376/1215
f 134/566/1283 1544/566/1283 1538/363/1283 118/363/1283
f 185/517/1284 1564/517/1284 1558/359/1284 169/359/1284
f 66/355/1216 1517/355/1216 1523/615/1216 82/615/1216
f 339/338/1231 1620/338/1231 1614/339/1231 323/339/1231
f 117/335/1285 1537/335/1285 1543/567/1285 133/567/1285
f 390/270/1286 1640/270/1286 1634/295/1286 374/295/1286
f 1708/113/1 1900/113/1 1889/114/1 1697/114/1
f 1805/312/1186 1997/312/1186 2003/341/1186 1811/341/1186
f 1760/189/1 1952/189/1 1946/521/1 1754/521/1
f 1857/183/1186 2049/183/1186 2055/161/1186 1863/161/1186
f 1703/354/1186 1895/354/1186 1901/355/1186 1709/355/1186
f 1812/338/1 2004/338/1 1998/339/1 1806/339/1
f 1755/519/1186 1947/519/1186 1953/232/1186 1761/232/1186
f 1864/158/1 2056/158/1 2050/180/1 1858/180/1
f 1710/376/1 1902/376/1 1896/377/1 1704/377/1
f 1807/361/1186 1999/361/1186 2005/336/1186 1813/336/1186
f 1762/272/1 1954/272/1 1948/517/1 1756/517/1
f 1859/168/1186 2051/168/1186 2057/146/1186 1865/146/1186
f 1705/434/1186 1897/434/1186 1903/435/1186 1711/435/1186
f 1814/333/1 2006/333/1 2000/358/1 1808/358/1
f 1757/63/1186 1949/63/1186 1955/64/1186 1763/64/1186
f 1866/143/1 2058/143/1 2052/55/1 1860/55/1
f 1712/453/1 1904/453/1 1898/454/1 1706/454/1
f 1809/356/1186 2001/356/1186 2007/331/1186 1815/331/1186
f 1764/98/1 1956/98/1 1950/99/1 1758/99/1
f 1861/122/1186 2053/122/1186 2059/141/1186 1867/141/1186
f 1707/89/1186 1899/89/1186 1905/503/1186 1713/503/1186
f 1816/330/1 2008/330/1 2002/353/1 1810/353/1
f 1759/163/1186 1951/163/1186 1957/164/1186 1765/164/1186
f 1868/140/1 2060/140/1 2054/159/1 1862/159/1
f 1714/518/1 1906/518/1 1900/113/1 1708/113/1
f 1811/341/1186 2003/341/1186 2009/226/1186 1817/226/1186
f 1766/188/1 1958/188/1 1952/189/1 1760/189/1
f 1863/161/1186 2055/161/1186 2061/138/1186 1869/138/1186
f 1709/355/1186 1901/355/1186 1907/615/1186 1715/615/1186
f 1818/253/1 2010/253/1 2004/338/1 1812/338/1
f 1761/232/1186 1953/232/1186 1959/233/1186 1767/233/1186
f 1870/135/1 2062/135/1 2056/158/1 1864/158/1
f 1716/614/1 1908/614/1 1902/376/1 1710/376/1
f 1813/336/1186 2005/336/1186 2011/298/1186 1819/298/1186
f 1768/271/1 1960/271/1 1954/272/1 1762/272/1
f 1865/146/1186 2057/146/1186 2063/123/1186 1871/123/1186
f 1711/435/1186 1903/435/1186 1909/612/1186 1717/612/1186
f 1820/315/1 2012/315/1 2006/333/1 1814/333/1
f 1763/64/1186 1955/64/1186 1961/478/1186 1769/478/1186
f 1872/120/1 2064/120/1 2058/143/1 1866/143/1
f 1718/611/1 1910/611/1 1904/453/1 1712/453/1
f 1815/331/1186 2007/331/1186 2013/313/1186 1821/313/1186
f 1770/477/1 1962/477/1 1956/98/1 1764/98/1
f 1867/141/1186 2059/141/1186 2065/118/1186 1873/118/1186
f 1713/503/1186 1905/503/1186 1911/609/1186 1719/609/1186
f 1822/310/1 2014/310/1 2008/330/1 1816/330/1
f 1765/164/1186 1957/164/1186 1963/475/1186 1771/475/1186
f 1874/117/1 2066/117/1 2060/140/1 1868/140/1
f 1720/608/1 1912/608/1 1906/518/1 1714/518/1
f 1817/226/1186 2009/226/1186 2015/227/1186 1823/227/1186
f 1772/474/1 1964/474/1 1958/188/1 1766/188/1
f 1869/138/1186 2061/138/1186 2067/115/1186 1875/115/1186
f 1715/615/1186 1907/615/1186 1913/266/1186 1721/266/1186
f 1824/252/1 2016/252/1 2010/253/1 1818/253/1
f 1767/233/1186 1959/233/1186 1965/472/1186 1773/472/1186
f 1876/112/1 2068/112/1 2062/135/1 1870/135/1
f 1722/292/1 1914/292/1 1908/614/1 1716/614/1
f 1819/298/1186 2011/298/1186 2017/296/1186 1825/296/1186
f 1774/471/1 1966/471/1 1960/271/1 1768/271/1
f 1871/123/1186 2063/123/1186 2069/100/1186 1877/100/1186
f 1717/612/1186 1909/612/1186 1915/334/1186 1723/334/1186
f 1826/295/1 2018/295/1 2012/315/1 1820/315/1
f 1769/478/1186 1961/478/1186 1967/459/1186 1775/459/1186
f 1878/97/1 2070/97/1 2064/120/1 1872/120/1
f 1724/364/1 1916/364/1 1910/611/1 1718/611/1
f 1821/313/1186 2013/313/1186 2019/293/1186 1827/293/1186
f 1776/458/1 1968/458/1 1962/477/1 1770/477/1
f 1873/118/1186 2065/118/1186 2071/95/1186 1879/95/1186
f 1719/609/1186 1911/609/1186 1917/418/1186 1725/418/1186
f 1828/290/1 2020/290/1 2014/310/1 1822/310/1
f 1771/475/1186 1963/475/1186 1969/456/1186 1777/456/1186
f 1880/92/1 2072/92/1 2066/117/1 1874/117/1
f 1726/441/1 1918/441/1 1912/608/1 1720/608/1
f 1823/227/1186 2015/227/1186 2021/278/1186 1829/278/1186
f 1778/94/1 1970/94/1 1964/474/1 1772/474/1
f 1875/115/1186 2067/115/1186 2073/90/1186 1881/90/1186
f 1721/266/1186 1913/266/1186 1919/267/1186 1727/267/1186
f 1830/275/1 2022/275/1 2016/252/1 1824/252/1
f 1773/472/1186 1965/472/1186 1971/144/1186 1779/144/1186
f 1882/87/1 2074/87/1 2068/112/1 1876/112/1
f 1728/291/1 1920/291/1 1914/292/1 1722/292/1
f 1825/296/1186 2017/296/1186 2023/273/1186 1831/273/1186
f 1780/186/1 1972/186/1 1966/471/1 1774/471/1
f 1877/100/1186 2069/100/1186 2075/73/1186 1883/73/1186
f 1723/334/1186 1915/334/1186 1921/335/1186 1729/335/1186
f 1832/270/1 2024/270/1 2018/295/1 1826/295/1
f 1775/459/1186 1967/459/1186 1973/400/1186 1781/400/1186
f 1884/69/1 2076/69/1 2070/97/1 1878/97/1
f 1730/363/1 1922/363/1 1916/364/1 1724/364/1
f 1827/293/1186 2019/293/1186 2025/268/1186 1833/268/1186
f 1782/437/1 1974/437/1 1968/458/1 1776/458/1
f 1879/95/1186 2071/95/1186 2077/65/1186 1885/65/1186
f 1725/418/1186 1917/418/1186 1923/419/1186 1731/419/1186
f 1834/265/1 2026/265/1 2020/290/1 1828/290/1
f 1777/456/1186 1969/456/1186 1975/438/1186 1783/438/1186
f 1886/61/1 2078/61/1 2072/92/1 1880/92/1
f 1660/202/259 1852/202/259 1846/225/259 1654/225/259
f 1551/317/51 1743/317/51 1749/318/51 1557/318/51
f 1608/340/19 1800/340/19 1794/399/19 1602/399/19
f 1653/228/269 1845/228/269 1851/205/269 1659/205/269
f 1556/276/71 1748/276/71 1742/277/71 1550/277/71
f 1601/402/29 1793/402/29 1799/311/29 1607/311/29
f 1658/207/290 1850/207/290 1844/230/290 1652/230/290
f 1549/249/89 1741/249/89 1747/250/89 1555/250/89
f 1606/72/1282 1798/72/1282 1792/414/1282 1600/414/1282
f 1651/212/301 1843/212/301 1849/208/301 1657/208/301
f 1554/203/110 1746/203/110 1740/204/110 1548/204/110
f 1599/415/1280 1791/415/1280 1797/394/1280 1605/394/1280
f 1656/210/321 1848/210/321 1842/166/321 1650/166/321
f 1547/181/120 1739/181/120 1745/182/120 1553/182/120
f 1604/396/1274 1796/396/1274 1790/417/1274 1598/417/1274
f 1649/137/1284 1841/137/1284 1847/213/1284 1655/213/1284
f 1552/360/1261 1744/360/1261 1738/563/1261 1546/563/1261
f 1597/420/1272 1789/420/1272 1795/397/1272 1603/397/1272
f 1654/225/59 1846/225/59 1840/245/59 1648/245/59
f 1545/564/1259 1737/564/1259 1743/317/1259 1551/317/1259
f 1602/399/1268 1794/399/1268 1788/422/1268 1596/422/1268
f 1647/247/69 1839/247/69 1845/228/69 1653/228/69
f 1550/277/1287 1742/277/1287 1736/566/1287 1544/566/1287
f 1595/401/1266 1787/401/1266 1793/402/1266 1601/402/1266
f 1652/230/90 1844/230/90 1838/246/90 1646/246/90
f 1543/567/1254 1735/567/1254 1741/249/1254 1549/249/1254
f 1600/414/150 1792/414/150 1786/185/150 1594/185/150
f 1645/211/101 1837/211/101 1843/212/101 1651/212/101
f 1548/204/1250 1740/204/1250 1734/569/1250 1542/569/1250
f 1505/54/1279 1697/54/1279 1888/53/1279 1696/53/1279
f 1593/145/160 1785/145/160 1791/415/160 1599/415/160
f 1650/166/121 1842/166/121 1836/167/121 1644/167/121
f 1541/570/1248 1733/570/1248 1739/181/1248 1547/181/1248
f 1695/57/1276 1887/57/1276 1698/60/1276 1506/60/1276
f 1598/417/190 1790/417/190 1784/93/190 1592/93/190
f 1643/136/140 1835/136/140 1841/137/140 1649/137/140
f 1546/563/279 1738/563/279 1732/440/279 1540/440/279
f 1507/62/1271 1699/62/1271 1886/61/1271 1694/61/1271
f 1591/438/200 1783/438/200 1789/420/200 1597/420/200
f 1648/245/1258 1840/245/1258 1834/265/1258 1642/265/1258
f 1539/419/291 1731/419/291 1737/564/291 1545/564/291
f 1693/65/1269 1885/65/1269 1700/68/1269 1508/68/1269
f 1596/422/230 1788/422/230 1782/437/230 1590/437/230
f 1641/268/1257 1833/268/1257 1839/247/1257 1647/247/1257
f 1544/566/311 1736/566/311 1730/363/311 1538/363/311
f 1509/70/1265 1701/70/1265 1884/69/1265 1692/69/1265
f 1589/400/240 1781/400/240 1787/401/240 1595/401/240
f 1646/246/1288 1838/246/1288 1832/270/1288 1640/270/1288
f 1537/335/1286 1729/335/1286 1735/567/1286 1543/567/1286
f 1691/73/1263 1883/73/1263 1702/76/1263 1510/76/1263
f 1594/185/1245 1786/185/1245 1780/186/1245 1588/186/1245
f 1639/273/1251 1831/273/1251 1837/211/1251 1645/211/1251
f 1542/569/1281 1734/569/1281 1728/291/1281 1536/291/1281
f 1696/53/161 1888/53/161 1882/87/161 1690/87/161
f 1587/144/1244 1779/144/1244 1785/145/1244 1593/145/1244
f 1644/167/1247 1836/167/1247 1830/275/1247 1638/275/1247
f 1535/267/1278 1727/267/1278 1733/570/1278 1541/570/1278
f 1689/90/180 1881/90/180 1887/57/180 1695/57/180
f 1592/93/1241 1784/93/1241 1778/94/1241 1586/94/1241
f 1637/278/1246 1829/278/1246 1835/136/1246 1643/136/1246
f 1540/440/79 1732/440/79 1726/441/79 1534/441/79
f 1694/61/201 1886/61/201 1880/92/201 1688/92/201
f 1585/456/1240 1777/456/1240 1783/438/1240 1591/438/1240
f 1642/265/299 1834/265/299 1828/290/299 1636/290/299
f 1533/418/91 1725/418/91 1731/419/91 1539/419/91
f 1687/95/220 1879/95/220 1885/65/220 1693/65/220
f 1590/437/30 1782/437/30 1776/458/30 1584/458/30
f 1635/293/309 1827/293/309 1833/268/309 1641/268/309
f 1538/363/111 1730/363/111 1724/364/111 1532/364/111
f 1692/69/1289 1884/69/1289 1878/97/1289 1686/97/1289
f 1583/459/40 1775/459/40 1781/400/40 1589/400/40
f 1640/270/1285 1832/270/1285 1826/295/1285 1634/295/1285
f 1531/334/129 1723/334/129 1729/335/129 1537/335/129
f 1685/100/260 1877/100/260 1883/73/260 1691/73/260
f 1588/186/1273 1780/186/1273 1774/471/1273 1582/471/1273
f 1633/296/1283 1825/296/1283 1831/273/1283 1639/273/1283
f 1536/291/151 1728/291/151 1722/292/151 1530/292/151
f 1690/87/1243 1882/87/1243 1876/112/1243 1684/112/1243
f 1581/472/1270 1773/472/1270 1779/144/1270 1587/144/1270
f 1638/275/1277 1830/275/1277 1824/252/1277 1632/252/1277
f 1529/266/169 1721/266/169 1727/267/169 1535/267/169
f 1683/115/1242 1875/115/1242 1881/90/1242 1689/90/1242
f 1586/94/1267 1778/94/1267 1772/474/1267 1580/474/1267
f 1631/227/1275 1823/227/1275 1829/278/1275 1637/278/1275
f 1534/441/1255 1726/441/1255 1720/608/1255 1528/608/1255
f 1688/92/1239 1880/92/1239 1874/117/1239 1682/117/1239
f 1579/475/1264 1771/475/1264 1777/456/1264 1585/456/1264
f 1636/290/99 1828/290/99 1822/310/99 1630/310/99
f 1527/609/1252 1719/609/1252 1725/418/1252 1533/418/1252
f 1681/118/20 1873/118/20 1879/95/20 1687/95/20
f 1584/458/1262 1776/458/1262 1770/477/1262 1578/477/1262
f 1629/313/109 1821/313/109 1827/293/109 1635/293/109
f 1532/364/1249 1724/364/1249 1718/611/1249 1526/611/1249
f 1686/97/41 1878/97/41 1872/120/41 1680/120/41
f 1577/478/1260 1769/478/1260 1775/459/1260 1583/459/1260
f 1634/295/130 1826/295/130 1820/315/130 1628/315/130
f 1862/159/1 2054/159/1 2048/160/1 1856/160/1
f 1753/522/1186 1945/522/1186 1951/163/1186 1759/163/1186
f 1810/353/1 2002/353/1 1996/71/1 1804/71/1
f 1698/88/1186 1890/88/1186 1899/89/1186 1707/89/1186
f 1855/121/1186 2047/121/1186 2053/122/1186 1861/122/1186
f 1758/99/1322 1950/99/1322 1944/524/1322 1752/524/1322
f 1803/378/1186 1995/378/1186 2001/356/1186 1809/356/1186
f 1706/454/1 1898/454/1 1891/654/1 1699/654/1
f 1860/55/1 2052/55/1 2046/56/1 1854/56/1
f 1751/525/1323 1943/525/1323 1949/63/1323 1757/63/1323
f 1808/358/1 2000/358/1 1994/380/1 1802/380/1
f 1700/655/1186 1892/655/1186 1897/434/1186 1705/434/1186
f 1853/190/1186 2045/190/1186 2051/168/1186 1859/168/1186
f 1756/517/1324 1948/517/1324 1942/359/1324 1750/359/1324
f 1801/381/1186 1993/381/1186 1999/361/1186 1807/361/1186
f 1704/377/1 1896/377/1 1893/657/1 1701/657/1
f 1858/180/1 2050/180/1 2044/202/1 1852/202/1
f 1749/318/1325 1941/318/1325 1947/519/1325 1755/519/1325
f 1806/339/1 1998/339/1 1992/340/1 1800/340/1
f 1702/658/1186 1894/658/1186 1895/354/1186 1703/354/1186
f 1851/205/1186 2043/205/1186 2049/183/1186 1857/183/1186
f 1754/521/1326 1946/521/1326 1940/276/1326 1748/276/1326
f 1799/311/1186 1991/311/1186 1997/312/1186 1805/312/1186
f 1856/160/1 2048/160/1 2042/207/1 1850/207/1
f 1747/250/1186 1939/250/1186 1945/522/1186 1753/522/1186
f 1804/71/1 1996/71/1 1990/72/1 1798/72/1
f 1849/208/1186 2041/208/1186 2047/121/1186 1855/121/1186
f 1752/524/1327 1944/524/1327 1938/203/1327 1746/203/1327
f 1797/394/1186 1989/394/1186 1995/378/1186 1803/378/1186
f 1854/56/1328 2046/56/1328 2040/210/1328 1848/210/1328
f 1745/182/1186 1937/182/1186 1943/525/1186 1751/525/1186
f 1802/380/1 1994/380/1 1988/396/1 1796/396/1
f 1847/213/1329 2039/213/1329 2045/190/1329 1853/190/1329
f 1750/359/1324 1942/359/1324 1936/360/1324 1744/360/1324
f 1795/397/1186 1987/397/1186 1993/381/1186 1801/381/1186
f 1852/202/1330 2044/202/1330 2038/225/1330 1846/225/1330
f 1743/317/1325 1935/317/1325 1941/318/1325 1749/318/1325
f 1800/340/1 1992/340/1 1986/399/1 1794/399/1
f 1845/228/1331 2037/228/1331 2043/205/1331 1851/205/1331
f 1748/276/1326 1940/276/1326 1934/277/1326 1742/277/1326
f 1793/402/1186 1985/402/1186 1991/311/1186 1799/311/1186
f 1850/207/1332 2042/207/1332 2036/230/1332 1844/230/1332
f 1741/249/1186 1933/249/1186 1939/250/1186 1747/250/1186
f 1798/72/1 1990/72/1 1984/414/1 1792/414/1
f 1843/212/1186 2035/212/1186 2041/208/1186 1849/208/1186
f 1746/203/1327 1938/203/1327 1932/204/1327 1740/204/1327
f 1791/415/1186 1983/415/1186 1989/394/1186 1797/394/1186
f 1848/210/1333 2040/210/1333 2034/166/1333 1842/166/1333
f 1739/181/1186 1931/181/1186 1937/182/1186 1745/182/1186
f 1796/396/1 1988/396/1 1982/417/1 1790/417/1
f 1841/137/1186 2033/137/1186 2039/213/1186 1847/213/1186
f 1744/360/1 1936/360/1 1930/563/1 1738/563/1
f 1789/420/1186 1981/420/1186 1987/397/1186 1795/397/1186
f 1846/225/1330 2038/225/1330 2032/245/1330 1840/245/1330
f 1737/564/1186 1929/564/1186 1935/317/1186 1743/317/1186
f 1794/399/1 1986/399/1 1980/422/1 1788/422/1
f 1839/247/1331 2031/247/1331 2037/228/1331 1845/228/1331
f 1742/277/1 1934/277/1 1928/566/1 1736/566/1
f 1787/401/1186 1979/401/1186 1985/402/1186 1793/402/1186
f 1844/230/1332 2036/230/1332 2030/246/1332 1838/246/1332
f 1735/567/1186 1927/567/1186 1933/249/1186 1741/249/1186
f 1792/414/1 1984/414/1 1978/185/1 1786/185/1
f 1837/211/1186 2029/211/1186 2035/212/1186 1843/212/1186
f 1740/204/1322 1932/204/1322 1926/569/1322 1734/569/1322
f 1697/54/1 1889/54/1 2080/53/1 1888/53/1
f 1785/145/1186 1977/145/1186 1983/415/1186 1791/415/1186
f 1842/166/1333 2034/166/1333 2028/167/1333 1836/167/1333
f 1733/570/1323 1925/570/1323 1931/181/1323 1739/181/1323
f 1887/57/1186 2079/57/1186 1890/60/1186 1698/60/1186
f 1790/417/1 1982/417/1 1976/93/1 1784/93/1
f 1835/136/1186 2027/136/1186 2033/137/1186 1841/137/1186
f 1738/563/1 1930/563/1 1924/440/1 1732/440/1
f 1699/62/1 1891/62/1 2078/61/1 1886/61/1
f 1783/438/1186 1975/438/1186 1981/420/1186 1789/420/1186
f 1840/245/1 2032/245/1 2026/265/1 1834/265/1
f 1731/419/1186 1923/419/1186 1929/564/1186 1737/564/1186
f 1885/65/1186 2077/65/1186 1892/68/1186 1700/68/1186
f 1788/422/1 1980/422/1 1974/437/1 1782/437/1
f 1833/268/1186 2025/268/1186 2031/247/1186 1839/247/1186
f 1736/566/1 1928/566/1 1922/363/1 1730/363/1
f 1701/70/1 1893/70/1 2076/69/1 1884/69/1
f 1781/400/1186 1973/400/1186 1979/401/1186 1787/401/1186
f 1838/246/1 2030/246/1 2024/270/1 1832/270/1
f 1729/335/1186 1921/335/1186 1927/567/1186 1735/567/1186
f 1883/73/1186 2075/73/1186 1894/76/1186 1702/76/1186
f 1786/185/1 1978/185/1 1972/186/1 1780/186/1
f 1831/273/1186 2023/273/1186 2029/211/1186 1837/211/1186
f 1734/569/1 1926/569/1 1920/291/1 1728/291/1
f 1888/53/1 2080/53/1 2074/87/1 1882/87/1
f 1779/144/1186 1971/144/1186 1977/145/1186 1785/145/1186
f 1836/167/1328 2028/167/1328 2022/275/1328 1830/275/1328
f 1727/267/1186 1919/267/1186 1925/570/1186 1733/570/1186
f 1881/90/1186 2073/90/1186 2079/57/1186 1887/57/1186
f 1784/93/1 1976/93/1 1970/94/1 1778/94/1
f 1829/278/1329 2021/278/1329 2027/136/1329 1835/136/1329
f 1732/440/1 1924/440/1 1918/441/1 1726/441/1
f 2368/1603/1334 2273/1606/1334 2082/1605/1334 2143/1604/1334
f 2143/1604/1335 2082/1605/1335 2081/630/1335 2144/643/1335
f 2273/1606/1336 2276/1608/1336 2084/1607/1336 2082/1605/1336
f 2082/1605/1337 2084/1607/1337 2083/617/1337 2081/630/1337
f 2276/1608/1338 2279/1610/1338 2086/1609/1338 2084/1607/1338
f 2084/1607/1339 2086/1609/1339 2085/598/1339 2083/617/1339
f 2279/1610/1340 2282/1612/1340 2088/1611/1340 2086/1609/1340
f 2086/1609/1341 2088/1611/1341 2087/585/1341 2085/598/1341
f 2282/1612/1342 2285/1614/1342 2090/1613/1342 2088/1611/1342
f 2088/1611/1343 2090/1613/1343 2089/572/1343 2087/585/1343
f 2285/1614/1344 2288/1616/1344 2092/1615/1344 2090/1613/1344
f 2090/1613/1345 2092/1615/1345 2091/553/1345 2089/572/1345
f 2288/1616/1346 2291/1618/1346 2094/1617/1346 2092/1615/1346
f 2092/1615/1347 2094/1617/1347 2093/540/1347 2091/553/1347
f 2291/1618/1348 2294/1620/1348 2096/1619/1348 2094/1617/1348
f 2094/1617/1349 2096/1619/1349 2095/527/1349 2093/540/1349
f 2294/1620/1350 2297/1622/1350 2098/1621/1350 2096/1619/1350
f 2096/1619/1351 2098/1621/1351 2097/507/1351 2095/527/1351
f 2297/1622/1352 2300/1624/1352 2100/1623/1352 2098/1621/1352
f 2098/1621/1353 2100/1623/1353 2099/493/1353 2097/507/1353
f 2300/1624/1354 2303/1626/1354 2102/1625/1354 2100/1623/1354
f 2100/1623/1355 2102/1625/1355 2101/480/1355 2099/493/1355
f 2303/1626/1356 2306/1628/1356 2104/1627/1356 2102/1625/1356
f 2102/1625/1357 2104/1627/1357 2103/461/1357 2101/480/1357
f 2306/1628/1358 2309/1630/1358 2106/1629/1358 2104/1627/1358
f 2104/1627/1359 2106/1629/1359 2105/443/1359 2103/461/1359
f 2309/1630/1360 2312/1632/1360 2108/1631/1360 2106/1629/1360
f 2106/1629/1361 2108/1631/1361 2107/424/1361 2105/443/1361
f 2312/1632/1362 2315/1634/1362 2110/1633/1362 2108/1631/1362
f 2108/1631/1363 2110/1633/1363 2109/404/1363 2107/424/1363
f 2315/1634/1364 2318/1636/1364 2112/1635/1364 2110/1633/1364
f 2110/1633/1365 2112/1635/1365 2111/384/1365 2109/404/1365
f 2318/1636/1366 2321/1638/1366 2114/1637/1366 2112/1635/1366
f 2112/1635/1367 2114/1637/1367 2113/366/1367 2111/384/1367
f 2321/1638/1368 2324/1640/1368 2116/1639/1368 2114/1637/1368
f 2114/1637/1369 2116/1639/1369 2115/343/1369 2113/366/1369
f 2324/1640/1370 2327/1642/1370 2118/1641/1370 2116/1639/1370
f 2116/1639/1371 2118/1641/1371 2117/320/1371 2115/343/1371
f 2327/1642/1372 2330/1644/1372 2120/1643/1372 2118/1641/1372
f 2118/1641/1373 2120/1643/1373 2119/300/1373 2117/320/1373
f 2330/1644/1374 2333/1646/1374 2122/1645/1374 2120/1643/1374
f 2120/1643/1375 2122/1645/1375 2121/280/1375 2119/300/1375
f 2333/1646/1376 2336/1648/1376 2124/1647/1376 2122/1645/1376
f 2122/1645/1377 2124/1647/1377 2123/255/1377 2121/280/1377
f 2336/1648/1378 2339/1650/1378 2126/1649/1378 2124/1647/1378
f 2124/1647/1379 2126/1649/1379 2125/235/1379 2123/255/1379
f 2339/1650/1380 2342/1652/1380 2128/1651/1380 2126/1649/1380
f 2126/1649/1381 2128/1651/1381 2127/215/1381 2125/235/1381
f 2342/1652/1382 2345/1654/1382 2130/1653/1382 2128/1651/1382
f 2128/1651/1383 2130/1653/1383 2129/192/1383 2127/215/1383
f 2345/1654/1384 2348/1656/1384 2132/1655/1384 2130/1653/1384
f 2130/1653/1385 2132/1655/1385 2131/170/1385 2129/192/1385
f 2348/1656/1386 2351/1658/1386 2134/1657/1386 2132/1655/1386
f 2132/1655/1387 2134/1657/1387 2133/148/1387 2131/170/1387
f 2351/1658/1388 2354/1660/1388 2136/1659/1388 2134/1657/1388
f 2134/1657/1389 2136/1659/1389 2135/125/1389 2133/148/1389
f 2354/1660/1390 2357/1662/1390 2138/1661/1390 2136/1659/1390
f 2136/1659/1391 2138/1661/1391 2137/102/1391 2135/125/1391
f 2357/1662/1392 2360/1664/1392 2140/1663/1392 2138/1661/1392
f 2138/1661/1393 2140/1663/1393 2139/77/1393 2137/102/1393
f 2360/1664/1394 2363/1666/1394 2142/1665/1394 2140/1663/1394
f 2140/1663/1395 2142/1665/1395 2141/33/1395 2139/77/1395
f 2363/1666/1396 2368/1668/1396 2143/1667/1396 2142/1665/1396
f 2142/1665/1397 2143/1667/1397 2144/36/1397 2141/33/1397
f 33/644/1398 64/631/1398 2148/1670/1398 2145/1669/1398
f 2145/1669/1399 2148/1670/1399 2147/632/1399 2146/645/1399
f 64/631/1400 80/618/1400 2150/1671/1400 2148/1670/1400
f 2148/1670/1401 2150/1671/1401 2149/619/1401 2147/632/1401
f 80/618/1402 96/599/1402 2152/1672/1402 2150/1671/1402
f 2150/1671/1403 2152/1672/1403 2151/600/1403 2149/619/1403
f 96/599/1404 112/586/1404 2154/1673/1404 2152/1672/1404
f 2152/1672/1405 2154/1673/1405 2153/587/1405 2151/600/1405
f 112/586/1406 128/573/1406 2156/1674/1406 2154/1673/1406
f 2154/1673/1407 2156/1674/1407 2155/574/1407 2153/587/1407
f 128/573/1408 144/554/1408 2158/1675/1408 2156/1674/1408
f 2156/1674/1409 2158/1675/1409 2157/555/1409 2155/574/1409
f 144/554/1410 160/541/1410 2160/1676/1410 2158/1675/1410
f 2158/1675/1411 2160/1676/1411 2159/542/1411 2157/555/1411
f 160/541/1412 176/528/1412 2162/1677/1412 2160/1676/1412
f 2160/1676/1413 2162/1677/1413 2161/529/1413 2159/542/1413
f 176/528/1414 192/508/1414 2164/1678/1414 2162/1677/1414
f 2162/1677/1415 2164/1678/1415 2163/509/1415 2161/529/1415
f 192/508/1416 208/494/1416 2166/1679/1416 2164/1678/1416
f 2164/1678/1417 2166/1679/1417 2165/495/1417 2163/509/1417
f 208/494/1418 224/481/1418 2168/1680/1418 2166/1679/1418
f 2166/1679/1419 2168/1680/1419 2167/482/1419 2165/495/1419
f 224/481/1420 240/462/1420 2170/1681/1420 2168/1680/1420
f 2168/1680/1421 2170/1681/1421 2169/463/1421 2167/482/1421
f 240/462/1422 256/444/1422 2172/1682/1422 2170/1681/1422
f 2170/1681/1423 2172/1682/1423 2171/445/1423 2169/463/1423
f 256/444/1424 272/425/1424 2174/1683/1424 2172/1682/1424
f 2172/1682/1425 2174/1683/1425 2173/426/1425 2171/445/1425
f 272/425/1426 288/405/1426 2176/1684/1426 2174/1683/1426
f 2174/1683/1427 2176/1684/1427 2175/406/1427 2173/426/1427
f 288/405/1428 304/385/1428 2178/1685/1428 2176/1684/1428
f 2176/1684/1429 2178/1685/1429 2177/386/1429 2175/406/1429
f 304/385/1430 320/367/1430 2180/1686/1430 2178/1685/1430
f 2178/1685/1431 2180/1686/1431 2179/368/1431 2177/386/1431
f 320/367/1432 336/344/1432 2182/1687/1432 2180/1686/1432
f 2180/1686/1433 2182/1687/1433 2181/345/1433 2179/368/1433
f 336/344/1434 352/321/1434 2184/1688/1434 2182/1687/1434
f 2182/1687/1435 2184/1688/1435 2183/322/1435 2181/345/1435
f 352/321/1436 368/301/1436 2186/1689/1436 2184/1688/1436
f 2184/1688/1437 2186/1689/1437 2185/302/1437 2183/322/1437
f 368/301/1438 384/281/1438 2188/1690/1438 2186/1689/1438
f 2186/1689/1439 2188/1690/1439 2187/282/1439 2185/302/1439
f 384/281/1440 400/256/1440 2190/1691/1440 2188/1690/1440
f 2188/1690/1441 2190/1691/1441 2189/257/1441 2187/282/1441
f 400/256/1442 416/236/1442 2192/1692/1442 2190/1691/1442
f 2190/1691/1443 2192/1692/1443 2191/237/1443 2189/257/1443
f 416/236/1444 432/216/1444 2194/1693/1444 2192/1692/1444
f 2192/1692/1445 2194/1693/1445 2193/217/1445 2191/237/1445
f 432/216/1446 448/193/1446 2196/1694/1446 2194/1693/1446
f 2194/1693/1447 2196/1694/1447 2195/194/1447 2193/217/1447
f 448/193/1448 464/171/1448 2198/1695/1448 2196/1694/1448
f 2196/1694/1449 2198/1695/1449 2197/172/1449 2195/194/1449
f 464/171/1450 480/149/1450 2200/1696/1450 2198/1695/1450
f 2198/1695/1451 2200/1696/1451 2199/150/1451 2197/172/1451
f 480/149/1452 496/126/1452 2202/1697/1452 2200/1696/1452
f 2200/1696/1453 2202/1697/1453 2201/127/1453 2199/150/1453
f 496/126/1454 512/103/1454 2204/1698/1454 2202/1697/1454
f 2202/1697/1455 2204/1698/1455 2203/104/1455 2201/127/1455
f 512/103/1456 528/78/1456 2206/1699/1456 2204/1698/1456
f 2204/1698/1457 2206/1699/1457 2205/79/1457 2203/104/1457
f 528/78/1458 544/34/1458 2208/1700/1458 2206/1699/1458
f 2206/1699/1459 2208/1700/1459 2207/37/1459 2205/79/1459
f 544/34/1460 33/35/1460 2145/1701/1460 2208/1700/1460
f 2208/1700/1461 2145/1701/1461 2146/40/1461 2207/37/1461
f 34/646/1462 63/633/1462 2212/1703/1462 2209/1702/1462
f 2209/1702/1463 2212/1703/1463 2211/634/1463 2210/647/1463
f 63/633/1464 79/620/1464 2214/1704/1464 2212/1703/1464
f 2212/1703/1465 2214/1704/1465 2213/621/1465 2211/634/1465
f 79/620/1466 95/601/1466 2216/1705/1466 2214/1704/1466
f 2214/1704/1467 2216/1705/1467 2215/602/1467 2213/621/1467
f 95/601/1468 111/588/1468 2218/1706/1468 2216/1705/1468
f 2216/1705/1469 2218/1706/1469 2217/589/1469 2215/602/1469
f 111/588/1470 127/575/1470 2220/1707/1470 2218/1706/1470
f 2218/1706/1471 2220/1707/1471 2219/576/1471 2217/589/1471
f 127/575/1472 143/556/1472 2222/1708/1472 2220/1707/1472
f 2220/1707/1473 2222/1708/1473 2221/557/1473 2219/576/1473
f 143/556/1474 159/543/1474 2224/1709/1474 2222/1708/1474
f 2222/1708/1475 2224/1709/1475 2223/544/1475 2221/557/1475
f 159/543/1476 175/530/1476 2226/1710/1476 2224/1709/1476
f 2224/1709/1477 2226/1710/1477 2225/531/1477 2223/544/1477
f 175/530/1478 191/510/1478 2228/1711/1478 2226/1710/1478
f 2226/1710/1479 2228/1711/1479 2227/511/1479 2225/531/1479
f 191/510/1480 207/496/1480 2230/1712/1480 2228/1711/1480
f 2228/1711/1481 2230/1712/1481 2229/497/1481 2227/511/1481
f 207/496/1482 223/483/1482 2232/1713/1482 2230/1712/1482
f 2230/1712/1483 2232/1713/1483 2231/484/1483 2229/497/1483
f 223/483/1484 239/464/1484 2234/1714/1484 2232/1713/1484
f 2232/1713/1485 2234/1714/1485 2233/465/1485 2231/484/1485
f 239/464/1486 255/446/1486 2236/1715/1486 2234/1714/1486
f 2234/1714/1487 2236/1715/1487 2235/447/1487 2233/465/1487
f 255/446/1488 271/427/1488 2238/1716/1488 2236/1715/1488
f 2236/1715/1489 2238/1716/1489 2237/428/1489 2235/447/1489
f 271/427/1490 287/407/1490 2240/1717/1490 2238/1716/1490
f 2238/1716/1491 2240/1717/1491 2239/408/1491 2237/428/1491
f 287/407/1492 303/387/1492 2242/1718/1492 2240/1717/1492
f 2240/1717/1493 2242/1718/1493 2241/388/1493 2239/408/1493
f 303/387/1494 319/369/1494 2244/1719/1494 2242/1718/1494
f 2242/1718/1495 2244/1719/1495 2243/370/1495 2241/388/1495
f 319/369/1496 335/346/1496 2246/1720/1496 2244/1719/1496
f 2244/1719/1497 2246/1720/1497 2245/347/1497 2243/370/1497
f 335/346/1498 351/323/1498 2248/1721/1498 2246/1720/1498
f 2246/1720/1499 2248/1721/1499 2247/324/1499 2245/347/1499
f 351/323/1500 367/303/1500 2250/1722/1500 2248/1721/1500
f 2248/1721/1501 2250/1722/1501 2249/304/1501 2247/324/1501
f 367/303/1502 383/283/1502 2252/1723/1502 2250/1722/1502
f 2250/1722/1503 2252/1723/1503 2251/284/1503 2249/304/1503
f 383/283/1504 399/258/1504 2254/1724/1504 2252/1723/1504
f 2252/1723/1505 2254/1724/1505 2253/259/1505 2251/284/1505
f 399/258/1506 415/238/1506 2256/1725/1506 2254/1724/1506
f 2254/1724/1507 2256/1725/1507 2255/239/1507 2253/259/1507
f 415/238/1508 431/218/1508 2258/1726/1508 2256/1725/1508
f 2256/1725/1509 2258/1726/1509 2257/219/1509 2255/239/1509
f 431/218/1510 447/195/1510 2260/1727/1510 2258/1726/1510
f 2258/1726/1511 2260/1727/1511 2259/196/1511 2257/219/1511
f 447/195/1512 463/173/1512 2262/1728/1512 2260/1727/1512
f 2260/1727/1513 2262/1728/1513 2261/174/1513 2259/196/1513
f 463/173/1514 479/151/1514 2264/1729/1514 2262/1728/1514
f 2262/1728/1515 2264/1729/1515 2263/152/1515 2261/174/1515
f 479/151/1516 495/128/1516 2266/1730/1516 2264/1729/1516
f 2264/1729/1517 2266/1730/1517 2265/129/1517 2263/152/1517
f 495/128/1518 511/105/1518 2268/1731/1518 2266/1730/1518
f 2266/1730/1519 2268/1731/1519 2267/106/1519 2265/129/1519
f 511/105/1520 527/80/1520 2270/1732/1520 2268/1731/1520
f 2268/1731/1521 2270/1732/1521 2269/81/1521 2267/106/1521
f 527/80/1522 543/38/1522 2272/1733/1522 2270/1732/1522
f 2270/1732/1523 2272/1733/1523 2271/41/1523 2269/81/1523
f 543/38/1524 34/39/1524 2209/1734/1524 2272/1733/1524
f 2272/1733/1525 2209/1734/1525 2210/44/1525 2271/41/1525
f 32/1735/1396 1/1738/1396 2366/1737/1396 2365/1736/1396
f 2365/1736/1396 2366/1737/1396 2367/1740/1396 2364/1739/1396
f 2364/1739/1396 2367/1740/1396 2368/1668/1396 2363/1666/1396
f 31/1741/1394 32/1735/1394 2365/1736/1394 2362/1742/1394
f 2362/1742/1394 2365/1736/1394 2364/1739/1394 2361/1743/1394
f 2361/1743/1394 2364/1739/1394 2363/1666/1394 2360/1664/1394
f 30/1744/1392 31/1741/1392 2362/1742/1392 2359/1745/1392
f 2359/1745/1392 2362/1742/1392 2361/1743/1392 2358/1746/1392
f 2358/1746/1392 2361/1743/1392 2360/1664/1392 2357/1662/1392
f 29/1747/1390 30/1744/1390 2359/1745/1390 2356/1748/1390
f 2356/1748/1390 2359/1745/1390 2358/1746/1390 2355/1749/1390
f 2355/1749/1390 2358/1746/1390 2357/1662/1390 2354/1660/1390
f 28/1750/1388 29/1747/1388 2356/1748/1388 2353/1751/1388
f 2353/1751/1388 2356/1748/1388 2355/1749/1388 2352/1752/1388
f 2352/1752/1388 2355/1749/1388 2354/1660/1388 2351/1658/1388
f 27/1753/1386 28/1750/1386 2353/1751/1386 2350/1754/1386
f 2350/1754/1386 2353/1751/1386 2352/1752/1386 2349/1755/1386
f 2349/1755/1386 2352/1752/1386 2351/1658/1386 2348/1656/1386
f 26/1756/1384 27/1753/1384 2350/1754/1384 2347/1757/1384
f 2347/1757/1384 2350/1754/1384 2349/1755/1384 2346/1758/1384
f 2346/1758/1384 2349/1755/1384 2348/1656/1384 2345/1654/1384
f 25/1759/1382 26/1756/1382 2347/1757/1382 2344/1760/1382
f 2344/1760/1382 2347/1757/1382 2346/1758/1382 2343/1761/1382
f 2343/1761/1382 2346/1758/1382 2345/1654/1382 2342/1652/1382
f 24/1762/1380 25/1759/1380 2344/1760/1380 2341/1763/1380
f 2341/1763/1380 2344/1760/1380 2343/1761/1380 2340/1764/1380
f 2340/1764/1380 2343/1761/1380 2342/1652/1380 2339/1650/1380
f 23/1765/1378 24/1762/1378 2341/1763/1378 2338/1766/1378
f 2338/1766/1378 2341/1763/1378 2340/1764/1378 2337/1767/1378
f 2337/1767/1378 2340/1764/1378 2339/1650/1378 2336/1648/1378
f 22/1768/1376 23/1765/1376 2338/1766/1376 2335/1769/1376
f 2335/1769/1376 2338/1766/1376 2337/1767/1376 2334/1770/1376
f 2334/1770/1376 2337/1767/1376 2336/1648/1376 2333/1646/1376
f 21/1771/1374 22/1768/1374 2335/1769/1374 2332/1772/1374
f 2332/1772/1374 2335/1769/1374 2334/1770/1374 2331/1773/1374
f 2331/1773/1374 2334/1770/1374 2333/1646/1374 2330/1644/1374
f 20/1774/1372 21/1771/1372 2332/1772/1372 2329/1775/1372
f 2329/1775/1372 2332/1772/1372 2331/1773/1372 2328/1776/1372
f 2328/1776/1372 2331/1773/1372 2330/1644/1372 2327/1642/1372
f 19/1777/1370 20/1774/1370 2329/1775/1370 2326/1778/1370
f 2326/1778/1370 2329/1775/1370 2328/1776/1370 2325/1779/1370
f 2325/1779/1370 2328/1776/1370 2327/1642/1370 2324/1640/1370
f 18/1780/1368 19/1777/1368 2326/1778/1368 2323/1781/1368
f 2323/1781/1368 2326/1778/1368 2325/1779/1368 2322/1782/1368
f 2322/1782/1368 2325/1779/1368 2324/1640/1368 2321/1638/1368
f 17/1783/1366 18/1780/1366 2323/1781/1366 2320/1784/1366
f 2320/1784/1366 2323/1781/1366 2322/1782/1366 2319/1785/1366
f 2319/1785/1366 2322/1782/1366 2321/1638/1366 2318/1636/1366
f 16/1786/1364 17/1783/1364 2320/1784/1364 2317/1787/1364
f 2317/1787/1364 2320/1784/1364 2319/1785/1364 2316/1788/1364
f 2316/1788/1364 2319/1785/1364 2318/1636/1364 2315/1634/1364
f 15/1789/1362 16/1786/1362 2317/1787/1362 2314/1790/1362
f 2314/1790/1362 2317/1787/1362 2316/1788/1362 2313/1791/1362
f 2313/1791/1362 2316/1788/1362 2315/1634/1362 2312/1632/1362
f 14/1792/1360 15/1789/1360 2314/1790/1360 2311/1793/1360
f 2311/1793/1360 2314/1790/1360 2313/1791/1360 2310/1794/1360
f 2310/1794/1360 2313/1791/1360 2312/1632/1360 2309/1630/1360
f 13/1795/1358 14/1792/1358 2311/1793/1358 2308/1796/1358
f 2308/1796/1358 2311/1793/1358 2310/1794/1358 2307/1797/1358
f 2307/1797/1358 2310/1794/1358 2309/1630/1358 2306/1628/1358
f 12/1798/1356 13/1795/1356 2308/1796/1356 2305/1799/1356
f 2305/1799/1356 2308/1796/1356 2307/1797/1356 2304/1800/1356
f 2304/1800/1356 2307/1797/1356 2306/1628/1356 2303/1626/1356
f 11/1801/1354 12/1798/1354 2305/1799/1354 2302/1802/1354
f 2302/1802/1354 2305/1799/1354 2304/1800/1354 2301/1803/1354
f 2301/1803/1354 2304/1800/1354 2303/1626/1354 2300/1624/1354
f 10/1804/1352 11/1801/1352 2302/1802/1352 2299/1805/1352
f 2299/1805/1352 2302/1802/1352 2301/1803/1352 2298/1806/1352
f 2298/1806/1352 2301/1803/1352 2300/1624/1352 2297/1622/1352
f 9/1807/1350 10/1804/1350 2299/1805/1350 2296/1808/1350
f 2296/1808/1350 2299/1805/1350 2298/1806/1350 2295/1809/1350
f 2295/1809/1350 2298/1806/1350 2297/1622/1350 2294/1620/1350
f 8/1810/1348 9/1807/1348 2296/1808/1348 2293/1811/1348
f 2293/1811/1348 2296/1808/1348 2295/1809/1348 2292/1812/1348
f 2292/1812/1348 2295/1809/1348 2294/1620/1348 2291/1618/1348
f 7/1813/1346 8/1810/1346 2293/1811/1346 2290/1814/1346
f 2290/1814/1346 2293/1811/1346 2292/1812/1346 2289/1815/1346
f 2289/1815/1346 2292/1812/1346 2291/1618/1346 2288/1616/1346
f 6/1816/1344 7/1813/1344 2290/1814/1344 2287/1817/1344
f 2287/1817/1344 2290/1814/1344 2289/1815/1344 2286/1818/1344
f 2286/1818/1344 2289/1815/1344 2288/1616/1344 2285/1614/1344
f 5/1819/1342 6/1816/1342 2287/1817/1342 2284/1820/1342
f 2284/1820/1342 2287/1817/1342 2286/1818/1342 2283/1821/1342
f 2283/1821/1342 2286/1818/1342 2285/1614/1342 2282/1612/1342
f 4/1822/1340 5/1819/1340 2284/1820/1340 2281/1823/1340
f 2281/1823/1340 2284/1820/1340 2283/1821/1340 2280/1824/1340
f 2280/1824/1340 2283/1821/1340 2282/1612/1340 2279/1610/1340
f 3/1825/1338 4/1822/1338 2281/1823/1338 2278/1826/1338
f 2278/1826/1338 2281/1823/1338 2280/1824/1338 2277/1827/1338
f 2277/1827/1338 2280/1824/1338 2279/1610/1338 2276/1608/1338
f 2/1828/1336 3/1825/1336 2278/1826/1336 2275/1829/1336
f 2275/1829/1336 2278/1826/1336 2277/1827/1336 2274/1830/1336
f 2274/1830/1336 2277/1827/1336 2276/1608/1336 2273/1606/1336
f 1/1831/1334 2/1828/1334 2275/1829/1334 2366/1832/1334
f 2366/1832/1334 2275/1829/1334 2274/1830/1334 2367/1833/1334
f 2367/1833/1334 2274/1830/1334 2273/1606/1334 2368/1603/1334
usemtl Material.001
f 2080/53/1290 1889/54/1290 1890/60/1290 2079/57/1290
f 2078/61/1290 1891/62/1290 1892/68/1290 2077/65/1290
f 2076/69/1290 1893/70/1290 1894/76/1290 2075/73/1290
f 2074/87/1291 2080/53/1291 2079/57/1291 2073/90/1291
f 2072/92/1291 2078/61/1291 2077/65/1291 2071/95/1291
f 2070/97/1291 2076/69/1291 2075/73/1291 2069/100/1291
f 2068/112/1292 2074/87/1292 2073/90/1292 2067/115/1292
f 2066/117/1292 2072/92/1292 2071/95/1292 2065/118/1292
f 2064/120/1292 2070/97/1292 2069/100/1292 2063/123/1292
f 2062/135/1293 2068/112/1293 2067/115/1293 2061/138/1293
f 2060/140/1293 2066/117/1293 2065/118/1293 2059/141/1293
f 2058/143/1293 2064/120/1293 2063/123/1293 2057/146/1293
f 2056/158/1294 2062/135/1294 2061/138/1294 2055/161/1294
f 2054/159/1294 2060/140/1294 2059/141/1294 2053/122/1294
f 2052/55/1294 2058/143/1294 2057/146/1294 2051/168/1294
f 2050/180/1295 2056/158/1295 2055/161/1295 2049/183/1295
f 2048/160/1295 2054/159/1295 2053/122/1295 2047/121/1295
f 2046/56/1295 2052/55/1295 2051/168/1295 2045/190/1295
f 2044/202/1296 2050/180/1296 2049/183/1296 2043/205/1296
f 2042/207/1296 2048/160/1296 2047/121/1296 2041/208/1296
f 2040/210/1296 2046/56/1296 2045/190/1296 2039/213/1296
f 2038/225/1297 2044/202/1297 2043/205/1297 2037/228/1297
f 2036/230/1297 2042/207/1297 2041/208/1297 2035/212/1297
f 2034/166/1297 2040/210/1297 2039/213/1297 2033/137/1297
f 2032/245/1298 2038/225/1298 2037/228/1298 2031/247/1298
f 2030/246/1298 2036/230/1298 2035/212/1298 2029/211/1298
f 2028/167/1298 2034/166/1298 2033/137/1298 2027/136/1298
f 2026/265/1299 2032/245/1299 2031/247/1299 2025/268/1299
f 2024/270/1299 2030/246/1299 2029/211/1299 2023/273/1299
f 2022/275/1299 2028/167/1299 2027/136/1299 2021/278/1299
f 2020/290/1300 2026/265/1300 2025/268/1300 2019/293/1300
f 2018/295/1300 2024/270/1300 2023/273/1300 2017/296/1300
f 2016/252/1300 2022/275/1300 2021/278/1300 2015/227/1300
f 2014/310/1301 2020/290/1301 2019/293/1301 2013/313/1301
f 2012/315/1301 2018/295/1301 2017/296/1301 2011/298/1301
f 2010/253/1301 2016/252/1301 2015/227/1301 2009/226/1301
f 2008/330/1302 2014/310/1302 2013/313/1302 2007/331/1302
f 2006/333/1302 2012/315/1302 2011/298/1302 2005/336/1302
f 2004/338/1302 2010/253/1302 2009/226/1302 2003/341/1302
f 2002/353/1303 2008/330/1303 2007/331/1303 2001/356/1303
f 2000/358/1303 2006/333/1303 2005/336/1303 1999/361/1303
f 1998/339/1303 2004/338/1303 2003/341/1303 1997/312/1303
f 1996/71/1304 2002/353/1304 2001/356/1304 1995/378/1304
f 1994/380/1304 2000/358/1304 1999/361/1304 1993/381/1304
f 1992/340/1304 1998/339/1304 1997/312/1304 1991/311/1304
f 1990/72/1305 1996/71/1305 1995/378/1305 1989/394/1305
f 1988/396/1305 1994/380/1305 1993/381/1305 1987/397/1305
f 1986/399/1305 1992/340/1305 1991/311/1305 1985/402/1305
f 1984/414/1306 1990/72/1306 1989/394/1306 1983/415/1306
f 1982/417/1306 1988/396/1306 1987/397/1306 1981/420/1306
f 1980/422/1306 1986/399/1306 1985/402/1306 1979/401/1306
f 1978/185/1307 1984/414/1307 1983/415/1307 1977/145/1307
f 1976/93/1307 1982/417/1307 1981/420/1307 1975/438/1307
f 1974/437/1307 1980/422/1307 1979/401/1307 1973/400/1307
f 1972/186/1308 1978/185/1308 1977/145/1308 1971/144/1308
f 1970/94/1308 1976/93/1308 1975/438/1308 1969/456/1308
f 1968/458/1308 1974/437/1308 1973/400/1308 1967/459/1308
f 1966/471/1309 1972/186/1309 1971/144/1309 1965/472/1309
f 1964/474/1309 1970/94/1309 1969/456/1309 1963/475/1309
f 1962/477/1309 1968/458/1309 1967/459/1309 1961/478/1309
f 1960/271/1310 1966/471/1310 1965/472/1310 1959/233/1310
f 1958/188/1310 1964/474/1310 1963/475/1310 1957/164/1310
f 1956/98/1310 1962/477/1310 1961/478/1310 1955/64/1310
f 1954/272/1311 1960/271/1311 1959/233/1311 1953/232/1311
f 1952/189/1311 1958/188/1311 1957/164/1311 1951/163/1311
f 1950/99/1311 1956/98/1311 1955/64/1311 1949/63/1311
f 1948/517/1312 1954/272/1312 1953/232/1312 1947/519/1312
f 1946/521/1312 1952/189/1312 1951/163/1312 1945/522/1312
f 1944/524/1312 1950/99/1312 1949/63/1312 1943/525/1312
f 1942/359/1313 1948/517/1313 1947/519/1313 1941/318/1313
f 1940/276/1313 1946/521/1313 1945/522/1313 1939/250/1313
f 1938/203/1313 1944/524/1313 1943/525/1313 1937/182/1313
f 1936/360/1314 1942/359/1314 1941/318/1314 1935/317/1314
f 1934/277/1314 1940/276/1314 1939/250/1314 1933/249/1314
f 1932/204/1314 1938/203/1314 1937/182/1314 1931/181/1314
f 1930/563/1315 1936/360/1315 1935/317/1315 1929/564/1315
f 1928/566/1315 1934/277/1315 1933/249/1315 1927/567/1315
f 1926/569/1315 1932/204/1315 1931/181/1315 1925/570/1315
f 1924/440/1316 1930/563/1316 1929/564/1316 1923/419/1316
f 1922/363/1316 1928/566/1316 1927/567/1316 1921/335/1316
f 1920/291/1316 1926/569/1316 1925/570/1316 1919/267/1316
f 1918/441/1317 1924/440/1317 1923/419/1317 1917/418/1317
f 1916/364/1317 1922/363/1317 1921/335/1317 1915/334/1317
f 1914/292/1317 1920/291/1317 1919/267/1317 1913/266/1317
f 1912/608/1318 1918/441/1318 1917/418/1318 1911/609/1318
f 1910/611/1318 1916/364/1318 1915/334/1318 1909/612/1318
f 1908/614/1318 1914/292/1318 1913/266/1318 1907/615/1318
f 1906/518/1319 1912/608/1319 1911/609/1319 1905/503/1319
f 1904/453/1319 1910/611/1319 1909/612/1319 1903/435/1319
f 1902/376/1319 1908/614/1319 1907/615/1319 1901/355/1319
f 1900/113/1320 1906/518/1320 1905/503/1320 1899/89/1320
f 1898/454/1320 1904/453/1320 1903/435/1320 1897/434/1320
f 1896/377/1320 1902/376/1320 1901/355/1320 1895/354/1320
f 1889/114/1321 1900/113/1321 1899/89/1321 1890/88/1321
f 1891/654/1321 1898/454/1321 1897/434/1321 1892/655/1321
f 1893/657/1321 1896/377/1321 1895/354/1321 1894/658/1321
