# Blender 5.2.2 LTS
# www.blender.org
mtllib chalecoReflejante.mtl
o Chaleco_Ciclista
v 0.078511 0.776958 0.264724
v 0.225295 0.768367 0.215348
v 0.359054 0.766950 -0.000005
v 0.220261 0.767038 -0.215377
v 0.000000 0.767094 -0.263322
v 0.063921 0.813991 0.277443
v 0.233723 0.812528 0.227191
v 0.371678 0.812250 -0.000004
v 0.228672 0.812301 -0.227211
v 0.000000 0.812322 -0.277638
v 0.063943 0.876740 0.280190
v 0.234222 0.876826 0.229508
v 0.373551 0.876881 -0.000002
v 0.229163 0.876834 -0.229516
v 0.000000 0.876795 -0.280405
v 0.062929 0.928162 0.275878
v 0.229432 0.928059 0.225950
v 0.368640 0.928039 -0.000002
v 0.224368 0.928059 -0.225958
v 0.000000 0.928074 -0.276106
v 0.063945 0.976260 0.282183
v 0.234551 0.976010 0.231165
v 0.374871 0.975948 -0.000001
v 0.229490 0.976010 -0.231172
v 0.000000 0.976053 -0.282393
v 0.063956 1.061743 0.282201
v 0.234569 1.061826 0.231186
v 0.374896 1.061875 -0.000003
v 0.229501 1.061846 -0.231192
v 0.000000 1.061811 -0.282417
v 0.069897 1.198698 0.272252
v 0.228138 1.199102 0.222021
v 0.358191 1.199366 -0.000014
v 0.220497 1.199202 -0.221766
v 0.000000 1.199028 -0.271084
v 0.107038 1.340435 0.258840
v 0.230021 1.340677 0.215687
v 0.320037 1.317629 -0.000027
v 0.212150 1.340759 -0.215948
v 0.000000 1.340769 -0.253540
v 0.152122 1.445241 0.240728
v 0.236771 1.479727 0.215049
v 0.216598 1.479733 -0.224935
v 0.000000 1.456982 -0.239334
v 0.206667 1.584534 0.088394
v 0.203319 1.584535 -0.090771
v -0.078511 0.776958 0.264724
v -0.225295 0.768367 0.215348
v -0.359054 0.766950 -0.000005
v -0.220261 0.767038 -0.215377
v -0.063921 0.813991 0.277443
v -0.233723 0.812528 0.227191
v -0.371678 0.812250 -0.000004
v -0.228672 0.812301 -0.227211
v -0.063943 0.876740 0.280190
v -0.234222 0.876826 0.229508
v -0.373551 0.876881 -0.000002
v -0.229163 0.876834 -0.229516
v -0.062929 0.928162 0.275878
v -0.229432 0.928059 0.225950
v -0.368640 0.928039 -0.000002
v -0.224368 0.928059 -0.225958
v -0.063945 0.976260 0.282183
v -0.234551 0.976010 0.231165
v -0.374871 0.975948 -0.000001
v -0.229490 0.976010 -0.231172
v -0.063956 1.061743 0.282201
v -0.234569 1.061826 0.231186
v -0.374896 1.061875 -0.000003
v -0.229501 1.061846 -0.231192
v -0.069897 1.198698 0.272252
v -0.228138 1.199102 0.222021
v -0.358191 1.199366 -0.000014
v -0.220497 1.199202 -0.221766
v -0.107038 1.340435 0.258840
v -0.230021 1.340677 0.215687
v -0.320037 1.317629 -0.000027
v -0.212150 1.340759 -0.215948
v -0.152122 1.445241 0.240728
v -0.236771 1.479727 0.215049
v -0.216598 1.479733 -0.224935
v -0.206667 1.584534 0.088394
v -0.203319 1.584535 -0.090771
v 0.077489 0.778876 0.259276
v 0.221705 0.771078 0.209652
v 0.352946 0.769717 0.000005
v 0.216739 0.769629 -0.209624
v -0.000000 0.769573 -0.256012
v 0.062746 0.815454 0.269890
v 0.228055 0.814695 0.218364
v 0.362100 0.814417 0.000004
v 0.223106 0.814366 -0.218345
v -0.000000 0.814345 -0.266363
v 0.062724 0.876593 0.272477
v 0.228445 0.876508 0.220493
v 0.363782 0.876453 0.000002
v 0.223504 0.876500 -0.220484
v -0.000000 0.876539 -0.268929
v 0.061738 0.928505 0.268122
v 0.223791 0.928608 0.216828
v 0.358916 0.928627 0.000002
v 0.218854 0.928608 -0.216820
v 0.000000 0.928593 -0.264560
v 0.062722 0.977074 0.274483
v 0.228783 0.977323 0.222168
v 0.365129 0.977386 0.000001
v 0.223844 0.977323 -0.222161
v 0.000000 0.977280 -0.270941
v 0.062711 1.061591 0.274466
v 0.228765 1.061508 0.222148
v 0.365104 1.061458 0.000003
v 0.223832 1.061487 -0.222141
v -0.000000 1.061522 -0.270916
v 0.068548 1.197969 0.264526
v 0.222417 1.197565 0.212979
v 0.348587 1.197301 0.000014
v 0.215058 1.197465 -0.212679
v 0.000000 1.197639 -0.259582
v 0.105740 1.339565 0.251160
v 0.226779 1.339323 0.208313
v 0.313852 1.315705 0.000027
v 0.209450 1.339241 -0.208452
v -0.000000 1.339232 -0.242015
v 0.152045 1.444759 0.235106
v 0.243229 1.480273 0.204951
v 0.223402 1.480267 -0.215065
v 0.000000 1.456352 -0.231777
v 0.211667 1.585466 0.087439
v 0.208348 1.585466 -0.090062
v -0.077489 0.778876 0.259276
v -0.221705 0.771078 0.209652
v -0.352946 0.769717 0.000005
v -0.216739 0.769629 -0.209624
v -0.062746 0.815454 0.269890
v -0.228055 0.814695 0.218364
v -0.362100 0.814417 0.000004
v -0.223106 0.814366 -0.218345
v -0.062724 0.876593 0.272477
v -0.228445 0.876508 0.220493
v -0.363782 0.876453 0.000002
v -0.223504 0.876500 -0.220484
v -0.061738 0.928505 0.268122
v -0.223791 0.928608 0.216828
v -0.358916 0.928627 0.000002
v -0.218854 0.928608 -0.216820
v -0.062722 0.977074 0.274483
v -0.228783 0.977323 0.222168
v -0.365129 0.977386 0.000001
v -0.223844 0.977323 -0.222161
v -0.062711 1.061591 0.274466
v -0.228765 1.061508 0.222148
v -0.365104 1.061458 0.000003
v -0.223832 1.061487 -0.222141
v -0.068548 1.197969 0.264526
v -0.222417 1.197565 0.212979
v -0.348587 1.197301 0.000014
v -0.215058 1.197465 -0.212679
v -0.105740 1.339565 0.251160
v -0.226779 1.339323 0.208313
v -0.313852 1.315705 0.000027
v -0.209450 1.339241 -0.208452
v -0.152045 1.444759 0.235106
v -0.243229 1.480273 0.204951
v -0.223402 1.480267 -0.215065
v -0.211667 1.585466 0.087439
v -0.208348 1.585466 -0.090062
v 0.063948 0.800781 0.274483
v 0.065956 0.789865 0.270971
v 0.071466 0.781710 0.267411
v 0.098992 0.774387 0.262719
v 0.133250 0.771702 0.256190
v 0.176759 0.769702 0.241619
v 0.227499 0.775576 0.218465
v 0.229814 0.785670 0.221689
v 0.231976 0.798152 0.224703
v 0.183058 0.812783 0.254836
v 0.135828 0.813123 0.269952
v 0.095095 0.813531 0.276251
v 0.274079 0.767552 0.174959
v 0.316961 0.767128 0.123043
v 0.347450 0.766970 0.063441
v 0.362392 0.774408 -0.000006
v 0.365840 0.784810 -0.000006
v 0.369051 0.797606 -0.000005
v 0.359753 0.812251 0.066946
v 0.328381 0.812282 0.129834
v 0.284169 0.812366 0.184603
v 0.347369 0.766964 -0.063453
v 0.316327 0.766986 -0.123060
v 0.271951 0.767012 -0.174982
v 0.222456 0.774511 -0.218497
v 0.224765 0.784908 -0.221720
v 0.226925 0.797685 -0.224729
v 0.282035 0.812287 -0.184618
v 0.327746 0.812273 -0.129846
v 0.359672 0.812259 -0.066954
v 0.166328 0.767061 -0.241627
v 0.111424 0.767079 -0.256024
v 0.055874 0.767090 -0.262083
v 0.000000 0.774574 -0.267127
v 0.000000 0.784965 -0.271028
v 0.000000 0.797727 -0.274654
v 0.058116 0.812321 -0.276349
v 0.115854 0.812317 -0.269999
v 0.172832 0.812311 -0.254862
v 0.064130 0.861116 0.280791
v 0.064188 0.844923 0.280577
v 0.064118 0.828952 0.279482
v 0.234839 0.828267 0.228898
v 0.235288 0.844701 0.229816
v 0.235079 0.861122 0.230000
v 0.183291 0.876808 0.257421
v 0.135921 0.876789 0.272673
v 0.095133 0.876768 0.279012
v 0.373436 0.828170 -0.000003
v 0.374305 0.844704 -0.000002
v 0.374329 0.861169 -0.000002
v 0.361477 0.876875 0.067634
v 0.329741 0.876862 0.131165
v 0.285077 0.876844 0.186491
v 0.229786 0.828188 -0.228912
v 0.230233 0.844692 -0.229827
v 0.230022 0.861134 -0.230010
v 0.282938 0.876851 -0.186498
v 0.329102 0.876866 -0.131171
v 0.361394 0.876877 -0.067637
v 0.000000 0.828188 -0.279683
v 0.000000 0.844672 -0.280783
v 0.000000 0.861100 -0.281002
v 0.058133 0.876798 -0.279109
v 0.115930 0.876806 -0.272708
v 0.173052 0.876819 -0.257434
v 0.063040 0.916694 0.276228
v 0.063311 0.904425 0.277417
v 0.063643 0.891169 0.278914
v 0.232804 0.891258 0.228456
v 0.231218 0.904472 0.227220
v 0.229937 0.916671 0.226239
v 0.179251 0.928066 0.253444
v 0.132907 0.928081 0.268474
v 0.093200 0.928110 0.274724
v 0.372099 0.891305 -0.000002
v 0.370433 0.904500 -0.000002
v 0.369098 0.916676 -0.000002
v 0.356484 0.928041 0.066580
v 0.324620 0.928046 0.129124
v 0.279964 0.928052 0.183593
v 0.227742 0.891262 -0.228464
v 0.226156 0.904473 -0.227228
v 0.224874 0.916671 -0.226246
v 0.277822 0.928052 -0.183600
v 0.323980 0.928046 -0.129129
v 0.356400 0.928041 -0.066584
v 0.000000 0.891228 -0.279134
v 0.000000 0.904453 -0.277642
v 0.000000 0.916668 -0.276456
v 0.056625 0.928073 -0.274825
v 0.113037 0.928070 -0.268510
v 0.169023 0.928065 -0.253456
v 0.063643 0.962368 0.280402
v 0.063310 0.950253 0.278405
v 0.063040 0.939116 0.276721
v 0.230016 0.938941 0.226647
v 0.231378 0.950022 0.228038
v 0.233046 0.962110 0.229690
v 0.183429 0.976031 0.259270
v 0.135963 0.976067 0.274621
v 0.095139 0.976137 0.280999
v 0.369422 0.938900 -0.000002
v 0.371082 0.949966 -0.000002
v 0.373079 0.962046 -0.000002
v 0.362688 0.975954 0.068126
v 0.330689 0.975969 0.132118
v 0.285700 0.975989 0.187843
v 0.224953 0.938941 -0.226654
v 0.226315 0.950023 -0.228046
v 0.227984 0.962110 -0.229697
v 0.283559 0.975990 -0.187849
v 0.330050 0.975969 -0.132123
v 0.362605 0.975954 -0.068129
v 0.000000 0.938971 -0.276946
v 0.000000 0.950063 -0.278624
v 0.000000 0.962155 -0.280615
v 0.058137 0.976050 -0.281091
v 0.115969 0.976042 -0.274655
v 0.173188 0.976028 -0.259281
v 0.064140 1.034966 0.283321
v 0.064200 1.012087 0.283689
v 0.064135 0.992666 0.283309
v 0.235501 0.992466 0.232100
v 0.235820 1.011969 0.232418
v 0.235508 1.034946 0.232115
v 0.183446 1.061810 0.259294
v 0.135979 1.061792 0.274645
v 0.095153 1.061771 0.281021
v 0.376006 0.992417 -0.000001
v 0.376390 1.011944 -0.000002
v 0.376021 1.034954 -0.000002
v 0.362713 1.061869 0.068131
v 0.330711 1.061857 0.132129
v 0.285720 1.061842 0.187859
v 0.230440 0.992467 -0.232107
v 0.230758 1.011972 -0.232425
v 0.230445 1.034955 -0.232122
v 0.283575 1.061858 -0.187865
v 0.330069 1.061869 -0.132135
v 0.362628 1.061875 -0.068136
v 0.000000 0.992499 -0.283518
v 0.000000 1.011987 -0.283901
v 0.000000 1.034948 -0.283535
v 0.058140 1.061814 -0.281116
v 0.115974 1.061822 -0.274678
v 0.173196 1.061833 -0.259304
v 0.066004 1.162300 0.275192
v 0.064209 1.126513 0.277959
v 0.063774 1.092579 0.280360
v 0.233058 1.092757 0.229639
v 0.231259 1.126776 0.227542
v 0.229506 1.162638 0.224975
v 0.180707 1.199020 0.249288
v 0.136688 1.198934 0.264380
v 0.098834 1.198831 0.270850
v 0.372940 1.092855 -0.000004
v 0.369792 1.126927 -0.000006
v 0.365020 1.162846 -0.000009
v 0.347036 1.199332 0.065324
v 0.317385 1.199269 0.126731
v 0.275624 1.199187 0.180273
v 0.227945 1.092796 -0.229641
v 0.225860 1.126836 -0.227515
v 0.223344 1.162721 -0.224871
v 0.271821 1.199268 -0.180182
v 0.315768 1.199325 -0.126723
v 0.346502 1.199362 -0.065348
v 0.000000 1.092729 -0.280555
v 0.000000 1.126735 -0.278001
v 0.000000 1.162583 -0.274822
v 0.056088 1.199043 -0.269815
v 0.111791 1.199081 -0.263589
v 0.166723 1.199137 -0.248781
v 0.095571 1.305409 0.262731
v 0.085163 1.270214 0.266155
v 0.076407 1.234695 0.269274
v 0.227440 1.235091 0.218871
v 0.227489 1.270200 0.216172
v 0.228305 1.304402 0.214707
v 0.192837 1.340700 0.238817
v 0.159494 1.340660 0.250434
v 0.130027 1.340575 0.256459
v 0.349160 1.235104 -0.000021
v 0.338931 1.268116 -0.000027
v 0.328793 1.296319 -0.000030
v 0.313055 1.317898 0.061194
v 0.293130 1.319956 0.119344
v 0.264821 1.325885 0.171390
v 0.217483 1.235201 -0.218401
v 0.214717 1.270312 -0.215561
v 0.212696 1.304507 -0.214216
v 0.255356 1.325951 -0.171544
v 0.288004 1.320001 -0.119430
v 0.310814 1.317921 -0.061252
v 0.000000 1.235057 -0.266879
v 0.000000 1.270589 -0.262405
v 0.000000 1.305776 -0.257884
v 0.055115 1.340777 -0.252462
v 0.109009 1.340794 -0.247977
v 0.160638 1.340804 -0.237872
v 0.142960 1.430521 0.244582
v 0.131162 1.405949 0.249519
v 0.119018 1.374866 0.254383
v 0.218829 1.376837 0.228369
v 0.217686 1.410282 0.229209
v 0.222503 1.443670 0.224327
v 0.209466 1.463479 0.224673
v 0.185912 1.456803 0.231803
v 0.165625 1.450842 0.237325
v 0.193255 1.443690 -0.230556
v 0.188757 1.410322 -0.232894
v 0.193901 1.376899 -0.230054
v 0.000000 1.375332 -0.249549
v 0.000000 1.407675 -0.245894
v 0.000000 1.435618 -0.242511
v 0.054546 1.457199 -0.238234
v 0.108396 1.458817 -0.235262
v 0.161104 1.463735 -0.230873
v 0.219230 1.495767 -0.108040
v 0.223148 1.499123 -0.004252
v 0.228383 1.495765 0.099294
v 0.225472 1.515534 0.153855
v 0.216782 1.545595 0.126210
v 0.210312 1.569781 0.105073
v 0.204429 1.589550 0.051941
v 0.202713 1.592068 -0.000898
v 0.202527 1.589550 -0.053931
v 0.205438 1.569782 -0.108492
v 0.209079 1.545596 -0.131360
v 0.213347 1.515537 -0.161171
v -0.063948 0.800781 0.274483
v -0.065956 0.789865 0.270971
v -0.071466 0.781710 0.267411
v -0.098992 0.774387 0.262719
v -0.133250 0.771702 0.256190
v -0.176759 0.769702 0.241619
v -0.227499 0.775576 0.218465
v -0.229814 0.785670 0.221689
v -0.231976 0.798152 0.224703
v -0.183058 0.812783 0.254836
v -0.135828 0.813123 0.269953
v -0.095095 0.813531 0.276251
v -0.274079 0.767552 0.174959
v -0.316961 0.767128 0.123043
v -0.347450 0.766970 0.063441
v -0.362392 0.774408 -0.000006
v -0.365840 0.784810 -0.000006
v -0.369051 0.797606 -0.000005
v -0.359753 0.812251 0.066946
v -0.328381 0.812282 0.129834
v -0.284169 0.812366 0.184603
v -0.347368 0.766964 -0.063453
v -0.316327 0.766985 -0.123060
v -0.271951 0.767012 -0.174982
v -0.222456 0.774511 -0.218497
v -0.224765 0.784908 -0.221720
v -0.226925 0.797685 -0.224729
v -0.282035 0.812287 -0.184618
v -0.327746 0.812273 -0.129846
v -0.359672 0.812259 -0.066954
v -0.166328 0.767061 -0.241627
v -0.111424 0.767079 -0.256024
v -0.055874 0.767090 -0.262083
v -0.058116 0.812321 -0.276349
v -0.115854 0.812317 -0.269999
v -0.172832 0.812311 -0.254862
v -0.064130 0.861116 0.280791
v -0.064188 0.844923 0.280577
v -0.064118 0.828952 0.279482
v -0.234839 0.828267 0.228898
v -0.235288 0.844701 0.229816
v -0.235079 0.861122 0.230000
v -0.183291 0.876808 0.257421
v -0.135921 0.876789 0.272673
v -0.095133 0.876768 0.279012
v -0.373436 0.828170 -0.000003
v -0.374305 0.844704 -0.000002
v -0.374329 0.861169 -0.000002
v -0.361477 0.876875 0.067634
v -0.329741 0.876862 0.131165
v -0.285077 0.876844 0.186491
v -0.229786 0.828188 -0.228912
v -0.230233 0.844692 -0.229827
v -0.230022 0.861134 -0.230010
v -0.282938 0.876850 -0.186498
v -0.329102 0.876866 -0.131171
v -0.361394 0.876877 -0.067637
v -0.058133 0.876798 -0.279109
v -0.115930 0.876806 -0.272708
v -0.173052 0.876819 -0.257434
v -0.063040 0.916694 0.276228
v -0.063311 0.904425 0.277417
v -0.063643 0.891169 0.278914
v -0.232804 0.891258 0.228456
v -0.231218 0.904472 0.227220
v -0.229937 0.916671 0.226239
v -0.179251 0.928066 0.253444
v -0.132907 0.928081 0.268474
v -0.093200 0.928110 0.274724
v -0.372099 0.891305 -0.000002
v -0.370433 0.904500 -0.000002
v -0.369098 0.916676 -0.000002
v -0.356484 0.928041 0.066580
v -0.324620 0.928046 0.129124
v -0.279964 0.928052 0.183593
v -0.227742 0.891261 -0.228464
v -0.226156 0.904473 -0.227228
v -0.224874 0.916671 -0.226246
v -0.277822 0.928052 -0.183600
v -0.323980 0.928046 -0.129129
v -0.356400 0.928041 -0.066584
v -0.056625 0.928073 -0.274825
v -0.113037 0.928070 -0.268510
v -0.169023 0.928065 -0.253456
v -0.063643 0.962368 0.280402
v -0.063310 0.950253 0.278405
v -0.063040 0.939116 0.276721
v -0.230016 0.938941 0.226647
v -0.231378 0.950023 0.228038
v -0.233046 0.962110 0.229690
v -0.183429 0.976031 0.259270
v -0.135963 0.976067 0.274621
v -0.095139 0.976137 0.280999
v -0.369422 0.938900 -0.000002
v -0.371082 0.949966 -0.000002
v -0.373079 0.962046 -0.000001
v -0.362688 0.975954 0.068126
v -0.330689 0.975969 0.132118
v -0.285700 0.975989 0.187843
v -0.224953 0.938941 -0.226654
v -0.226315 0.950023 -0.228046
v -0.227984 0.962110 -0.229697
v -0.283559 0.975989 -0.187849
v -0.330050 0.975969 -0.132123
v -0.362605 0.975954 -0.068129
v -0.058137 0.976050 -0.281091
v -0.115969 0.976042 -0.274655
v -0.173188 0.976028 -0.259281
v -0.064140 1.034966 0.283321
v -0.064200 1.012087 0.283689
v -0.064135 0.992666 0.283309
v -0.235501 0.992466 0.232100
v -0.235820 1.011969 0.232418
v -0.235508 1.034946 0.232115
v -0.183446 1.061810 0.259294
v -0.135979 1.061792 0.274645
v -0.095153 1.061771 0.281021
v -0.376006 0.992417 -0.000001
v -0.376390 1.011944 -0.000002
v -0.376021 1.034954 -0.000002
v -0.362713 1.061869 0.068131
v -0.330711 1.061857 0.132129
v -0.285720 1.061842 0.187859
v -0.230440 0.992467 -0.232107
v -0.230758 1.011972 -0.232425
v -0.230445 1.034955 -0.232122
v -0.283575 1.061858 -0.187865
v -0.330069 1.061868 -0.132135
v -0.362628 1.061875 -0.068136
v -0.058140 1.061814 -0.281116
v -0.115974 1.061822 -0.274678
v -0.173196 1.061833 -0.259304
v -0.066004 1.162300 0.275192
v -0.064209 1.126513 0.277959
v -0.063774 1.092579 0.280360
v -0.233058 1.092757 0.229639
v -0.231259 1.126776 0.227542
v -0.229506 1.162638 0.224975
v -0.180707 1.199020 0.249288
v -0.136688 1.198935 0.264380
v -0.098834 1.198831 0.270850
v -0.372940 1.092855 -0.000004
v -0.369792 1.126927 -0.000006
v -0.365020 1.162845 -0.000009
v -0.347036 1.199332 0.065324
v -0.317385 1.199269 0.126731
v -0.275624 1.199187 0.180273
v -0.227945 1.092796 -0.229641
v -0.225860 1.126836 -0.227515
v -0.223344 1.162721 -0.224871
v -0.271821 1.199268 -0.180182
v -0.315768 1.199325 -0.126723
v -0.346502 1.199362 -0.065348
v -0.056088 1.199042 -0.269815
v -0.111791 1.199081 -0.263589
v -0.166723 1.199137 -0.248781
v -0.095571 1.305409 0.262731
v -0.085163 1.270214 0.266155
v -0.076407 1.234695 0.269274
v -0.227440 1.235091 0.218871
v -0.227489 1.270200 0.216172
v -0.228305 1.304402 0.214707
v -0.192837 1.340700 0.238817
v -0.159494 1.340660 0.250434
v -0.130027 1.340575 0.256459
v -0.349160 1.235105 -0.000021
v -0.338931 1.268116 -0.000027
v -0.328793 1.296319 -0.000030
v -0.313055 1.317898 0.061194
v -0.293130 1.319956 0.119344
v -0.264821 1.325885 0.171390
v -0.217483 1.235201 -0.218401
v -0.214717 1.270312 -0.215561
v -0.212696 1.304507 -0.214216
v -0.255356 1.325951 -0.171544
v -0.288004 1.320001 -0.119430
v -0.310814 1.317921 -0.061252
v -0.055115 1.340777 -0.252462
v -0.109009 1.340794 -0.247977
v -0.160638 1.340804 -0.237872
v -0.142960 1.430521 0.244582
v -0.131162 1.405949 0.249519
v -0.119018 1.374866 0.254383
v -0.218829 1.376837 0.228369
v -0.217686 1.410282 0.229209
v -0.222503 1.443670 0.224327
v -0.209466 1.463479 0.224673
v -0.185912 1.456803 0.231803
v -0.165625 1.450842 0.237325
v -0.193255 1.443690 -0.230556
v -0.188757 1.410322 -0.232894
v -0.193901 1.376898 -0.230054
v -0.054546 1.457199 -0.238234
v -0.108396 1.458817 -0.235262
v -0.161104 1.463735 -0.230873
v -0.219230 1.495767 -0.108040
v -0.223148 1.499123 -0.004252
v -0.228383 1.495765 0.099294
v -0.225472 1.515534 0.153855
v -0.216782 1.545595 0.126210
v -0.210312 1.569781 0.105073
v -0.204429 1.589550 0.051941
v -0.202713 1.592068 -0.000898
v -0.202527 1.589551 -0.053931
v -0.205438 1.569782 -0.108492
v -0.209079 1.545596 -0.131360
v -0.213347 1.515537 -0.161171
v 0.062797 0.802663 0.267041
v 0.064835 0.791990 0.263882
v 0.070386 0.783819 0.261073
v 0.097593 0.776649 0.256526
v 0.131262 0.774251 0.249566
v 0.174024 0.772379 0.235194
v 0.222825 0.778834 0.211075
v 0.224534 0.788914 0.213381
v 0.226415 0.800980 0.216000
v 0.178733 0.814943 0.244872
v 0.132727 0.815210 0.259659
v 0.093058 0.815410 0.266679
v 0.269593 0.770287 0.170369
v 0.311664 0.769886 0.119832
v 0.341566 0.769740 0.061794
v 0.354448 0.777727 0.000006
v 0.356882 0.788107 0.000006
v 0.359636 0.800467 0.000005
v 0.350525 0.814425 0.064391
v 0.320063 0.814455 0.124860
v 0.277109 0.814535 0.177491
v 0.341491 0.769703 -0.061781
v 0.311048 0.769681 -0.119816
v 0.267502 0.769655 -0.170346
v 0.217869 0.777624 -0.211043
v 0.219582 0.788009 -0.213350
v 0.221465 0.800388 -0.215974
v 0.275024 0.814379 -0.177476
v 0.319448 0.814394 -0.124849
v 0.350450 0.814407 -0.064383
v 0.163719 0.769606 -0.235097
v 0.109701 0.769588 -0.249018
v 0.055017 0.769577 -0.254839
v 0.000000 0.777561 -0.257654
v -0.000000 0.787952 -0.260389
v -0.000000 0.800346 -0.263523
v 0.056755 0.814346 -0.265175
v 0.113119 0.814350 -0.259195
v 0.168700 0.814356 -0.244795
v 0.062912 0.861219 0.273104
v 0.062979 0.845424 0.272923
v 0.062924 0.829929 0.271872
v 0.229109 0.829675 0.220009
v 0.229518 0.845369 0.220879
v 0.229293 0.861179 0.221024
v 0.178876 0.876526 0.247246
v 0.132745 0.876544 0.262161
v 0.093034 0.876566 0.269238
v 0.363772 0.829539 0.000003
v 0.364584 0.845296 0.000002
v 0.364574 0.861123 0.000002
v 0.352065 0.876459 0.065023
v 0.321259 0.876472 0.126085
v 0.277881 0.876489 0.179228
v 0.224162 0.829520 -0.219994
v 0.224573 0.845308 -0.220867
v 0.224350 0.861158 -0.221014
v 0.275802 0.876483 -0.179221
v 0.320648 0.876468 -0.126079
v 0.351991 0.876456 -0.065019
v -0.000000 0.829521 -0.268338
v -0.000000 0.845328 -0.269384
v -0.000000 0.861192 -0.269561
v 0.056752 0.876536 -0.267735
v 0.113154 0.876527 -0.261708
v 0.168855 0.876515 -0.247181
v 0.061845 0.916796 0.268470
v 0.062106 0.904326 0.269667
v 0.062429 0.890967 0.271180
v 0.227059 0.890877 0.219400
v 0.225518 0.904278 0.218127
v 0.224276 0.916819 0.217121
v 0.174963 0.928600 0.243165
v 0.129829 0.928586 0.257873
v 0.091162 0.928557 0.264882
v 0.362332 0.890831 0.000002
v 0.360678 0.904250 0.000002
v 0.359360 0.916814 0.000002
v 0.347129 0.928625 0.063932
v 0.316227 0.928621 0.123973
v 0.272888 0.928614 0.176235
v 0.222120 0.890874 -0.219392
v 0.220580 0.904278 -0.218119
v 0.219340 0.916819 -0.217113
v 0.270812 0.928615 -0.176228
v 0.315617 0.928621 -0.123968
v 0.347057 0.928626 -0.063928
v -0.000000 0.890908 -0.267626
v 0.000000 0.904298 -0.266108
v -0.000000 0.916821 -0.264908
v 0.055300 0.928594 -0.263375
v 0.110365 0.928597 -0.257421
v 0.164962 0.928602 -0.243101
v 0.062430 0.963205 0.272692
v 0.062107 0.950998 0.270679
v 0.061846 0.939686 0.268977
v 0.224364 0.939861 0.217546
v 0.225692 0.951228 0.218976
v 0.227317 0.963463 0.220666
v 0.179019 0.977302 0.249115
v 0.132787 0.977266 0.264129
v 0.093038 0.977196 0.271241
v 0.359703 0.939902 0.000002
v 0.361363 0.951284 0.000002
v 0.363351 0.963527 0.000001
v 0.353301 0.977380 0.065520
v 0.322228 0.977364 0.127048
v 0.278519 0.977344 0.180595
v 0.219427 0.939861 -0.217539
v 0.220754 0.951228 -0.218968
v 0.222379 0.963463 -0.220659
v 0.276441 0.977344 -0.180589
v 0.321617 0.977364 -0.127044
v 0.353228 0.977380 -0.065517
v -0.000000 0.939831 -0.265419
v -0.000000 0.951187 -0.267126
v 0.000000 0.963418 -0.269146
v 0.056759 0.977284 -0.269742
v 0.113198 0.977292 -0.263679
v 0.169000 0.977305 -0.249052
v 0.062902 1.035087 0.275596
v 0.062967 1.012496 0.275977
v 0.062906 0.993324 0.275607
v 0.229707 0.993523 0.223108
v 0.230014 1.012614 0.223415
v 0.229700 1.035106 0.223093
v 0.179002 1.061524 0.249092
v 0.132771 1.061541 0.264105
v 0.093024 1.061563 0.271219
v 0.366244 0.993573 0.000001
v 0.366610 1.012640 0.000002
v 0.366229 1.035098 0.000002
v 0.353277 1.061465 0.065515
v 0.322206 1.061476 0.127038
v 0.278499 1.061491 0.180579
v 0.224768 0.993523 -0.223101
v 0.225075 1.012612 -0.223408
v 0.224764 1.035097 -0.223086
v 0.276425 1.061475 -0.180572
v 0.321597 1.061465 -0.127032
v 0.353205 1.061459 -0.065510
v 0.000000 0.993490 -0.272065
v 0.000000 1.012596 -0.272433
v -0.000000 1.035105 -0.272048
v 0.056756 1.061519 -0.269717
v 0.113193 1.061511 -0.263655
v 0.168991 1.061500 -0.249029
v 0.064694 1.161658 0.267459
v 0.062930 1.125987 0.270222
v 0.062515 1.092213 0.272621
v 0.227263 1.092035 0.220596
v 0.225478 1.125725 0.218500
v 0.223749 1.161320 0.215936
v 0.176284 1.197646 0.239084
v 0.133437 1.197732 0.253842
v 0.096612 1.197836 0.261056
v 0.363166 1.091937 0.000004
v 0.360055 1.125574 0.000006
v 0.355339 1.161113 0.000009
v 0.337770 1.197335 0.062723
v 0.309031 1.197399 0.121644
v 0.268528 1.197480 0.172992
v 0.222298 1.091996 -0.220585
v 0.220251 1.125664 -0.218457
v 0.217802 1.161238 -0.215806
v 0.264910 1.197399 -0.172850
v 0.307524 1.197342 -0.121583
v 0.337288 1.197306 -0.062690
v 0.000000 1.092063 -0.269050
v 0.000000 1.125765 -0.266499
v 0.000000 1.161376 -0.263324
v 0.054780 1.197624 -0.258411
v 0.109153 1.197586 -0.252550
v 0.162715 1.197530 -0.238480
v 0.094170 1.304539 0.255031
v 0.083740 1.269370 0.258442
v 0.075011 1.233899 0.261554
v 0.221800 1.233382 0.209840
v 0.222130 1.268411 0.207264
v 0.223622 1.302690 0.206193
v 0.189984 1.339300 0.229172
v 0.157140 1.339340 0.240086
v 0.128181 1.339425 0.246731
v 0.339697 1.232761 0.000021
v 0.329903 1.265634 0.000027
v 0.320766 1.293942 0.000030
v 0.307075 1.316043 0.059448
v 0.287774 1.318239 0.115794
v 0.260376 1.324341 0.166016
v 0.212218 1.233272 -0.209293
v 0.209833 1.268299 -0.206544
v 0.208561 1.302586 -0.205570
v 0.251262 1.324275 -0.166048
v 0.282865 1.318193 -0.115765
v 0.304937 1.316020 -0.059397
v 0.000000 1.233537 -0.255364
v 0.000000 1.268995 -0.250873
v -0.000000 1.304173 -0.246345
v 0.054473 1.339223 -0.241048
v 0.107693 1.339206 -0.237044
v 0.158606 1.339197 -0.228044
v 0.142586 1.429904 0.238052
v 0.130392 1.405193 0.242237
v 0.117930 1.374027 0.246774
v 0.217401 1.375898 0.221025
v 0.217975 1.409719 0.221832
v 0.224926 1.443536 0.216530
v 0.212102 1.463392 0.216859
v 0.186927 1.456423 0.224640
v 0.165845 1.450355 0.230890
v 0.196168 1.443515 -0.222821
v 0.189613 1.409678 -0.225495
v 0.193060 1.375836 -0.222629
v -0.000000 1.373939 -0.238124
v 0.000000 1.406492 -0.234939
v -0.000000 1.434695 -0.232732
v 0.055263 1.456621 -0.230720
v 0.110077 1.458406 -0.227759
v 0.164313 1.463635 -0.223083
v 0.224794 1.496377 -0.104411
v 0.228518 1.499767 -0.004359
v 0.233818 1.496379 0.095452
v 0.231187 1.516276 0.149244
v 0.222570 1.546520 0.123736
v 0.215851 1.570765 0.103647
v 0.210276 1.590661 0.051259
v 0.209000 1.593272 -0.001055
v 0.208393 1.590660 -0.053540
v 0.211023 1.570764 -0.107332
v 0.214948 1.546518 -0.129150
v 0.219218 1.516273 -0.156798
v -0.062797 0.802663 0.267041
v -0.064835 0.791990 0.263882
v -0.070386 0.783819 0.261073
v -0.097593 0.776649 0.256526
v -0.131262 0.774251 0.249566
v -0.174024 0.772379 0.235194
v -0.222825 0.778834 0.211075
v -0.224534 0.788914 0.213381
v -0.226415 0.800980 0.216000
v -0.178733 0.814943 0.244872
v -0.132727 0.815211 0.259659
v -0.093058 0.815410 0.266679
v -0.269593 0.770287 0.170369
v -0.311664 0.769886 0.119832
v -0.341566 0.769740 0.061794
v -0.354448 0.777727 0.000006
v -0.356882 0.788107 0.000006
v -0.359636 0.800467 0.000005
v -0.350525 0.814425 0.064391
v -0.320063 0.814455 0.124860
v -0.277109 0.814535 0.177491
v -0.341491 0.769703 -0.061781
v -0.311048 0.769681 -0.119816
v -0.267502 0.769655 -0.170346
v -0.217869 0.777624 -0.211043
v -0.219582 0.788009 -0.213350
v -0.221465 0.800388 -0.215974
v -0.275024 0.814379 -0.177476
v -0.319448 0.814394 -0.124849
v -0.350450 0.814407 -0.064383
v -0.163719 0.769606 -0.235097
v -0.109701 0.769588 -0.249018
v -0.055017 0.769577 -0.254839
v -0.056755 0.814346 -0.265175
v -0.113119 0.814350 -0.259195
v -0.168700 0.814356 -0.244795
v -0.062912 0.861219 0.273104
v -0.062979 0.845424 0.272923
v -0.062924 0.829929 0.271872
v -0.229109 0.829675 0.220009
v -0.229518 0.845369 0.220879
v -0.229293 0.861179 0.221024
v -0.178876 0.876526 0.247246
v -0.132745 0.876544 0.262161
v -0.093034 0.876566 0.269238
v -0.363772 0.829539 0.000003
v -0.364584 0.845296 0.000002
v -0.364574 0.861123 0.000002
v -0.352065 0.876458 0.065023
v -0.321259 0.876472 0.126085
v -0.277881 0.876489 0.179228
v -0.224162 0.829520 -0.219994
v -0.224573 0.845308 -0.220867
v -0.224350 0.861158 -0.221014
v -0.275802 0.876483 -0.179221
v -0.320648 0.876468 -0.126079
v -0.351991 0.876456 -0.065019
v -0.056752 0.876536 -0.267735
v -0.113154 0.876527 -0.261708
v -0.168855 0.876515 -0.247181
v -0.061845 0.916796 0.268470
v -0.062106 0.904326 0.269667
v -0.062429 0.890967 0.271180
v -0.227059 0.890877 0.219400
v -0.225518 0.904278 0.218127
v -0.224276 0.916819 0.217121
v -0.174963 0.928600 0.243165
v -0.129829 0.928586 0.257873
v -0.091162 0.928557 0.264882
v -0.362332 0.890831 0.000002
v -0.360678 0.904250 0.000002
v -0.359360 0.916814 0.000002
v -0.347129 0.928626 0.063932
v -0.316227 0.928621 0.123973
v -0.272888 0.928614 0.176235
v -0.222120 0.890874 -0.219392
v -0.220580 0.904278 -0.218119
v -0.219340 0.916819 -0.217113
v -0.270812 0.928615 -0.176228
v -0.315617 0.928621 -0.123968
v -0.347057 0.928626 -0.063928
v -0.055300 0.928594 -0.263375
v -0.110365 0.928597 -0.257421
v -0.164962 0.928602 -0.243101
v -0.062430 0.963205 0.272692
v -0.062107 0.950998 0.270679
v -0.061846 0.939686 0.268977
v -0.224364 0.939861 0.217546
v -0.225692 0.951228 0.218976
v -0.227317 0.963463 0.220666
v -0.179019 0.977302 0.249115
v -0.132787 0.977266 0.264129
v -0.093038 0.977197 0.271241
v -0.359703 0.939902 0.000002
v -0.361363 0.951284 0.000002
v -0.363351 0.963527 0.000002
v -0.353301 0.977380 0.065520
v -0.322228 0.977364 0.127048
v -0.278519 0.977344 0.180595
v -0.219427 0.939861 -0.217539
v -0.220754 0.951228 -0.218968
v -0.222379 0.963463 -0.220659
v -0.276441 0.977344 -0.180589
v -0.321617 0.977364 -0.127044
v -0.353228 0.977380 -0.065517
v -0.056759 0.977283 -0.269742
v -0.113198 0.977292 -0.263679
v -0.169000 0.977305 -0.249052
v -0.062902 1.035087 0.275596
v -0.062967 1.012496 0.275977
v -0.062906 0.993324 0.275607
v -0.229707 0.993523 0.223108
v -0.230014 1.012615 0.223415
v -0.229700 1.035106 0.223093
v -0.179002 1.061524 0.249092
v -0.132771 1.061541 0.264105
v -0.093024 1.061563 0.271219
v -0.366245 0.993573 0.000001
v -0.366610 1.012640 0.000002
v -0.366229 1.035098 0.000002
v -0.353277 1.061465 0.065515
v -0.322206 1.061476 0.127038
v -0.278499 1.061491 0.180579
v -0.224768 0.993523 -0.223101
v -0.225075 1.012612 -0.223408
v -0.224764 1.035097 -0.223086
v -0.276425 1.061475 -0.180572
v -0.321597 1.061465 -0.127032
v -0.353205 1.061459 -0.065510
v -0.056756 1.061519 -0.269717
v -0.113193 1.061511 -0.263655
v -0.168991 1.061500 -0.249029
v -0.064694 1.161658 0.267459
v -0.062930 1.125987 0.270222
v -0.062515 1.092213 0.272621
v -0.227263 1.092035 0.220596
v -0.225478 1.125725 0.218500
v -0.223749 1.161320 0.215936
v -0.176284 1.197647 0.239084
v -0.133437 1.197732 0.253842
v -0.096612 1.197836 0.261056
v -0.363166 1.091937 0.000004
v -0.360055 1.125574 0.000006
v -0.355339 1.161113 0.000009
v -0.337770 1.197335 0.062723
v -0.309031 1.197399 0.121644
v -0.268528 1.197480 0.172992
v -0.222298 1.091996 -0.220585
v -0.220251 1.125664 -0.218457
v -0.217802 1.161238 -0.215806
v -0.264910 1.197399 -0.172850
v -0.307524 1.197342 -0.121583
v -0.337288 1.197305 -0.062690
v -0.054780 1.197624 -0.258411
v -0.109153 1.197586 -0.252550
v -0.162715 1.197530 -0.238480
v -0.094170 1.304539 0.255031
v -0.083740 1.269370 0.258442
v -0.075011 1.233899 0.261554
v -0.221800 1.233382 0.209840
v -0.222130 1.268411 0.207264
v -0.223622 1.302690 0.206193
v -0.189984 1.339300 0.229172
v -0.157140 1.339340 0.240086
v -0.128181 1.339425 0.246731
v -0.339697 1.232760 0.000021
v -0.329903 1.265634 0.000027
v -0.320766 1.293942 0.000030
v -0.307075 1.316043 0.059448
v -0.287774 1.318239 0.115794
v -0.260376 1.324341 0.166016
v -0.212218 1.233272 -0.209293
v -0.209833 1.268299 -0.206544
v -0.208561 1.302586 -0.205570
v -0.251262 1.324275 -0.166048
v -0.282865 1.318193 -0.115765
v -0.304937 1.316020 -0.059397
v -0.054473 1.339223 -0.241048
v -0.107693 1.339207 -0.237044
v -0.158606 1.339197 -0.228044
v -0.142586 1.429904 0.238052
v -0.130392 1.405193 0.242237
v -0.117930 1.374027 0.246774
v -0.217401 1.375898 0.221025
v -0.217975 1.409718 0.221832
v -0.224926 1.443535 0.216530
v -0.212102 1.463391 0.216859
v -0.186927 1.456423 0.224640
v -0.165845 1.450355 0.230890
v -0.196168 1.443515 -0.222821
v -0.189613 1.409678 -0.225495
v -0.193060 1.375836 -0.222629
v -0.055263 1.456620 -0.230720
v -0.110077 1.458406 -0.227759
v -0.164313 1.463635 -0.223083
v -0.224794 1.496377 -0.104411
v -0.228518 1.499767 -0.004359
v -0.233818 1.496379 0.095452
v -0.231187 1.516276 0.149244
v -0.222570 1.546520 0.123736
v -0.215851 1.570765 0.103647
v -0.210276 1.590661 0.051259
v -0.209000 1.593272 -0.001055
v -0.208393 1.590660 -0.053540
v -0.211023 1.570764 -0.107332
v -0.214948 1.546518 -0.129150
v -0.219218 1.516273 -0.156798
v 0.071129 0.776054 0.263326
v 0.067248 0.775988 0.261562
v 0.070544 0.777201 0.260090
v 0.223445 0.764424 0.212646
v 0.222125 0.763681 0.210625
v 0.221492 0.765958 0.209542
v 0.356163 0.762863 -0.000003
v 0.354000 0.762083 -0.000000
v 0.352837 0.764429 0.000003
v 0.218427 0.762913 -0.212662
v 0.217125 0.762083 -0.210625
v 0.216511 0.764379 -0.209525
v 0.000000 0.762945 -0.259972
v 0.000000 0.762083 -0.257417
v 0.000000 0.764346 -0.255986
v 0.044847 0.814478 0.276685
v 0.038333 0.814931 0.274917
v 0.044320 0.815279 0.272523
v 0.044859 0.876705 0.279396
v 0.038333 0.876667 0.277583
v 0.044308 0.876628 0.275146
v 0.044416 0.928240 0.275073
v 0.038083 0.928333 0.273250
v 0.043875 0.928427 0.270802
v 0.044860 0.976445 0.281392
v 0.038333 0.976667 0.279583
v 0.044307 0.976888 0.277149
v 0.044866 1.061707 0.281402
v 0.038333 1.061667 0.279583
v 0.044301 1.061626 0.277140
v 0.052163 1.198526 0.271611
v 0.046056 1.198333 0.269847
v 0.051531 1.198141 0.267354
v 0.092819 1.340235 0.258989
v 0.087847 1.340000 0.257500
v 0.092147 1.339766 0.254761
v 0.244219 1.354945 0.203346
v 0.247119 1.358472 0.198610
v 0.242506 1.354222 0.199590
v 0.313786 1.330329 -0.000016
v 0.310486 1.334167 -0.000000
v 0.310415 1.329255 0.000016
v 0.231017 1.354986 -0.204469
v 0.235383 1.358472 -0.199951
v 0.229576 1.354181 -0.200645
v 0.149664 1.450247 0.239755
v 0.148465 1.452670 0.238179
v 0.149629 1.449964 0.236416
v 0.238385 1.479864 0.212525
v 0.240000 1.480000 0.210000
v 0.241615 1.480137 0.207475
v 0.218299 1.479867 -0.222468
v 0.220000 1.480000 -0.220000
v 0.221701 1.480134 -0.217533
v 0.000000 1.469952 -0.236368
v 0.000000 1.474167 -0.233889
v 0.000000 1.469632 -0.232243
v 0.206606 1.589825 0.100221
v 0.207546 1.592670 0.105849
v 0.209593 1.590386 0.099610
v 0.203210 1.589825 -0.102282
v 0.204167 1.592670 -0.107801
v 0.206216 1.590386 -0.101820
v -0.071129 0.776054 0.263326
v -0.067248 0.775988 0.261562
v -0.070544 0.777201 0.260090
v -0.223445 0.764424 0.212646
v -0.222125 0.763681 0.210625
v -0.221492 0.765958 0.209542
v -0.356163 0.762863 -0.000003
v -0.354000 0.762083 -0.000000
v -0.352837 0.764429 0.000003
v -0.218427 0.762913 -0.212662
v -0.217125 0.762083 -0.210625
v -0.216511 0.764379 -0.209525
v -0.044847 0.814478 0.276685
v -0.038333 0.814931 0.274917
v -0.044320 0.815279 0.272523
v -0.044859 0.876705 0.279396
v -0.038333 0.876667 0.277583
v -0.044308 0.876628 0.275146
v -0.044416 0.928240 0.275073
v -0.038083 0.928333 0.273250
v -0.043875 0.928427 0.270802
v -0.044860 0.976445 0.281392
v -0.038333 0.976667 0.279583
v -0.044307 0.976888 0.277149
v -0.044866 1.061707 0.281402
v -0.038333 1.061667 0.279583
v -0.044301 1.061627 0.277140
v -0.052163 1.198526 0.271611
v -0.046056 1.198334 0.269847
v -0.051531 1.198141 0.267354
v -0.092819 1.340235 0.258989
v -0.087847 1.340000 0.257500
v -0.092147 1.339766 0.254761
v -0.244219 1.354945 0.203346
v -0.247119 1.358472 0.198610
v -0.242506 1.354222 0.199590
v -0.313786 1.330329 -0.000016
v -0.310486 1.334167 0.000000
v -0.310415 1.329255 0.000016
v -0.231017 1.354986 -0.204469
v -0.235383 1.358472 -0.199951
v -0.229576 1.354181 -0.200645
v -0.149664 1.450247 0.239755
v -0.148465 1.452670 0.238179
v -0.149629 1.449964 0.236416
v -0.238385 1.479864 0.212525
v -0.240000 1.480000 0.210000
v -0.241615 1.480137 0.207475
v -0.218299 1.479867 -0.222468
v -0.220000 1.480000 -0.220000
v -0.221701 1.480134 -0.217533
v -0.206606 1.589825 0.100221
v -0.207546 1.592670 0.105849
v -0.209593 1.590386 0.099610
v -0.203210 1.589825 -0.102282
v -0.204167 1.592670 -0.107801
v -0.206216 1.590386 -0.101820
v 0.097609 0.780114 0.266069
v 0.133884 0.778201 0.259767
v 0.178399 0.776658 0.245098
v 0.095325 0.788733 0.269744
v 0.134190 0.787502 0.263507
v 0.180081 0.786452 0.248695
v 0.094691 0.800022 0.273285
v 0.134932 0.799284 0.267031
v 0.181709 0.798644 0.252059
v 0.276727 0.774906 0.177493
v 0.319969 0.774555 0.124825
v 0.350699 0.774423 0.064360
v 0.279492 0.785177 0.180118
v 0.323094 0.784918 0.126674
v 0.354062 0.784820 0.065314
v 0.282074 0.797839 0.182574
v 0.326008 0.797674 0.128405
v 0.357194 0.797612 0.066207
v 0.350617 0.774424 -0.064374
v 0.319333 0.774450 -0.124844
v 0.274595 0.774480 -0.177519
v 0.353980 0.784825 -0.065327
v 0.322458 0.784850 -0.126692
v 0.277359 0.784879 -0.180142
v 0.357112 0.797619 -0.066218
v 0.325372 0.797640 -0.128420
v 0.279940 0.797663 -0.182594
v 0.168019 0.774537 -0.245126
v 0.112573 0.774557 -0.259728
v 0.056455 0.774570 -0.265872
v 0.169807 0.784932 -0.248730
v 0.113792 0.784950 -0.263534
v 0.057072 0.784961 -0.269759
v 0.171482 0.797704 -0.252091
v 0.114935 0.797717 -0.267079
v 0.057651 0.797725 -0.273374
v 0.095470 0.828709 0.278292
v 0.136430 0.828516 0.271959
v 0.183914 0.828370 0.256741
v 0.095601 0.844826 0.279390
v 0.136645 0.844760 0.273038
v 0.184236 0.844721 0.257766
v 0.095489 0.861104 0.279608
v 0.136476 0.861103 0.273255
v 0.184027 0.861110 0.257972
v 0.285530 0.828206 0.185994
v 0.329947 0.828176 0.130815
v 0.361459 0.828167 0.067452
v 0.286121 0.844693 0.186742
v 0.330675 0.844694 0.131342
v 0.362289 0.844699 0.067725
v 0.285964 0.861137 0.186893
v 0.330596 0.861151 0.131448
v 0.362281 0.861163 0.067780
v 0.361378 0.828175 -0.067458
v 0.329311 0.828180 -0.130823
v 0.283395 0.828185 -0.186005
v 0.362207 0.844705 -0.067730
v 0.330038 0.844703 -0.131349
v 0.283985 0.844698 -0.186751
v 0.362199 0.861167 -0.067784
v 0.329958 0.861159 -0.131454
v 0.283826 0.861147 -0.186900
v 0.173681 0.828189 -0.256761
v 0.116427 0.828189 -0.272001
v 0.058405 0.828188 -0.278389
v 0.173999 0.844685 -0.257782
v 0.116630 0.844679 -0.273077
v 0.058504 0.844674 -0.279485
v 0.173788 0.861121 -0.257986
v 0.116464 0.861110 -0.273291
v 0.058414 0.861102 -0.279704
v 0.094561 0.891203 0.277744
v 0.135029 0.891226 0.271432
v 0.182095 0.891243 0.256246
v 0.093927 0.904441 0.276255
v 0.134039 0.904454 0.269974
v 0.180763 0.904463 0.254865
v 0.093412 0.916679 0.275072
v 0.133236 0.916672 0.268815
v 0.179686 0.916670 0.253767
v 0.283564 0.891274 0.185634
v 0.328225 0.891289 0.130562
v 0.360000 0.891300 0.067322
v 0.281860 0.904481 0.184628
v 0.326506 0.904490 0.129853
v 0.358312 0.904497 0.066956
v 0.280487 0.916672 0.183828
v 0.325124 0.916674 0.129290
v 0.356958 0.916675 0.066666
v 0.359917 0.891301 -0.067326
v 0.327586 0.891290 -0.130567
v 0.281423 0.891276 -0.185641
v 0.358228 0.904498 -0.066960
v 0.325867 0.904491 -0.129858
v 0.279719 0.904482 -0.184634
v 0.356874 0.916675 -0.066669
v 0.324484 0.916674 -0.129295
v 0.278345 0.916672 -0.183835
v 0.171858 0.891248 -0.256258
v 0.115073 0.891237 -0.271467
v 0.057686 0.891231 -0.277843
v 0.170530 0.904464 -0.254876
v 0.114122 0.904458 -0.270009
v 0.057192 0.904454 -0.276355
v 0.169456 0.916670 -0.253779
v 0.113352 0.916669 -0.268851
v 0.056790 0.916668 -0.275173
v 0.093413 0.939030 0.275562
v 0.133244 0.938981 0.269295
v 0.179718 0.938955 0.254222
v 0.093928 0.950140 0.277237
v 0.134056 0.950075 0.270936
v 0.180829 0.950042 0.255778
v 0.094564 0.962242 0.279224
v 0.135058 0.962169 0.272883
v 0.182195 0.962132 0.257623
v 0.280639 0.938927 0.184161
v 0.325356 0.938914 0.129524
v 0.357254 0.938904 0.066787
v 0.282165 0.950004 0.185295
v 0.326972 0.949985 0.130323
v 0.358907 0.949971 0.067199
v 0.284025 0.962089 0.186640
v 0.328929 0.962068 0.131271
v 0.360900 0.962052 0.067688
v 0.357171 0.938904 -0.066790
v 0.324716 0.938914 -0.129529
v 0.278496 0.938927 -0.184167
v 0.358824 0.949971 -0.067203
v 0.326332 0.949985 -0.130328
v 0.280023 0.950004 -0.185301
v 0.360816 0.962052 -0.067692
v 0.328290 0.962068 -0.131276
v 0.281884 0.962089 -0.186647
v 0.169489 0.938953 -0.254234
v 0.113361 0.938963 -0.269331
v 0.056791 0.938969 -0.275662
v 0.170596 0.950039 -0.255789
v 0.114140 0.950052 -0.270971
v 0.057193 0.950060 -0.277334
v 0.171958 0.962129 -0.257634
v 0.115100 0.962143 -0.272917
v 0.057689 0.962152 -0.279319
v 0.095502 0.992567 0.282121
v 0.136534 0.992511 0.275722
v 0.184208 0.992482 0.260315
v 0.095624 1.012027 0.282502
v 0.136726 1.011993 0.276096
v 0.184469 1.011977 0.260670
v 0.095507 1.034950 0.282136
v 0.136540 1.034944 0.275739
v 0.184214 1.034943 0.260331
v 0.286759 0.992450 0.188605
v 0.331802 0.992434 0.132655
v 0.363821 0.992422 0.068403
v 0.287114 1.011961 0.188864
v 0.332177 1.011952 0.132838
v 0.364204 1.011946 0.068497
v 0.286768 1.034949 0.188617
v 0.331814 1.034951 0.132664
v 0.363835 1.034953 0.068407
v 0.363738 0.992422 -0.068406
v 0.331163 0.992434 -0.132660
v 0.284618 0.992450 -0.188611
v 0.364121 1.011947 -0.068501
v 0.331538 1.011954 -0.132843
v 0.284973 1.011963 -0.188870
v 0.363752 1.034955 -0.068411
v 0.331174 1.034956 -0.132669
v 0.284626 1.034956 -0.188623
v 0.173964 0.992481 -0.260326
v 0.116516 0.992491 -0.275755
v 0.058420 0.992497 -0.282214
v 0.174223 1.011979 -0.260681
v 0.116698 1.011984 -0.276130
v 0.058514 1.011986 -0.282595
v 0.173966 1.034953 -0.260342
v 0.116517 1.034950 -0.275772
v 0.058420 1.034948 -0.282231
v 0.094680 1.092643 0.279182
v 0.135149 1.092690 0.272836
v 0.182251 1.092726 0.257572
v 0.094670 1.126606 0.276760
v 0.134573 1.126674 0.270427
v 0.181056 1.126728 0.255256
v 0.095822 1.162416 0.273926
v 0.134877 1.162503 0.267561
v 0.180371 1.162573 0.252458
v 0.283988 1.092789 0.186595
v 0.328844 1.092819 0.131237
v 0.360778 1.092842 0.067669
v 0.281658 1.126825 0.184873
v 0.326095 1.126871 0.130017
v 0.357746 1.126907 0.067037
v 0.278836 1.162705 0.182747
v 0.322322 1.162769 0.128503
v 0.353279 1.162819 0.066249
v 0.360685 1.092854 -0.067677
v 0.328185 1.092841 -0.131244
v 0.281813 1.092820 -0.186601
v 0.357604 1.126925 -0.067047
v 0.325327 1.126905 -0.130023
v 0.279299 1.126873 -0.184868
v 0.353003 1.162842 -0.066265
v 0.321265 1.162815 -0.128505
v 0.275985 1.162772 -0.182712
v 0.171940 1.092771 -0.257573
v 0.115094 1.092750 -0.272855
v 0.057687 1.092735 -0.279258
v 0.170334 1.126799 -0.255200
v 0.114004 1.126766 -0.270355
v 0.057136 1.126744 -0.276711
v 0.168541 1.162670 -0.252249
v 0.112853 1.162626 -0.267245
v 0.056574 1.162595 -0.273542
v 0.104196 1.234843 0.267657
v 0.140452 1.234958 0.261015
v 0.182446 1.235049 0.245918
v 0.111562 1.270369 0.264277
v 0.145893 1.270488 0.257561
v 0.185455 1.270527 0.242774
v 0.120370 1.305563 0.260591
v 0.152495 1.305673 0.254066
v 0.189344 1.305625 0.240291
v 0.272174 1.235071 0.177600
v 0.311294 1.235048 0.124775
v 0.338920 1.235072 0.064289
v 0.268823 1.269337 0.175240
v 0.304666 1.268473 0.122875
v 0.329802 1.268133 0.063219
v 0.266024 1.300698 0.173555
v 0.298301 1.297650 0.121181
v 0.320802 1.296458 0.062185
v 0.337984 1.235104 -0.064323
v 0.308804 1.235110 -0.124755
v 0.266888 1.235161 -0.177430
v 0.328387 1.268166 -0.063265
v 0.301144 1.268536 -0.122860
v 0.261789 1.269428 -0.175044
v 0.318919 1.296488 -0.062241
v 0.293807 1.297709 -0.121207
v 0.257367 1.300782 -0.173466
v 0.165049 1.235177 -0.244970
v 0.110944 1.235119 -0.259506
v 0.055745 1.235074 -0.265625
v 0.163718 1.270657 -0.241436
v 0.110338 1.270652 -0.255332
v 0.055517 1.270606 -0.261183
v 0.162723 1.305746 -0.238866
v 0.109868 1.305827 -0.251418
v 0.055345 1.305790 -0.256723
v 0.139977 1.375041 0.251799
v 0.166285 1.375229 0.246499
v 0.194465 1.375506 0.238215
v 0.149841 1.406519 0.246772
v 0.173139 1.407655 0.241967
v 0.197451 1.408950 0.235640
v 0.159022 1.432303 0.241697
v 0.180158 1.435730 0.236762
v 0.203087 1.439707 0.230501
v 0.155683 1.375589 -0.238494
v 0.107495 1.375377 -0.245045
v 0.054763 1.375337 -0.248554
v 0.153071 1.409046 -0.237746
v 0.106503 1.408099 -0.242115
v 0.054469 1.407721 -0.244931
v 0.155611 1.439873 -0.234777
v 0.107090 1.436914 -0.238738
v 0.054415 1.435769 -0.241492
v 0.221451 1.519213 0.084132
v 0.214052 1.546751 0.068968
v 0.208140 1.571161 0.057600
v 0.217570 1.521091 -0.003439
v 0.211459 1.547631 -0.002472
v 0.206216 1.572413 -0.001582
v 0.214724 1.519215 -0.091153
v 0.209733 1.546752 -0.073990
v 0.205394 1.571162 -0.060871
v -0.097609 0.780114 0.266069
v -0.095325 0.788733 0.269744
v -0.094691 0.800022 0.273285
v -0.133884 0.778201 0.259767
v -0.134190 0.787502 0.263507
v -0.134932 0.799284 0.267031
v -0.178399 0.776658 0.245098
v -0.180081 0.786452 0.248695
v -0.181709 0.798644 0.252059
v -0.276727 0.774906 0.177493
v -0.279492 0.785176 0.180118
v -0.282074 0.797839 0.182574
v -0.319969 0.774555 0.124825
v -0.323094 0.784918 0.126674
v -0.326008 0.797674 0.128405
v -0.350699 0.774423 0.064360
v -0.354062 0.784820 0.065314
v -0.357194 0.797611 0.066207
v -0.350617 0.774424 -0.064374
v -0.353980 0.784825 -0.065327
v -0.357112 0.797619 -0.066218
v -0.319333 0.774450 -0.124844
v -0.322458 0.784850 -0.126692
v -0.325372 0.797640 -0.128420
v -0.274595 0.774480 -0.177519
v -0.277359 0.784879 -0.180142
v -0.279940 0.797663 -0.182594
v -0.168019 0.774537 -0.245126
v -0.169807 0.784932 -0.248730
v -0.171482 0.797704 -0.252091
v -0.112573 0.774557 -0.259728
v -0.113792 0.784950 -0.263535
v -0.114935 0.797717 -0.267079
v -0.056455 0.774570 -0.265872
v -0.057072 0.784961 -0.269759
v -0.057651 0.797724 -0.273374
v -0.095470 0.828709 0.278292
v -0.095601 0.844826 0.279390
v -0.095489 0.861104 0.279608
v -0.136430 0.828516 0.271959
v -0.136645 0.844760 0.273038
v -0.136476 0.861103 0.273255
v -0.183914 0.828370 0.256741
v -0.184236 0.844721 0.257766
v -0.184027 0.861110 0.257972
v -0.285530 0.828206 0.185994
v -0.286121 0.844693 0.186742
v -0.285964 0.861137 0.186893
v -0.329947 0.828176 0.130815
v -0.330675 0.844694 0.131342
v -0.330596 0.861151 0.131448
v -0.361459 0.828167 0.067452
v -0.362289 0.844699 0.067725
v -0.362281 0.861163 0.067780
v -0.361378 0.828175 -0.067458
v -0.362207 0.844705 -0.067730
v -0.362199 0.861167 -0.067784
v -0.329311 0.828180 -0.130823
v -0.330038 0.844703 -0.131349
v -0.329958 0.861159 -0.131454
v -0.283395 0.828185 -0.186005
v -0.283985 0.844698 -0.186751
v -0.283826 0.861147 -0.186900
v -0.173681 0.828190 -0.256761
v -0.173999 0.844685 -0.257782
v -0.173788 0.861121 -0.257986
v -0.116427 0.828189 -0.272000
v -0.116630 0.844679 -0.273077
v -0.116464 0.861110 -0.273291
v -0.058405 0.828188 -0.278389
v -0.058504 0.844674 -0.279485
v -0.058414 0.861102 -0.279704
v -0.094561 0.891203 0.277744
v -0.093927 0.904442 0.276255
v -0.093412 0.916679 0.275072
v -0.135029 0.891226 0.271432
v -0.134039 0.904454 0.269974
v -0.133236 0.916672 0.268815
v -0.182095 0.891243 0.256246
v -0.180763 0.904463 0.254865
v -0.179686 0.916670 0.253767
v -0.283564 0.891274 0.185634
v -0.281861 0.904481 0.184628
v -0.280487 0.916672 0.183828
v -0.328225 0.891289 0.130562
v -0.326506 0.904490 0.129853
v -0.325124 0.916674 0.129290
v -0.360000 0.891300 0.067322
v -0.358312 0.904497 0.066956
v -0.356958 0.916675 0.066666
v -0.359917 0.891301 -0.067326
v -0.358228 0.904498 -0.066960
v -0.356874 0.916675 -0.066669
v -0.327586 0.891290 -0.130567
v -0.325867 0.904491 -0.129858
v -0.324484 0.916674 -0.129295
v -0.281423 0.891276 -0.185641
v -0.279719 0.904482 -0.184634
v -0.278345 0.916672 -0.183835
v -0.171858 0.891248 -0.256258
v -0.170530 0.904465 -0.254876
v -0.169456 0.916670 -0.253779
v -0.115073 0.891237 -0.271467
v -0.114122 0.904458 -0.270009
v -0.113352 0.916669 -0.268851
v -0.057686 0.891231 -0.277843
v -0.057191 0.904454 -0.276355
v -0.056790 0.916668 -0.275173
v -0.093413 0.939030 0.275562
v -0.093928 0.950140 0.277237
v -0.094564 0.962242 0.279224
v -0.133244 0.938981 0.269295
v -0.134056 0.950075 0.270936
v -0.135058 0.962169 0.272883
v -0.179718 0.938955 0.254222
v -0.180829 0.950042 0.255778
v -0.182195 0.962132 0.257623
v -0.280639 0.938927 0.184161
v -0.282165 0.950004 0.185295
v -0.284025 0.962089 0.186641
v -0.325356 0.938914 0.129524
v -0.326972 0.949985 0.130323
v -0.328929 0.962068 0.131271
v -0.357254 0.938904 0.066787
v -0.358907 0.949971 0.067199
v -0.360900 0.962052 0.067688
v -0.357171 0.938904 -0.066790
v -0.358824 0.949971 -0.067203
v -0.360816 0.962052 -0.067692
v -0.324716 0.938914 -0.129529
v -0.326332 0.949985 -0.130328
v -0.328290 0.962068 -0.131276
v -0.278496 0.938927 -0.184167
v -0.280023 0.950003 -0.185301
v -0.281884 0.962089 -0.186647
v -0.169489 0.938953 -0.254234
v -0.170596 0.950039 -0.255789
v -0.171958 0.962129 -0.257634
v -0.113361 0.938963 -0.269331
v -0.114140 0.950052 -0.270971
v -0.115100 0.962143 -0.272917
v -0.056791 0.938969 -0.275662
v -0.057193 0.950060 -0.277334
v -0.057689 0.962152 -0.279319
v -0.095502 0.992567 0.282121
v -0.095624 1.012027 0.282501
v -0.095507 1.034950 0.282136
v -0.136534 0.992511 0.275722
v -0.136726 1.011993 0.276096
v -0.136540 1.034944 0.275739
v -0.184208 0.992483 0.260315
v -0.184469 1.011977 0.260670
v -0.184214 1.034944 0.260331
v -0.286758 0.992450 0.188605
v -0.287114 1.011961 0.188864
v -0.286768 1.034949 0.188617
v -0.331802 0.992434 0.132655
v -0.332177 1.011952 0.132838
v -0.331814 1.034951 0.132664
v -0.363821 0.992422 0.068403
v -0.364204 1.011946 0.068497
v -0.363835 1.034953 0.068407
v -0.363738 0.992422 -0.068406
v -0.364121 1.011946 -0.068501
v -0.363752 1.034955 -0.068411
v -0.331163 0.992434 -0.132660
v -0.331538 1.011954 -0.132843
v -0.331174 1.034956 -0.132669
v -0.284618 0.992450 -0.188611
v -0.284973 1.011963 -0.188870
v -0.284626 1.034956 -0.188623
v -0.173964 0.992481 -0.260326
v -0.174223 1.011979 -0.260681
v -0.173966 1.034953 -0.260342
v -0.116516 0.992491 -0.275755
v -0.116698 1.011984 -0.276130
v -0.116517 1.034950 -0.275772
v -0.058420 0.992497 -0.282214
v -0.058514 1.011986 -0.282595
v -0.058420 1.034949 -0.282231
v -0.094680 1.092643 0.279182
v -0.094670 1.126606 0.276760
v -0.095822 1.162416 0.273926
v -0.135149 1.092690 0.272836
v -0.134573 1.126675 0.270427
v -0.134877 1.162503 0.267561
v -0.182251 1.092726 0.257572
v -0.181056 1.126728 0.255256
v -0.180371 1.162573 0.252458
v -0.283988 1.092789 0.186595
v -0.281658 1.126825 0.184873
v -0.278836 1.162705 0.182747
v -0.328844 1.092819 0.131237
v -0.326095 1.126871 0.130017
v -0.322322 1.162769 0.128503
v -0.360778 1.092842 0.067669
v -0.357746 1.126907 0.067037
v -0.353279 1.162819 0.066249
v -0.360685 1.092854 -0.067677
v -0.357604 1.126925 -0.067047
v -0.353003 1.162843 -0.066265
v -0.328185 1.092841 -0.131244
v -0.325327 1.126905 -0.130023
v -0.321265 1.162815 -0.128505
v -0.281813 1.092820 -0.186601
v -0.279299 1.126873 -0.184868
v -0.275985 1.162772 -0.182712
v -0.171940 1.092771 -0.257573
v -0.170334 1.126799 -0.255200
v -0.168541 1.162670 -0.252249
v -0.115094 1.092750 -0.272855
v -0.114004 1.126766 -0.270355
v -0.112853 1.162626 -0.267245
v -0.057687 1.092735 -0.279258
v -0.057136 1.126744 -0.276711
v -0.056574 1.162595 -0.273542
v -0.104196 1.234843 0.267657
v -0.111562 1.270369 0.264277
v -0.120370 1.305562 0.260591
v -0.140452 1.234958 0.261015
v -0.145893 1.270488 0.257561
v -0.152495 1.305673 0.254066
v -0.182446 1.235049 0.245918
v -0.185455 1.270527 0.242774
v -0.189344 1.305625 0.240291
v -0.272174 1.235071 0.177600
v -0.268823 1.269338 0.175240
v -0.266024 1.300698 0.173555
v -0.311294 1.235048 0.124775
v -0.304666 1.268473 0.122875
v -0.298301 1.297650 0.121181
v -0.338920 1.235072 0.064289
v -0.329802 1.268133 0.063219
v -0.320802 1.296458 0.062185
v -0.337984 1.235104 -0.064323
v -0.328387 1.268166 -0.063265
v -0.318919 1.296488 -0.062241
v -0.308804 1.235110 -0.124755
v -0.301144 1.268536 -0.122860
v -0.293807 1.297709 -0.121207
v -0.266888 1.235161 -0.177430
v -0.261789 1.269428 -0.175044
v -0.257367 1.300782 -0.173466
v -0.165049 1.235177 -0.244970
v -0.163718 1.270657 -0.241436
v -0.162723 1.305746 -0.238866
v -0.110944 1.235119 -0.259506
v -0.110338 1.270652 -0.255332
v -0.109868 1.305827 -0.251418
v -0.055745 1.235074 -0.265625
v -0.055517 1.270606 -0.261184
v -0.055345 1.305790 -0.256723
v -0.139977 1.375041 0.251799
v -0.149841 1.406519 0.246772
v -0.159022 1.432303 0.241697
v -0.166285 1.375229 0.246499
v -0.173139 1.407654 0.241967
v -0.180158 1.435730 0.236762
v -0.194465 1.375506 0.238215
v -0.197451 1.408951 0.235640
v -0.203087 1.439707 0.230501
v -0.155683 1.375589 -0.238494
v -0.153071 1.409046 -0.237746
v -0.155611 1.439873 -0.234777
v -0.107495 1.375377 -0.245045
v -0.106503 1.408099 -0.242115
v -0.107090 1.436914 -0.238738
v -0.054763 1.375337 -0.248554
v -0.054469 1.407721 -0.244931
v -0.054415 1.435769 -0.241492
v -0.221451 1.519213 0.084132
v -0.217570 1.521091 -0.003439
v -0.214724 1.519215 -0.091153
v -0.214052 1.546751 0.068968
v -0.211459 1.547631 -0.002472
v -0.209733 1.546752 -0.073990
v -0.208140 1.571162 0.057600
v -0.206216 1.572413 -0.001582
v -0.205394 1.571162 -0.060871
v 0.095863 0.782844 0.258080
v 0.093413 0.791484 0.260751
v 0.092697 0.802446 0.263852
v 0.131315 0.781278 0.251166
v 0.131304 0.790584 0.253826
v 0.131895 0.801987 0.256884
v 0.174839 0.779878 0.236761
v 0.176059 0.789663 0.239320
v 0.177471 0.801451 0.242236
v 0.270890 0.778189 0.171538
v 0.272904 0.788444 0.173423
v 0.275141 0.800681 0.175562
v 0.313079 0.777865 0.120660
v 0.315321 0.788208 0.121991
v 0.317834 0.800532 0.123500
v 0.343047 0.777748 0.062223
v 0.345432 0.788123 0.062910
v 0.348123 0.800478 0.063689
v 0.342973 0.777712 -0.062208
v 0.345358 0.788092 -0.062897
v 0.348048 0.800454 -0.063678
v 0.312465 0.777686 -0.120641
v 0.314707 0.788067 -0.121973
v 0.317220 0.800433 -0.123485
v 0.268803 0.777655 -0.171512
v 0.270819 0.788038 -0.173399
v 0.273057 0.800410 -0.175542
v 0.164620 0.777598 -0.236663
v 0.165964 0.787985 -0.239228
v 0.167431 0.800369 -0.242151
v 0.110327 0.777578 -0.250648
v 0.111251 0.787967 -0.253339
v 0.112255 0.800357 -0.256413
v 0.055337 0.777565 -0.256483
v 0.055808 0.787956 -0.259215
v 0.056318 0.800349 -0.262343
v 0.093402 0.829959 0.268649
v 0.093513 0.845459 0.269692
v 0.093390 0.861224 0.269868
v 0.133288 0.829896 0.261590
v 0.133476 0.845448 0.262611
v 0.133294 0.861215 0.262782
v 0.179538 0.829786 0.246706
v 0.179826 0.845412 0.247676
v 0.179603 0.861199 0.247838
v 0.278398 0.829602 0.178833
v 0.278943 0.845336 0.179543
v 0.278764 0.861159 0.179662
v 0.321549 0.829562 0.125806
v 0.322225 0.845315 0.126307
v 0.322118 0.861142 0.126391
v 0.352146 0.829545 0.064879
v 0.352919 0.845302 0.065138
v 0.352880 0.861129 0.065181
v 0.352072 0.829534 -0.064873
v 0.352845 0.845295 -0.065133
v 0.352806 0.861125 -0.065177
v 0.320935 0.829528 -0.125798
v 0.321611 0.845297 -0.126300
v 0.321506 0.861133 -0.126385
v 0.276314 0.829523 -0.178821
v 0.276861 0.845302 -0.179534
v 0.276684 0.861145 -0.179654
v 0.169504 0.829519 -0.246633
v 0.169794 0.845315 -0.247607
v 0.169576 0.861171 -0.247771
v 0.113661 0.829519 -0.261131
v 0.113846 0.845321 -0.262156
v 0.113676 0.861182 -0.262329
v 0.057028 0.829520 -0.267146
v 0.057118 0.845326 -0.268190
v 0.057026 0.861189 -0.268366
v 0.092476 0.890933 0.267939
v 0.091862 0.904309 0.266426
v 0.091366 0.916811 0.265230
v 0.131877 0.890909 0.260882
v 0.130918 0.904296 0.259393
v 0.130144 0.916818 0.258215
v 0.177711 0.890892 0.246029
v 0.176421 0.904287 0.244611
v 0.175380 0.916820 0.243491
v 0.276394 0.890862 0.178336
v 0.274729 0.904269 0.177296
v 0.273392 0.916817 0.176474
v 0.319760 0.890847 0.125455
v 0.318068 0.904260 0.124722
v 0.316714 0.916816 0.124142
v 0.350594 0.890836 0.064698
v 0.348923 0.904253 0.064319
v 0.347588 0.916815 0.064019
v 0.350521 0.890835 -0.064694
v 0.348850 0.904253 -0.064315
v 0.347515 0.916815 -0.064016
v 0.319149 0.890845 -0.125450
v 0.317458 0.904259 -0.124717
v 0.316104 0.916816 -0.124137
v 0.274316 0.890859 -0.178329
v 0.272652 0.904268 -0.177290
v 0.271315 0.916817 -0.176468
v 0.167696 0.890887 -0.245965
v 0.166413 0.904286 -0.244548
v 0.165377 0.916820 -0.243427
v 0.112324 0.890898 -0.260430
v 0.111408 0.904292 -0.258940
v 0.110667 0.916821 -0.257763
v 0.056320 0.890905 -0.266435
v 0.055843 0.904296 -0.264920
v 0.055458 0.916821 -0.263722
v 0.091368 0.939772 0.265738
v 0.091866 0.951110 0.267439
v 0.092481 0.963332 0.269452
v 0.130156 0.939821 0.258715
v 0.130942 0.951175 0.260389
v 0.131911 0.963404 0.262369
v 0.175418 0.939847 0.243966
v 0.176496 0.951208 0.245558
v 0.177821 0.963441 0.247441
v 0.273555 0.939875 0.176821
v 0.275055 0.951247 0.177988
v 0.276879 0.963484 0.179369
v 0.316961 0.939888 0.124387
v 0.318562 0.951265 0.125210
v 0.320495 0.963505 0.126183
v 0.347904 0.939898 0.064146
v 0.349551 0.951279 0.064571
v 0.351530 0.963521 0.065074
v 0.347831 0.939898 -0.064142
v 0.349478 0.951279 -0.064567
v 0.351457 0.963521 -0.065070
v 0.316352 0.939888 -0.124382
v 0.317951 0.951265 -0.125205
v 0.319884 0.963505 -0.126179
v 0.271479 0.939875 -0.176815
v 0.272978 0.951247 -0.177982
v 0.274801 0.963485 -0.179363
v 0.165415 0.939849 -0.243902
v 0.166488 0.951211 -0.245494
v 0.167807 0.963444 -0.247378
v 0.110679 0.939840 -0.258263
v 0.111431 0.951198 -0.259937
v 0.112359 0.963430 -0.261918
v 0.055460 0.939834 -0.264232
v 0.055847 0.951190 -0.265935
v 0.056326 0.963421 -0.267951
v 0.093390 0.993423 0.272363
v 0.093506 1.012557 0.272730
v 0.093385 1.035102 0.272348
v 0.133341 0.993479 0.265231
v 0.133524 1.012590 0.265591
v 0.133335 1.035108 0.265214
v 0.179775 0.993507 0.250163
v 0.180026 1.012606 0.250505
v 0.179769 1.035109 0.250146
v 0.279552 0.993540 0.181362
v 0.279893 1.012623 0.181612
v 0.279543 1.035103 0.181350
v 0.323318 0.993556 0.127590
v 0.323677 1.012631 0.127766
v 0.323306 1.035101 0.127581
v 0.354413 0.993568 0.065800
v 0.354778 1.012638 0.065891
v 0.354399 1.035100 0.065796
v 0.354340 0.993568 -0.065796
v 0.354705 1.012637 -0.065887
v 0.354326 1.035097 -0.065791
v 0.322707 0.993556 -0.127585
v 0.323066 1.012630 -0.127761
v 0.322696 1.035096 -0.127576
v 0.277474 0.993540 -0.181356
v 0.277816 1.012621 -0.181606
v 0.277466 1.035097 -0.181344
v 0.169753 0.993509 -0.250100
v 0.170004 1.012605 -0.250442
v 0.169750 1.035100 -0.250083
v 0.113729 0.993499 -0.264781
v 0.113906 1.012600 -0.265141
v 0.113728 1.035102 -0.264764
v 0.057032 0.993493 -0.270864
v 0.057124 1.012597 -0.271230
v 0.057032 1.035104 -0.270847
v 0.092538 1.092148 0.269374
v 0.092509 1.125894 0.266954
v 0.093635 1.161543 0.264126
v 0.131935 1.092102 0.262289
v 0.131349 1.125826 0.259882
v 0.131640 1.161456 0.257021
v 0.177809 1.092066 0.247363
v 0.176616 1.125772 0.245049
v 0.175937 1.161385 0.242254
v 0.276780 1.092003 0.179311
v 0.274474 1.125675 0.177590
v 0.271688 1.161253 0.175467
v 0.320354 1.091973 0.126144
v 0.317634 1.125629 0.124926
v 0.313907 1.161190 0.123416
v 0.351359 1.091949 0.065054
v 0.348361 1.125593 0.064425
v 0.343944 1.161140 0.063643
v 0.351281 1.091938 -0.065047
v 0.348240 1.125576 -0.064413
v 0.343701 1.161116 -0.063623
v 0.319734 1.091951 -0.126136
v 0.316918 1.125595 -0.124911
v 0.312923 1.161143 -0.123384
v 0.274686 1.091972 -0.179302
v 0.272214 1.125627 -0.177566
v 0.268969 1.161187 -0.175402
v 0.167754 1.092021 -0.247293
v 0.166181 1.125701 -0.244921
v 0.164444 1.161289 -0.241965
v 0.112327 1.092042 -0.261827
v 0.111260 1.125734 -0.259329
v 0.110150 1.161333 -0.256218
v 0.056311 1.092057 -0.267856
v 0.055772 1.125757 -0.265312
v 0.055231 1.161364 -0.262144
v 0.101940 1.233752 0.257866
v 0.109321 1.269215 0.254495
v 0.118247 1.304386 0.250829
v 0.137200 1.233636 0.250480
v 0.142734 1.269095 0.247051
v 0.149609 1.304276 0.243625
v 0.178065 1.233531 0.235719
v 0.181265 1.268935 0.232646
v 0.185628 1.304065 0.230363
v 0.265184 1.233158 0.170334
v 0.262175 1.267329 0.168129
v 0.260168 1.298784 0.166933
v 0.303060 1.232939 0.119707
v 0.296814 1.266249 0.117955
v 0.291334 1.295527 0.116693
v 0.329784 1.232808 0.061705
v 0.321081 1.265738 0.060728
v 0.313045 1.294167 0.059944
v 0.328926 1.232776 -0.061655
v 0.319767 1.265706 -0.060664
v 0.311277 1.294137 -0.059878
v 0.300732 1.232876 -0.119603
v 0.293504 1.266186 -0.117828
v 0.287079 1.295469 -0.116591
v 0.260157 1.233069 -0.170082
v 0.255475 1.267239 -0.167820
v 0.251891 1.298700 -0.166712
v 0.161190 1.233402 -0.234646
v 0.160166 1.268805 -0.231152
v 0.159750 1.303944 -0.228757
v 0.108414 1.233475 -0.248446
v 0.108018 1.268931 -0.244269
v 0.107934 1.304121 -0.240402
v 0.054492 1.233520 -0.254205
v 0.054371 1.268978 -0.249747
v 0.054392 1.304158 -0.245286
v 0.138597 1.373974 0.242169
v 0.149057 1.405596 0.237541
v 0.158848 1.431583 0.233445
v 0.164757 1.374070 0.236281
v 0.172624 1.406729 0.232100
v 0.180639 1.435082 0.227746
v 0.192877 1.374376 0.228757
v 0.197396 1.408160 0.226345
v 0.204690 1.439297 0.221493
v 0.154960 1.374305 -0.228879
v 0.153867 1.408159 -0.228344
v 0.157971 1.439417 -0.225732
v 0.107047 1.374016 -0.234257
v 0.107031 1.407040 -0.231719
v 0.108473 1.436194 -0.229267
v 0.054555 1.373949 -0.237249
v 0.054723 1.406567 -0.234090
v 0.055030 1.434894 -0.231795
v 0.228220 1.520150 0.081121
v 0.224606 1.522089 -0.003590
v 0.221592 1.520148 -0.088431
v 0.221376 1.547942 0.067190
v 0.219282 1.548912 -0.002652
v 0.217113 1.547941 -0.072548
v 0.215248 1.572437 0.056541
v 0.213883 1.573795 -0.001768
v 0.212533 1.572437 -0.060156
v -0.095863 0.782844 0.258080
v -0.131315 0.781278 0.251166
v -0.174839 0.779878 0.236761
v -0.093413 0.791484 0.260751
v -0.131304 0.790584 0.253826
v -0.176059 0.789663 0.239320
v -0.092697 0.802446 0.263852
v -0.131895 0.801987 0.256884
v -0.177471 0.801451 0.242236
v -0.270890 0.778189 0.171538
v -0.313079 0.777865 0.120660
v -0.343047 0.777748 0.062223
v -0.272904 0.788444 0.173423
v -0.315321 0.788208 0.121991
v -0.345432 0.788123 0.062910
v -0.275141 0.800681 0.175562
v -0.317834 0.800532 0.123500
v -0.348123 0.800478 0.063689
v -0.342973 0.777712 -0.062208
v -0.312465 0.777686 -0.120641
v -0.268803 0.777655 -0.171512
v -0.345358 0.788092 -0.062897
v -0.314707 0.788067 -0.121973
v -0.270819 0.788038 -0.173399
v -0.348048 0.800454 -0.063678
v -0.317220 0.800433 -0.123485
v -0.273057 0.800410 -0.175542
v -0.164620 0.777598 -0.236663
v -0.110327 0.777578 -0.250648
v -0.055337 0.777565 -0.256483
v -0.165964 0.787985 -0.239228
v -0.111251 0.787967 -0.253339
v -0.055808 0.787956 -0.259215
v -0.167431 0.800369 -0.242151
v -0.112255 0.800356 -0.256413
v -0.056318 0.800349 -0.262343
v -0.093402 0.829959 0.268649
v -0.133288 0.829896 0.261589
v -0.179538 0.829786 0.246706
v -0.093513 0.845459 0.269692
v -0.133476 0.845448 0.262611
v -0.179826 0.845412 0.247676
v -0.093390 0.861224 0.269868
v -0.133294 0.861215 0.262782
v -0.179603 0.861199 0.247838
v -0.278398 0.829602 0.178833
v -0.321549 0.829562 0.125806
v -0.352146 0.829545 0.064879
v -0.278943 0.845336 0.179543
v -0.322225 0.845315 0.126307
v -0.352919 0.845302 0.065138
v -0.278764 0.861159 0.179662
v -0.322118 0.861142 0.126391
v -0.352880 0.861129 0.065181
v -0.352072 0.829534 -0.064873
v -0.320935 0.829528 -0.125798
v -0.276314 0.829523 -0.178821
v -0.352845 0.845295 -0.065133
v -0.321611 0.845297 -0.126300
v -0.276861 0.845302 -0.179534
v -0.352806 0.861125 -0.065177
v -0.321506 0.861133 -0.126385
v -0.276684 0.861145 -0.179654
v -0.169504 0.829519 -0.246633
v -0.113661 0.829519 -0.261131
v -0.057028 0.829520 -0.267146
v -0.169794 0.845315 -0.247607
v -0.113846 0.845321 -0.262156
v -0.057118 0.845326 -0.268190
v -0.169576 0.861171 -0.247771
v -0.113676 0.861182 -0.262329
v -0.057026 0.861189 -0.268366
v -0.092476 0.890933 0.267939
v -0.131877 0.890910 0.260882
v -0.177711 0.890892 0.246029
v -0.091862 0.904309 0.266426
v -0.130918 0.904296 0.259393
v -0.176421 0.904287 0.244611
v -0.091366 0.916811 0.265230
v -0.130144 0.916818 0.258215
v -0.175380 0.916820 0.243491
v -0.276394 0.890862 0.178336
v -0.319760 0.890847 0.125455
v -0.350594 0.890836 0.064698
v -0.274729 0.904269 0.177296
v -0.318068 0.904260 0.124722
v -0.348923 0.904253 0.064319
v -0.273392 0.916817 0.176474
v -0.316714 0.916816 0.124142
v -0.347588 0.916815 0.064019
v -0.350521 0.890835 -0.064694
v -0.319149 0.890845 -0.125450
v -0.274316 0.890859 -0.178329
v -0.348850 0.904253 -0.064315
v -0.317458 0.904259 -0.124717
v -0.272652 0.904268 -0.177290
v -0.347515 0.916815 -0.064016
v -0.316104 0.916816 -0.124137
v -0.271315 0.916817 -0.176468
v -0.167696 0.890887 -0.245965
v -0.112324 0.890898 -0.260430
v -0.056320 0.890905 -0.266435
v -0.166413 0.904286 -0.244548
v -0.111408 0.904292 -0.258940
v -0.055843 0.904296 -0.264920
v -0.165377 0.916820 -0.243427
v -0.110667 0.916821 -0.257763
v -0.055458 0.916821 -0.263722
v -0.091368 0.939772 0.265738
v -0.130156 0.939821 0.258715
v -0.175418 0.939847 0.243966
v -0.091866 0.951110 0.267439
v -0.130942 0.951175 0.260389
v -0.176496 0.951208 0.245558
v -0.092481 0.963332 0.269452
v -0.131911 0.963404 0.262369
v -0.177821 0.963441 0.247441
v -0.273555 0.939875 0.176821
v -0.316961 0.939888 0.124387
v -0.347904 0.939898 0.064146
v -0.275055 0.951247 0.177988
v -0.318562 0.951265 0.125210
v -0.349551 0.951279 0.064571
v -0.276879 0.963484 0.179369
v -0.320495 0.963505 0.126183
v -0.351530 0.963521 0.065074
v -0.347831 0.939898 -0.064142
v -0.316352 0.939888 -0.124382
v -0.271479 0.939875 -0.176815
v -0.349478 0.951279 -0.064567
v -0.317951 0.951265 -0.125205
v -0.272978 0.951247 -0.177982
v -0.351457 0.963521 -0.065070
v -0.319884 0.963505 -0.126179
v -0.274801 0.963484 -0.179363
v -0.165415 0.939849 -0.243902
v -0.110679 0.939840 -0.258263
v -0.055460 0.939833 -0.264232
v -0.166488 0.951211 -0.245494
v -0.111431 0.951198 -0.259937
v -0.055847 0.951190 -0.265935
v -0.167807 0.963444 -0.247378
v -0.112359 0.963430 -0.261918
v -0.056326 0.963421 -0.267951
v -0.093390 0.993423 0.272363
v -0.133341 0.993479 0.265231
v -0.179775 0.993507 0.250163
v -0.093506 1.012557 0.272730
v -0.133524 1.012590 0.265591
v -0.180026 1.012606 0.250505
v -0.093385 1.035102 0.272348
v -0.133335 1.035109 0.265214
v -0.179769 1.035109 0.250146
v -0.279552 0.993540 0.181362
v -0.323318 0.993556 0.127590
v -0.354413 0.993568 0.065800
v -0.279893 1.012623 0.181612
v -0.323677 1.012631 0.127766
v -0.354778 1.012638 0.065891
v -0.279543 1.035103 0.181350
v -0.323306 1.035101 0.127581
v -0.354399 1.035099 0.065796
v -0.354340 0.993568 -0.065796
v -0.322707 0.993556 -0.127585
v -0.277474 0.993539 -0.181356
v -0.354705 1.012637 -0.065887
v -0.323066 1.012630 -0.127761
v -0.277816 1.012621 -0.181606
v -0.354326 1.035097 -0.065791
v -0.322696 1.035096 -0.127576
v -0.277466 1.035097 -0.181344
v -0.169753 0.993509 -0.250100
v -0.113729 0.993499 -0.264781
v -0.057032 0.993493 -0.270864
v -0.170004 1.012605 -0.250442
v -0.113906 1.012600 -0.265141
v -0.057124 1.012597 -0.271230
v -0.169750 1.035099 -0.250083
v -0.113728 1.035102 -0.264764
v -0.057032 1.035104 -0.270847
v -0.092538 1.092148 0.269374
v -0.131935 1.092102 0.262289
v -0.177809 1.092066 0.247363
v -0.092509 1.125894 0.266954
v -0.131349 1.125826 0.259882
v -0.176616 1.125772 0.245049
v -0.093635 1.161543 0.264126
v -0.131640 1.161455 0.257021
v -0.175937 1.161385 0.242254
v -0.276780 1.092003 0.179311
v -0.320354 1.091973 0.126144
v -0.351359 1.091949 0.065054
v -0.274474 1.125675 0.177590
v -0.317634 1.125629 0.124926
v -0.348361 1.125593 0.064425
v -0.271688 1.161253 0.175467
v -0.313907 1.161190 0.123416
v -0.343944 1.161140 0.063643
v -0.351281 1.091938 -0.065047
v -0.319734 1.091951 -0.126136
v -0.274686 1.091972 -0.179302
v -0.348240 1.125576 -0.064413
v -0.316918 1.125595 -0.124911
v -0.272214 1.125627 -0.177566
v -0.343701 1.161116 -0.063623
v -0.312923 1.161144 -0.123384
v -0.268969 1.161187 -0.175402
v -0.167754 1.092021 -0.247293
v -0.112327 1.092042 -0.261827
v -0.056311 1.092057 -0.267856
v -0.166181 1.125701 -0.244921
v -0.111260 1.125734 -0.259329
v -0.055772 1.125757 -0.265312
v -0.164444 1.161289 -0.241965
v -0.110150 1.161333 -0.256218
v -0.055231 1.161364 -0.262144
v -0.101940 1.233752 0.257866
v -0.137200 1.233636 0.250480
v -0.178065 1.233530 0.235719
v -0.109321 1.269215 0.254495
v -0.142734 1.269095 0.247051
v -0.181265 1.268935 0.232646
v -0.118247 1.304386 0.250829
v -0.149609 1.304276 0.243625
v -0.185628 1.304065 0.230363
v -0.265184 1.233158 0.170334
v -0.303060 1.232939 0.119707
v -0.329784 1.232808 0.061705
v -0.262175 1.267329 0.168129
v -0.296814 1.266249 0.117955
v -0.321081 1.265739 0.060728
v -0.260168 1.298784 0.166933
v -0.291334 1.295527 0.116693
v -0.313045 1.294167 0.059944
v -0.328926 1.232776 -0.061655
v -0.300732 1.232876 -0.119603
v -0.260157 1.233069 -0.170082
v -0.319767 1.265706 -0.060664
v -0.293504 1.266186 -0.117828
v -0.255475 1.267239 -0.167820
v -0.311276 1.294137 -0.059878
v -0.287079 1.295469 -0.116591
v -0.251891 1.298700 -0.166712
v -0.161190 1.233402 -0.234646
v -0.108414 1.233475 -0.248446
v -0.054492 1.233520 -0.254205
v -0.160166 1.268805 -0.231152
v -0.108018 1.268932 -0.244269
v -0.054371 1.268978 -0.249747
v -0.159750 1.303944 -0.228757
v -0.107934 1.304121 -0.240402
v -0.054392 1.304158 -0.245286
v -0.138597 1.373974 0.242169
v -0.164757 1.374070 0.236281
v -0.192877 1.374376 0.228757
v -0.149057 1.405596 0.237541
v -0.172624 1.406728 0.232100
v -0.197396 1.408160 0.226345
v -0.158848 1.431583 0.233445
v -0.180639 1.435082 0.227746
v -0.204690 1.439297 0.221493
v -0.154960 1.374305 -0.228879
v -0.107047 1.374016 -0.234257
v -0.054555 1.373949 -0.237249
v -0.153867 1.408159 -0.228344
v -0.107031 1.407040 -0.231719
v -0.054723 1.406567 -0.234090
v -0.157971 1.439417 -0.225732
v -0.108473 1.436194 -0.229267
v -0.055030 1.434894 -0.231795
v -0.228220 1.520150 0.081121
v -0.221376 1.547942 0.067190
v -0.215248 1.572438 0.056541
v -0.224606 1.522088 -0.003590
v -0.219282 1.548912 -0.002652
v -0.213883 1.573795 -0.001768
v -0.221592 1.520148 -0.088431
v -0.217113 1.547941 -0.072548
v -0.212533 1.572437 -0.060156
v 0.055898 0.782256 0.266605
v 0.047995 0.790668 0.270230
v 0.045140 0.801486 0.273739
v 0.050455 0.782636 0.264952
v 0.041840 0.791280 0.268529
v 0.038717 0.802085 0.271993
v 0.055378 0.783415 0.263086
v 0.047485 0.791827 0.266325
v 0.044624 0.802516 0.269638
v 0.175264 0.765916 0.238600
v 0.131708 0.768214 0.253125
v 0.096390 0.771527 0.260017
v 0.174186 0.765219 0.236333
v 0.130456 0.767599 0.250819
v 0.094189 0.771082 0.257926
v 0.173776 0.767430 0.235099
v 0.130622 0.769654 0.249518
v 0.095612 0.772810 0.256612
v 0.344643 0.762886 0.062648
v 0.314383 0.763058 0.121504
v 0.271833 0.763524 0.172768
v 0.342553 0.762108 0.062061
v 0.312484 0.762283 0.120359
v 0.270205 0.762757 0.171135
v 0.341440 0.764454 0.061751
v 0.311500 0.764620 0.119754
v 0.269393 0.765072 0.170266
v 0.269714 0.762898 -0.172781
v 0.313753 0.762883 -0.121514
v 0.344563 0.762870 -0.062656
v 0.268096 0.762083 -0.171135
v 0.311859 0.762083 -0.120359
v 0.342475 0.762083 -0.062061
v 0.267293 0.764394 -0.170253
v 0.310880 0.764409 -0.119744
v 0.341364 0.764422 -0.061744
v 0.055398 0.762943 -0.258753
v 0.110480 0.762936 -0.252779
v 0.164928 0.762926 -0.238574
v 0.055072 0.762083 -0.256217
v 0.109828 0.762083 -0.250318
v 0.163951 0.762083 -0.236270
v 0.054933 0.764349 -0.254802
v 0.109543 0.764356 -0.248958
v 0.163510 0.764366 -0.235012
v 0.044934 0.829238 0.278712
v 0.044965 0.845055 0.279797
v 0.044940 0.861140 0.280004
v 0.038380 0.829528 0.276927
v 0.038396 0.845200 0.278000
v 0.038380 0.861171 0.278198
v 0.044397 0.829774 0.274518
v 0.044421 0.845331 0.275578
v 0.044391 0.861200 0.275767
v 0.044728 0.891122 0.278115
v 0.044583 0.904401 0.276613
v 0.044465 0.916717 0.275423
v 0.038259 0.891068 0.276297
v 0.038177 0.904375 0.274792
v 0.038111 0.916745 0.273599
v 0.044179 0.891014 0.273854
v 0.044037 0.904349 0.272345
v 0.043922 0.916773 0.271150
v 0.044465 0.939246 0.275919
v 0.044582 0.950422 0.277607
v 0.044728 0.962559 0.279608
v 0.038111 0.939401 0.274099
v 0.038177 0.950625 0.275792
v 0.038259 0.962786 0.277797
v 0.043923 0.939556 0.271654
v 0.044037 0.950828 0.273351
v 0.044179 0.963014 0.275361
v 0.044943 0.992816 0.282518
v 0.044971 1.012180 0.282896
v 0.044946 1.034993 0.282524
v 0.038380 0.992995 0.280708
v 0.038396 1.012292 0.281083
v 0.038380 1.035026 0.280708
v 0.044388 0.993174 0.278274
v 0.044414 1.012403 0.278646
v 0.044385 1.035060 0.278267
v 0.044861 1.092494 0.279563
v 0.045566 1.126390 0.277179
v 0.047746 1.162150 0.274459
v 0.038384 1.092396 0.277744
v 0.039174 1.126250 0.275366
v 0.041474 1.161980 0.272663
v 0.044287 1.092298 0.275298
v 0.044979 1.126110 0.272916
v 0.047140 1.161809 0.270199
v 0.059353 1.234507 0.268778
v 0.068933 1.270016 0.265848
v 0.080292 1.305206 0.262644
v 0.053459 1.234297 0.267065
v 0.063300 1.269792 0.264200
v 0.074968 1.304974 0.261072
v 0.058690 1.234087 0.264526
v 0.068244 1.269568 0.261601
v 0.079595 1.304742 0.258404
v 0.266138 1.340072 0.166848
v 0.289826 1.333127 0.117155
v 0.307533 1.330667 0.060274
v 0.266312 1.344132 0.163657
v 0.287900 1.337083 0.115494
v 0.304544 1.334532 0.059593
v 0.263739 1.339214 0.163876
v 0.286912 1.332169 0.115192
v 0.304274 1.329631 0.059317
v 0.305117 1.330679 -0.060319
v 0.284586 1.333152 -0.117295
v 0.257304 1.340108 -0.167267
v 0.302105 1.334531 -0.059611
v 0.282761 1.337083 -0.115639
v 0.258031 1.344132 -0.164168
v 0.301919 1.329618 -0.059298
v 0.281800 1.332144 -0.115264
v 0.255109 1.339178 -0.164224
v 0.106004 1.374724 0.254759
v 0.119740 1.406161 0.250035
v 0.134095 1.431801 0.244970
v 0.101457 1.374541 0.253355
v 0.115840 1.406327 0.248711
v 0.131276 1.432861 0.243665
v 0.105402 1.374264 0.250569
v 0.119274 1.405737 0.246026
v 0.133836 1.431449 0.241344
v 0.232237 1.445060 0.220147
v 0.229526 1.411483 0.224101
v 0.232530 1.380306 0.220569
v 0.235329 1.445243 0.217380
v 0.233256 1.411945 0.220911
v 0.236356 1.381927 0.216443
v 0.233836 1.445032 0.215738
v 0.229789 1.411191 0.220026
v 0.231715 1.379781 0.216589
v 0.167803 1.461652 0.234306
v 0.189058 1.468804 0.228026
v 0.212945 1.474271 0.220657
v 0.168065 1.465187 0.232163
v 0.190154 1.472438 0.225448
v 0.214472 1.476867 0.217947
v 0.168026 1.461404 0.230756
v 0.189807 1.468633 0.224054
v 0.214712 1.474280 0.216222
v 0.215026 1.380340 -0.223119
v 0.209035 1.411506 -0.228694
v 0.210967 1.445072 -0.227256
v 0.221165 1.381927 -0.219263
v 0.215339 1.411945 -0.225778
v 0.215980 1.445243 -0.224707
v 0.214505 1.379747 -0.219094
v 0.209577 1.411168 -0.224612
v 0.212801 1.445019 -0.222893
v 0.163759 1.474588 -0.227709
v 0.109354 1.471341 -0.232166
v 0.054756 1.470118 -0.235230
v 0.165000 1.477205 -0.225193
v 0.110000 1.475139 -0.229670
v 0.055000 1.474289 -0.232750
v 0.165835 1.474596 -0.223299
v 0.110455 1.471160 -0.228012
v 0.055220 1.469831 -0.231123
v 0.232351 1.485076 0.103385
v 0.226986 1.487136 -0.004712
v 0.222397 1.485077 -0.112956
v 0.234427 1.482674 0.102595
v 0.229167 1.483889 -0.004861
v 0.224427 1.482674 -0.112405
v 0.235323 1.485376 0.100955
v 0.229889 1.487447 -0.004767
v 0.225450 1.485374 -0.110637
v 0.211783 1.571363 0.132711
v 0.218978 1.545758 0.158360
v 0.228098 1.514420 0.183849
v 0.213171 1.572861 0.141344
v 0.220741 1.546327 0.167330
v 0.229936 1.514541 0.189432
v 0.214830 1.571902 0.131750
v 0.222168 1.546262 0.156678
v 0.231308 1.514826 0.180795
v 0.201630 1.600708 -0.055629
v 0.201506 1.604380 -0.000501
v 0.203188 1.600707 0.054358
v 0.202541 1.604728 -0.057874
v 0.202407 1.608765 -0.000401
v 0.204005 1.604728 0.056783
v 0.204947 1.601351 -0.055438
v 0.205040 1.605076 -0.000590
v 0.206495 1.601351 0.054000
v 0.213802 1.514422 -0.191310
v 0.209514 1.545759 -0.163573
v 0.205884 1.571363 -0.136093
v 0.215260 1.514541 -0.196965
v 0.210833 1.546327 -0.172593
v 0.207031 1.572861 -0.144711
v 0.217116 1.514824 -0.188388
v 0.212760 1.546261 -0.162035
v 0.208962 1.571901 -0.135278
v -0.045140 0.801486 0.273739
v -0.047995 0.790667 0.270230
v -0.055898 0.782256 0.266605
v -0.038717 0.802085 0.271993
v -0.041840 0.791280 0.268529
v -0.050455 0.782636 0.264952
v -0.044624 0.802516 0.269638
v -0.047485 0.791827 0.266326
v -0.055378 0.783415 0.263086
v -0.096390 0.771527 0.260017
v -0.131708 0.768214 0.253125
v -0.175264 0.765916 0.238600
v -0.094189 0.771082 0.257926
v -0.130456 0.767599 0.250819
v -0.174186 0.765219 0.236333
v -0.095612 0.772810 0.256612
v -0.130622 0.769654 0.249517
v -0.173776 0.767430 0.235099
v -0.271833 0.763524 0.172768
v -0.314383 0.763058 0.121504
v -0.344643 0.762886 0.062648
v -0.270205 0.762757 0.171135
v -0.312484 0.762283 0.120359
v -0.342553 0.762108 0.062061
v -0.269392 0.765072 0.170266
v -0.311500 0.764620 0.119754
v -0.341440 0.764454 0.061751
v -0.344563 0.762870 -0.062656
v -0.313753 0.762883 -0.121514
v -0.269714 0.762898 -0.172781
v -0.342475 0.762083 -0.062061
v -0.311859 0.762083 -0.120359
v -0.268096 0.762083 -0.171135
v -0.341364 0.764422 -0.061744
v -0.310880 0.764409 -0.119744
v -0.267293 0.764394 -0.170253
v -0.164928 0.762926 -0.238574
v -0.110480 0.762936 -0.252779
v -0.055398 0.762943 -0.258753
v -0.163951 0.762083 -0.236270
v -0.109828 0.762083 -0.250318
v -0.055072 0.762083 -0.256217
v -0.163510 0.764366 -0.235012
v -0.109543 0.764356 -0.248958
v -0.054933 0.764349 -0.254802
v -0.044940 0.861140 0.280004
v -0.044965 0.845055 0.279797
v -0.044934 0.829238 0.278712
v -0.038380 0.861171 0.278198
v -0.038396 0.845200 0.278000
v -0.038380 0.829528 0.276927
v -0.044391 0.861200 0.275767
v -0.044421 0.845331 0.275578
v -0.044397 0.829774 0.274518
v -0.044465 0.916717 0.275422
v -0.044583 0.904401 0.276613
v -0.044728 0.891122 0.278115
v -0.038111 0.916745 0.273599
v -0.038177 0.904375 0.274792
v -0.038259 0.891068 0.276297
v -0.043922 0.916773 0.271150
v -0.044037 0.904349 0.272345
v -0.044179 0.891014 0.273854
v -0.044728 0.962559 0.279608
v -0.044582 0.950422 0.277607
v -0.044465 0.939246 0.275919
v -0.038259 0.962786 0.277797
v -0.038177 0.950625 0.275792
v -0.038111 0.939401 0.274099
v -0.044179 0.963014 0.275361
v -0.044037 0.950828 0.273351
v -0.043923 0.939556 0.271654
v -0.044946 1.034993 0.282524
v -0.044971 1.012180 0.282896
v -0.044943 0.992816 0.282518
v -0.038380 1.035026 0.280708
v -0.038396 1.012292 0.281083
v -0.038380 0.992995 0.280708
v -0.044385 1.035060 0.278267
v -0.044414 1.012403 0.278646
v -0.044388 0.993174 0.278274
v -0.047746 1.162150 0.274459
v -0.045566 1.126390 0.277179
v -0.044861 1.092494 0.279563
v -0.041474 1.161979 0.272663
v -0.039174 1.126250 0.275366
v -0.038384 1.092396 0.277744
v -0.047140 1.161809 0.270199
v -0.044979 1.126110 0.272916
v -0.044287 1.092298 0.275298
v -0.080292 1.305206 0.262644
v -0.068933 1.270015 0.265848
v -0.059353 1.234507 0.268778
v -0.074968 1.304974 0.261072
v -0.063300 1.269792 0.264200
v -0.053459 1.234297 0.267065
v -0.079595 1.304742 0.258404
v -0.068244 1.269568 0.261601
v -0.058690 1.234087 0.264526
v -0.307533 1.330667 0.060274
v -0.289826 1.333127 0.117155
v -0.266138 1.340072 0.166848
v -0.304544 1.334532 0.059593
v -0.287900 1.337083 0.115494
v -0.266312 1.344132 0.163657
v -0.304274 1.329631 0.059317
v -0.286912 1.332169 0.115192
v -0.263739 1.339214 0.163876
v -0.257304 1.340108 -0.167267
v -0.284586 1.333152 -0.117295
v -0.305117 1.330679 -0.060319
v -0.258031 1.344132 -0.164168
v -0.282761 1.337083 -0.115639
v -0.302105 1.334531 -0.059611
v -0.255109 1.339178 -0.164224
v -0.281800 1.332144 -0.115264
v -0.301919 1.329618 -0.059298
v -0.134095 1.431801 0.244970
v -0.119740 1.406161 0.250035
v -0.106004 1.374724 0.254759
v -0.131276 1.432861 0.243665
v -0.115840 1.406327 0.248711
v -0.101457 1.374541 0.253355
v -0.133836 1.431449 0.241344
v -0.119274 1.405737 0.246026
v -0.105402 1.374264 0.250569
v -0.232530 1.380306 0.220569
v -0.229526 1.411483 0.224101
v -0.232238 1.445059 0.220147
v -0.236356 1.381927 0.216443
v -0.233256 1.411945 0.220911
v -0.235329 1.445243 0.217380
v -0.231715 1.379781 0.216589
v -0.229789 1.411191 0.220026
v -0.233836 1.445032 0.215738
v -0.212945 1.474271 0.220657
v -0.189058 1.468804 0.228026
v -0.167803 1.461652 0.234306
v -0.214472 1.476867 0.217947
v -0.190154 1.472438 0.225448
v -0.168065 1.465187 0.232163
v -0.214713 1.474280 0.216222
v -0.189807 1.468633 0.224054
v -0.168025 1.461404 0.230756
v -0.210967 1.445072 -0.227256
v -0.209035 1.411506 -0.228694
v -0.215026 1.380340 -0.223119
v -0.215980 1.445243 -0.224707
v -0.215339 1.411945 -0.225778
v -0.221165 1.381927 -0.219263
v -0.212801 1.445019 -0.222893
v -0.209577 1.411168 -0.224612
v -0.214505 1.379747 -0.219094
v -0.054756 1.470118 -0.235230
v -0.109354 1.471341 -0.232166
v -0.163759 1.474588 -0.227709
v -0.055000 1.474288 -0.232750
v -0.110000 1.475139 -0.229670
v -0.165000 1.477205 -0.225193
v -0.055220 1.469831 -0.231123
v -0.110455 1.471160 -0.228012
v -0.165835 1.474597 -0.223299
v -0.222397 1.485077 -0.112956
v -0.226986 1.487136 -0.004712
v -0.232351 1.485076 0.103385
v -0.224427 1.482674 -0.112405
v -0.229167 1.483889 -0.004861
v -0.234427 1.482674 0.102595
v -0.225450 1.485374 -0.110637
v -0.229889 1.487447 -0.004767
v -0.235323 1.485376 0.100955
v -0.228098 1.514420 0.183849
v -0.218978 1.545758 0.158360
v -0.211783 1.571363 0.132711
v -0.229936 1.514541 0.189432
v -0.220741 1.546327 0.167330
v -0.213171 1.572861 0.141344
v -0.231308 1.514826 0.180795
v -0.222168 1.546262 0.156677
v -0.214830 1.571902 0.131751
v -0.203188 1.600707 0.054358
v -0.201506 1.604380 -0.000501
v -0.201630 1.600708 -0.055629
v -0.204005 1.604728 0.056783
v -0.202407 1.608765 -0.000401
v -0.202541 1.604728 -0.057874
v -0.206495 1.601351 0.054000
v -0.205040 1.605076 -0.000590
v -0.204947 1.601351 -0.055438
v -0.205884 1.571364 -0.136093
v -0.209514 1.545759 -0.163573
v -0.213802 1.514422 -0.191310
v -0.207031 1.572861 -0.144711
v -0.210833 1.546327 -0.172593
v -0.215260 1.514541 -0.196965
v -0.208962 1.571901 -0.135279
v -0.212760 1.546261 -0.162035
v -0.217116 1.514824 -0.188388
vn -0.0133 -0.6007 0.7993
vn 0.4581 -0.5535 0.6956
vn 0.8691 -0.4947 -0.0005
vn 0.4472 -0.5362 -0.7159
vn -0.0000 -0.5428 -0.8399
vn -0.0048 -0.1770 0.9842
vn 0.5565 -0.1668 0.8139
vn 0.9895 -0.1444 -0.0006
vn 0.5297 -0.1640 -0.8322
vn -0.0000 -0.1641 -0.9864
vn -0.0019 0.0635 0.9980
vn 0.5642 0.0845 0.8213
vn 0.9970 0.0768 -0.0006
vn 0.5365 0.0835 -0.8397
vn -0.0000 0.0630 -0.9980
vn -0.0030 -0.0231 0.9997
vn 0.5634 -0.0187 0.8260
vn 0.9999 -0.0158 -0.0006
vn 0.5350 -0.0189 -0.8446
vn -0.0000 -0.0231 -0.9997
vn -0.0023 -0.0980 0.9952
vn 0.5635 -0.1120 0.8185
vn 0.9950 -0.1000 -0.0006
vn 0.5360 -0.1113 -0.8369
vn -0.0000 -0.0977 -0.9952
vn -0.0021 0.0508 0.9987
vn 0.5660 0.0579 0.8224
vn 0.9986 0.0533 -0.0006
vn 0.5382 0.0580 -0.8408
vn -0.0000 0.0509 -0.9987
vn 0.0053 0.0815 0.9967
vn 0.5811 0.0867 0.8092
vn 0.9780 0.2085 -0.0040
vn 0.5389 0.1207 -0.8336
vn -0.0000 0.1089 -0.9941
vn 0.0554 0.1019 0.9932
vn 0.6416 -0.0648 0.7643
vn 0.9186 0.3949 -0.0159
vn 0.5255 -0.0762 -0.8474
vn -0.0000 0.1179 -0.9930
vn 0.1259 0.2012 0.9714
vn -0.0853 0.1830 0.9794
vn -0.2128 0.1697 -0.9622
vn -0.0000 0.1866 -0.9824
vn -0.9865 -0.1573 0.0454
vn -0.9939 -0.1098 -0.0101
vn 0.0133 -0.6007 0.7993
vn -0.4581 -0.5535 0.6956
vn -0.8691 -0.4947 -0.0005
vn -0.4472 -0.5362 -0.7159
vn 0.0048 -0.1770 0.9842
vn -0.5565 -0.1668 0.8139
vn -0.9895 -0.1444 -0.0006
vn -0.5297 -0.1640 -0.8322
vn 0.0019 0.0635 0.9980
vn -0.5642 0.0845 0.8213
vn -0.9970 0.0768 -0.0006
vn -0.5365 0.0835 -0.8397
vn 0.0030 -0.0231 0.9997
vn -0.5634 -0.0187 0.8260
vn -0.9999 -0.0158 -0.0006
vn -0.5350 -0.0189 -0.8446
vn 0.0023 -0.0980 0.9952
vn -0.5635 -0.1120 0.8185
vn -0.9950 -0.1000 -0.0006
vn -0.5360 -0.1113 -0.8369
vn 0.0021 0.0508 0.9987
vn -0.5660 0.0579 0.8224
vn -0.9986 0.0533 -0.0006
vn -0.5382 0.0580 -0.8408
vn -0.0053 0.0815 0.9967
vn -0.5811 0.0867 0.8092
vn -0.9780 0.2085 -0.0040
vn -0.5389 0.1207 -0.8336
vn -0.0554 0.1019 0.9932
vn -0.6416 -0.0648 0.7643
vn -0.9186 0.3949 -0.0159
vn -0.5255 -0.0762 -0.8474
vn -0.1259 0.2013 0.9714
vn 0.0853 0.1830 0.9794
vn 0.2128 0.1697 -0.9622
vn 0.9865 -0.1573 0.0454
vn 0.9939 -0.1098 -0.0101
vn -0.1222 0.1279 -0.9842
vn -0.5492 0.1336 -0.8249
vn -0.9943 0.1067 0.0005
vn -0.5214 0.1288 0.8436
vn -0.0000 0.1046 0.9945
vn -0.1222 0.1756 -0.9768
vn -0.5514 0.1664 -0.8175
vn -0.9897 0.1432 0.0005
vn -0.5239 0.1639 0.8358
vn -0.0000 0.1640 0.9865
vn -0.1247 -0.0669 -0.9899
vn -0.5588 -0.0866 -0.8248
vn -0.9970 -0.0780 0.0005
vn -0.5305 -0.0854 0.8434
vn -0.0000 -0.0659 0.9978
vn -0.1288 0.0231 -0.9914
vn -0.5580 0.0190 -0.8296
vn -0.9999 0.0161 0.0006
vn -0.5291 0.0192 0.8484
vn -0.0000 0.0233 0.9997
vn -0.1250 0.0998 -0.9871
vn -0.5583 0.1124 -0.8220
vn -0.9950 0.0997 0.0005
vn -0.5302 0.1117 0.8405
vn -0.0000 0.0990 0.9951
vn -0.1252 -0.0518 -0.9908
vn -0.5606 -0.0589 -0.8260
vn -0.9985 -0.0540 0.0005
vn -0.5323 -0.0589 0.8445
vn -0.0000 -0.0520 0.9986
vn -0.1452 -0.0601 -0.9876
vn -0.5758 -0.0864 -0.8130
vn -0.9783 -0.2073 0.0039
vn -0.5331 -0.1198 0.8375
vn -0.0000 -0.1096 0.9940
vn -0.2261 -0.0384 -0.9733
vn -0.5926 0.1382 -0.7936
vn -0.9657 -0.2590 0.0167
vn -0.4797 0.1475 0.8650
vn -0.0000 -0.1157 0.9933
vn -0.3155 0.0243 -0.9486
vn 0.9034 0.0826 -0.4208
vn 0.9243 0.0584 0.3772
vn -0.0000 -0.0071 1.0000
vn 0.9525 0.3044 0.0108
vn 0.9637 0.2630 -0.0448
vn 0.1222 0.1279 -0.9842
vn 0.5492 0.1336 -0.8249
vn 0.9943 0.1067 0.0005
vn 0.5214 0.1288 0.8436
vn 0.1222 0.1756 -0.9768
vn 0.5514 0.1664 -0.8175
vn 0.9897 0.1432 0.0005
vn 0.5239 0.1639 0.8358
vn 0.1247 -0.0669 -0.9899
vn 0.5588 -0.0866 -0.8248
vn 0.9970 -0.0780 0.0005
vn 0.5305 -0.0854 0.8434
vn 0.1288 0.0231 -0.9914
vn 0.5580 0.0190 -0.8296
vn 0.9999 0.0161 0.0006
vn 0.5291 0.0192 0.8484
vn 0.1250 0.0998 -0.9871
vn 0.5583 0.1124 -0.8220
vn 0.9950 0.0997 0.0005
vn 0.5302 0.1117 0.8405
vn 0.1252 -0.0518 -0.9908
vn 0.5606 -0.0589 -0.8260
vn 0.9985 -0.0540 0.0005
vn 0.5323 -0.0589 0.8445
vn 0.1452 -0.0601 -0.9876
vn 0.5758 -0.0864 -0.8130
vn 0.9783 -0.2073 0.0039
vn 0.5331 -0.1198 0.8375
vn 0.2261 -0.0384 -0.9733
vn 0.5926 0.1382 -0.7936
vn 0.9657 -0.2590 0.0167
vn 0.4797 0.1475 0.8650
vn 0.3155 0.0243 -0.9486
vn -0.9034 0.0826 -0.4208
vn -0.9243 0.0584 0.3772
vn -0.9525 0.3044 0.0108
vn -0.9637 0.2630 -0.0448
vn -0.0108 -0.2644 0.9643
vn -0.0195 -0.3649 0.9308
vn -0.0268 -0.4841 0.8746
vn 0.0628 -0.5979 0.7991
vn 0.1725 -0.5889 0.7896
vn 0.3088 -0.5738 0.7585
vn 0.5056 -0.4147 0.7565
vn 0.5294 -0.3233 0.7843
vn 0.5453 -0.2445 0.8018
vn 0.3870 -0.1721 0.9059
vn 0.2247 -0.1744 0.9587
vn 0.0919 -0.1755 0.9802
vn 0.5967 -0.5306 0.6020
vn 0.7179 -0.5102 0.4735
vn 0.8214 -0.4978 0.2783
vn 0.9314 -0.3640 -0.0006
vn 0.9596 -0.2814 -0.0006
vn 0.9773 -0.2118 -0.0006
vn 0.9393 -0.1457 0.3107
vn 0.8317 -0.1509 0.5343
vn 0.7055 -0.1589 0.6906
vn 0.8209 -0.4969 -0.2816
vn 0.7149 -0.5069 -0.4816
vn 0.5899 -0.5224 -0.6157
vn 0.4867 -0.4027 -0.7752
vn 0.5066 -0.3149 -0.8026
vn 0.5200 -0.2390 -0.8200
vn 0.6906 -0.1577 -0.7058
vn 0.8255 -0.1505 -0.5439
vn 0.9380 -0.1456 -0.3145
vn 0.2915 -0.5431 -0.7874
vn 0.1522 -0.5438 -0.8253
vn 0.0548 -0.5429 -0.8380
vn -0.0000 -0.4027 -0.9153
vn -0.0000 -0.3125 -0.9499
vn -0.0000 -0.2369 -0.9715
vn 0.0650 -0.1647 -0.9842
vn 0.1813 -0.1661 -0.9693
vn 0.3474 -0.1667 -0.9228
vn -0.0016 0.0127 0.9999
vn -0.0016 -0.0408 0.9992
vn -0.0023 -0.1017 0.9948
vn 0.5632 -0.0945 0.8209
vn 0.5660 -0.0319 0.8238
vn 0.5663 0.0266 0.8238
vn 0.3944 0.0783 0.9156
vn 0.2305 0.0709 0.9705
vn 0.0958 0.0657 0.9932
vn 0.9967 -0.0816 -0.0006
vn 0.9996 -0.0267 -0.0006
vn 0.9997 0.0251 -0.0006
vn 0.9463 0.0784 0.3135
vn 0.8384 0.0826 0.5388
vn 0.7126 0.0858 0.6963
vn 0.5356 -0.0936 -0.8393
vn 0.5382 -0.0319 -0.8422
vn 0.5385 0.0260 -0.8422
vn 0.6973 0.0854 -0.7117
vn 0.8321 0.0825 -0.5484
vn 0.9451 0.0785 -0.3173
vn -0.0000 -0.0972 -0.9953
vn -0.0000 -0.0399 -0.9992
vn -0.0000 0.0124 -0.9999
vn 0.0662 0.0643 -0.9957
vn 0.1846 0.0690 -0.9804
vn 0.3530 0.0767 -0.9325
vn -0.0027 0.0637 0.9980
vn -0.0025 0.1045 0.9945
vn -0.0023 0.1004 0.9949
vn 0.5610 0.1275 0.8180
vn 0.5597 0.1325 0.8180
vn 0.5619 0.0844 0.8229
vn 0.3952 -0.0207 0.9184
vn 0.2317 -0.0222 0.9725
vn 0.0963 -0.0230 0.9951
vn 0.9933 0.1156 -0.0006
vn 0.9927 0.1203 -0.0006
vn 0.9970 0.0771 -0.0006
vn 0.9472 -0.0157 0.3203
vn 0.8368 -0.0159 0.5472
vn 0.7106 -0.0169 0.7034
vn 0.5333 0.1262 -0.8365
vn 0.5319 0.1311 -0.8366
vn 0.5337 0.0834 -0.8415
vn 0.6949 -0.0170 -0.7189
vn 0.8304 -0.0160 -0.5570
vn 0.9459 -0.0157 -0.3242
vn -0.0000 0.1001 -0.9950
vn -0.0000 0.1046 -0.9945
vn -0.0000 0.0638 -0.9980
vn 0.0666 -0.0230 -0.9975
vn 0.1850 -0.0224 -0.9825
vn 0.3528 -0.0210 -0.9355
vn -0.0029 -0.1451 0.9894
vn -0.0032 -0.1562 0.9877
vn -0.0032 -0.1133 0.9936
vn 0.5595 -0.1261 0.8192
vn 0.5561 -0.1774 0.8119
vn 0.5584 -0.1656 0.8129
vn 0.3945 -0.1091 0.9124
vn 0.2308 -0.1042 0.9674
vn 0.0958 -0.1001 0.9904
vn 0.9936 -0.1127 -0.0006
vn 0.9873 -0.1590 -0.0006
vn 0.9890 -0.1482 -0.0006
vn 0.9443 -0.1015 0.3132
vn 0.8364 -0.1060 0.5377
vn 0.7111 -0.1106 0.6944
vn 0.5315 -0.1255 -0.8377
vn 0.5286 -0.1763 -0.8304
vn 0.5310 -0.1645 -0.8313
vn 0.6959 -0.1103 -0.7096
vn 0.8302 -0.1059 -0.5473
vn 0.9430 -0.1015 -0.3170
vn -0.0000 -0.1134 -0.9935
vn -0.0000 -0.1562 -0.9877
vn -0.0000 -0.1448 -0.9895
vn 0.0664 -0.0988 -0.9929
vn 0.1850 -0.1024 -0.9774
vn 0.3533 -0.1077 -0.9293
vn -0.0018 0.0290 0.9996
vn -0.0017 -0.0017 1.0000
vn -0.0018 -0.0441 0.9990
vn 0.5668 -0.0505 0.8223
vn 0.5676 -0.0021 0.8233
vn 0.5671 0.0331 0.8230
vn 0.3960 0.0563 0.9165
vn 0.2315 0.0537 0.9714
vn 0.0961 0.0517 0.9940
vn 0.9990 -0.0450 -0.0006
vn 1.0000 -0.0018 -0.0006
vn 0.9996 0.0295 -0.0006
vn 0.9478 0.0538 0.3144
vn 0.8398 0.0556 0.5400
vn 0.7142 0.0575 0.6976
vn 0.5392 -0.0501 -0.8407
vn 0.5399 -0.0020 -0.8417
vn 0.5394 0.0329 -0.8414
vn 0.6989 0.0577 -0.7129
vn 0.8335 0.0558 -0.5497
vn 0.9465 0.0539 -0.3183
vn -0.0000 -0.0440 -0.9990
vn -0.0000 -0.0019 -1.0000
vn -0.0000 0.0288 -0.9996
vn 0.0665 0.0515 -0.9965
vn 0.1854 0.0533 -0.9812
vn 0.3544 0.0561 -0.9334
vn 0.0005 0.0793 0.9969
vn -0.0017 0.0742 0.9972
vn -0.0023 0.0653 0.9979
vn 0.5651 0.0741 0.8217
vn 0.5661 0.0834 0.8201
vn 0.5707 0.0877 0.8165
vn 0.4123 0.0718 0.9082
vn 0.2461 0.0695 0.9668
vn 0.1077 0.0742 0.9914
vn 0.9969 0.0781 -0.0007
vn 0.9938 0.1111 -0.0011
vn 0.9879 0.1548 -0.0021
vn 0.9356 0.1901 0.2975
vn 0.8404 0.1540 0.5196
vn 0.7242 0.1159 0.6797
vn 0.5368 0.0768 -0.8402
vn 0.5360 0.0924 -0.8392
vn 0.5364 0.1072 -0.8371
vn 0.6988 0.1409 -0.7013
vn 0.8274 0.1700 -0.5352
vn 0.9306 0.1980 -0.3077
vn -0.0000 0.0676 -0.9977
vn -0.0000 0.0817 -0.9967
vn -0.0000 0.0952 -0.9955
vn 0.0663 0.1089 -0.9918
vn 0.1846 0.1092 -0.9767
vn 0.3539 0.1116 -0.9286
vn 0.0390 0.0927 0.9949
vn 0.0249 0.0866 0.9959
vn 0.0135 0.0832 0.9964
vn 0.5990 0.0758 0.7972
vn 0.6230 0.0501 0.7806
vn 0.6483 0.0096 0.7613
vn 0.4193 -0.0193 0.9077
vn 0.2630 0.0446 0.9638
vn 0.1512 0.0790 0.9853
vn 0.9651 0.2617 -0.0068
vn 0.9520 0.3059 -0.0101
vn 0.9383 0.3457 -0.0134
vn 0.9131 0.3529 0.2039
vn 0.8920 0.2380 0.3843
vn 0.8314 0.0553 0.5529
vn 0.5450 0.1228 -0.8294
vn 0.5548 0.1019 -0.8257
vn 0.5648 0.0516 -0.8236
vn 0.7827 0.0455 -0.6207
vn 0.8690 0.2479 -0.4282
vn 0.9012 0.3622 -0.2380
vn -0.0000 0.1202 -0.9928
vn -0.0000 0.1256 -0.9921
vn -0.0000 0.1244 -0.9922
vn 0.0507 0.1116 -0.9925
vn 0.1354 0.0823 -0.9874
vn 0.2823 0.0059 -0.9593
vn 0.1080 0.1698 0.9795
vn 0.0921 0.1372 0.9862
vn 0.0734 0.1157 0.9906
vn 0.4752 -0.0592 0.8779
vn 0.3665 0.0412 0.9295
vn 0.3429 0.1062 0.9334
vn 0.2253 0.2283 0.9472
vn 0.2159 0.2047 0.9547
vn 0.1754 0.2040 0.9631
vn 0.1506 0.0701 -0.9861
vn 0.1852 0.0061 -0.9827
vn 0.3064 -0.0889 -0.9477
vn -0.0000 0.1127 -0.9936
vn -0.0000 0.1164 -0.9932
vn -0.0000 0.1348 -0.9909
vn 0.0337 0.1887 -0.9815
vn 0.0572 0.1939 -0.9793
vn 0.0607 0.2216 -0.9732
vn -0.9614 -0.2711 0.0468
vn -0.9600 -0.2769 0.0412
vn -0.9502 -0.3097 0.0345
vn -0.9722 -0.2262 0.0601
vn -0.9734 -0.2223 0.0546
vn -0.9793 -0.1954 0.0526
vn -0.9884 -0.1483 0.0323
vn -0.9906 -0.1355 0.0177
vn -0.9927 -0.1203 0.0027
vn -0.9907 -0.1358 -0.0088
vn -0.9886 -0.1508 0.0014
vn -0.9889 -0.1480 0.0094
vn 0.0108 -0.2644 0.9643
vn 0.0195 -0.3649 0.9308
vn 0.0268 -0.4841 0.8746
vn -0.0628 -0.5979 0.7991
vn -0.1725 -0.5889 0.7896
vn -0.3088 -0.5738 0.7585
vn -0.5056 -0.4147 0.7565
vn -0.5294 -0.3233 0.7843
vn -0.5453 -0.2445 0.8018
vn -0.3870 -0.1721 0.9059
vn -0.2247 -0.1744 0.9587
vn -0.0919 -0.1755 0.9802
vn -0.5967 -0.5306 0.6020
vn -0.7179 -0.5102 0.4735
vn -0.8214 -0.4978 0.2783
vn -0.9314 -0.3640 -0.0006
vn -0.9596 -0.2814 -0.0006
vn -0.9773 -0.2118 -0.0006
vn -0.9393 -0.1457 0.3107
vn -0.8317 -0.1509 0.5343
vn -0.7055 -0.1589 0.6906
vn -0.8209 -0.4969 -0.2816
vn -0.7149 -0.5069 -0.4816
vn -0.5899 -0.5224 -0.6157
vn -0.4867 -0.4027 -0.7752
vn -0.5066 -0.3149 -0.8026
vn -0.5200 -0.2390 -0.8200
vn -0.6906 -0.1577 -0.7058
vn -0.8255 -0.1505 -0.5439
vn -0.9380 -0.1456 -0.3145
vn -0.2915 -0.5431 -0.7874
vn -0.1522 -0.5438 -0.8253
vn -0.0548 -0.5429 -0.8380
vn -0.0650 -0.1647 -0.9842
vn -0.1813 -0.1661 -0.9693
vn -0.3474 -0.1667 -0.9228
vn 0.0016 0.0127 0.9999
vn 0.0016 -0.0408 0.9992
vn 0.0023 -0.1017 0.9948
vn -0.5632 -0.0945 0.8209
vn -0.5660 -0.0319 0.8238
vn -0.5663 0.0266 0.8238
vn -0.3944 0.0783 0.9156
vn -0.2305 0.0709 0.9705
vn -0.0958 0.0657 0.9932
vn -0.9967 -0.0816 -0.0006
vn -0.9996 -0.0267 -0.0006
vn -0.9997 0.0251 -0.0006
vn -0.9463 0.0784 0.3135
vn -0.8384 0.0826 0.5388
vn -0.7126 0.0858 0.6963
vn -0.5356 -0.0936 -0.8393
vn -0.5382 -0.0319 -0.8422
vn -0.5385 0.0260 -0.8422
vn -0.6973 0.0854 -0.7117
vn -0.8321 0.0825 -0.5484
vn -0.9451 0.0785 -0.3173
vn -0.0662 0.0643 -0.9957
vn -0.1846 0.0690 -0.9804
vn -0.3530 0.0767 -0.9325
vn 0.0027 0.0637 0.9980
vn 0.0025 0.1046 0.9945
vn 0.0023 0.1004 0.9949
vn -0.5610 0.1275 0.8180
vn -0.5597 0.1325 0.8180
vn -0.5619 0.0844 0.8229
vn -0.3952 -0.0207 0.9184
vn -0.2317 -0.0222 0.9725
vn -0.0963 -0.0230 0.9951
vn -0.9933 0.1156 -0.0006
vn -0.9927 0.1203 -0.0006
vn -0.9970 0.0771 -0.0006
vn -0.9472 -0.0157 0.3203
vn -0.8368 -0.0159 0.5472
vn -0.7106 -0.0169 0.7034
vn -0.5333 0.1262 -0.8365
vn -0.5319 0.1311 -0.8366
vn -0.5337 0.0834 -0.8415
vn -0.6949 -0.0170 -0.7189
vn -0.8304 -0.0160 -0.5570
vn -0.9459 -0.0157 -0.3242
vn -0.0666 -0.0230 -0.9975
vn -0.1850 -0.0224 -0.9825
vn -0.3528 -0.0210 -0.9355
vn 0.0029 -0.1451 0.9894
vn 0.0032 -0.1562 0.9877
vn 0.0032 -0.1133 0.9936
vn -0.5595 -0.1261 0.8192
vn -0.5561 -0.1774 0.8119
vn -0.5584 -0.1656 0.8129
vn -0.3945 -0.1091 0.9124
vn -0.2308 -0.1042 0.9674
vn -0.0958 -0.1001 0.9904
vn -0.9936 -0.1127 -0.0006
vn -0.9873 -0.1590 -0.0006
vn -0.9890 -0.1482 -0.0006
vn -0.9443 -0.1015 0.3132
vn -0.8364 -0.1060 0.5377
vn -0.7111 -0.1106 0.6944
vn -0.5315 -0.1255 -0.8377
vn -0.5286 -0.1763 -0.8304
vn -0.5310 -0.1645 -0.8313
vn -0.6959 -0.1103 -0.7096
vn -0.8302 -0.1059 -0.5473
vn -0.9430 -0.1015 -0.3170
vn -0.0664 -0.0988 -0.9929
vn -0.1850 -0.1024 -0.9774
vn -0.3533 -0.1077 -0.9293
vn 0.0018 0.0290 0.9996
vn 0.0017 -0.0017 1.0000
vn 0.0018 -0.0441 0.9990
vn -0.5668 -0.0505 0.8223
vn -0.5676 -0.0021 0.8233
vn -0.5671 0.0331 0.8230
vn -0.3960 0.0563 0.9165
vn -0.2315 0.0537 0.9714
vn -0.0961 0.0517 0.9940
vn -0.9990 -0.0450 -0.0006
vn -1.0000 -0.0018 -0.0006
vn -0.9996 0.0295 -0.0006
vn -0.9478 0.0538 0.3144
vn -0.8398 0.0556 0.5400
vn -0.7142 0.0575 0.6976
vn -0.5392 -0.0501 -0.8407
vn -0.5399 -0.0020 -0.8417
vn -0.5394 0.0329 -0.8414
vn -0.6989 0.0577 -0.7129
vn -0.8335 0.0558 -0.5497
vn -0.9465 0.0539 -0.3183
vn -0.0665 0.0515 -0.9965
vn -0.1854 0.0533 -0.9812
vn -0.3544 0.0561 -0.9334
vn -0.0005 0.0793 0.9969
vn 0.0017 0.0742 0.9972
vn 0.0023 0.0653 0.9979
vn -0.5651 0.0741 0.8217
vn -0.5661 0.0834 0.8201
vn -0.5707 0.0877 0.8165
vn -0.4123 0.0718 0.9082
vn -0.2461 0.0695 0.9668
vn -0.1077 0.0742 0.9914
vn -0.9969 0.0781 -0.0007
vn -0.9938 0.1111 -0.0011
vn -0.9879 0.1548 -0.0021
vn -0.9356 0.1901 0.2975
vn -0.8404 0.1540 0.5196
vn -0.7242 0.1159 0.6797
vn -0.5368 0.0768 -0.8402
vn -0.5360 0.0924 -0.8392
vn -0.5364 0.1072 -0.8371
vn -0.6988 0.1409 -0.7013
vn -0.8274 0.1700 -0.5352
vn -0.9306 0.1980 -0.3077
vn -0.0663 0.1089 -0.9918
vn -0.1846 0.1092 -0.9767
vn -0.3539 0.1116 -0.9286
vn -0.0390 0.0927 0.9949
vn -0.0249 0.0866 0.9959
vn -0.0135 0.0832 0.9964
vn -0.5990 0.0758 0.7972
vn -0.6230 0.0501 0.7806
vn -0.6483 0.0096 0.7613
vn -0.4193 -0.0193 0.9077
vn -0.2630 0.0446 0.9638
vn -0.1512 0.0790 0.9853
vn -0.9651 0.2617 -0.0068
vn -0.9520 0.3059 -0.0101
vn -0.9383 0.3457 -0.0134
vn -0.9131 0.3529 0.2039
vn -0.8920 0.2380 0.3843
vn -0.8314 0.0553 0.5529
vn -0.5450 0.1228 -0.8294
vn -0.5548 0.1019 -0.8257
vn -0.5648 0.0516 -0.8236
vn -0.7827 0.0455 -0.6207
vn -0.8690 0.2479 -0.4282
vn -0.9012 0.3622 -0.2380
vn -0.0507 0.1116 -0.9925
vn -0.1354 0.0823 -0.9874
vn -0.2823 0.0059 -0.9593
vn -0.1080 0.1698 0.9795
vn -0.0921 0.1372 0.9862
vn -0.0734 0.1157 0.9906
vn -0.4752 -0.0592 0.8779
vn -0.3665 0.0412 0.9295
vn -0.3429 0.1062 0.9334
vn -0.2253 0.2283 0.9472
vn -0.2159 0.2047 0.9547
vn -0.1754 0.2040 0.9631
vn -0.1506 0.0701 -0.9861
vn -0.1852 0.0061 -0.9827
vn -0.3064 -0.0889 -0.9477
vn -0.0337 0.1887 -0.9815
vn -0.0572 0.1939 -0.9793
vn -0.0607 0.2216 -0.9732
vn 0.9614 -0.2711 0.0468
vn 0.9600 -0.2769 0.0412
vn 0.9502 -0.3097 0.0345
vn 0.9722 -0.2262 0.0601
vn 0.9734 -0.2223 0.0546
vn 0.9793 -0.1954 0.0526
vn 0.9884 -0.1483 0.0323
vn 0.9906 -0.1355 0.0177
vn 0.9927 -0.1203 0.0027
vn 0.9907 -0.1358 -0.0088
vn 0.9886 -0.1508 0.0014
vn 0.9889 -0.1480 0.0094
vn -0.1213 0.2381 -0.9636
vn -0.1212 0.2547 -0.9594
vn -0.1230 0.2068 -0.9706
vn -0.1628 0.1297 -0.9781
vn -0.2532 0.1322 -0.9583
vn -0.3893 0.1337 -0.9114
vn -0.5362 0.2482 -0.8068
vn -0.5354 0.2639 -0.8023
vn -0.5422 0.2303 -0.8080
vn -0.3848 0.1717 -0.9069
vn -0.2362 0.1740 -0.9560
vn -0.1370 0.1751 -0.9750
vn -0.6982 0.1282 -0.7043
vn -0.8277 0.1187 -0.5485
vn -0.9406 0.1099 -0.3213
vn -0.9776 0.2104 0.0005
vn -0.9741 0.2259 0.0005
vn -0.9802 0.1979 0.0005
vn -0.9386 0.1446 -0.3134
vn -0.8293 0.1501 -0.5383
vn -0.7015 0.1583 -0.6949
vn -0.9392 0.1099 0.3252
vn -0.8212 0.1182 0.5582
vn -0.6830 0.1263 0.7194
vn -0.5111 0.2415 0.8249
vn -0.5103 0.2573 0.8206
vn -0.5161 0.2254 0.8263
vn -0.6863 0.1573 0.7101
vn -0.8230 0.1498 0.5479
vn -0.9373 0.1446 0.3172
vn -0.3404 0.1234 0.9322
vn -0.1768 0.1143 0.9776
vn -0.0632 0.1071 0.9922
vn -0.0000 0.2286 0.9735
vn -0.0000 0.2501 0.9682
vn -0.0000 0.2221 0.9750
vn -0.0625 0.1646 0.9844
vn -0.1764 0.1660 0.9702
vn -0.3412 0.1667 0.9251
vn -0.1241 -0.0156 -0.9922
vn -0.1236 0.0392 -0.9916
vn -0.1231 0.1018 -0.9872
vn -0.5579 0.0944 -0.8245
vn -0.5608 0.0301 -0.8274
vn -0.5609 -0.0293 -0.8274
vn -0.3920 -0.0810 -0.9164
vn -0.2417 -0.0742 -0.9675
vn -0.1408 -0.0693 -0.9876
vn -0.9967 0.0812 0.0005
vn -0.9997 0.0251 0.0006
vn -0.9996 -0.0272 0.0006
vn -0.9454 -0.0796 -0.3161
vn -0.8358 -0.0839 -0.5426
vn -0.7083 -0.0875 -0.7004
vn -0.5297 0.0939 0.8429
vn -0.5324 0.0306 0.8459
vn -0.5326 -0.0284 0.8459
vn -0.6928 -0.0868 0.7158
vn -0.8294 -0.0837 0.5524
vn -0.9441 -0.0796 0.3199
vn -0.0000 0.0976 0.9952
vn -0.0000 0.0385 0.9993
vn -0.0000 -0.0151 0.9999
vn -0.0637 -0.0672 0.9957
vn -0.1797 -0.0717 0.9811
vn -0.3467 -0.0790 0.9346
vn -0.1281 -0.0641 -0.9897
vn -0.1268 -0.1061 -0.9862
vn -0.1256 -0.1032 -0.9867
vn -0.5556 -0.1273 -0.8216
vn -0.5546 -0.1298 -0.8220
vn -0.5566 -0.0814 -0.8268
vn -0.3930 0.0210 -0.9193
vn -0.2439 0.0224 -0.9695
vn -0.1436 0.0231 -0.9894
vn -0.9935 -0.1141 0.0005
vn -0.9932 -0.1164 0.0005
vn -0.9973 -0.0733 0.0005
vn -0.9463 0.0160 -0.3230
vn -0.8342 0.0162 -0.5512
vn -0.7063 0.0172 -0.7077
vn -0.5274 -0.1258 0.8402
vn -0.5262 -0.1284 0.8406
vn -0.5279 -0.0804 0.8455
vn -0.6905 0.0173 0.7232
vn -0.8276 0.0163 0.5610
vn -0.9449 0.0160 0.3269
vn -0.0000 -0.1017 0.9948
vn -0.0000 -0.1043 0.9945
vn -0.0000 -0.0627 0.9980
vn -0.0642 0.0232 0.9977
vn -0.1802 0.0226 0.9834
vn -0.3466 0.0212 0.9378
vn -0.1257 0.1472 -0.9811
vn -0.1267 0.1576 -0.9794
vn -0.1280 0.1137 -0.9852
vn -0.5544 0.1236 -0.8230
vn -0.5511 0.1750 -0.8159
vn -0.5532 0.1648 -0.8166
vn -0.3922 0.1099 -0.9133
vn -0.2422 0.1054 -0.9645
vn -0.1410 0.1018 -0.9848
vn -0.9940 0.1095 0.0005
vn -0.9878 0.1555 0.0005
vn -0.9892 0.1465 0.0005
vn -0.9434 0.1013 -0.3158
vn -0.8339 0.1058 -0.5416
vn -0.7069 0.1107 -0.6986
vn -0.5258 0.1230 0.8417
vn -0.5230 0.1739 0.8344
vn -0.5253 0.1638 0.8350
vn -0.6916 0.1103 0.7138
vn -0.8276 0.1057 0.5512
vn -0.9421 0.1012 0.3196
vn -0.0000 0.1127 0.9936
vn -0.0000 0.1560 0.9878
vn -0.0000 0.1459 0.9893
vn -0.0639 0.1000 0.9929
vn -0.1801 0.1034 0.9782
vn -0.3471 0.1085 0.9316
vn -0.1244 -0.0301 -0.9918
vn -0.1242 0.0012 -0.9923
vn -0.1244 0.0447 -0.9912
vn -0.5615 0.0505 -0.8259
vn -0.5623 0.0013 -0.8269
vn -0.5618 -0.0342 -0.8266
vn -0.3936 -0.0574 -0.9175
vn -0.2429 -0.0549 -0.9685
vn -0.1414 -0.0530 -0.9885
vn -0.9990 0.0448 0.0005
vn -1.0000 0.0011 0.0005
vn -0.9995 -0.0304 0.0005
vn -0.9468 -0.0545 -0.3171
vn -0.8372 -0.0564 -0.5439
vn -0.7100 -0.0584 -0.7018
vn -0.5334 0.0502 0.8444
vn -0.5341 0.0013 0.8454
vn -0.5335 -0.0339 0.8451
vn -0.6945 -0.0585 0.7171
vn -0.8309 -0.0565 0.5536
vn -0.9456 -0.0546 0.3209
vn -0.0000 0.0443 0.9990
vn -0.0000 0.0011 1.0000
vn -0.0000 -0.0300 0.9996
vn -0.0640 -0.0525 0.9966
vn -0.1805 -0.0543 0.9821
vn -0.3482 -0.0570 0.9357
vn -0.1357 -0.0678 -0.9884
vn -0.1300 -0.0695 -0.9891
vn -0.1269 -0.0646 -0.9898
vn -0.5597 -0.0748 -0.8253
vn -0.5606 -0.0837 -0.8238
vn -0.5653 -0.0878 -0.8202
vn -0.4101 -0.0718 -0.9092
vn -0.2590 -0.0682 -0.9635
vn -0.1578 -0.0677 -0.9852
vn -0.9969 -0.0784 0.0006
vn -0.9938 -0.1111 0.0011
vn -0.9880 -0.1545 0.0020
vn -0.9351 -0.1889 -0.2999
vn -0.8384 -0.1528 -0.5233
vn -0.7204 -0.1149 -0.6840
vn -0.5310 -0.0772 0.8439
vn -0.5301 -0.0925 0.8429
vn -0.5305 -0.1070 0.8409
vn -0.6948 -0.1394 0.7056
vn -0.8254 -0.1683 0.5389
vn -0.9302 -0.1966 0.3099
vn -0.0000 -0.0683 0.9977
vn -0.0000 -0.0822 0.9966
vn -0.0000 -0.0958 0.9954
vn -0.0638 -0.1096 0.9919
vn -0.1797 -0.1097 0.9776
vn -0.3475 -0.1114 0.9310
vn -0.2002 -0.0389 -0.9790
vn -0.1776 -0.0428 -0.9832
vn -0.1592 -0.0503 -0.9860
vn -0.5937 -0.0719 -0.8015
vn -0.6167 -0.0364 -0.7864
vn -0.6357 0.0239 -0.7716
vn -0.3935 0.0398 -0.9184
vn -0.2682 -0.0332 -0.9628
vn -0.2092 -0.0561 -0.9763
vn -0.9668 -0.2555 0.0066
vn -0.9584 -0.2851 0.0100
vn -0.9564 -0.2917 0.0135
vn -0.9531 -0.2141 -0.2141
vn -0.9108 -0.0981 -0.4011
vn -0.8179 0.0668 -0.5715
vn -0.5392 -0.1182 0.8338
vn -0.5480 -0.0876 0.8319
vn -0.5522 -0.0172 0.8335
vn -0.7683 0.0737 0.6358
vn -0.8883 -0.1094 0.4461
vn -0.9419 -0.2247 0.2498
vn -0.0000 -0.1209 0.9927
vn -0.0000 -0.1260 0.9920
vn -0.0000 -0.1240 0.9923
vn -0.0459 -0.1084 0.9930
vn -0.1227 -0.0748 0.9896
vn -0.2568 0.0151 0.9664
vn -0.3062 -0.0015 -0.9520
vn -0.2824 -0.0246 -0.9590
vn -0.2544 -0.0358 -0.9664
vn -0.3675 0.1014 -0.9245
vn -0.2121 -0.0406 -0.9764
vn -0.1230 -0.1656 -0.9785
vn -0.2916 -0.0360 -0.9559
vn -0.2785 -0.0224 -0.9602
vn -0.2902 0.0071 -0.9569
vn -0.0259 -0.1140 0.9931
vn -0.0860 0.0013 0.9963
vn -0.2242 0.1299 0.9658
vn -0.0000 -0.1035 0.9946
vn -0.0000 -0.0881 0.9961
vn -0.0000 -0.0630 0.9980
vn -0.0357 -0.0115 0.9993
vn -0.0662 -0.0216 0.9976
vn -0.0981 -0.0045 0.9952
vn 0.9933 0.1097 -0.0373
vn 0.9888 0.1426 -0.0434
vn 0.9884 0.1434 -0.0497
vn 0.9635 0.2674 -0.0105
vn 0.9641 0.2656 -0.0011
vn 0.9602 0.2792 0.0091
vn 0.9552 0.2958 -0.0022
vn 0.9590 0.2829 -0.0173
vn 0.9619 0.2715 -0.0320
vn 0.9729 0.2254 -0.0522
vn 0.9787 0.1977 -0.0545
vn 0.9800 0.1904 -0.0582
vn 0.1213 0.2381 -0.9636
vn 0.1212 0.2547 -0.9594
vn 0.1230 0.2068 -0.9706
vn 0.1628 0.1297 -0.9781
vn 0.2532 0.1322 -0.9583
vn 0.3893 0.1337 -0.9114
vn 0.5362 0.2482 -0.8068
vn 0.5354 0.2639 -0.8023
vn 0.5422 0.2303 -0.8080
vn 0.3848 0.1717 -0.9069
vn 0.2362 0.1740 -0.9560
vn 0.1370 0.1751 -0.9750
vn 0.6982 0.1282 -0.7043
vn 0.8277 0.1187 -0.5485
vn 0.9406 0.1099 -0.3213
vn 0.9776 0.2104 0.0005
vn 0.9741 0.2259 0.0005
vn 0.9802 0.1979 0.0005
vn 0.9386 0.1446 -0.3134
vn 0.8293 0.1501 -0.5383
vn 0.7015 0.1583 -0.6949
vn 0.9392 0.1099 0.3252
vn 0.8212 0.1182 0.5582
vn 0.6830 0.1263 0.7194
vn 0.5111 0.2415 0.8249
vn 0.5103 0.2573 0.8206
vn 0.5161 0.2254 0.8263
vn 0.6863 0.1573 0.7101
vn 0.8230 0.1498 0.5479
vn 0.9373 0.1446 0.3172
vn 0.3404 0.1234 0.9322
vn 0.1768 0.1143 0.9776
vn 0.0632 0.1071 0.9922
vn 0.0625 0.1646 0.9844
vn 0.1764 0.1660 0.9702
vn 0.3412 0.1667 0.9251
vn 0.1241 -0.0156 -0.9922
vn 0.1236 0.0392 -0.9916
vn 0.1231 0.1018 -0.9872
vn 0.5579 0.0944 -0.8245
vn 0.5608 0.0301 -0.8274
vn 0.5609 -0.0293 -0.8274
vn 0.3920 -0.0810 -0.9164
vn 0.2417 -0.0742 -0.9675
vn 0.1408 -0.0693 -0.9876
vn 0.9967 0.0812 0.0005
vn 0.9997 0.0251 0.0006
vn 0.9996 -0.0272 0.0006
vn 0.9454 -0.0796 -0.3161
vn 0.8358 -0.0840 -0.5426
vn 0.7083 -0.0875 -0.7004
vn 0.5297 0.0939 0.8429
vn 0.5324 0.0306 0.8459
vn 0.5326 -0.0284 0.8459
vn 0.6928 -0.0868 0.7158
vn 0.8294 -0.0837 0.5523
vn 0.9441 -0.0796 0.3199
vn 0.0637 -0.0672 0.9957
vn 0.1797 -0.0717 0.9811
vn 0.3467 -0.0790 0.9346
vn 0.1281 -0.0641 -0.9897
vn 0.1268 -0.1061 -0.9862
vn 0.1256 -0.1032 -0.9867
vn 0.5556 -0.1273 -0.8216
vn 0.5546 -0.1298 -0.8220
vn 0.5566 -0.0814 -0.8268
vn 0.3930 0.0210 -0.9193
vn 0.2439 0.0224 -0.9695
vn 0.1436 0.0231 -0.9894
vn 0.9935 -0.1141 0.0005
vn 0.9932 -0.1164 0.0005
vn 0.9973 -0.0733 0.0005
vn 0.9463 0.0160 -0.3230
vn 0.8342 0.0162 -0.5512
vn 0.7063 0.0172 -0.7077
vn 0.5274 -0.1258 0.8402
vn 0.5262 -0.1284 0.8406
vn 0.5279 -0.0804 0.8455
vn 0.6905 0.0173 0.7232
vn 0.8276 0.0163 0.5610
vn 0.9449 0.0160 0.3269
vn 0.0642 0.0232 0.9977
vn 0.1802 0.0226 0.9834
vn 0.3466 0.0212 0.9378
vn 0.1257 0.1472 -0.9811
vn 0.1267 0.1576 -0.9794
vn 0.1280 0.1137 -0.9852
vn 0.5544 0.1236 -0.8230
vn 0.5511 0.1750 -0.8159
vn 0.5532 0.1648 -0.8166
vn 0.3922 0.1099 -0.9133
vn 0.2422 0.1054 -0.9645
vn 0.1410 0.1018 -0.9848
vn 0.9940 0.1095 0.0005
vn 0.9878 0.1555 0.0005
vn 0.9892 0.1465 0.0005
vn 0.9434 0.1013 -0.3158
vn 0.8339 0.1058 -0.5416
vn 0.7070 0.1107 -0.6986
vn 0.5258 0.1230 0.8417
vn 0.5230 0.1739 0.8344
vn 0.5253 0.1638 0.8350
vn 0.6916 0.1103 0.7138
vn 0.8276 0.1057 0.5512
vn 0.9421 0.1012 0.3196
vn 0.0639 0.1000 0.9929
vn 0.1801 0.1034 0.9782
vn 0.3471 0.1085 0.9316
vn 0.1244 -0.0301 -0.9918
vn 0.1242 0.0012 -0.9923
vn 0.1244 0.0447 -0.9912
vn 0.5615 0.0505 -0.8259
vn 0.5623 0.0013 -0.8269
vn 0.5618 -0.0342 -0.8266
vn 0.3936 -0.0574 -0.9175
vn 0.2429 -0.0549 -0.9685
vn 0.1414 -0.0530 -0.9885
vn 0.9990 0.0448 0.0005
vn 1.0000 0.0011 0.0005
vn 0.9995 -0.0304 0.0005
vn 0.9468 -0.0545 -0.3171
vn 0.8372 -0.0564 -0.5439
vn 0.7100 -0.0584 -0.7018
vn 0.5334 0.0502 0.8444
vn 0.5341 0.0013 0.8454
vn 0.5335 -0.0339 0.8451
vn 0.6945 -0.0585 0.7171
vn 0.8309 -0.0565 0.5536
vn 0.9456 -0.0546 0.3209
vn 0.0640 -0.0525 0.9966
vn 0.1805 -0.0543 0.9821
vn 0.3482 -0.0570 0.9357
vn 0.1357 -0.0678 -0.9884
vn 0.1300 -0.0695 -0.9891
vn 0.1269 -0.0646 -0.9898
vn 0.5597 -0.0748 -0.8253
vn 0.5606 -0.0837 -0.8238
vn 0.5653 -0.0878 -0.8202
vn 0.4101 -0.0718 -0.9092
vn 0.2590 -0.0682 -0.9635
vn 0.1578 -0.0677 -0.9852
vn 0.9969 -0.0784 0.0006
vn 0.9938 -0.1111 0.0011
vn 0.9880 -0.1545 0.0020
vn 0.9351 -0.1889 -0.2999
vn 0.8384 -0.1528 -0.5233
vn 0.7204 -0.1149 -0.6840
vn 0.5310 -0.0772 0.8439
vn 0.5301 -0.0925 0.8429
vn 0.5305 -0.1070 0.8409
vn 0.6948 -0.1394 0.7056
vn 0.8254 -0.1683 0.5389
vn 0.9302 -0.1966 0.3099
vn 0.0638 -0.1096 0.9919
vn 0.1797 -0.1097 0.9776
vn 0.3475 -0.1114 0.9310
vn 0.2002 -0.0389 -0.9790
vn 0.1776 -0.0428 -0.9832
vn 0.1592 -0.0503 -0.9860
vn 0.5937 -0.0719 -0.8015
vn 0.6167 -0.0364 -0.7864
vn 0.6357 0.0239 -0.7716
vn 0.3935 0.0398 -0.9184
vn 0.2682 -0.0332 -0.9628
vn 0.2092 -0.0561 -0.9763
vn 0.9668 -0.2555 0.0066
vn 0.9584 -0.2851 0.0100
vn 0.9564 -0.2917 0.0135
vn 0.9531 -0.2141 -0.2141
vn 0.9108 -0.0981 -0.4011
vn 0.8179 0.0668 -0.5715
vn 0.5392 -0.1182 0.8338
vn 0.5480 -0.0876 0.8319
vn 0.5522 -0.0172 0.8335
vn 0.7683 0.0737 0.6358
vn 0.8883 -0.1094 0.4461
vn 0.9419 -0.2247 0.2498
vn 0.0459 -0.1084 0.9930
vn 0.1227 -0.0748 0.9896
vn 0.2568 0.0151 0.9664
vn 0.3062 -0.0015 -0.9520
vn 0.2824 -0.0246 -0.9590
vn 0.2544 -0.0358 -0.9664
vn 0.3675 0.1014 -0.9245
vn 0.2121 -0.0406 -0.9764
vn 0.1230 -0.1656 -0.9785
vn 0.2916 -0.0360 -0.9559
vn 0.2785 -0.0224 -0.9602
vn 0.2902 0.0071 -0.9569
vn 0.0259 -0.1140 0.9931
vn 0.0860 0.0013 0.9963
vn 0.2242 0.1299 0.9658
vn 0.0357 -0.0115 0.9993
vn 0.0662 -0.0216 0.9976
vn 0.0981 -0.0045 0.9952
vn -0.9933 0.1097 -0.0373
vn -0.9888 0.1426 -0.0434
vn -0.9884 0.1434 -0.0497
vn -0.9635 0.2674 -0.0105
vn -0.9641 0.2656 -0.0011
vn -0.9602 0.2792 0.0091
vn -0.9552 0.2958 -0.0022
vn -0.9590 0.2829 -0.0173
vn -0.9619 0.2715 -0.0320
vn -0.9729 0.2254 -0.0522
vn -0.9787 0.1977 -0.0545
vn -0.9800 0.1904 -0.0582
vn -0.1119 -0.7965 0.5943
vn -0.3615 -0.8807 -0.3060
vn -0.1928 -0.1812 -0.9644
vn 0.3023 -0.8250 0.4774
vn -0.2053 -0.9398 -0.2733
vn -0.5452 -0.2332 -0.8052
vn 0.6238 -0.7816 -0.0004
vn -0.3033 -0.9529 0.0003
vn -0.9746 -0.2238 0.0006
vn 0.3116 -0.8073 -0.5012
vn -0.1687 -0.9468 0.2742
vn -0.5110 -0.2345 0.8270
vn -0.0000 -0.8185 -0.5746
vn -0.0000 -0.9448 0.3276
vn -0.0000 -0.2751 0.9614
vn -0.1585 -0.1777 0.9712
vn -0.9967 -0.0246 0.0772
vn -0.2614 0.1698 -0.9502
vn -0.1552 0.0619 0.9859
vn -0.9973 -0.0010 0.0731
vn -0.2627 -0.0646 -0.9627
vn -0.1621 -0.0228 0.9865
vn -0.9996 -0.0012 0.0277
vn -0.2700 0.0225 -0.9626
vn -0.1562 -0.0958 0.9831
vn -0.9971 -0.0016 0.0761
vn -0.2637 0.0968 -0.9597
vn -0.1561 0.0500 0.9865
vn -0.9980 0.0023 0.0637
vn -0.2637 -0.0499 -0.9633
vn -0.1618 0.1042 0.9813
vn -0.9850 0.1619 0.0599
vn -0.2964 -0.0273 -0.9547
vn -0.1444 0.1664 0.9754
vn -0.9276 0.3582 0.1063
vn -0.4002 0.0445 -0.9154
vn 0.7823 -0.0581 0.6202
vn 0.5478 0.7878 -0.2815
vn -0.6044 0.3310 -0.7247
vn 0.8470 0.5314 -0.0162
vn -0.2581 0.9661 0.0047
vn -0.9949 -0.0995 0.0192
vn 0.6728 -0.1460 -0.7252
vn 0.6097 0.7820 0.1298
vn -0.4998 0.3927 0.7720
vn -0.0429 0.3719 0.9273
vn -0.6264 0.7774 0.0575
vn -0.4399 0.1899 -0.8778
vn -0.5147 0.1691 0.8405
vn 0.5256 0.3841 0.7591
vn 0.8233 -0.0634 -0.5641
vn -0.6003 0.1890 -0.7771
vn 0.4856 0.5496 -0.6798
vn 0.8415 -0.0452 0.5384
vn -0.0000 0.3700 -0.9290
vn -0.0000 0.9967 0.0807
vn -0.0000 0.1895 0.9819
vn -0.9954 -0.0192 0.0934
vn -0.2014 0.8793 0.4316
vn 0.9004 0.4312 0.0583
vn -0.9974 0.0396 -0.0596
vn -0.1598 0.8974 -0.4113
vn 0.9167 0.3897 -0.0888
vn 0.1119 -0.7965 0.5942
vn 0.3615 -0.8807 -0.3060
vn 0.1928 -0.1812 -0.9644
vn -0.3023 -0.8250 0.4774
vn 0.2053 -0.9398 -0.2733
vn 0.5452 -0.2332 -0.8052
vn -0.6238 -0.7815 -0.0004
vn 0.3033 -0.9529 0.0003
vn 0.9746 -0.2238 0.0006
vn -0.3116 -0.8073 -0.5012
vn 0.1687 -0.9467 0.2742
vn 0.5110 -0.2345 0.8270
vn 0.1585 -0.1777 0.9712
vn 0.9967 -0.0246 0.0772
vn 0.2614 0.1698 -0.9502
vn 0.1552 0.0619 0.9859
vn 0.9973 -0.0010 0.0731
vn 0.2627 -0.0646 -0.9627
vn 0.1621 -0.0228 0.9865
vn 0.9996 -0.0012 0.0277
vn 0.2700 0.0225 -0.9626
vn 0.1562 -0.0958 0.9831
vn 0.9971 -0.0016 0.0761
vn 0.2637 0.0968 -0.9597
vn 0.1561 0.0500 0.9865
vn 0.9980 0.0023 0.0637
vn 0.2637 -0.0499 -0.9633
vn 0.1618 0.1042 0.9813
vn 0.9850 0.1619 0.0599
vn 0.2964 -0.0273 -0.9547
vn 0.1444 0.1664 0.9754
vn 0.9276 0.3582 0.1063
vn 0.4002 0.0445 -0.9154
vn -0.7822 -0.0581 0.6202
vn -0.5478 0.7878 -0.2815
vn 0.6044 0.3310 -0.7247
vn -0.8470 0.5314 -0.0162
vn 0.2581 0.9661 0.0047
vn 0.9949 -0.0995 0.0192
vn -0.6728 -0.1460 -0.7252
vn -0.6097 0.7820 0.1298
vn 0.4998 0.3927 0.7720
vn 0.0429 0.3719 0.9273
vn 0.6264 0.7774 0.0575
vn 0.4399 0.1899 -0.8778
vn 0.5147 0.1691 0.8405
vn -0.5255 0.3842 0.7591
vn -0.8233 -0.0634 -0.5641
vn 0.6003 0.1890 -0.7771
vn -0.4857 0.5495 -0.6798
vn -0.8415 -0.0452 0.5384
vn 0.9954 -0.0192 0.0933
vn 0.2014 0.8793 0.4316
vn -0.9004 0.4312 0.0583
vn 0.9974 0.0396 -0.0596
vn 0.1598 0.8974 -0.4113
vn -0.9167 0.3897 -0.0888
vn 0.0779 -0.4306 0.8992
vn 0.2021 -0.4264 0.8817
vn 0.3486 -0.4250 0.8354
vn 0.0800 -0.3369 0.9381
vn 0.2115 -0.3297 0.9201
vn 0.3666 -0.3302 0.8698
vn 0.0864 -0.2559 0.9628
vn 0.2185 -0.2528 0.9425
vn 0.3783 -0.2510 0.8910
vn 0.6495 -0.3964 0.6488
vn 0.7745 -0.3783 0.5070
vn 0.8816 -0.3668 0.2969
vn 0.6757 -0.3088 0.6694
vn 0.8015 -0.2937 0.5209
vn 0.9093 -0.2839 0.3042
vn 0.6932 -0.2332 0.6820
vn 0.8192 -0.2216 0.5290
vn 0.9270 -0.2138 0.3082
vn 0.8807 -0.3663 -0.3004
vn 0.7698 -0.3762 -0.5157
vn 0.6387 -0.3905 -0.6630
vn 0.9082 -0.2836 -0.3078
vn 0.7960 -0.2923 -0.5300
vn 0.6628 -0.3047 -0.6840
vn 0.9258 -0.2137 -0.3119
vn 0.8133 -0.2207 -0.5384
vn 0.6790 -0.2307 -0.6970
vn 0.3185 -0.4074 -0.8559
vn 0.1665 -0.4060 -0.8986
vn 0.0600 -0.4035 -0.9130
vn 0.3319 -0.3183 -0.8880
vn 0.1735 -0.3162 -0.9327
vn 0.0624 -0.3134 -0.9476
vn 0.3409 -0.2418 -0.9085
vn 0.1780 -0.2401 -0.9543
vn 0.0639 -0.2377 -0.9692
vn 0.0945 -0.1015 0.9903
vn 0.2283 -0.1007 0.9684
vn 0.3923 -0.0986 0.9146
vn 0.0955 -0.0404 0.9946
vn 0.2300 -0.0388 0.9724
vn 0.3946 -0.0358 0.9181
vn 0.0958 0.0139 0.9953
vn 0.2306 0.0170 0.9729
vn 0.3953 0.0219 0.9183
vn 0.7128 -0.0894 0.6956
vn 0.8390 -0.0849 0.5375
vn 0.9465 -0.0822 0.3122
vn 0.7158 -0.0286 0.6977
vn 0.8420 -0.0269 0.5389
vn 0.9494 -0.0266 0.3129
vn 0.7156 0.0287 0.6979
vn 0.8417 0.0278 0.5392
vn 0.9493 0.0260 0.3134
vn 0.9452 -0.0822 -0.3160
vn 0.8328 -0.0848 -0.5471
vn 0.6976 -0.0891 -0.7110
vn 0.9481 -0.0266 -0.3168
vn 0.8357 -0.0269 -0.5485
vn 0.7005 -0.0287 -0.7131
vn 0.9480 0.0260 -0.3172
vn 0.8354 0.0278 -0.5489
vn 0.7003 0.0284 -0.7133
vn 0.3513 -0.0966 -0.9312
vn 0.1832 -0.0975 -0.9782
vn 0.0657 -0.0973 -0.9931
vn 0.3533 -0.0357 -0.9348
vn 0.1843 -0.0384 -0.9821
vn 0.0660 -0.0396 -0.9970
vn 0.3538 0.0210 -0.9351
vn 0.1847 0.0160 -0.9827
vn 0.0662 0.0132 -0.9977
vn 0.0956 0.1037 0.9900
vn 0.2300 0.1106 0.9669
vn 0.3928 0.1201 0.9117
vn 0.0958 0.1082 0.9895
vn 0.2301 0.1154 0.9663
vn 0.3925 0.1250 0.9112
vn 0.0962 0.0663 0.9931
vn 0.2313 0.0715 0.9703
vn 0.3942 0.0786 0.9156
vn 0.7081 0.1284 0.6944
vn 0.8336 0.1235 0.5383
vn 0.9421 0.1177 0.3139
vn 0.7062 0.1333 0.6954
vn 0.8317 0.1283 0.5401
vn 0.9410 0.1224 0.3156
vn 0.7087 0.0855 0.7003
vn 0.8346 0.0824 0.5446
vn 0.9446 0.0785 0.3186
vn 0.9408 0.1177 -0.3177
vn 0.8274 0.1233 -0.5480
vn 0.6928 0.1278 -0.7097
vn 0.9397 0.1224 -0.3194
vn 0.8254 0.1281 -0.5498
vn 0.6908 0.1327 -0.7107
vn 0.9433 0.0785 -0.3225
vn 0.8282 0.0822 -0.5543
vn 0.6931 0.0850 -0.7158
vn 0.3515 0.1178 -0.9288
vn 0.1841 0.1080 -0.9770
vn 0.0662 0.1019 -0.9926
vn 0.3509 0.1227 -0.9283
vn 0.1841 0.1126 -0.9764
vn 0.0663 0.1064 -0.9921
vn 0.3521 0.0769 -0.9328
vn 0.1848 0.0696 -0.9803
vn 0.0665 0.0651 -0.9957
vn 0.0957 -0.1157 0.9887
vn 0.2303 -0.1197 0.9657
vn 0.3926 -0.1241 0.9113
vn 0.0950 -0.1597 0.9826
vn 0.2288 -0.1660 0.9592
vn 0.3901 -0.1733 0.9043
vn 0.0952 -0.1483 0.9844
vn 0.2293 -0.1542 0.9611
vn 0.3914 -0.1613 0.9060
vn 0.7058 -0.1238 0.6975
vn 0.8315 -0.1186 0.5427
vn 0.9413 -0.1141 0.3176
vn 0.7016 -0.1750 0.6907
vn 0.8267 -0.1678 0.5370
vn 0.9357 -0.1612 0.3139
vn 0.7046 -0.1635 0.6906
vn 0.8296 -0.1568 0.5359
vn 0.9379 -0.1503 0.3127
vn 0.9400 -0.1141 -0.3215
vn 0.8251 -0.1185 -0.5524
vn 0.6904 -0.1235 -0.7128
vn 0.9344 -0.1612 -0.3178
vn 0.8205 -0.1677 -0.5466
vn 0.6865 -0.1745 -0.7059
vn 0.9366 -0.1503 -0.3165
vn 0.8234 -0.1566 -0.5454
vn 0.6895 -0.1630 -0.7057
vn 0.3507 -0.1228 -0.9284
vn 0.1840 -0.1180 -0.9758
vn 0.0663 -0.1145 -0.9912
vn 0.3489 -0.1712 -0.9214
vn 0.1832 -0.1633 -0.9694
vn 0.0659 -0.1579 -0.9853
vn 0.3503 -0.1593 -0.9230
vn 0.1837 -0.1516 -0.9712
vn 0.0661 -0.1464 -0.9870
vn 0.0962 -0.0451 0.9943
vn 0.2316 -0.0469 0.9717
vn 0.3964 -0.0492 0.9168
vn 0.0962 -0.0018 0.9954
vn 0.2317 -0.0020 0.9728
vn 0.3968 -0.0020 0.9179
vn 0.0962 0.0295 0.9949
vn 0.2316 0.0307 0.9723
vn 0.3965 0.0322 0.9175
vn 0.7153 -0.0498 0.6970
vn 0.8409 -0.0477 0.5391
vn 0.9485 -0.0457 0.3136
vn 0.7164 -0.0020 0.6976
vn 0.8421 -0.0019 0.5394
vn 0.9495 -0.0019 0.3136
vn 0.7158 0.0326 0.6976
vn 0.8414 0.0313 0.5395
vn 0.9490 0.0299 0.3138
vn 0.9472 -0.0457 -0.3174
vn 0.8347 -0.0476 -0.5487
vn 0.7001 -0.0496 -0.7123
vn 0.9483 -0.0019 -0.3174
vn 0.8358 -0.0019 -0.5490
vn 0.7012 -0.0020 -0.7129
vn 0.9477 0.0299 -0.3177
vn 0.8351 0.0312 -0.5491
vn 0.7005 0.0326 -0.7129
vn 0.3550 -0.0485 -0.9336
vn 0.1856 -0.0461 -0.9815
vn 0.0665 -0.0445 -0.9968
vn 0.3553 -0.0020 -0.9347
vn 0.1857 -0.0019 -0.9826
vn 0.0665 -0.0019 -0.9978
vn 0.3550 0.0318 -0.9343
vn 0.1856 0.0302 -0.9822
vn 0.0665 0.0291 -0.9974
vn 0.0963 0.0659 0.9932
vn 0.2317 0.0680 0.9704
vn 0.3959 0.0711 0.9155
vn 0.0977 0.0735 0.9925
vn 0.2334 0.0745 0.9695
vn 0.3975 0.0778 0.9143
vn 0.1011 0.0760 0.9920
vn 0.2378 0.0748 0.9684
vn 0.4024 0.0781 0.9121
vn 0.7127 0.0758 0.6974
vn 0.8380 0.0764 0.5403
vn 0.9460 0.0772 0.3147
vn 0.7126 0.0904 0.6957
vn 0.8368 0.0984 0.5387
vn 0.9436 0.1064 0.3134
vn 0.7157 0.1037 0.6906
vn 0.8372 0.1241 0.5326
vn 0.9403 0.1441 0.3083
vn 0.9446 0.0779 -0.3188
vn 0.8315 0.0779 -0.5501
vn 0.6970 0.0779 -0.7128
vn 0.9418 0.1088 -0.3182
vn 0.8294 0.1030 -0.5491
vn 0.6956 0.0973 -0.7118
vn 0.9373 0.1489 -0.3151
vn 0.8278 0.1336 -0.5449
vn 0.6958 0.1183 -0.7085
vn 0.3538 0.0739 -0.9324
vn 0.1853 0.0705 -0.9802
vn 0.0666 0.0682 -0.9954
vn 0.3534 0.0880 -0.9313
vn 0.1852 0.0844 -0.9791
vn 0.0666 0.0823 -0.9944
vn 0.3534 0.1006 -0.9301
vn 0.1850 0.0972 -0.9779
vn 0.0666 0.0956 -0.9932
vn 0.1179 0.0708 0.9905
vn 0.2579 0.0599 0.9643
vn 0.4270 0.0572 0.9024
vn 0.1300 0.0690 0.9891
vn 0.2687 0.0487 0.9620
vn 0.4417 0.0336 0.8965
vn 0.1415 0.0711 0.9874
vn 0.2721 0.0415 0.9614
vn 0.4459 0.0060 0.8951
vn 0.7405 0.1212 0.6610
vn 0.8481 0.1814 0.4977
vn 0.9306 0.2357 0.2802
vn 0.7657 0.1136 0.6331
vn 0.8614 0.2004 0.4667
vn 0.9268 0.2734 0.2573
vn 0.7982 0.0934 0.5951
vn 0.8779 0.2152 0.4278
vn 0.9230 0.3079 0.2310
vn 0.9229 0.2463 -0.2958
vn 0.8302 0.2031 -0.5191
vn 0.7073 0.1553 -0.6896
vn 0.9166 0.2855 -0.2797
vn 0.8389 0.2247 -0.4958
vn 0.7247 0.1511 -0.6724
vn 0.9111 0.3198 -0.2601
vn 0.8529 0.2374 -0.4650
vn 0.7517 0.1242 -0.6477
vn 0.3540 0.1129 -0.9284
vn 0.1827 0.1157 -0.9763
vn 0.0654 0.1192 -0.9907
vn 0.3501 0.0960 -0.9318
vn 0.1761 0.1115 -0.9780
vn 0.0629 0.1227 -0.9904
vn 0.3327 0.0600 -0.9411
vn 0.1612 0.0986 -0.9820
vn 0.0579 0.1195 -0.9911
vn 0.1599 0.0932 0.9827
vn 0.2436 0.0638 0.9678
vn 0.3497 0.0038 0.9369
vn 0.1698 0.1151 0.9787
vn 0.2275 0.0993 0.9687
vn 0.2857 0.0737 0.9555
vn 0.1815 0.1446 0.9727
vn 0.2228 0.1419 0.9645
vn 0.2584 0.1341 0.9567
vn 0.1927 0.0040 -0.9812
vn 0.1028 0.0779 -0.9916
vn 0.0426 0.1067 -0.9934
vn 0.1220 0.0564 -0.9909
vn 0.0765 0.0956 -0.9925
vn 0.0365 0.1131 -0.9929
vn 0.0888 0.1095 -0.9900
vn 0.0632 0.1296 -0.9895
vn 0.0342 0.1348 -0.9903
vn -0.9688 -0.2447 0.0395
vn -0.9731 -0.2272 0.0373
vn -0.9786 -0.2030 0.0331
vn -0.9719 -0.2324 0.0367
vn -0.9763 -0.2142 0.0299
vn -0.9814 -0.1906 0.0231
vn -0.9787 -0.2024 0.0329
vn -0.9817 -0.1894 0.0214
vn -0.9850 -0.1723 0.0123
vn -0.0779 -0.4306 0.8992
vn -0.0800 -0.3369 0.9381
vn -0.0864 -0.2559 0.9628
vn -0.2021 -0.4264 0.8817
vn -0.2115 -0.3297 0.9201
vn -0.2185 -0.2528 0.9425
vn -0.3486 -0.4250 0.8354
vn -0.3666 -0.3302 0.8698
vn -0.3783 -0.2510 0.8910
vn -0.6495 -0.3964 0.6488
vn -0.6757 -0.3088 0.6694
vn -0.6932 -0.2332 0.6820
vn -0.7745 -0.3783 0.5070
vn -0.8015 -0.2937 0.5209
vn -0.8192 -0.2216 0.5290
vn -0.8816 -0.3668 0.2969
vn -0.9093 -0.2839 0.3042
vn -0.9270 -0.2139 0.3081
vn -0.8807 -0.3663 -0.3004
vn -0.9082 -0.2836 -0.3078
vn -0.9258 -0.2137 -0.3119
vn -0.7698 -0.3762 -0.5157
vn -0.7960 -0.2923 -0.5300
vn -0.8133 -0.2207 -0.5384
vn -0.6387 -0.3905 -0.6630
vn -0.6628 -0.3047 -0.6840
vn -0.6790 -0.2307 -0.6970
vn -0.3185 -0.4074 -0.8559
vn -0.3319 -0.3183 -0.8880
vn -0.3409 -0.2418 -0.9085
vn -0.1665 -0.4060 -0.8986
vn -0.1735 -0.3162 -0.9327
vn -0.1780 -0.2401 -0.9543
vn -0.0600 -0.4035 -0.9130
vn -0.0624 -0.3134 -0.9476
vn -0.0639 -0.2377 -0.9692
vn -0.0945 -0.1015 0.9903
vn -0.0955 -0.0404 0.9946
vn -0.0958 0.0139 0.9953
vn -0.2283 -0.1007 0.9684
vn -0.2300 -0.0388 0.9724
vn -0.2306 0.0170 0.9729
vn -0.3923 -0.0986 0.9146
vn -0.3946 -0.0358 0.9181
vn -0.3953 0.0219 0.9183
vn -0.7128 -0.0894 0.6956
vn -0.7158 -0.0286 0.6977
vn -0.7156 0.0287 0.6979
vn -0.8390 -0.0849 0.5375
vn -0.8420 -0.0269 0.5389
vn -0.8417 0.0278 0.5392
vn -0.9465 -0.0822 0.3122
vn -0.9494 -0.0266 0.3129
vn -0.9493 0.0260 0.3134
vn -0.9452 -0.0822 -0.3160
vn -0.9481 -0.0266 -0.3168
vn -0.9480 0.0260 -0.3172
vn -0.8328 -0.0848 -0.5471
vn -0.8357 -0.0269 -0.5485
vn -0.8354 0.0278 -0.5489
vn -0.6976 -0.0891 -0.7110
vn -0.7005 -0.0287 -0.7131
vn -0.7003 0.0284 -0.7133
vn -0.3513 -0.0966 -0.9312
vn -0.3533 -0.0357 -0.9348
vn -0.3538 0.0210 -0.9351
vn -0.1832 -0.0975 -0.9782
vn -0.1843 -0.0384 -0.9821
vn -0.1847 0.0160 -0.9827
vn -0.0657 -0.0974 -0.9931
vn -0.0660 -0.0396 -0.9970
vn -0.0662 0.0132 -0.9977
vn -0.0956 0.1037 0.9900
vn -0.0958 0.1082 0.9895
vn -0.0962 0.0663 0.9931
vn -0.2300 0.1106 0.9669
vn -0.2301 0.1154 0.9663
vn -0.2313 0.0715 0.9703
vn -0.3928 0.1201 0.9117
vn -0.3925 0.1250 0.9112
vn -0.3942 0.0786 0.9156
vn -0.7081 0.1284 0.6944
vn -0.7062 0.1333 0.6954
vn -0.7087 0.0855 0.7003
vn -0.8336 0.1235 0.5383
vn -0.8317 0.1283 0.5401
vn -0.8346 0.0824 0.5446
vn -0.9421 0.1177 0.3139
vn -0.9410 0.1224 0.3156
vn -0.9446 0.0785 0.3186
vn -0.9408 0.1177 -0.3177
vn -0.9397 0.1224 -0.3194
vn -0.9433 0.0785 -0.3225
vn -0.8274 0.1233 -0.5480
vn -0.8254 0.1281 -0.5498
vn -0.8282 0.0822 -0.5543
vn -0.6928 0.1278 -0.7097
vn -0.6908 0.1327 -0.7107
vn -0.6931 0.0850 -0.7158
vn -0.3515 0.1178 -0.9288
vn -0.3509 0.1227 -0.9283
vn -0.3521 0.0769 -0.9328
vn -0.1841 0.1080 -0.9770
vn -0.1841 0.1126 -0.9764
vn -0.1848 0.0696 -0.9803
vn -0.0662 0.1019 -0.9926
vn -0.0663 0.1064 -0.9921
vn -0.0665 0.0651 -0.9957
vn -0.0957 -0.1157 0.9887
vn -0.0950 -0.1597 0.9826
vn -0.0952 -0.1483 0.9844
vn -0.2303 -0.1197 0.9657
vn -0.2288 -0.1660 0.9592
vn -0.2293 -0.1542 0.9611
vn -0.3926 -0.1241 0.9113
vn -0.3901 -0.1733 0.9043
vn -0.3914 -0.1613 0.9060
vn -0.7058 -0.1238 0.6975
vn -0.7016 -0.1750 0.6907
vn -0.7046 -0.1635 0.6906
vn -0.8315 -0.1186 0.5427
vn -0.8267 -0.1678 0.5370
vn -0.8296 -0.1568 0.5359
vn -0.9413 -0.1141 0.3176
vn -0.9357 -0.1612 0.3139
vn -0.9379 -0.1503 0.3127
vn -0.9400 -0.1141 -0.3215
vn -0.9344 -0.1612 -0.3178
vn -0.9366 -0.1503 -0.3165
vn -0.8251 -0.1185 -0.5524
vn -0.8205 -0.1677 -0.5466
vn -0.8234 -0.1566 -0.5454
vn -0.6904 -0.1235 -0.7128
vn -0.6865 -0.1745 -0.7059
vn -0.6895 -0.1630 -0.7057
vn -0.3507 -0.1228 -0.9284
vn -0.3489 -0.1712 -0.9214
vn -0.3503 -0.1593 -0.9230
vn -0.1840 -0.1180 -0.9758
vn -0.1832 -0.1633 -0.9694
vn -0.1837 -0.1516 -0.9712
vn -0.0663 -0.1145 -0.9912
vn -0.0659 -0.1579 -0.9853
vn -0.0661 -0.1464 -0.9870
vn -0.0962 -0.0451 0.9943
vn -0.0962 -0.0018 0.9954
vn -0.0962 0.0295 0.9949
vn -0.2316 -0.0469 0.9717
vn -0.2317 -0.0020 0.9728
vn -0.2316 0.0307 0.9723
vn -0.3964 -0.0492 0.9168
vn -0.3968 -0.0020 0.9179
vn -0.3965 0.0322 0.9175
vn -0.7153 -0.0498 0.6970
vn -0.7164 -0.0020 0.6976
vn -0.7158 0.0326 0.6976
vn -0.8409 -0.0477 0.5391
vn -0.8421 -0.0019 0.5394
vn -0.8414 0.0313 0.5395
vn -0.9485 -0.0457 0.3136
vn -0.9495 -0.0019 0.3136
vn -0.9490 0.0299 0.3138
vn -0.9472 -0.0457 -0.3174
vn -0.9483 -0.0019 -0.3174
vn -0.9477 0.0299 -0.3177
vn -0.8347 -0.0476 -0.5487
vn -0.8358 -0.0019 -0.5490
vn -0.8351 0.0312 -0.5491
vn -0.7001 -0.0496 -0.7123
vn -0.7012 -0.0020 -0.7129
vn -0.7005 0.0326 -0.7129
vn -0.3550 -0.0485 -0.9336
vn -0.3553 -0.0020 -0.9347
vn -0.3550 0.0318 -0.9343
vn -0.1856 -0.0461 -0.9815
vn -0.1857 -0.0019 -0.9826
vn -0.1856 0.0302 -0.9822
vn -0.0665 -0.0445 -0.9968
vn -0.0665 -0.0019 -0.9978
vn -0.0665 0.0291 -0.9974
vn -0.0963 0.0659 0.9932
vn -0.0977 0.0735 0.9925
vn -0.1011 0.0760 0.9920
vn -0.2317 0.0680 0.9704
vn -0.2334 0.0745 0.9695
vn -0.2378 0.0748 0.9684
vn -0.3959 0.0711 0.9155
vn -0.3975 0.0778 0.9143
vn -0.4024 0.0781 0.9121
vn -0.7127 0.0758 0.6974
vn -0.7126 0.0904 0.6957
vn -0.7157 0.1037 0.6906
vn -0.8380 0.0764 0.5403
vn -0.8368 0.0984 0.5387
vn -0.8372 0.1241 0.5326
vn -0.9460 0.0772 0.3147
vn -0.9436 0.1064 0.3134
vn -0.9403 0.1441 0.3083
vn -0.9446 0.0779 -0.3188
vn -0.9418 0.1088 -0.3182
vn -0.9373 0.1489 -0.3151
vn -0.8315 0.0779 -0.5501
vn -0.8294 0.1030 -0.5491
vn -0.8278 0.1336 -0.5449
vn -0.6970 0.0779 -0.7128
vn -0.6956 0.0973 -0.7118
vn -0.6958 0.1183 -0.7085
vn -0.3538 0.0739 -0.9324
vn -0.3534 0.0880 -0.9313
vn -0.3534 0.1006 -0.9301
vn -0.1853 0.0705 -0.9802
vn -0.1852 0.0844 -0.9791
vn -0.1850 0.0972 -0.9779
vn -0.0666 0.0682 -0.9954
vn -0.0666 0.0823 -0.9944
vn -0.0666 0.0956 -0.9932
vn -0.1179 0.0708 0.9905
vn -0.1300 0.0690 0.9891
vn -0.1415 0.0711 0.9874
vn -0.2579 0.0599 0.9643
vn -0.2687 0.0487 0.9620
vn -0.2721 0.0415 0.9614
vn -0.4270 0.0572 0.9024
vn -0.4417 0.0336 0.8965
vn -0.4459 0.0060 0.8951
vn -0.7405 0.1212 0.6610
vn -0.7657 0.1136 0.6331
vn -0.7982 0.0934 0.5951
vn -0.8481 0.1814 0.4977
vn -0.8614 0.2004 0.4667
vn -0.8779 0.2152 0.4278
vn -0.9306 0.2357 0.2802
vn -0.9268 0.2734 0.2573
vn -0.9230 0.3079 0.2310
vn -0.9229 0.2463 -0.2958
vn -0.9166 0.2855 -0.2797
vn -0.9111 0.3198 -0.2601
vn -0.8302 0.2031 -0.5191
vn -0.8389 0.2247 -0.4958
vn -0.8529 0.2374 -0.4650
vn -0.7073 0.1553 -0.6896
vn -0.7247 0.1511 -0.6724
vn -0.7517 0.1242 -0.6477
vn -0.3540 0.1129 -0.9284
vn -0.3501 0.0960 -0.9318
vn -0.3327 0.0600 -0.9411
vn -0.1827 0.1157 -0.9763
vn -0.1761 0.1115 -0.9780
vn -0.1612 0.0986 -0.9820
vn -0.0654 0.1192 -0.9907
vn -0.0629 0.1227 -0.9904
vn -0.0579 0.1195 -0.9911
vn -0.1599 0.0932 0.9827
vn -0.1698 0.1151 0.9787
vn -0.1815 0.1446 0.9727
vn -0.2436 0.0638 0.9678
vn -0.2275 0.0993 0.9687
vn -0.2228 0.1419 0.9645
vn -0.3497 0.0038 0.9369
vn -0.2857 0.0737 0.9555
vn -0.2584 0.1341 0.9567
vn -0.1927 0.0040 -0.9812
vn -0.1220 0.0564 -0.9909
vn -0.0888 0.1095 -0.9900
vn -0.1028 0.0779 -0.9916
vn -0.0765 0.0956 -0.9925
vn -0.0632 0.1296 -0.9895
vn -0.0426 0.1067 -0.9934
vn -0.0365 0.1131 -0.9929
vn -0.0342 0.1348 -0.9903
vn 0.9688 -0.2447 0.0395
vn 0.9719 -0.2324 0.0367
vn 0.9787 -0.2024 0.0329
vn 0.9731 -0.2272 0.0373
vn 0.9763 -0.2142 0.0299
vn 0.9817 -0.1894 0.0214
vn 0.9786 -0.2030 0.0331
vn 0.9814 -0.1906 0.0231
vn 0.9850 -0.1722 0.0123
vn -0.1403 0.2344 -0.9620
vn -0.1326 0.2626 -0.9558
vn -0.1337 0.2387 -0.9618
vn -0.2375 0.2395 -0.9414
vn -0.2303 0.2633 -0.9368
vn -0.2315 0.2374 -0.9434
vn -0.3765 0.2489 -0.8924
vn -0.3736 0.2675 -0.8882
vn -0.3779 0.2362 -0.8952
vn -0.6846 0.2372 -0.6892
vn -0.6838 0.2518 -0.6848
vn -0.6914 0.2195 -0.6883
vn -0.8134 0.2234 -0.5370
vn -0.8120 0.2382 -0.5329
vn -0.8193 0.2079 -0.5344
vn -0.9250 0.2133 -0.3144
vn -0.9223 0.2286 -0.3115
vn -0.9289 0.2000 -0.3117
vn -0.9238 0.2132 0.3180
vn -0.9211 0.2284 0.3151
vn -0.9277 0.1999 0.3154
vn -0.8075 0.2225 0.5463
vn -0.8061 0.2372 0.5422
vn -0.8132 0.2072 0.5439
vn -0.6707 0.2340 0.7039
vn -0.6699 0.2487 0.6996
vn -0.6769 0.2173 0.7033
vn -0.3333 0.2412 0.9115
vn -0.3324 0.2589 0.9069
vn -0.3361 0.2278 0.9139
vn -0.1730 0.2356 0.9563
vn -0.1723 0.2553 0.9514
vn -0.1740 0.2257 0.9585
vn -0.0617 0.2304 0.9711
vn -0.0613 0.2515 0.9659
vn -0.0618 0.2230 0.9729
vn -0.1391 0.1015 -0.9851
vn -0.1400 0.0386 -0.9894
vn -0.1404 -0.0170 -0.9899
vn -0.2396 0.1007 -0.9656
vn -0.2412 0.0370 -0.9698
vn -0.2418 -0.0202 -0.9701
vn -0.3899 0.0985 -0.9156
vn -0.3923 0.0340 -0.9192
vn -0.3928 -0.0248 -0.9193
vn -0.7087 0.0893 -0.6998
vn -0.7117 0.0270 -0.7020
vn -0.7114 -0.0311 -0.7021
vn -0.8365 0.0846 -0.5413
vn -0.8395 0.0253 -0.5428
vn -0.8391 -0.0301 -0.5431
vn -0.9456 0.0818 -0.3148
vn -0.9486 0.0250 -0.3156
vn -0.9484 -0.0281 -0.3160
vn -0.9443 0.0818 0.3187
vn -0.9473 0.0250 0.3194
vn -0.9471 -0.0281 0.3198
vn -0.8302 0.0846 0.5511
vn -0.8331 0.0255 0.5525
vn -0.8327 -0.0299 0.5529
vn -0.6932 0.0891 0.7152
vn -0.6961 0.0273 0.7174
vn -0.6959 -0.0306 0.7175
vn -0.3451 0.0970 0.9335
vn -0.3470 0.0344 0.9372
vn -0.3475 -0.0235 0.9374
vn -0.1784 0.0979 0.9791
vn -0.1794 0.0371 0.9831
vn -0.1798 -0.0186 0.9835
vn -0.0631 0.0977 0.9932
vn -0.0635 0.0383 0.9973
vn -0.0636 -0.0159 0.9978
vn -0.1412 -0.1062 -0.9843
vn -0.1419 -0.1089 -0.9839
vn -0.1431 -0.0660 -0.9875
vn -0.2414 -0.1123 -0.9639
vn -0.2419 -0.1150 -0.9635
vn -0.2432 -0.0703 -0.9674
vn -0.3904 -0.1208 -0.9127
vn -0.3903 -0.1234 -0.9124
vn -0.3920 -0.0765 -0.9168
vn -0.7040 -0.1275 -0.6987
vn -0.7023 -0.1299 -0.7000
vn -0.7046 -0.0820 -0.7049
vn -0.8312 -0.1222 -0.5424
vn -0.8296 -0.1245 -0.5444
vn -0.8323 -0.0787 -0.5488
vn -0.9414 -0.1163 -0.3166
vn -0.9405 -0.1186 -0.3184
vn -0.9440 -0.0748 -0.3214
vn -0.9401 -0.1163 0.3204
vn -0.9392 -0.1185 0.3222
vn -0.9427 -0.0747 0.3252
vn -0.8248 -0.1219 0.5521
vn -0.8231 -0.1242 0.5541
vn -0.8258 -0.0785 0.5585
vn -0.6885 -0.1268 0.7141
vn -0.6867 -0.1292 0.7153
vn -0.6889 -0.0815 0.7203
vn -0.3452 -0.1183 0.9311
vn -0.3447 -0.1210 0.9309
vn -0.3459 -0.0747 0.9353
vn -0.1792 -0.1091 0.9777
vn -0.1793 -0.1118 0.9774
vn -0.1799 -0.0680 0.9813
vn -0.0637 -0.1034 0.9926
vn -0.0638 -0.1060 0.9923
vn -0.0641 -0.0639 0.9959
vn -0.1427 0.1156 -0.9830
vn -0.1414 0.1604 -0.9769
vn -0.1410 0.1500 -0.9786
vn -0.2424 0.1188 -0.9629
vn -0.2407 0.1656 -0.9564
vn -0.2409 0.1552 -0.9581
vn -0.3905 0.1223 -0.9124
vn -0.3881 0.1718 -0.9055
vn -0.3892 0.1614 -0.9069
vn -0.7018 0.1208 -0.7020
vn -0.6979 0.1718 -0.6953
vn -0.7006 0.1622 -0.6949
vn -0.8292 0.1154 -0.5469
vn -0.8247 0.1644 -0.5412
vn -0.8273 0.1551 -0.5399
vn -0.9408 0.1108 -0.3204
vn -0.9353 0.1576 -0.3168
vn -0.9372 0.1486 -0.3154
vn -0.9395 0.1108 0.3242
vn -0.9340 0.1576 0.3206
vn -0.9360 0.1486 0.3192
vn -0.8228 0.1153 0.5566
vn -0.8183 0.1642 0.5508
vn -0.8210 0.1550 0.5495
vn -0.6862 0.1205 0.7174
vn -0.6825 0.1714 0.7105
vn -0.6853 0.1617 0.7101
vn -0.3446 0.1211 0.9309
vn -0.3429 0.1698 0.9239
vn -0.3442 0.1594 0.9253
vn -0.1793 0.1169 0.9768
vn -0.1784 0.1627 0.9704
vn -0.1789 0.1523 0.9720
vn -0.0639 0.1137 0.9915
vn -0.0635 0.1576 0.9855
vn -0.0636 0.1474 0.9870
vn -0.1410 0.0456 -0.9890
vn -0.1409 0.0012 -0.9900
vn -0.1410 -0.0308 -0.9895
vn -0.2428 0.0472 -0.9689
vn -0.2429 0.0012 -0.9700
vn -0.2428 -0.0320 -0.9695
vn -0.3940 0.0493 -0.9178
vn -0.3944 0.0012 -0.9189
vn -0.3941 -0.0334 -0.9185
vn -0.7112 0.0498 -0.7012
vn -0.7123 0.0013 -0.7019
vn -0.7116 -0.0337 -0.7018
vn -0.8384 0.0476 -0.5430
vn -0.8396 0.0012 -0.5433
vn -0.8389 -0.0322 -0.5434
vn -0.9476 0.0455 -0.3162
vn -0.9487 0.0012 -0.3162
vn -0.9481 -0.0308 -0.3165
vn -0.9463 0.0455 0.3200
vn -0.9474 0.0012 0.3200
vn -0.9468 -0.0308 0.3202
vn -0.8321 0.0475 0.5526
vn -0.8332 0.0012 0.5529
vn -0.8325 -0.0322 0.5531
vn -0.6958 0.0496 0.7165
vn -0.6969 0.0013 0.7172
vn -0.6962 -0.0336 0.7171
vn -0.3488 0.0487 0.9359
vn -0.3491 0.0012 0.9371
vn -0.3488 -0.0329 0.9366
vn -0.1807 0.0463 0.9824
vn -0.1808 0.0012 0.9835
vn -0.1807 -0.0314 0.9830
vn -0.0640 0.0447 0.9969
vn -0.0640 0.0011 0.9979
vn -0.0640 -0.0303 0.9975
vn -0.1423 -0.0664 -0.9876
vn -0.1446 -0.0725 -0.9868
vn -0.1493 -0.0727 -0.9861
vn -0.2433 -0.0687 -0.9675
vn -0.2453 -0.0746 -0.9666
vn -0.2501 -0.0744 -0.9653
vn -0.3935 -0.0718 -0.9165
vn -0.3951 -0.0782 -0.9153
vn -0.4001 -0.0783 -0.9131
vn -0.7084 -0.0763 -0.7017
vn -0.7083 -0.0906 -0.7001
vn -0.7115 -0.1036 -0.6950
vn -0.8354 -0.0768 -0.5443
vn -0.8342 -0.0984 -0.5427
vn -0.8347 -0.1238 -0.5366
vn -0.9451 -0.0775 -0.3174
vn -0.9427 -0.1064 -0.3161
vn -0.9395 -0.1438 -0.3110
vn -0.9437 -0.0782 0.3214
vn -0.9409 -0.1087 0.3208
vn -0.9365 -0.1485 0.3176
vn -0.8288 -0.0782 0.5541
vn -0.8267 -0.1028 0.5531
vn -0.8253 -0.1331 0.5488
vn -0.6926 -0.0783 0.7171
vn -0.6912 -0.0972 0.7161
vn -0.6915 -0.1179 0.7127
vn -0.3475 -0.0744 0.9347
vn -0.3471 -0.0882 0.9337
vn -0.3471 -0.1008 0.9324
vn -0.1804 -0.0711 0.9810
vn -0.1803 -0.0848 0.9800
vn -0.1801 -0.0976 0.9788
vn -0.0640 -0.0689 0.9956
vn -0.0641 -0.0828 0.9945
vn -0.0640 -0.0962 0.9933
vn -0.1701 -0.0603 -0.9836
vn -0.1843 -0.0542 -0.9814
vn -0.1977 -0.0523 -0.9789
vn -0.2711 -0.0568 -0.9609
vn -0.2811 -0.0427 -0.9587
vn -0.2818 -0.0324 -0.9589
vn -0.4245 -0.0551 -0.9038
vn -0.4371 -0.0263 -0.8990
vn -0.4342 0.0097 -0.9008
vn -0.7374 -0.1155 -0.6655
vn -0.7638 -0.0946 -0.6385
vn -0.7959 -0.0450 -0.6038
vn -0.8474 -0.1751 -0.5013
vn -0.8637 -0.1793 -0.4710
vn -0.8860 -0.1603 -0.4350
vn -0.9315 -0.2294 -0.2824
vn -0.9321 -0.2523 -0.2598
vn -0.9384 -0.2529 -0.2353
vn -0.9240 -0.2398 0.2978
vn -0.9222 -0.2643 0.2822
vn -0.9271 -0.2653 0.2649
vn -0.8296 -0.1963 0.5228
vn -0.8416 -0.2033 0.5005
vn -0.8618 -0.1826 0.4732
vn -0.7042 -0.1489 0.6942
vn -0.7228 -0.1314 0.6784
vn -0.7499 -0.0753 0.6572
vn -0.3472 -0.1107 0.9312
vn -0.3413 -0.0885 0.9358
vn -0.3178 -0.0438 0.9471
vn -0.1774 -0.1154 0.9774
vn -0.1696 -0.1092 0.9794
vn -0.1521 -0.0935 0.9839
vn -0.0628 -0.1198 0.9908
vn -0.0599 -0.1226 0.9906
vn -0.0542 -0.1182 0.9915
vn -0.2202 -0.0614 -0.9735
vn -0.2345 -0.0618 -0.9701
vn -0.2543 -0.0490 -0.9659
vn -0.2450 -0.0481 -0.9683
vn -0.2312 -0.0702 -0.9704
vn -0.2427 -0.0747 -0.9672
vn -0.3080 0.0136 -0.9513
vn -0.2373 -0.0604 -0.9695
vn -0.2355 -0.1040 -0.9663
vn -0.1589 0.0143 0.9872
vn -0.0888 -0.0419 0.9952
vn -0.0738 -0.0832 0.9938
vn -0.0878 -0.0663 0.9939
vn -0.0635 -0.0728 0.9953
vn -0.0584 -0.0724 0.9957
vn -0.0372 -0.0970 0.9946
vn -0.0317 -0.0858 0.9958
vn -0.0319 -0.0659 0.9973
vn 0.9752 0.2188 -0.0334
vn 0.9813 0.1888 -0.0378
vn 0.9836 0.1756 -0.0408
vn 0.9728 0.2308 -0.0213
vn 0.9779 0.2067 -0.0303
vn 0.9804 0.1934 -0.0379
vn 0.9690 0.2468 -0.0119
vn 0.9730 0.2297 -0.0231
vn 0.9754 0.2177 -0.0333
vn 0.1403 0.2344 -0.9620
vn 0.2375 0.2395 -0.9414
vn 0.3765 0.2489 -0.8924
vn 0.1326 0.2626 -0.9558
vn 0.2303 0.2633 -0.9368
vn 0.3736 0.2675 -0.8882
vn 0.1337 0.2387 -0.9618
vn 0.2315 0.2374 -0.9434
vn 0.3779 0.2362 -0.8952
vn 0.6846 0.2372 -0.6892
vn 0.8134 0.2234 -0.5370
vn 0.9250 0.2133 -0.3144
vn 0.6838 0.2518 -0.6848
vn 0.8120 0.2382 -0.5329
vn 0.9223 0.2286 -0.3115
vn 0.6914 0.2195 -0.6883
vn 0.8193 0.2079 -0.5344
vn 0.9289 0.2000 -0.3117
vn 0.9238 0.2132 0.3180
vn 0.8075 0.2225 0.5463
vn 0.6707 0.2340 0.7039
vn 0.9211 0.2284 0.3151
vn 0.8061 0.2372 0.5422
vn 0.6699 0.2487 0.6996
vn 0.9277 0.1999 0.3154
vn 0.8132 0.2072 0.5439
vn 0.6769 0.2173 0.7033
vn 0.3333 0.2412 0.9115
vn 0.1730 0.2356 0.9563
vn 0.0617 0.2304 0.9711
vn 0.3324 0.2589 0.9069
vn 0.1723 0.2553 0.9514
vn 0.0613 0.2515 0.9659
vn 0.3361 0.2278 0.9139
vn 0.1740 0.2257 0.9585
vn 0.0618 0.2230 0.9729
vn 0.1391 0.1015 -0.9851
vn 0.2396 0.1007 -0.9656
vn 0.3899 0.0985 -0.9156
vn 0.1400 0.0386 -0.9894
vn 0.2412 0.0370 -0.9698
vn 0.3923 0.0340 -0.9192
vn 0.1404 -0.0170 -0.9899
vn 0.2418 -0.0202 -0.9701
vn 0.3928 -0.0248 -0.9193
vn 0.7087 0.0893 -0.6998
vn 0.8365 0.0846 -0.5413
vn 0.9456 0.0818 -0.3148
vn 0.7117 0.0270 -0.7020
vn 0.8395 0.0253 -0.5428
vn 0.9486 0.0250 -0.3156
vn 0.7114 -0.0311 -0.7021
vn 0.8391 -0.0301 -0.5431
vn 0.9484 -0.0281 -0.3160
vn 0.9443 0.0818 0.3187
vn 0.8302 0.0846 0.5511
vn 0.6932 0.0891 0.7152
vn 0.9473 0.0250 0.3194
vn 0.8331 0.0255 0.5525
vn 0.6961 0.0273 0.7174
vn 0.9471 -0.0281 0.3198
vn 0.8327 -0.0299 0.5529
vn 0.6959 -0.0306 0.7175
vn 0.3451 0.0970 0.9335
vn 0.1784 0.0979 0.9791
vn 0.0631 0.0977 0.9932
vn 0.3470 0.0344 0.9372
vn 0.1794 0.0371 0.9831
vn 0.0635 0.0383 0.9973
vn 0.3475 -0.0235 0.9374
vn 0.1798 -0.0186 0.9835
vn 0.0636 -0.0159 0.9978
vn 0.1412 -0.1062 -0.9843
vn 0.2414 -0.1123 -0.9639
vn 0.3904 -0.1208 -0.9127
vn 0.1419 -0.1089 -0.9839
vn 0.2419 -0.1150 -0.9635
vn 0.3903 -0.1234 -0.9124
vn 0.1431 -0.0660 -0.9875
vn 0.2432 -0.0703 -0.9674
vn 0.3920 -0.0765 -0.9168
vn 0.7040 -0.1275 -0.6987
vn 0.8312 -0.1222 -0.5424
vn 0.9414 -0.1163 -0.3166
vn 0.7023 -0.1299 -0.7000
vn 0.8296 -0.1245 -0.5444
vn 0.9405 -0.1186 -0.3184
vn 0.7046 -0.0820 -0.7049
vn 0.8323 -0.0787 -0.5488
vn 0.9440 -0.0748 -0.3214
vn 0.9401 -0.1163 0.3204
vn 0.8248 -0.1219 0.5521
vn 0.6885 -0.1268 0.7141
vn 0.9392 -0.1185 0.3222
vn 0.8231 -0.1242 0.5541
vn 0.6867 -0.1292 0.7153
vn 0.9427 -0.0747 0.3252
vn 0.8257 -0.0785 0.5585
vn 0.6889 -0.0815 0.7203
vn 0.3452 -0.1183 0.9311
vn 0.1792 -0.1091 0.9777
vn 0.0637 -0.1034 0.9926
vn 0.3447 -0.1210 0.9309
vn 0.1793 -0.1118 0.9774
vn 0.0638 -0.1060 0.9923
vn 0.3459 -0.0747 0.9353
vn 0.1799 -0.0680 0.9813
vn 0.0641 -0.0639 0.9959
vn 0.1427 0.1156 -0.9830
vn 0.2424 0.1188 -0.9629
vn 0.3905 0.1223 -0.9124
vn 0.1414 0.1604 -0.9769
vn 0.2407 0.1656 -0.9564
vn 0.3881 0.1718 -0.9055
vn 0.1410 0.1500 -0.9786
vn 0.2409 0.1552 -0.9581
vn 0.3892 0.1614 -0.9069
vn 0.7018 0.1208 -0.7020
vn 0.8292 0.1154 -0.5469
vn 0.9408 0.1108 -0.3204
vn 0.6979 0.1718 -0.6953
vn 0.8247 0.1644 -0.5412
vn 0.9353 0.1576 -0.3168
vn 0.7006 0.1622 -0.6949
vn 0.8273 0.1551 -0.5399
vn 0.9372 0.1486 -0.3154
vn 0.9395 0.1108 0.3242
vn 0.8228 0.1153 0.5566
vn 0.6862 0.1205 0.7174
vn 0.9340 0.1576 0.3206
vn 0.8183 0.1642 0.5508
vn 0.6825 0.1714 0.7105
vn 0.9360 0.1486 0.3192
vn 0.8210 0.1550 0.5495
vn 0.6853 0.1617 0.7101
vn 0.3446 0.1211 0.9309
vn 0.1793 0.1169 0.9768
vn 0.0639 0.1137 0.9915
vn 0.3429 0.1698 0.9239
vn 0.1784 0.1627 0.9704
vn 0.0635 0.1576 0.9855
vn 0.3442 0.1594 0.9253
vn 0.1789 0.1523 0.9720
vn 0.0636 0.1474 0.9870
vn 0.1410 0.0456 -0.9890
vn 0.2428 0.0472 -0.9689
vn 0.3940 0.0493 -0.9178
vn 0.1409 0.0012 -0.9900
vn 0.2429 0.0012 -0.9700
vn 0.3944 0.0012 -0.9189
vn 0.1410 -0.0308 -0.9895
vn 0.2429 -0.0320 -0.9695
vn 0.3941 -0.0334 -0.9185
vn 0.7112 0.0498 -0.7012
vn 0.8384 0.0476 -0.5430
vn 0.9476 0.0455 -0.3162
vn 0.7123 0.0013 -0.7019
vn 0.8396 0.0012 -0.5433
vn 0.9487 0.0012 -0.3162
vn 0.7116 -0.0337 -0.7018
vn 0.8389 -0.0322 -0.5434
vn 0.9481 -0.0308 -0.3165
vn 0.9463 0.0455 0.3200
vn 0.8321 0.0475 0.5526
vn 0.6958 0.0496 0.7165
vn 0.9474 0.0012 0.3200
vn 0.8332 0.0012 0.5529
vn 0.6969 0.0013 0.7172
vn 0.9468 -0.0308 0.3202
vn 0.8325 -0.0322 0.5531
vn 0.6962 -0.0336 0.7171
vn 0.3488 0.0487 0.9359
vn 0.1807 0.0463 0.9824
vn 0.0640 0.0447 0.9969
vn 0.3491 0.0012 0.9371
vn 0.1808 0.0012 0.9835
vn 0.0640 0.0011 0.9979
vn 0.3488 -0.0329 0.9366
vn 0.1807 -0.0314 0.9830
vn 0.0640 -0.0303 0.9975
vn 0.1423 -0.0664 -0.9876
vn 0.2433 -0.0687 -0.9675
vn 0.3935 -0.0718 -0.9165
vn 0.1446 -0.0725 -0.9868
vn 0.2453 -0.0746 -0.9666
vn 0.3951 -0.0782 -0.9153
vn 0.1493 -0.0727 -0.9861
vn 0.2501 -0.0744 -0.9653
vn 0.4001 -0.0783 -0.9131
vn 0.7084 -0.0763 -0.7017
vn 0.8354 -0.0768 -0.5443
vn 0.9451 -0.0775 -0.3174
vn 0.7083 -0.0906 -0.7001
vn 0.8342 -0.0984 -0.5427
vn 0.9427 -0.1064 -0.3161
vn 0.7115 -0.1036 -0.6950
vn 0.8347 -0.1238 -0.5366
vn 0.9395 -0.1438 -0.3110
vn 0.9437 -0.0782 0.3214
vn 0.8288 -0.0782 0.5541
vn 0.6926 -0.0783 0.7171
vn 0.9409 -0.1087 0.3208
vn 0.8267 -0.1028 0.5531
vn 0.6912 -0.0972 0.7161
vn 0.9365 -0.1485 0.3176
vn 0.8253 -0.1331 0.5488
vn 0.6915 -0.1179 0.7127
vn 0.3475 -0.0744 0.9347
vn 0.1804 -0.0711 0.9810
vn 0.0640 -0.0689 0.9956
vn 0.3471 -0.0882 0.9337
vn 0.1803 -0.0848 0.9800
vn 0.0641 -0.0828 0.9945
vn 0.3471 -0.1008 0.9324
vn 0.1801 -0.0976 0.9788
vn 0.0640 -0.0962 0.9933
vn 0.1701 -0.0603 -0.9836
vn 0.2711 -0.0568 -0.9609
vn 0.4245 -0.0551 -0.9038
vn 0.1843 -0.0542 -0.9814
vn 0.2811 -0.0427 -0.9587
vn 0.4371 -0.0263 -0.8990
vn 0.1977 -0.0523 -0.9789
vn 0.2818 -0.0324 -0.9589
vn 0.4342 0.0097 -0.9008
vn 0.7374 -0.1155 -0.6655
vn 0.8474 -0.1751 -0.5013
vn 0.9315 -0.2294 -0.2824
vn 0.7638 -0.0946 -0.6385
vn 0.8637 -0.1793 -0.4710
vn 0.9321 -0.2523 -0.2598
vn 0.7959 -0.0450 -0.6038
vn 0.8860 -0.1603 -0.4350
vn 0.9384 -0.2529 -0.2353
vn 0.9240 -0.2398 0.2978
vn 0.8296 -0.1963 0.5228
vn 0.7042 -0.1489 0.6942
vn 0.9222 -0.2643 0.2822
vn 0.8416 -0.2033 0.5005
vn 0.7228 -0.1314 0.6784
vn 0.9271 -0.2653 0.2649
vn 0.8618 -0.1826 0.4732
vn 0.7499 -0.0753 0.6572
vn 0.3472 -0.1107 0.9312
vn 0.1774 -0.1154 0.9774
vn 0.0628 -0.1198 0.9908
vn 0.3413 -0.0885 0.9358
vn 0.1696 -0.1092 0.9794
vn 0.0599 -0.1226 0.9906
vn 0.3178 -0.0438 0.9471
vn 0.1521 -0.0935 0.9839
vn 0.0542 -0.1182 0.9915
vn 0.2202 -0.0614 -0.9735
vn 0.2450 -0.0481 -0.9683
vn 0.3080 0.0136 -0.9513
vn 0.2345 -0.0618 -0.9701
vn 0.2312 -0.0702 -0.9704
vn 0.2373 -0.0604 -0.9695
vn 0.2543 -0.0490 -0.9659
vn 0.2427 -0.0747 -0.9672
vn 0.2355 -0.1040 -0.9663
vn 0.1589 0.0143 0.9872
vn 0.0878 -0.0663 0.9939
vn 0.0372 -0.0970 0.9946
vn 0.0888 -0.0419 0.9952
vn 0.0635 -0.0728 0.9953
vn 0.0317 -0.0858 0.9958
vn 0.0738 -0.0832 0.9938
vn 0.0584 -0.0724 0.9957
vn 0.0319 -0.0659 0.9973
vn -0.9752 0.2188 -0.0334
vn -0.9728 0.2308 -0.0213
vn -0.9690 0.2468 -0.0119
vn -0.9813 0.1888 -0.0378
vn -0.9779 0.2067 -0.0303
vn -0.9730 0.2297 -0.0231
vn -0.9836 0.1756 -0.0408
vn -0.9804 0.1934 -0.0379
vn -0.9754 0.2177 -0.0333
vn -0.1636 -0.6490 0.7430
vn -0.1821 -0.4460 0.8763
vn -0.1709 -0.2845 0.9433
vn -0.6547 -0.7216 -0.2250
vn -0.9008 -0.4268 -0.0797
vn -0.9882 -0.1494 0.0348
vn -0.2458 -0.0200 -0.9691
vn -0.2720 0.1560 -0.9496
vn -0.2677 0.2111 -0.9401
vn 0.1856 -0.8422 0.5063
vn 0.0743 -0.8558 0.5119
vn -0.0274 -0.8570 0.5146
vn -0.1712 -0.9364 -0.3063
vn -0.1580 -0.9292 -0.3342
vn -0.1944 -0.9229 -0.3323
vn -0.3932 -0.2424 -0.8869
vn -0.2676 -0.2391 -0.9334
vn -0.1913 -0.2366 -0.9526
vn 0.5850 -0.7860 0.2002
vn 0.5037 -0.7957 0.3362
vn 0.4093 -0.8095 0.4210
vn -0.3038 -0.9475 -0.1001
vn -0.2838 -0.9415 -0.1817
vn -0.2484 -0.9393 -0.2368
vn -0.9230 -0.2193 -0.3162
vn -0.8142 -0.2158 -0.5391
vn -0.6890 -0.2204 -0.6904
vn 0.4144 -0.7997 -0.4345
vn 0.5068 -0.7908 -0.3433
vn 0.5868 -0.7840 -0.2028
vn -0.2274 -0.9437 0.2403
vn -0.2728 -0.9443 0.1842
vn -0.2992 -0.9488 0.1012
vn -0.6710 -0.2212 0.7077
vn -0.8066 -0.2168 0.5499
vn -0.9213 -0.2200 0.3205
vn 0.0372 -0.8170 -0.5755
vn 0.1040 -0.8150 -0.5701
vn 0.2012 -0.8123 -0.5474
vn -0.0213 -0.9467 0.3213
vn -0.0577 -0.9486 0.3111
vn -0.1089 -0.9489 0.2962
vn -0.0612 -0.2731 0.9600
vn -0.1716 -0.2653 0.9488
vn -0.3320 -0.2514 0.9092
vn -0.1543 -0.1005 0.9829
vn -0.1534 -0.0402 0.9873
vn -0.1539 0.0124 0.9880
vn -0.9970 -0.0046 0.0774
vn -0.9972 -0.0031 0.0743
vn -0.9973 -0.0021 0.0735
vn -0.2601 0.0995 -0.9604
vn -0.2601 0.0385 -0.9648
vn -0.2611 -0.0147 -0.9652
vn -0.1569 0.0977 0.9828
vn -0.1587 0.1016 0.9821
vn -0.1607 0.0617 0.9851
vn -0.9978 -0.0009 0.0659
vn -0.9985 -0.0025 0.0544
vn -0.9992 -0.0039 0.0399
vn -0.2645 -0.1000 -0.9592
vn -0.2666 -0.1030 -0.9583
vn -0.2688 -0.0622 -0.9612
vn -0.1615 -0.1106 0.9807
vn -0.1598 -0.1525 0.9753
vn -0.1580 -0.1417 0.9772
vn -0.9993 0.0021 0.0377
vn -0.9985 0.0001 0.0551
vn -0.9976 -0.0022 0.0692
vn -0.2691 0.1104 -0.9568
vn -0.2671 0.1530 -0.9515
vn -0.2653 0.1429 -0.9535
vn -0.1549 -0.0431 0.9870
vn -0.1544 -0.0016 0.9880
vn -0.1548 0.0285 0.9875
vn -0.9973 -0.0001 0.0729
vn -0.9976 0.0003 0.0688
vn -0.9978 0.0003 0.0659
vn -0.2621 0.0434 -0.9641
vn -0.2614 0.0012 -0.9652
vn -0.2619 -0.0292 -0.9647
vn -0.1582 0.0658 0.9852
vn -0.1602 0.0789 0.9839
vn -0.1616 0.0912 0.9826
vn -0.9980 0.0151 0.0615
vn -0.9972 0.0460 0.0596
vn -0.9937 0.0955 0.0586
vn -0.2675 -0.0601 -0.9617
vn -0.2735 -0.0593 -0.9601
vn -0.2827 -0.0483 -0.9580
vn -0.1595 0.1181 0.9801
vn -0.1554 0.1329 0.9789
vn -0.1501 0.1486 0.9774
vn -0.9705 0.2319 0.0665
vn -0.9542 0.2891 0.0775
vn -0.9396 0.3299 0.0914
vn -0.3145 -0.0027 -0.9492
vn -0.3381 0.0184 -0.9409
vn -0.3669 0.0338 -0.9296
vn 0.8717 0.1316 0.4720
vn 0.8729 0.3634 0.3257
vn 0.8543 0.4908 0.1711
vn 0.1709 0.9718 -0.1626
vn -0.0659 0.9908 -0.1186
vn -0.2133 0.9746 -0.0687
vn -0.8038 0.2614 -0.5344
vn -0.9214 0.0850 -0.3792
vn -0.9779 -0.0484 -0.2032
vn 0.8443 0.4947 -0.2057
vn 0.8579 0.3531 -0.3732
vn 0.8323 0.0669 -0.5503
vn -0.2135 0.9739 0.0771
vn -0.0459 0.9927 0.1115
vn 0.2231 0.9685 0.1108
vn -0.9684 -0.0564 0.2430
vn -0.9008 0.0893 0.4249
vn -0.7505 0.3038 0.5869
vn -0.1394 0.1924 0.9714
vn -0.1312 0.2356 0.9630
vn -0.1105 0.3015 0.9470
vn -0.9124 0.3920 0.1175
vn -0.8802 0.4594 0.1190
vn -0.8044 0.5854 0.1011
vn -0.4349 0.0596 -0.8985
vn -0.4626 0.0895 -0.8820
vn -0.4720 0.1385 -0.8706
vn 0.5767 0.0520 0.8153
vn 0.5451 0.0167 0.8382
vn 0.6439 -0.0662 0.7623
vn 0.9725 -0.0813 0.2181
vn 0.9896 -0.0142 -0.1430
vn 0.8964 0.3051 -0.3216
vn 0.5016 -0.2502 -0.8281
vn 0.0188 -0.0151 -0.9997
vn -0.3108 0.2177 -0.9252
vn 0.0724 0.3998 0.9137
vn 0.1503 0.4176 0.8961
vn 0.1122 0.5634 0.8185
vn -0.3994 0.9168 0.0014
vn -0.2537 0.9661 -0.0467
vn -0.2126 0.9701 -0.1170
vn -0.3749 0.1998 -0.9053
vn -0.3390 0.2074 -0.9176
vn -0.3630 0.3822 -0.8498
vn 0.4665 -0.1311 -0.8748
vn 0.3369 -0.0256 -0.9412
vn 0.3724 0.0211 -0.9278
vn 0.9151 0.3785 0.1387
vn 0.9970 0.0497 0.0595
vn 0.9713 -0.1042 -0.2140
vn -0.1976 0.2699 0.9424
vn 0.0480 0.0509 0.9975
vn 0.3742 -0.1725 0.9112
vn 0.0214 0.5570 -0.8302
vn 0.0467 0.4057 -0.9128
vn 0.0307 0.3756 -0.9263
vn -0.0739 0.9917 0.1048
vn -0.0407 0.9953 0.0877
vn -0.0129 0.9964 0.0835
vn -0.1268 0.4365 0.8907
vn -0.0772 0.2213 0.9722
vn -0.0397 0.1916 0.9807
vn -0.8037 -0.5948 0.0178
vn -0.8868 -0.4604 0.0403
vn -0.8175 -0.5732 0.0557
vn 0.0854 -0.9957 -0.0353
vn 0.1887 -0.9820 -0.0090
vn 0.0857 -0.9960 0.0270
vn 0.9746 -0.2145 -0.0652
vn 0.9960 -0.0766 -0.0460
vn 0.9767 -0.2128 -0.0263
vn -0.9872 -0.1032 0.1212
vn -0.9783 -0.1537 0.1392
vn -0.9639 -0.0654 0.2580
vn -0.1625 0.7280 0.6660
vn -0.1123 0.6035 0.7895
vn 0.1451 0.6013 0.7857
vn 0.9264 0.3694 0.0726
vn 0.9400 0.3334 0.0719
vn 0.9251 0.3639 0.1085
vn -0.9976 0.0657 -0.0231
vn -0.9983 0.0565 0.0140
vn -0.9981 0.0345 0.0518
vn -0.1873 0.9671 -0.1721
vn -0.2069 0.9784 0.0041
vn -0.2148 0.9594 0.1828
vn 0.8967 0.4399 -0.0495
vn 0.8888 0.4581 -0.0129
vn 0.8868 0.4616 0.0235
vn -0.9808 0.0445 -0.1899
vn -0.9947 -0.0573 -0.0849
vn -0.9967 -0.0230 -0.0778
vn 0.1454 0.6212 -0.7701
vn -0.0949 0.6474 -0.7562
vn -0.1291 0.7612 -0.6355
vn 0.9474 0.2750 -0.1638
vn 0.9593 0.2543 -0.1224
vn 0.9446 0.3082 -0.1127
vn 0.1709 -0.2845 0.9433
vn 0.1821 -0.4460 0.8763
vn 0.1636 -0.6490 0.7430
vn 0.9882 -0.1494 0.0348
vn 0.9008 -0.4268 -0.0797
vn 0.6547 -0.7216 -0.2250
vn 0.2677 0.2111 -0.9401
vn 0.2720 0.1560 -0.9496
vn 0.2458 -0.0200 -0.9691
vn 0.0275 -0.8570 0.5146
vn -0.0743 -0.8558 0.5119
vn -0.1855 -0.8422 0.5063
vn 0.1944 -0.9229 -0.3323
vn 0.1580 -0.9292 -0.3342
vn 0.1712 -0.9364 -0.3063
vn 0.1913 -0.2366 -0.9526
vn 0.2676 -0.2391 -0.9334
vn 0.3932 -0.2424 -0.8869
vn -0.4093 -0.8095 0.4210
vn -0.5037 -0.7957 0.3362
vn -0.5850 -0.7859 0.2002
vn 0.2484 -0.9393 -0.2368
vn 0.2838 -0.9415 -0.1817
vn 0.3038 -0.9475 -0.1001
vn 0.6890 -0.2204 -0.6904
vn 0.8142 -0.2158 -0.5391
vn 0.9230 -0.2193 -0.3162
vn -0.5868 -0.7839 -0.2028
vn -0.5068 -0.7908 -0.3433
vn -0.4144 -0.7997 -0.4345
vn 0.2992 -0.9488 0.1012
vn 0.2728 -0.9443 0.1842
vn 0.2274 -0.9437 0.2403
vn 0.9213 -0.2200 0.3205
vn 0.8066 -0.2168 0.5499
vn 0.6710 -0.2212 0.7077
vn -0.2012 -0.8123 -0.5474
vn -0.1040 -0.8150 -0.5701
vn -0.0372 -0.8170 -0.5755
vn 0.1089 -0.9489 0.2962
vn 0.0577 -0.9486 0.3111
vn 0.0213 -0.9467 0.3213
vn 0.3320 -0.2514 0.9092
vn 0.1716 -0.2653 0.9488
vn 0.0612 -0.2731 0.9600
vn 0.1539 0.0124 0.9880
vn 0.1534 -0.0402 0.9873
vn 0.1543 -0.1005 0.9829
vn 0.9973 -0.0021 0.0735
vn 0.9972 -0.0031 0.0743
vn 0.9970 -0.0046 0.0774
vn 0.2611 -0.0147 -0.9652
vn 0.2601 0.0385 -0.9648
vn 0.2601 0.0995 -0.9604
vn 0.1607 0.0617 0.9851
vn 0.1587 0.1016 0.9821
vn 0.1569 0.0977 0.9828
vn 0.9992 -0.0039 0.0399
vn 0.9985 -0.0025 0.0544
vn 0.9978 -0.0009 0.0659
vn 0.2688 -0.0622 -0.9612
vn 0.2666 -0.1029 -0.9583
vn 0.2645 -0.1000 -0.9592
vn 0.1580 -0.1417 0.9772
vn 0.1598 -0.1525 0.9753
vn 0.1615 -0.1106 0.9807
vn 0.9976 -0.0022 0.0692
vn 0.9985 0.0001 0.0551
vn 0.9993 0.0021 0.0377
vn 0.2653 0.1429 -0.9535
vn 0.2671 0.1530 -0.9515
vn 0.2691 0.1104 -0.9568
vn 0.1548 0.0285 0.9875
vn 0.1544 -0.0016 0.9880
vn 0.1549 -0.0431 0.9870
vn 0.9978 0.0003 0.0659
vn 0.9976 0.0003 0.0688
vn 0.9973 -0.0001 0.0729
vn 0.2619 -0.0292 -0.9647
vn 0.2614 0.0012 -0.9652
vn 0.2621 0.0434 -0.9641
vn 0.1616 0.0912 0.9826
vn 0.1602 0.0789 0.9839
vn 0.1582 0.0658 0.9852
vn 0.9937 0.0955 0.0586
vn 0.9972 0.0460 0.0596
vn 0.9980 0.0151 0.0615
vn 0.2827 -0.0483 -0.9580
vn 0.2735 -0.0593 -0.9601
vn 0.2675 -0.0601 -0.9617
vn 0.1501 0.1486 0.9774
vn 0.1554 0.1329 0.9789
vn 0.1595 0.1181 0.9801
vn 0.9396 0.3300 0.0914
vn 0.9542 0.2891 0.0775
vn 0.9705 0.2319 0.0665
vn 0.3669 0.0338 -0.9296
vn 0.3381 0.0184 -0.9409
vn 0.3145 -0.0027 -0.9492
vn -0.8543 0.4908 0.1711
vn -0.8729 0.3634 0.3257
vn -0.8717 0.1316 0.4720
vn 0.2133 0.9746 -0.0687
vn 0.0659 0.9908 -0.1186
vn -0.1709 0.9718 -0.1626
vn 0.9779 -0.0484 -0.2032
vn 0.9214 0.0850 -0.3792
vn 0.8038 0.2614 -0.5344
vn -0.8323 0.0669 -0.5503
vn -0.8579 0.3531 -0.3732
vn -0.8443 0.4947 -0.2057
vn -0.2231 0.9685 0.1108
vn 0.0459 0.9927 0.1115
vn 0.2135 0.9739 0.0771
vn 0.7505 0.3038 0.5869
vn 0.9008 0.0893 0.4249
vn 0.9684 -0.0564 0.2430
vn 0.1105 0.3015 0.9470
vn 0.1312 0.2356 0.9629
vn 0.1394 0.1924 0.9714
vn 0.8044 0.5854 0.1011
vn 0.8802 0.4594 0.1190
vn 0.9124 0.3920 0.1175
vn 0.4720 0.1385 -0.8706
vn 0.4626 0.0895 -0.8820
vn 0.4349 0.0596 -0.8985
vn -0.6439 -0.0662 0.7623
vn -0.5451 0.0167 0.8382
vn -0.5767 0.0520 0.8153
vn -0.8964 0.3051 -0.3216
vn -0.9896 -0.0142 -0.1430
vn -0.9725 -0.0813 0.2181
vn 0.3108 0.2177 -0.9252
vn -0.0188 -0.0151 -0.9997
vn -0.5016 -0.2502 -0.8281
vn -0.1122 0.5634 0.8185
vn -0.1503 0.4177 0.8961
vn -0.0724 0.3998 0.9137
vn 0.2126 0.9701 -0.1170
vn 0.2537 0.9661 -0.0467
vn 0.3994 0.9168 0.0014
vn 0.3630 0.3823 -0.8498
vn 0.3390 0.2074 -0.9176
vn 0.3749 0.1998 -0.9053
vn -0.3724 0.0211 -0.9278
vn -0.3369 -0.0256 -0.9412
vn -0.4665 -0.1311 -0.8748
vn -0.9713 -0.1042 -0.2140
vn -0.9970 0.0497 0.0595
vn -0.9152 0.3785 0.1387
vn -0.3742 -0.1725 0.9112
vn -0.0480 0.0509 0.9975
vn 0.1976 0.2699 0.9424
vn -0.0307 0.3756 -0.9263
vn -0.0467 0.4057 -0.9128
vn -0.0214 0.5570 -0.8302
vn 0.0129 0.9964 0.0835
vn 0.0407 0.9953 0.0877
vn 0.0739 0.9917 0.1048
vn 0.0397 0.1916 0.9807
vn 0.0772 0.2213 0.9722
vn 0.1268 0.4365 0.8907
vn 0.8175 -0.5733 0.0557
vn 0.8868 -0.4604 0.0403
vn 0.8037 -0.5948 0.0178
vn -0.0857 -0.9960 0.0270
vn -0.1887 -0.9820 -0.0090
vn -0.0854 -0.9957 -0.0353
vn -0.9767 -0.2128 -0.0263
vn -0.9960 -0.0766 -0.0460
vn -0.9746 -0.2145 -0.0652
vn 0.9639 -0.0654 0.2580
vn 0.9783 -0.1537 0.1392
vn 0.9872 -0.1032 0.1212
vn -0.1451 0.6013 0.7857
vn 0.1123 0.6035 0.7895
vn 0.1625 0.7280 0.6660
vn -0.9251 0.3639 0.1085
vn -0.9400 0.3334 0.0719
vn -0.9264 0.3694 0.0726
vn 0.9981 0.0345 0.0518
vn 0.9983 0.0565 0.0140
vn 0.9976 0.0657 -0.0231
vn 0.2148 0.9594 0.1828
vn 0.2069 0.9784 0.0041
vn 0.1873 0.9671 -0.1721
vn -0.8868 0.4616 0.0235
vn -0.8888 0.4581 -0.0129
vn -0.8967 0.4399 -0.0495
vn 0.9967 -0.0230 -0.0778
vn 0.9947 -0.0573 -0.0849
vn 0.9808 0.0445 -0.1899
vn 0.1291 0.7612 -0.6355
vn 0.0949 0.6474 -0.7562
vn -0.1454 0.6212 -0.7701
vn -0.9446 0.3082 -0.1127
vn -0.9593 0.2543 -0.1224
vn -0.9474 0.2750 -0.1638
s 1
usemtl Material_Chaleco_Neon.025
f 1163//1163 1164//1164 1167//1167 1166//1166
f 1164//1164 1165//1165 1168//1168 1167//1167
f 1166//1166 1167//1167 1170//1170 1169//1169
f 1167//1167 1168//1168 1171//1171 1170//1170
f 1//1 170//170 1163//1163 169//169
f 170//170 171//171 1164//1164 1163//1163
f 171//171 172//172 1165//1165 1164//1164
f 172//172 2//2 173//173 1165//1165
f 1165//1165 173//173 174//174 1168//1168
f 1168//1168 174//174 175//175 1171//1171
f 1171//1171 175//175 7//7 176//176
f 1170//1170 1171//1171 176//176 177//177
f 1169//1169 1170//1170 177//177 178//178
f 167//167 1169//1169 178//178 6//6
f 168//168 1166//1166 1169//1169 167//167
f 169//169 1163//1163 1166//1166 168//168
f 1172//1172 1173//1173 1176//1176 1175//1175
f 1173//1173 1174//1174 1177//1177 1176//1176
f 1175//1175 1176//1176 1179//1179 1178//1178
f 1176//1176 1177//1177 1180//1180 1179//1179
f 2//2 179//179 1172//1172 173//173
f 179//179 180//180 1173//1173 1172//1172
f 180//180 181//181 1174//1174 1173//1173
f 181//181 3//3 182//182 1174//1174
f 1174//1174 182//182 183//183 1177//1177
f 1177//1177 183//183 184//184 1180//1180
f 1180//1180 184//184 8//8 185//185
f 1179//1179 1180//1180 185//185 186//186
f 1178//1178 1179//1179 186//186 187//187
f 175//175 1178//1178 187//187 7//7
f 174//174 1175//1175 1178//1178 175//175
f 173//173 1172//1172 1175//1175 174//174
f 1181//1181 1182//1182 1185//1185 1184//1184
f 1182//1182 1183//1183 1186//1186 1185//1185
f 1184//1184 1185//1185 1188//1188 1187//1187
f 1185//1185 1186//1186 1189//1189 1188//1188
f 3//3 188//188 1181//1181 182//182
f 188//188 189//189 1182//1182 1181//1181
f 189//189 190//190 1183//1183 1182//1182
f 190//190 4//4 191//191 1183//1183
f 1183//1183 191//191 192//192 1186//1186
f 1186//1186 192//192 193//193 1189//1189
f 1189//1189 193//193 9//9 194//194
f 1188//1188 1189//1189 194//194 195//195
f 1187//1187 1188//1188 195//195 196//196
f 184//184 1187//1187 196//196 8//8
f 183//183 1184//1184 1187//1187 184//184
f 182//182 1181//1181 1184//1184 183//183
f 1190//1190 1191//1191 1194//1194 1193//1193
f 1191//1191 1192//1192 1195//1195 1194//1194
f 1193//1193 1194//1194 1197//1197 1196//1196
f 1194//1194 1195//1195 1198//1198 1197//1197
f 4//4 197//197 1190//1190 191//191
f 197//197 198//198 1191//1191 1190//1190
f 198//198 199//199 1192//1192 1191//1191
f 199//199 5//5 200//200 1192//1192
f 1192//1192 200//200 201//201 1195//1195
f 1195//1195 201//201 202//202 1198//1198
f 1198//1198 202//202 10//10 203//203
f 1197//1197 1198//1198 203//203 204//204
f 1196//1196 1197//1197 204//204 205//205
f 193//193 1196//1196 205//205 9//9
f 192//192 1193//1193 1196//1196 193//193
f 191//191 1190//1190 1193//1193 192//192
f 1235//1235 1236//1236 1239//1239 1238//1238
f 1236//1236 1237//1237 1240//1240 1239//1239
f 1238//1238 1239//1239 1242//1242 1241//1241
f 1239//1239 1240//1240 1243//1243 1242//1242
f 11//11 214//214 1235//1235 235//235
f 214//214 213//213 1236//1236 1235//1235
f 213//213 212//212 1237//1237 1236//1236
f 212//212 12//12 236//236 1237//1237
f 1237//1237 236//236 237//237 1240//1240
f 1240//1240 237//237 238//238 1243//1243
f 1243//1243 238//238 17//17 239//239
f 1242//1242 1243//1243 239//239 240//240
f 1241//1241 1242//1242 240//240 241//241
f 233//233 1241//1241 241//241 16//16
f 234//234 1238//1238 1241//1241 233//233
f 235//235 1235//1235 1238//1238 234//234
f 1244//1244 1245//1245 1248//1248 1247//1247
f 1245//1245 1246//1246 1249//1249 1248//1248
f 1247//1247 1248//1248 1251//1251 1250//1250
f 1248//1248 1249//1249 1252//1252 1251//1251
f 12//12 220//220 1244//1244 236//236
f 220//220 219//219 1245//1245 1244//1244
f 219//219 218//218 1246//1246 1245//1245
f 218//218 13//13 242//242 1246//1246
f 1246//1246 242//242 243//243 1249//1249
f 1249//1249 243//243 244//244 1252//1252
f 1252//1252 244//244 18//18 245//245
f 1251//1251 1252//1252 245//245 246//246
f 1250//1250 1251//1251 246//246 247//247
f 238//238 1250//1250 247//247 17//17
f 237//237 1247//1247 1250//1250 238//238
f 236//236 1244//1244 1247//1247 237//237
f 1253//1253 1254//1254 1257//1257 1256//1256
f 1254//1254 1255//1255 1258//1258 1257//1257
f 1256//1256 1257//1257 1260//1260 1259//1259
f 1257//1257 1258//1258 1261//1261 1260//1260
f 13//13 226//226 1253//1253 242//242
f 226//226 225//225 1254//1254 1253//1253
f 225//225 224//224 1255//1255 1254//1254
f 224//224 14//14 248//248 1255//1255
f 1255//1255 248//248 249//249 1258//1258
f 1258//1258 249//249 250//250 1261//1261
f 1261//1261 250//250 19//19 251//251
f 1260//1260 1261//1261 251//251 252//252
f 1259//1259 1260//1260 252//252 253//253
f 244//244 1259//1259 253//253 18//18
f 243//243 1256//1256 1259//1259 244//244
f 242//242 1253//1253 1256//1256 243//243
f 1262//1262 1263//1263 1266//1266 1265//1265
f 1263//1263 1264//1264 1267//1267 1266//1266
f 1265//1265 1266//1266 1269//1269 1268//1268
f 1266//1266 1267//1267 1270//1270 1269//1269
f 14//14 232//232 1262//1262 248//248
f 232//232 231//231 1263//1263 1262//1262
f 231//231 230//230 1264//1264 1263//1263
f 230//230 15//15 254//254 1264//1264
f 1264//1264 254//254 255//255 1267//1267
f 1267//1267 255//255 256//256 1270//1270
f 1270//1270 256//256 20//20 257//257
f 1269//1269 1270//1270 257//257 258//258
f 1268//1268 1269//1269 258//258 259//259
f 250//250 1268//1268 259//259 19//19
f 249//249 1265//1265 1268//1268 250//250
f 248//248 1262//1262 1265//1265 249//249
f 1271//1271 1272//1272 1275//1275 1274//1274
f 1272//1272 1273//1273 1276//1276 1275//1275
f 1274//1274 1275//1275 1278//1278 1277//1277
f 1275//1275 1276//1276 1279//1279 1278//1278
f 16//16 241//241 1271//1271 262//262
f 241//241 240//240 1272//1272 1271//1271
f 240//240 239//239 1273//1273 1272//1272
f 239//239 17//17 263//263 1273//1273
f 1273//1273 263//263 264//264 1276//1276
f 1276//1276 264//264 265//265 1279//1279
f 1279//1279 265//265 22//22 266//266
f 1278//1278 1279//1279 266//266 267//267
f 1277//1277 1278//1278 267//267 268//268
f 260//260 1277//1277 268//268 21//21
f 261//261 1274//1274 1277//1277 260//260
f 262//262 1271//1271 1274//1274 261//261
f 1280//1280 1281//1281 1284//1284 1283//1283
f 1281//1281 1282//1282 1285//1285 1284//1284
f 1283//1283 1284//1284 1287//1287 1286//1286
f 1284//1284 1285//1285 1288//1288 1287//1287
f 17//17 247//247 1280//1280 263//263
f 247//247 246//246 1281//1281 1280//1280
f 246//246 245//245 1282//1282 1281//1281
f 245//245 18//18 269//269 1282//1282
f 1282//1282 269//269 270//270 1285//1285
f 1285//1285 270//270 271//271 1288//1288
f 1288//1288 271//271 23//23 272//272
f 1287//1287 1288//1288 272//272 273//273
f 1286//1286 1287//1287 273//273 274//274
f 265//265 1286//1286 274//274 22//22
f 264//264 1283//1283 1286//1286 265//265
f 263//263 1280//1280 1283//1283 264//264
f 1289//1289 1290//1290 1293//1293 1292//1292
f 1290//1290 1291//1291 1294//1294 1293//1293
f 1292//1292 1293//1293 1296//1296 1295//1295
f 1293//1293 1294//1294 1297//1297 1296//1296
f 18//18 253//253 1289//1289 269//269
f 253//253 252//252 1290//1290 1289//1289
f 252//252 251//251 1291//1291 1290//1290
f 251//251 19//19 275//275 1291//1291
f 1291//1291 275//275 276//276 1294//1294
f 1294//1294 276//276 277//277 1297//1297
f 1297//1297 277//277 24//24 278//278
f 1296//1296 1297//1297 278//278 279//279
f 1295//1295 1296//1296 279//279 280//280
f 271//271 1295//1295 280//280 23//23
f 270//270 1292//1292 1295//1295 271//271
f 269//269 1289//1289 1292//1292 270//270
f 1298//1298 1299//1299 1302//1302 1301//1301
f 1299//1299 1300//1300 1303//1303 1302//1302
f 1301//1301 1302//1302 1305//1305 1304//1304
f 1302//1302 1303//1303 1306//1306 1305//1305
f 19//19 259//259 1298//1298 275//275
f 259//259 258//258 1299//1299 1298//1298
f 258//258 257//257 1300//1300 1299//1299
f 257//257 20//20 281//281 1300//1300
f 1300//1300 281//281 282//282 1303//1303
f 1303//1303 282//282 283//283 1306//1306
f 1306//1306 283//283 25//25 284//284
f 1305//1305 1306//1306 284//284 285//285
f 1304//1304 1305//1305 285//285 286//286
f 277//277 1304//1304 286//286 24//24
f 276//276 1301//1301 1304//1304 277//277
f 275//275 1298//1298 1301//1301 276//276
f 1343//1343 1344//1344 1347//1347 1346//1346
f 1344//1344 1345//1345 1348//1348 1347//1347
f 1346//1346 1347//1347 1350//1350 1349//1349
f 1347//1347 1348//1348 1351//1351 1350//1350
f 26//26 295//295 1343//1343 316//316
f 295//295 294//294 1344//1344 1343//1343
f 294//294 293//293 1345//1345 1344//1344
f 293//293 27//27 317//317 1345//1345
f 1345//1345 317//317 318//318 1348//1348
f 1348//1348 318//318 319//319 1351//1351
f 1351//1351 319//319 32//32 320//320
f 1350//1350 1351//1351 320//320 321//321
f 1349//1349 1350//1350 321//321 322//322
f 314//314 1349//1349 322//322 31//31
f 315//315 1346//1346 1349//1349 314//314
f 316//316 1343//1343 1346//1346 315//315
f 1352//1352 1353//1353 1356//1356 1355//1355
f 1353//1353 1354//1354 1357//1357 1356//1356
f 1355//1355 1356//1356 1359//1359 1358//1358
f 1356//1356 1357//1357 1360//1360 1359//1359
f 27//27 301//301 1352//1352 317//317
f 301//301 300//300 1353//1353 1352//1352
f 300//300 299//299 1354//1354 1353//1353
f 299//299 28//28 323//323 1354//1354
f 1354//1354 323//323 324//324 1357//1357
f 1357//1357 324//324 325//325 1360//1360
f 1360//1360 325//325 33//33 326//326
f 1359//1359 1360//1360 326//326 327//327
f 1358//1358 1359//1359 327//327 328//328
f 319//319 1358//1358 328//328 32//32
f 318//318 1355//1355 1358//1358 319//319
f 317//317 1352//1352 1355//1355 318//318
f 1361//1361 1362//1362 1365//1365 1364//1364
f 1362//1362 1363//1363 1366//1366 1365//1365
f 1364//1364 1365//1365 1368//1368 1367//1367
f 1365//1365 1366//1366 1369//1369 1368//1368
f 28//28 307//307 1361//1361 323//323
f 307//307 306//306 1362//1362 1361//1361
f 306//306 305//305 1363//1363 1362//1362
f 305//305 29//29 329//329 1363//1363
f 1363//1363 329//329 330//330 1366//1366
f 1366//1366 330//330 331//331 1369//1369
f 1369//1369 331//331 34//34 332//332
f 1368//1368 1369//1369 332//332 333//333
f 1367//1367 1368//1368 333//333 334//334
f 325//325 1367//1367 334//334 33//33
f 324//324 1364//1364 1367//1367 325//325
f 323//323 1361//1361 1364//1364 324//324
f 1370//1370 1371//1371 1374//1374 1373//1373
f 1371//1371 1372//1372 1375//1375 1374//1374
f 1373//1373 1374//1374 1377//1377 1376//1376
f 1374//1374 1375//1375 1378//1378 1377//1377
f 29//29 313//313 1370//1370 329//329
f 313//313 312//312 1371//1371 1370//1370
f 312//312 311//311 1372//1372 1371//1371
f 311//311 30//30 335//335 1372//1372
f 1372//1372 335//335 336//336 1375//1375
f 1375//1375 336//336 337//337 1378//1378
f 1378//1378 337//337 35//35 338//338
f 1377//1377 1378//1378 338//338 339//339
f 1376//1376 1377//1377 339//339 340//340
f 331//331 1376//1376 340//340 34//34
f 330//330 1373//1373 1376//1376 331//331
f 329//329 1370//1370 1373//1373 330//330
f 1379//1379 1380//1380 1383//1383 1382//1382
f 1380//1380 1381//1381 1384//1384 1383//1383
f 1382//1382 1383//1383 1386//1386 1385//1385
f 1383//1383 1384//1384 1387//1387 1386//1386
f 31//31 322//322 1379//1379 343//343
f 322//322 321//321 1380//1380 1379//1379
f 321//321 320//320 1381//1381 1380//1380
f 320//320 32//32 344//344 1381//1381
f 1381//1381 344//344 345//345 1384//1384
f 1384//1384 345//345 346//346 1387//1387
f 1387//1387 346//346 37//37 347//347
f 1386//1386 1387//1387 347//347 348//348
f 1385//1385 1386//1386 348//348 349//349
f 341//341 1385//1385 349//349 36//36
f 342//342 1382//1382 1385//1385 341//341
f 343//343 1379//1379 1382//1382 342//342
f 1388//1388 1389//1389 1392//1392 1391//1391
f 1389//1389 1390//1390 1393//1393 1392//1392
f 1391//1391 1392//1392 1395//1395 1394//1394
f 1392//1392 1393//1393 1396//1396 1395//1395
f 32//32 328//328 1388//1388 344//344
f 328//328 327//327 1389//1389 1388//1388
f 327//327 326//326 1390//1390 1389//1389
f 326//326 33//33 350//350 1390//1390
f 1390//1390 350//350 351//351 1393//1393
f 1393//1393 351//351 352//352 1396//1396
f 1396//1396 352//352 38//38 353//353
f 1395//1395 1396//1396 353//353 354//354
f 1394//1394 1395//1395 354//354 355//355
f 346//346 1394//1394 355//355 37//37
f 345//345 1391//1391 1394//1394 346//346
f 344//344 1388//1388 1391//1391 345//345
f 1397//1397 1398//1398 1401//1401 1400//1400
f 1398//1398 1399//1399 1402//1402 1401//1401
f 1400//1400 1401//1401 1404//1404 1403//1403
f 1401//1401 1402//1402 1405//1405 1404//1404
f 33//33 334//334 1397//1397 350//350
f 334//334 333//333 1398//1398 1397//1397
f 333//333 332//332 1399//1399 1398//1398
f 332//332 34//34 356//356 1399//1399
f 1399//1399 356//356 357//357 1402//1402
f 1402//1402 357//357 358//358 1405//1405
f 1405//1405 358//358 39//39 359//359
f 1404//1404 1405//1405 359//359 360//360
f 1403//1403 1404//1404 360//360 361//361
f 352//352 1403//1403 361//361 38//38
f 351//351 1400//1400 1403//1403 352//352
f 350//350 1397//1397 1400//1400 351//351
f 1406//1406 1407//1407 1410//1410 1409//1409
f 1407//1407 1408//1408 1411//1411 1410//1410
f 1409//1409 1410//1410 1413//1413 1412//1412
f 1410//1410 1411//1411 1414//1414 1413//1413
f 34//34 340//340 1406//1406 356//356
f 340//340 339//339 1407//1407 1406//1406
f 339//339 338//338 1408//1408 1407//1407
f 338//338 35//35 362//362 1408//1408
f 1408//1408 362//362 363//363 1411//1411
f 1411//1411 363//363 364//364 1414//1414
f 1414//1414 364//364 40//40 365//365
f 1413//1413 1414//1414 365//365 366//366
f 1412//1412 1413//1413 366//366 367//367
f 358//358 1412//1412 367//367 39//39
f 357//357 1409//1409 1412//1412 358//358
f 356//356 1406//1406 1409//1409 357//357
f 1415//1415 1416//1416 1419//1419 1418//1418
f 1416//1416 1417//1417 1420//1420 1419//1419
f 1418//1418 1419//1419 1422//1422 1421//1421
f 1419//1419 1420//1420 1423//1423 1422//1422
f 36//36 349//349 1415//1415 370//370
f 349//349 348//348 1416//1416 1415//1415
f 348//348 347//347 1417//1417 1416//1416
f 347//347 37//37 371//371 1417//1417
f 1417//1417 371//371 372//372 1420//1420
f 1420//1420 372//372 373//373 1423//1423
f 1423//1423 373//373 42//42 374//374
f 1422//1422 1423//1423 374//374 375//375
f 1421//1421 1422//1422 375//375 376//376
f 368//368 1421//1421 376//376 41//41
f 369//369 1418//1418 1421//1421 368//368
f 370//370 1415//1415 1418//1418 369//369
f 1424//1424 1425//1425 1428//1428 1427//1427
f 1425//1425 1426//1426 1429//1429 1428//1428
f 1427//1427 1428//1428 1431//1431 1430//1430
f 1428//1428 1429//1429 1432//1432 1431//1431
f 39//39 367//367 1424//1424 379//379
f 367//367 366//366 1425//1425 1424//1424
f 366//366 365//365 1426//1426 1425//1425
f 365//365 40//40 380//380 1426//1426
f 1426//1426 380//380 381//381 1429//1429
f 1429//1429 381//381 382//382 1432//1432
f 1432//1432 382//382 44//44 383//383
f 1431//1431 1432//1432 383//383 384//384
f 1430//1430 1431//1431 384//384 385//385
f 377//377 1430//1430 385//385 43//43
f 378//378 1427//1427 1430//1430 377//377
f 379//379 1424//1424 1427//1427 378//378
f 1433//1433 1434//1434 1437//1437 1436//1436
f 1434//1434 1435//1435 1438//1438 1437//1437
f 1436//1436 1437//1437 1440//1440 1439//1439
f 1437//1437 1438//1438 1441//1441 1440//1440
f 42//42 389//389 1433//1433 388//388
f 389//389 390//390 1434//1434 1433//1433
f 390//390 391//391 1435//1435 1434//1434
f 391//391 45//45 392//392 1435//1435
f 1435//1435 392//392 393//393 1438//1438
f 1438//1438 393//393 394//394 1441//1441
f 1441//1441 394//394 46//46 395//395
f 1440//1440 1441//1441 395//395 396//396
f 1439//1439 1440//1440 396//396 397//397
f 386//386 1439//1439 397//397 43//43
f 387//387 1436//1436 1439//1439 386//386
f 388//388 1433//1433 1436//1436 387//387
f 1442//1442 1443//1443 1446//1446 1445//1445
f 1443//1443 1444//1444 1447//1447 1446//1446
f 1445//1445 1446//1446 1449//1449 1448//1448
f 1446//1446 1447//1447 1450//1450 1449//1449
f 47//47 400//400 1442//1442 401//401
f 400//400 399//399 1443//1443 1442//1442
f 399//399 398//398 1444//1444 1443//1443
f 398//398 51//51 409//409 1444//1444
f 1444//1444 409//409 408//408 1447//1447
f 1447//1447 408//408 407//407 1450//1450
f 1450//1450 407//407 52//52 406//406
f 1449//1449 1450//1450 406//406 405//405
f 1448//1448 1449//1449 405//405 404//404
f 403//403 1448//1448 404//404 48//48
f 402//402 1445//1445 1448//1448 403//403
f 401//401 1442//1442 1445//1445 402//402
f 1451//1451 1452//1452 1455//1455 1454//1454
f 1452//1452 1453//1453 1456//1456 1455//1455
f 1454//1454 1455//1455 1458//1458 1457//1457
f 1455//1455 1456//1456 1459//1459 1458//1458
f 48//48 404//404 1451//1451 410//410
f 404//404 405//405 1452//1452 1451//1451
f 405//405 406//406 1453//1453 1452//1452
f 406//406 52//52 418//418 1453//1453
f 1453//1453 418//418 417//417 1456//1456
f 1456//1456 417//417 416//416 1459//1459
f 1459//1459 416//416 53//53 415//415
f 1458//1458 1459//1459 415//415 414//414
f 1457//1457 1458//1458 414//414 413//413
f 412//412 1457//1457 413//413 49//49
f 411//411 1454//1454 1457//1457 412//412
f 410//410 1451//1451 1454//1454 411//411
f 1460//1460 1461//1461 1464//1464 1463//1463
f 1461//1461 1462//1462 1465//1465 1464//1464
f 1463//1463 1464//1464 1467//1467 1466//1466
f 1464//1464 1465//1465 1468//1468 1467//1467
f 49//49 413//413 1460//1460 419//419
f 413//413 414//414 1461//1461 1460//1460
f 414//414 415//415 1462//1462 1461//1461
f 415//415 53//53 427//427 1462//1462
f 1462//1462 427//427 426//426 1465//1465
f 1465//1465 426//426 425//425 1468//1468
f 1468//1468 425//425 54//54 424//424
f 1467//1467 1468//1468 424//424 423//423
f 1466//1466 1467//1467 423//423 422//422
f 421//421 1466//1466 422//422 50//50
f 420//420 1463//1463 1466//1466 421//421
f 419//419 1460//1460 1463//1463 420//420
f 1469//1469 1470//1470 1473//1473 1472//1472
f 1470//1470 1471//1471 1474//1474 1473//1473
f 1472//1472 1473//1473 1476//1476 1475//1475
f 1473//1473 1474//1474 1477//1477 1476//1476
f 50//50 422//422 1469//1469 428//428
f 422//422 423//423 1470//1470 1469//1469
f 423//423 424//424 1471//1471 1470//1470
f 424//424 54//54 433//433 1471//1471
f 1471//1471 433//433 432//432 1474//1474
f 1474//1474 432//432 431//431 1477//1477
f 1477//1477 431//431 10//10 202//202
f 1476//1476 1477//1477 202//202 201//201
f 1475//1475 1476//1476 201//201 200//200
f 430//430 1475//1475 200//200 5//5
f 429//429 1472//1472 1475//1475 430//430
f 428//428 1469//1469 1472//1472 429//429
f 1514//1514 1515//1515 1518//1518 1517//1517
f 1515//1515 1516//1516 1519//1519 1518//1518
f 1517//1517 1518//1518 1521//1521 1520//1520
f 1518//1518 1519//1519 1522//1522 1521//1521
f 55//55 460//460 1514//1514 442//442
f 460//460 459//459 1515//1515 1514//1514
f 459//459 458//458 1516//1516 1515//1515
f 458//458 59//59 466//466 1516//1516
f 1516//1516 466//466 465//465 1519//1519
f 1519//1519 465//465 464//464 1522//1522
f 1522//1522 464//464 60//60 463//463
f 1521//1521 1522//1522 463//463 462//462
f 1520//1520 1521//1521 462//462 461//461
f 440//440 1520//1520 461//461 56//56
f 441//441 1517//1517 1520//1520 440//440
f 442//442 1514//1514 1517//1517 441//441
f 1523//1523 1524//1524 1527//1527 1526//1526
f 1524//1524 1525//1525 1528//1528 1527//1527
f 1526//1526 1527//1527 1530//1530 1529//1529
f 1527//1527 1528//1528 1531//1531 1530//1530
f 56//56 461//461 1523//1523 448//448
f 461//461 462//462 1524//1524 1523//1523
f 462//462 463//463 1525//1525 1524//1524
f 463//463 60//60 472//472 1525//1525
f 1525//1525 472//472 471//471 1528//1528
f 1528//1528 471//471 470//470 1531//1531
f 1531//1531 470//470 61//61 469//469
f 1530//1530 1531//1531 469//469 468//468
f 1529//1529 1530//1530 468//468 467//467
f 446//446 1529//1529 467//467 57//57
f 447//447 1526//1526 1529//1529 446//446
f 448//448 1523//1523 1526//1526 447//447
f 1532//1532 1533//1533 1536//1536 1535//1535
f 1533//1533 1534//1534 1537//1537 1536//1536
f 1535//1535 1536//1536 1539//1539 1538//1538
f 1536//1536 1537//1537 1540//1540 1539//1539
f 57//57 467//467 1532//1532 454//454
f 467//467 468//468 1533//1533 1532//1532
f 468//468 469//469 1534//1534 1533//1533
f 469//469 61//61 478//478 1534//1534
f 1534//1534 478//478 477//477 1537//1537
f 1537//1537 477//477 476//476 1540//1540
f 1540//1540 476//476 62//62 475//475
f 1539//1539 1540//1540 475//475 474//474
f 1538//1538 1539//1539 474//474 473//473
f 452//452 1538//1538 473//473 58//58
f 453//453 1535//1535 1538//1538 452//452
f 454//454 1532//1532 1535//1535 453//453
f 1541//1541 1542//1542 1545//1545 1544//1544
f 1542//1542 1543//1543 1546//1546 1545//1545
f 1544//1544 1545//1545 1548//1548 1547//1547
f 1545//1545 1546//1546 1549//1549 1548//1548
f 58//58 473//473 1541//1541 457//457
f 473//473 474//474 1542//1542 1541//1541
f 474//474 475//475 1543//1543 1542//1542
f 475//475 62//62 481//481 1543//1543
f 1543//1543 481//481 480//480 1546//1546
f 1546//1546 480//480 479//479 1549//1549
f 1549//1549 479//479 20//20 256//256
f 1548//1548 1549//1549 256//256 255//255
f 1547//1547 1548//1548 255//255 254//254
f 455//455 1547//1547 254//254 15//15
f 456//456 1544//1544 1547//1547 455//455
f 457//457 1541//1541 1544//1544 456//456
f 1550//1550 1551//1551 1554//1554 1553//1553
f 1551//1551 1552//1552 1555//1555 1554//1554
f 1553//1553 1554//1554 1557//1557 1556//1556
f 1554//1554 1555//1555 1558//1558 1557//1557
f 59//59 484//484 1550//1550 466//466
f 484//484 483//483 1551//1551 1550//1550
f 483//483 482//482 1552//1552 1551//1551
f 482//482 63//63 490//490 1552//1552
f 1552//1552 490//490 489//489 1555//1555
f 1555//1555 489//489 488//488 1558//1558
f 1558//1558 488//488 64//64 487//487
f 1557//1557 1558//1558 487//487 486//486
f 1556//1556 1557//1557 486//486 485//485
f 464//464 1556//1556 485//485 60//60
f 465//465 1553//1553 1556//1556 464//464
f 466//466 1550//1550 1553//1553 465//465
f 1559//1559 1560//1560 1563//1563 1562//1562
f 1560//1560 1561//1561 1564//1564 1563//1563
f 1562//1562 1563//1563 1566//1566 1565//1565
f 1563//1563 1564//1564 1567//1567 1566//1566
f 60//60 485//485 1559//1559 472//472
f 485//485 486//486 1560//1560 1559//1559
f 486//486 487//487 1561//1561 1560//1560
f 487//487 64//64 496//496 1561//1561
f 1561//1561 496//496 495//495 1564//1564
f 1564//1564 495//495 494//494 1567//1567
f 1567//1567 494//494 65//65 493//493
f 1566//1566 1567//1567 493//493 492//492
f 1565//1565 1566//1566 492//492 491//491
f 470//470 1565//1565 491//491 61//61
f 471//471 1562//1562 1565//1565 470//470
f 472//472 1559//1559 1562//1562 471//471
f 1568//1568 1569//1569 1572//1572 1571//1571
f 1569//1569 1570//1570 1573//1573 1572//1572
f 1571//1571 1572//1572 1575//1575 1574//1574
f 1572//1572 1573//1573 1576//1576 1575//1575
f 61//61 491//491 1568//1568 478//478
f 491//491 492//492 1569//1569 1568//1568
f 492//492 493//493 1570//1570 1569//1569
f 493//493 65//65 502//502 1570//1570
f 1570//1570 502//502 501//501 1573//1573
f 1573//1573 501//501 500//500 1576//1576
f 1576//1576 500//500 66//66 499//499
f 1575//1575 1576//1576 499//499 498//498
f 1574//1574 1575//1575 498//498 497//497
f 476//476 1574//1574 497//497 62//62
f 477//477 1571//1571 1574//1574 476//476
f 478//478 1568//1568 1571//1571 477//477
f 1577//1577 1578//1578 1581//1581 1580//1580
f 1578//1578 1579//1579 1582//1582 1581//1581
f 1580//1580 1581//1581 1584//1584 1583//1583
f 1581//1581 1582//1582 1585//1585 1584//1584
f 62//62 497//497 1577//1577 481//481
f 497//497 498//498 1578//1578 1577//1577
f 498//498 499//499 1579//1579 1578//1578
f 499//499 66//66 505//505 1579//1579
f 1579//1579 505//505 504//504 1582//1582
f 1582//1582 504//504 503//503 1585//1585
f 1585//1585 503//503 25//25 283//283
f 1584//1584 1585//1585 283//283 282//282
f 1583//1583 1584//1584 282//282 281//281
f 479//479 1583//1583 281//281 20//20
f 480//480 1580//1580 1583//1583 479//479
f 481//481 1577//1577 1580//1580 480//480
f 1622//1622 1623//1623 1626//1626 1625//1625
f 1623//1623 1624//1624 1627//1627 1626//1626
f 1625//1625 1626//1626 1629//1629 1628//1628
f 1626//1626 1627//1627 1630//1630 1629//1629
f 67//67 532//532 1622//1622 514//514
f 532//532 531//531 1623//1623 1622//1622
f 531//531 530//530 1624//1624 1623//1623
f 530//530 71//71 538//538 1624//1624
f 1624//1624 538//538 537//537 1627//1627
f 1627//1627 537//537 536//536 1630//1630
f 1630//1630 536//536 72//72 535//535
f 1629//1629 1630//1630 535//535 534//534
f 1628//1628 1629//1629 534//534 533//533
f 512//512 1628//1628 533//533 68//68
f 513//513 1625//1625 1628//1628 512//512
f 514//514 1622//1622 1625//1625 513//513
f 1631//1631 1632//1632 1635//1635 1634//1634
f 1632//1632 1633//1633 1636//1636 1635//1635
f 1634//1634 1635//1635 1638//1638 1637//1637
f 1635//1635 1636//1636 1639//1639 1638//1638
f 68//68 533//533 1631//1631 520//520
f 533//533 534//534 1632//1632 1631//1631
f 534//534 535//535 1633//1633 1632//1632
f 535//535 72//72 544//544 1633//1633
f 1633//1633 544//544 543//543 1636//1636
f 1636//1636 543//543 542//542 1639//1639
f 1639//1639 542//542 73//73 541//541
f 1638//1638 1639//1639 541//541 540//540
f 1637//1637 1638//1638 540//540 539//539
f 518//518 1637//1637 539//539 69//69
f 519//519 1634//1634 1637//1637 518//518
f 520//520 1631//1631 1634//1634 519//519
f 1640//1640 1641//1641 1644//1644 1643//1643
f 1641//1641 1642//1642 1645//1645 1644//1644
f 1643//1643 1644//1644 1647//1647 1646//1646
f 1644//1644 1645//1645 1648//1648 1647//1647
f 69//69 539//539 1640//1640 526//526
f 539//539 540//540 1641//1641 1640//1640
f 540//540 541//541 1642//1642 1641//1641
f 541//541 73//73 550//550 1642//1642
f 1642//1642 550//550 549//549 1645//1645
f 1645//1645 549//549 548//548 1648//1648
f 1648//1648 548//548 74//74 547//547
f 1647//1647 1648//1648 547//547 546//546
f 1646//1646 1647//1647 546//546 545//545
f 524//524 1646//1646 545//545 70//70
f 525//525 1643//1643 1646//1646 524//524
f 526//526 1640//1640 1643//1643 525//525
f 1649//1649 1650//1650 1653//1653 1652//1652
f 1650//1650 1651//1651 1654//1654 1653//1653
f 1652//1652 1653//1653 1656//1656 1655//1655
f 1653//1653 1654//1654 1657//1657 1656//1656
f 70//70 545//545 1649//1649 529//529
f 545//545 546//546 1650//1650 1649//1649
f 546//546 547//547 1651//1651 1650//1650
f 547//547 74//74 553//553 1651//1651
f 1651//1651 553//553 552//552 1654//1654
f 1654//1654 552//552 551//551 1657//1657
f 1657//1657 551//551 35//35 337//337
f 1656//1656 1657//1657 337//337 336//336
f 1655//1655 1656//1656 336//336 335//335
f 527//527 1655//1655 335//335 30//30
f 528//528 1652//1652 1655//1655 527//527
f 529//529 1649//1649 1652//1652 528//528
f 1658//1658 1659//1659 1662//1662 1661//1661
f 1659//1659 1660//1660 1663//1663 1662//1662
f 1661//1661 1662//1662 1665//1665 1664//1664
f 1662//1662 1663//1663 1666//1666 1665//1665
f 71//71 556//556 1658//1658 538//538
f 556//556 555//555 1659//1659 1658//1658
f 555//555 554//554 1660//1660 1659//1659
f 554//554 75//75 562//562 1660//1660
f 1660//1660 562//562 561//561 1663//1663
f 1663//1663 561//561 560//560 1666//1666
f 1666//1666 560//560 76//76 559//559
f 1665//1665 1666//1666 559//559 558//558
f 1664//1664 1665//1665 558//558 557//557
f 536//536 1664//1664 557//557 72//72
f 537//537 1661//1661 1664//1664 536//536
f 538//538 1658//1658 1661//1661 537//537
f 1667//1667 1668//1668 1671//1671 1670//1670
f 1668//1668 1669//1669 1672//1672 1671//1671
f 1670//1670 1671//1671 1674//1674 1673//1673
f 1671//1671 1672//1672 1675//1675 1674//1674
f 72//72 557//557 1667//1667 544//544
f 557//557 558//558 1668//1668 1667//1667
f 558//558 559//559 1669//1669 1668//1668
f 559//559 76//76 568//568 1669//1669
f 1669//1669 568//568 567//567 1672//1672
f 1672//1672 567//567 566//566 1675//1675
f 1675//1675 566//566 77//77 565//565
f 1674//1674 1675//1675 565//565 564//564
f 1673//1673 1674//1674 564//564 563//563
f 542//542 1673//1673 563//563 73//73
f 543//543 1670//1670 1673//1673 542//542
f 544//544 1667//1667 1670//1670 543//543
f 1676//1676 1677//1677 1680//1680 1679//1679
f 1677//1677 1678//1678 1681//1681 1680//1680
f 1679//1679 1680//1680 1683//1683 1682//1682
f 1680//1680 1681//1681 1684//1684 1683//1683
f 73//73 563//563 1676//1676 550//550
f 563//563 564//564 1677//1677 1676//1676
f 564//564 565//565 1678//1678 1677//1677
f 565//565 77//77 574//574 1678//1678
f 1678//1678 574//574 573//573 1681//1681
f 1681//1681 573//573 572//572 1684//1684
f 1684//1684 572//572 78//78 571//571
f 1683//1683 1684//1684 571//571 570//570
f 1682//1682 1683//1683 570//570 569//569
f 548//548 1682//1682 569//569 74//74
f 549//549 1679//1679 1682//1682 548//548
f 550//550 1676//1676 1679//1679 549//549
f 1685//1685 1686//1686 1689//1689 1688//1688
f 1686//1686 1687//1687 1690//1690 1689//1689
f 1688//1688 1689//1689 1692//1692 1691//1691
f 1689//1689 1690//1690 1693//1693 1692//1692
f 74//74 569//569 1685//1685 553//553
f 569//569 570//570 1686//1686 1685//1685
f 570//570 571//571 1687//1687 1686//1686
f 571//571 78//78 577//577 1687//1687
f 1687//1687 577//577 576//576 1690//1690
f 1690//1690 576//576 575//575 1693//1693
f 1693//1693 575//575 40//40 364//364
f 1692//1692 1693//1693 364//364 363//363
f 1691//1691 1692//1692 363//363 362//362
f 551//551 1691//1691 362//362 35//35
f 552//552 1688//1688 1691//1691 551//551
f 553//553 1685//1685 1688//1688 552//552
f 1694//1694 1695//1695 1698//1698 1697//1697
f 1695//1695 1696//1696 1699//1699 1698//1698
f 1697//1697 1698//1698 1701//1701 1700//1700
f 1698//1698 1699//1699 1702//1702 1701//1701
f 75//75 580//580 1694//1694 562//562
f 580//580 579//579 1695//1695 1694//1694
f 579//579 578//578 1696//1696 1695//1695
f 578//578 79//79 586//586 1696//1696
f 1696//1696 586//586 585//585 1699//1699
f 1699//1699 585//585 584//584 1702//1702
f 1702//1702 584//584 80//80 583//583
f 1701//1701 1702//1702 583//583 582//582
f 1700//1700 1701//1701 582//582 581//581
f 560//560 1700//1700 581//581 76//76
f 561//561 1697//1697 1700//1700 560//560
f 562//562 1694//1694 1697//1697 561//561
f 1703//1703 1704//1704 1707//1707 1706//1706
f 1704//1704 1705//1705 1708//1708 1707//1707
f 1706//1706 1707//1707 1710//1710 1709//1709
f 1707//1707 1708//1708 1711//1711 1710//1710
f 78//78 589//589 1703//1703 577//577
f 589//589 588//588 1704//1704 1703//1703
f 588//588 587//587 1705//1705 1704//1704
f 587//587 81//81 592//592 1705//1705
f 1705//1705 592//592 591//591 1708//1708
f 1708//1708 591//591 590//590 1711//1711
f 1711//1711 590//590 44//44 382//382
f 1710//1710 1711//1711 382//382 381//381
f 1709//1709 1710//1710 381//381 380//380
f 575//575 1709//1709 380//380 40//40
f 576//576 1706//1706 1709//1709 575//575
f 577//577 1703//1703 1706//1706 576//576
f 1712//1712 1713//1713 1716//1716 1715//1715
f 1713//1713 1714//1714 1717//1717 1716//1716
f 1715//1715 1716//1716 1719//1719 1718//1718
f 1716//1716 1717//1717 1720//1720 1719//1719
f 80//80 595//595 1712//1712 596//596
f 595//595 594//594 1713//1713 1712//1712
f 594//594 593//593 1714//1714 1713//1713
f 593//593 81//81 604//604 1714//1714
f 1714//1714 604//604 603//603 1717//1717
f 1717//1717 603//603 602//602 1720//1720
f 1720//1720 602//602 83//83 601//601
f 1719//1719 1720//1720 601//601 600//600
f 1718//1718 1719//1719 600//600 599//599
f 598//598 1718//1718 599//599 82//82
f 597//597 1715//1715 1718//1718 598//598
f 596//596 1712//1712 1715//1715 597//597
f 1721//1721 1722//1722 1725//1725 1724//1724
f 1722//1722 1723//1723 1726//1726 1725//1725
f 1724//1724 1725//1725 1728//1728 1727//1727
f 1725//1725 1726//1726 1729//1729 1728//1728
f 84//84 607//607 1721//1721 608//608
f 607//607 606//606 1722//1722 1721//1721
f 606//606 605//605 1723//1723 1722//1722
f 605//605 89//89 616//616 1723//1723
f 1723//1723 616//616 615//615 1726//1726
f 1726//1726 615//615 614//614 1729//1729
f 1729//1729 614//614 90//90 613//613
f 1728//1728 1729//1729 613//613 612//612
f 1727//1727 1728//1728 612//612 611//611
f 610//610 1727//1727 611//611 85//85
f 609//609 1724//1724 1727//1727 610//610
f 608//608 1721//1721 1724//1724 609//609
f 1730//1730 1731//1731 1734//1734 1733//1733
f 1731//1731 1732//1732 1735//1735 1734//1734
f 1733//1733 1734//1734 1737//1737 1736//1736
f 1734//1734 1735//1735 1738//1738 1737//1737
f 85//85 611//611 1730//1730 617//617
f 611//611 612//612 1731//1731 1730//1730
f 612//612 613//613 1732//1732 1731//1731
f 613//613 90//90 625//625 1732//1732
f 1732//1732 625//625 624//624 1735//1735
f 1735//1735 624//624 623//623 1738//1738
f 1738//1738 623//623 91//91 622//622
f 1737//1737 1738//1738 622//622 621//621
f 1736//1736 1737//1737 621//621 620//620
f 619//619 1736//1736 620//620 86//86
f 618//618 1733//1733 1736//1736 619//619
f 617//617 1730//1730 1733//1733 618//618
f 1739//1739 1740//1740 1743//1743 1742//1742
f 1740//1740 1741//1741 1744//1744 1743//1743
f 1742//1742 1743//1743 1746//1746 1745//1745
f 1743//1743 1744//1744 1747//1747 1746//1746
f 86//86 620//620 1739//1739 626//626
f 620//620 621//621 1740//1740 1739//1739
f 621//621 622//622 1741//1741 1740//1740
f 622//622 91//91 634//634 1741//1741
f 1741//1741 634//634 633//633 1744//1744
f 1744//1744 633//633 632//632 1747//1747
f 1747//1747 632//632 92//92 631//631
f 1746//1746 1747//1747 631//631 630//630
f 1745//1745 1746//1746 630//630 629//629
f 628//628 1745//1745 629//629 87//87
f 627//627 1742//1742 1745//1745 628//628
f 626//626 1739//1739 1742//1742 627//627
f 1748//1748 1749//1749 1752//1752 1751//1751
f 1749//1749 1750//1750 1753//1753 1752//1752
f 1751//1751 1752//1752 1755//1755 1754//1754
f 1752//1752 1753//1753 1756//1756 1755//1755
f 87//87 629//629 1748//1748 635//635
f 629//629 630//630 1749//1749 1748//1748
f 630//630 631//631 1750//1750 1749//1749
f 631//631 92//92 643//643 1750//1750
f 1750//1750 643//643 642//642 1753//1753
f 1753//1753 642//642 641//641 1756//1756
f 1756//1756 641//641 93//93 640//640
f 1755//1755 1756//1756 640//640 639//639
f 1754//1754 1755//1755 639//639 638//638
f 637//637 1754//1754 638//638 88//88
f 636//636 1751//1751 1754//1754 637//637
f 635//635 1748//1748 1751//1751 636//636
f 1793//1793 1794//1794 1797//1797 1796//1796
f 1794//1794 1795//1795 1798//1798 1797//1797
f 1796//1796 1797//1797 1800//1800 1799//1799
f 1797//1797 1798//1798 1801//1801 1800//1800
f 94//94 673//673 1793//1793 652//652
f 673//673 672//672 1794//1794 1793//1793
f 672//672 671//671 1795//1795 1794//1794
f 671//671 99//99 679//679 1795//1795
f 1795//1795 679//679 678//678 1798//1798
f 1798//1798 678//678 677//677 1801//1801
f 1801//1801 677//677 100//100 676//676
f 1800//1800 1801//1801 676//676 675//675
f 1799//1799 1800//1800 675//675 674//674
f 650//650 1799//1799 674//674 95//95
f 651//651 1796//1796 1799//1799 650//650
f 652//652 1793//1793 1796//1796 651//651
f 1802//1802 1803//1803 1806//1806 1805//1805
f 1803//1803 1804//1804 1807//1807 1806//1806
f 1805//1805 1806//1806 1809//1809 1808//1808
f 1806//1806 1807//1807 1810//1810 1809//1809
f 95//95 674//674 1802//1802 658//658
f 674//674 675//675 1803//1803 1802//1802
f 675//675 676//676 1804//1804 1803//1803
f 676//676 100//100 685//685 1804//1804
f 1804//1804 685//685 684//684 1807//1807
f 1807//1807 684//684 683//683 1810//1810
f 1810//1810 683//683 101//101 682//682
f 1809//1809 1810//1810 682//682 681//681
f 1808//1808 1809//1809 681//681 680//680
f 656//656 1808//1808 680//680 96//96
f 657//657 1805//1805 1808//1808 656//656
f 658//658 1802//1802 1805//1805 657//657
f 1811//1811 1812//1812 1815//1815 1814//1814
f 1812//1812 1813//1813 1816//1816 1815//1815
f 1814//1814 1815//1815 1818//1818 1817//1817
f 1815//1815 1816//1816 1819//1819 1818//1818
f 96//96 680//680 1811//1811 664//664
f 680//680 681//681 1812//1812 1811//1811
f 681//681 682//682 1813//1813 1812//1812
f 682//682 101//101 691//691 1813//1813
f 1813//1813 691//691 690//690 1816//1816
f 1816//1816 690//690 689//689 1819//1819
f 1819//1819 689//689 102//102 688//688
f 1818//1818 1819//1819 688//688 687//687
f 1817//1817 1818//1818 687//687 686//686
f 662//662 1817//1817 686//686 97//97
f 663//663 1814//1814 1817//1817 662//662
f 664//664 1811//1811 1814//1814 663//663
f 1820//1820 1821//1821 1824//1824 1823//1823
f 1821//1821 1822//1822 1825//1825 1824//1824
f 1823//1823 1824//1824 1827//1827 1826//1826
f 1824//1824 1825//1825 1828//1828 1827//1827
f 97//97 686//686 1820//1820 670//670
f 686//686 687//687 1821//1821 1820//1820
f 687//687 688//688 1822//1822 1821//1821
f 688//688 102//102 697//697 1822//1822
f 1822//1822 697//697 696//696 1825//1825
f 1825//1825 696//696 695//695 1828//1828
f 1828//1828 695//695 103//103 694//694
f 1827//1827 1828//1828 694//694 693//693
f 1826//1826 1827//1827 693//693 692//692
f 668//668 1826//1826 692//692 98//98
f 669//669 1823//1823 1826//1826 668//668
f 670//670 1820//1820 1823//1823 669//669
f 1829//1829 1830//1830 1833//1833 1832//1832
f 1830//1830 1831//1831 1834//1834 1833//1833
f 1832//1832 1833//1833 1836//1836 1835//1835
f 1833//1833 1834//1834 1837//1837 1836//1836
f 99//99 700//700 1829//1829 679//679
f 700//700 699//699 1830//1830 1829//1829
f 699//699 698//698 1831//1831 1830//1830
f 698//698 104//104 706//706 1831//1831
f 1831//1831 706//706 705//705 1834//1834
f 1834//1834 705//705 704//704 1837//1837
f 1837//1837 704//704 105//105 703//703
f 1836//1836 1837//1837 703//703 702//702
f 1835//1835 1836//1836 702//702 701//701
f 677//677 1835//1835 701//701 100//100
f 678//678 1832//1832 1835//1835 677//677
f 679//679 1829//1829 1832//1832 678//678
f 1838//1838 1839//1839 1842//1842 1841//1841
f 1839//1839 1840//1840 1843//1843 1842//1842
f 1841//1841 1842//1842 1845//1845 1844//1844
f 1842//1842 1843//1843 1846//1846 1845//1845
f 100//100 701//701 1838//1838 685//685
f 701//701 702//702 1839//1839 1838//1838
f 702//702 703//703 1840//1840 1839//1839
f 703//703 105//105 712//712 1840//1840
f 1840//1840 712//712 711//711 1843//1843
f 1843//1843 711//711 710//710 1846//1846
f 1846//1846 710//710 106//106 709//709
f 1845//1845 1846//1846 709//709 708//708
f 1844//1844 1845//1845 708//708 707//707
f 683//683 1844//1844 707//707 101//101
f 684//684 1841//1841 1844//1844 683//683
f 685//685 1838//1838 1841//1841 684//684
f 1847//1847 1848//1848 1851//1851 1850//1850
f 1848//1848 1849//1849 1852//1852 1851//1851
f 1850//1850 1851//1851 1854//1854 1853//1853
f 1851//1851 1852//1852 1855//1855 1854//1854
f 101//101 707//707 1847//1847 691//691
f 707//707 708//708 1848//1848 1847//1847
f 708//708 709//709 1849//1849 1848//1848
f 709//709 106//106 718//718 1849//1849
f 1849//1849 718//718 717//717 1852//1852
f 1852//1852 717//717 716//716 1855//1855
f 1855//1855 716//716 107//107 715//715
f 1854//1854 1855//1855 715//715 714//714
f 1853//1853 1854//1854 714//714 713//713
f 689//689 1853//1853 713//713 102//102
f 690//690 1850//1850 1853//1853 689//689
f 691//691 1847//1847 1850//1850 690//690
f 1856//1856 1857//1857 1860//1860 1859//1859
f 1857//1857 1858//1858 1861//1861 1860//1860
f 1859//1859 1860//1860 1863//1863 1862//1862
f 1860//1860 1861//1861 1864//1864 1863//1863
f 102//102 713//713 1856//1856 697//697
f 713//713 714//714 1857//1857 1856//1856
f 714//714 715//715 1858//1858 1857//1857
f 715//715 107//107 724//724 1858//1858
f 1858//1858 724//724 723//723 1861//1861
f 1861//1861 723//723 722//722 1864//1864
f 1864//1864 722//722 108//108 721//721
f 1863//1863 1864//1864 721//721 720//720
f 1862//1862 1863//1863 720//720 719//719
f 695//695 1862//1862 719//719 103//103
f 696//696 1859//1859 1862//1862 695//695
f 697//697 1856//1856 1859//1859 696//696
f 1901//1901 1902//1902 1905//1905 1904//1904
f 1902//1902 1903//1903 1906//1906 1905//1905
f 1904//1904 1905//1905 1908//1908 1907//1907
f 1905//1905 1906//1906 1909//1909 1908//1908
f 109//109 754//754 1901//1901 733//733
f 754//754 753//753 1902//1902 1901//1901
f 753//753 752//752 1903//1903 1902//1902
f 752//752 114//114 760//760 1903//1903
f 1903//1903 760//760 759//759 1906//1906
f 1906//1906 759//759 758//758 1909//1909
f 1909//1909 758//758 115//115 757//757
f 1908//1908 1909//1909 757//757 756//756
f 1907//1907 1908//1908 756//756 755//755
f 731//731 1907//1907 755//755 110//110
f 732//732 1904//1904 1907//1907 731//731
f 733//733 1901//1901 1904//1904 732//732
f 1910//1910 1911//1911 1914//1914 1913//1913
f 1911//1911 1912//1912 1915//1915 1914//1914
f 1913//1913 1914//1914 1917//1917 1916//1916
f 1914//1914 1915//1915 1918//1918 1917//1917
f 110//110 755//755 1910//1910 739//739
f 755//755 756//756 1911//1911 1910//1910
f 756//756 757//757 1912//1912 1911//1911
f 757//757 115//115 766//766 1912//1912
f 1912//1912 766//766 765//765 1915//1915
f 1915//1915 765//765 764//764 1918//1918
f 1918//1918 764//764 116//116 763//763
f 1917//1917 1918//1918 763//763 762//762
f 1916//1916 1917//1917 762//762 761//761
f 737//737 1916//1916 761//761 111//111
f 738//738 1913//1913 1916//1916 737//737
f 739//739 1910//1910 1913//1913 738//738
f 1919//1919 1920//1920 1923//1923 1922//1922
f 1920//1920 1921//1921 1924//1924 1923//1923
f 1922//1922 1923//1923 1926//1926 1925//1925
f 1923//1923 1924//1924 1927//1927 1926//1926
f 111//111 761//761 1919//1919 745//745
f 761//761 762//762 1920//1920 1919//1919
f 762//762 763//763 1921//1921 1920//1920
f 763//763 116//116 772//772 1921//1921
f 1921//1921 772//772 771//771 1924//1924
f 1924//1924 771//771 770//770 1927//1927
f 1927//1927 770//770 117//117 769//769
f 1926//1926 1927//1927 769//769 768//768
f 1925//1925 1926//1926 768//768 767//767
f 743//743 1925//1925 767//767 112//112
f 744//744 1922//1922 1925//1925 743//743
f 745//745 1919//1919 1922//1922 744//744
f 1928//1928 1929//1929 1932//1932 1931//1931
f 1929//1929 1930//1930 1933//1933 1932//1932
f 1931//1931 1932//1932 1935//1935 1934//1934
f 1932//1932 1933//1933 1936//1936 1935//1935
f 112//112 767//767 1928//1928 751//751
f 767//767 768//768 1929//1929 1928//1928
f 768//768 769//769 1930//1930 1929//1929
f 769//769 117//117 778//778 1930//1930
f 1930//1930 778//778 777//777 1933//1933
f 1933//1933 777//777 776//776 1936//1936
f 1936//1936 776//776 118//118 775//775
f 1935//1935 1936//1936 775//775 774//774
f 1934//1934 1935//1935 774//774 773//773
f 749//749 1934//1934 773//773 113//113
f 750//750 1931//1931 1934//1934 749//749
f 751//751 1928//1928 1931//1931 750//750
f 1937//1937 1938//1938 1941//1941 1940//1940
f 1938//1938 1939//1939 1942//1942 1941//1941
f 1940//1940 1941//1941 1944//1944 1943//1943
f 1941//1941 1942//1942 1945//1945 1944//1944
f 114//114 781//781 1937//1937 760//760
f 781//781 780//780 1938//1938 1937//1937
f 780//780 779//779 1939//1939 1938//1938
f 779//779 119//119 787//787 1939//1939
f 1939//1939 787//787 786//786 1942//1942
f 1942//1942 786//786 785//785 1945//1945
f 1945//1945 785//785 120//120 784//784
f 1944//1944 1945//1945 784//784 783//783
f 1943//1943 1944//1944 783//783 782//782
f 758//758 1943//1943 782//782 115//115
f 759//759 1940//1940 1943//1943 758//758
f 760//760 1937//1937 1940//1940 759//759
f 1946//1946 1947//1947 1950//1950 1949//1949
f 1947//1947 1948//1948 1951//1951 1950//1950
f 1949//1949 1950//1950 1953//1953 1952//1952
f 1950//1950 1951//1951 1954//1954 1953//1953
f 115//115 782//782 1946//1946 766//766
f 782//782 783//783 1947//1947 1946//1946
f 783//783 784//784 1948//1948 1947//1947
f 784//784 120//120 793//793 1948//1948
f 1948//1948 793//793 792//792 1951//1951
f 1951//1951 792//792 791//791 1954//1954
f 1954//1954 791//791 121//121 790//790
f 1953//1953 1954//1954 790//790 789//789
f 1952//1952 1953//1953 789//789 788//788
f 764//764 1952//1952 788//788 116//116
f 765//765 1949//1949 1952//1952 764//764
f 766//766 1946//1946 1949//1949 765//765
f 1955//1955 1956//1956 1959//1959 1958//1958
f 1956//1956 1957//1957 1960//1960 1959//1959
f 1958//1958 1959//1959 1962//1962 1961//1961
f 1959//1959 1960//1960 1963//1963 1962//1962
f 116//116 788//788 1955//1955 772//772
f 788//788 789//789 1956//1956 1955//1955
f 789//789 790//790 1957//1957 1956//1956
f 790//790 121//121 799//799 1957//1957
f 1957//1957 799//799 798//798 1960//1960
f 1960//1960 798//798 797//797 1963//1963
f 1963//1963 797//797 122//122 796//796
f 1962//1962 1963//1963 796//796 795//795
f 1961//1961 1962//1962 795//795 794//794
f 770//770 1961//1961 794//794 117//117
f 771//771 1958//1958 1961//1961 770//770
f 772//772 1955//1955 1958//1958 771//771
f 1964//1964 1965//1965 1968//1968 1967//1967
f 1965//1965 1966//1966 1969//1969 1968//1968
f 1967//1967 1968//1968 1971//1971 1970//1970
f 1968//1968 1969//1969 1972//1972 1971//1971
f 117//117 794//794 1964//1964 778//778
f 794//794 795//795 1965//1965 1964//1964
f 795//795 796//796 1966//1966 1965//1965
f 796//796 122//122 805//805 1966//1966
f 1966//1966 805//805 804//804 1969//1969
f 1969//1969 804//804 803//803 1972//1972
f 1972//1972 803//803 123//123 802//802
f 1971//1971 1972//1972 802//802 801//801
f 1970//1970 1971//1971 801//801 800//800
f 776//776 1970//1970 800//800 118//118
f 777//777 1967//1967 1970//1970 776//776
f 778//778 1964//1964 1967//1967 777//777
f 1973//1973 1974//1974 1977//1977 1976//1976
f 1974//1974 1975//1975 1978//1978 1977//1977
f 1976//1976 1977//1977 1980//1980 1979//1979
f 1977//1977 1978//1978 1981//1981 1980//1980
f 119//119 808//808 1973//1973 787//787
f 808//808 807//807 1974//1974 1973//1973
f 807//807 806//806 1975//1975 1974//1974
f 806//806 124//124 814//814 1975//1975
f 1975//1975 814//814 813//813 1978//1978
f 1978//1978 813//813 812//812 1981//1981
f 1981//1981 812//812 125//125 811//811
f 1980//1980 1981//1981 811//811 810//810
f 1979//1979 1980//1980 810//810 809//809
f 785//785 1979//1979 809//809 120//120
f 786//786 1976//1976 1979//1979 785//785
f 787//787 1973//1973 1976//1976 786//786
f 1982//1982 1983//1983 1986//1986 1985//1985
f 1983//1983 1984//1984 1987//1987 1986//1986
f 1985//1985 1986//1986 1989//1989 1988//1988
f 1986//1986 1987//1987 1990//1990 1989//1989
f 122//122 817//817 1982//1982 805//805
f 817//817 816//816 1983//1983 1982//1982
f 816//816 815//815 1984//1984 1983//1983
f 815//815 126//126 823//823 1984//1984
f 1984//1984 823//823 822//822 1987//1987
f 1987//1987 822//822 821//821 1990//1990
f 1990//1990 821//821 127//127 820//820
f 1989//1989 1990//1990 820//820 819//819
f 1988//1988 1989//1989 819//819 818//818
f 803//803 1988//1988 818//818 123//123
f 804//804 1985//1985 1988//1988 803//803
f 805//805 1982//1982 1985//1985 804//804
f 1991//1991 1992//1992 1995//1995 1994//1994
f 1992//1992 1993//1993 1996//1996 1995//1995
f 1994//1994 1995//1995 1998//1998 1997//1997
f 1995//1995 1996//1996 1999//1999 1998//1998
f 125//125 826//826 1991//1991 827//827
f 826//826 825//825 1992//1992 1991//1991
f 825//825 824//824 1993//1993 1992//1992
f 824//824 126//126 835//835 1993//1993
f 1993//1993 835//835 834//834 1996//1996
f 1996//1996 834//834 833//833 1999//1999
f 1999//1999 833//833 129//129 832//832
f 1998//1998 1999//1999 832//832 831//831
f 1997//1997 1998//1998 831//831 830//830
f 829//829 1997//1997 830//830 128//128
f 828//828 1994//1994 1997//1997 829//829
f 827//827 1991//1991 1994//1994 828//828
f 2000//2000 2001//2001 2004//2004 2003//2003
f 2001//2001 2002//2002 2005//2005 2004//2004
f 2003//2003 2004//2004 2007//2007 2006//2006
f 2004//2004 2005//2005 2008//2008 2007//2007
f 130//130 839//839 2000//2000 838//838
f 839//839 840//840 2001//2001 2000//2000
f 840//840 841//841 2002//2002 2001//2001
f 841//841 131//131 842//842 2002//2002
f 2002//2002 842//842 843//843 2005//2005
f 2005//2005 843//843 844//844 2008//2008
f 2008//2008 844//844 135//135 845//845
f 2007//2007 2008//2008 845//845 846//846
f 2006//2006 2007//2007 846//846 847//847
f 836//836 2006//2006 847//847 134//134
f 837//837 2003//2003 2006//2006 836//836
f 838//838 2000//2000 2003//2003 837//837
f 2009//2009 2010//2010 2013//2013 2012//2012
f 2010//2010 2011//2011 2014//2014 2013//2013
f 2012//2012 2013//2013 2016//2016 2015//2015
f 2013//2013 2014//2014 2017//2017 2016//2016
f 131//131 848//848 2009//2009 842//842
f 848//848 849//849 2010//2010 2009//2009
f 849//849 850//850 2011//2011 2010//2010
f 850//850 132//132 851//851 2011//2011
f 2011//2011 851//851 852//852 2014//2014
f 2014//2014 852//852 853//853 2017//2017
f 2017//2017 853//853 136//136 854//854
f 2016//2016 2017//2017 854//854 855//855
f 2015//2015 2016//2016 855//855 856//856
f 844//844 2015//2015 856//856 135//135
f 843//843 2012//2012 2015//2015 844//844
f 842//842 2009//2009 2012//2012 843//843
f 2018//2018 2019//2019 2022//2022 2021//2021
f 2019//2019 2020//2020 2023//2023 2022//2022
f 2021//2021 2022//2022 2025//2025 2024//2024
f 2022//2022 2023//2023 2026//2026 2025//2025
f 132//132 857//857 2018//2018 851//851
f 857//857 858//858 2019//2019 2018//2018
f 858//858 859//859 2020//2020 2019//2019
f 859//859 133//133 860//860 2020//2020
f 2020//2020 860//860 861//861 2023//2023
f 2023//2023 861//861 862//862 2026//2026
f 2026//2026 862//862 137//137 863//863
f 2025//2025 2026//2026 863//863 864//864
f 2024//2024 2025//2025 864//864 865//865
f 853//853 2024//2024 865//865 136//136
f 852//852 2021//2021 2024//2024 853//853
f 851//851 2018//2018 2021//2021 852//852
f 2027//2027 2028//2028 2031//2031 2030//2030
f 2028//2028 2029//2029 2032//2032 2031//2031
f 2030//2030 2031//2031 2034//2034 2033//2033
f 2031//2031 2032//2032 2035//2035 2034//2034
f 133//133 866//866 2027//2027 860//860
f 866//866 867//867 2028//2028 2027//2027
f 867//867 868//868 2029//2029 2028//2028
f 868//868 88//88 638//638 2029//2029
f 2029//2029 638//638 639//639 2032//2032
f 2032//2032 639//639 640//640 2035//2035
f 2035//2035 640//640 93//93 869//869
f 2034//2034 2035//2035 869//869 870//870
f 2033//2033 2034//2034 870//870 871//871
f 862//862 2033//2033 871//871 137//137
f 861//861 2030//2030 2033//2033 862//862
f 860//860 2027//2027 2030//2030 861//861
f 2072//2072 2073//2073 2076//2076 2075//2075
f 2073//2073 2074//2074 2077//2077 2076//2076
f 2075//2075 2076//2076 2079//2079 2078//2078
f 2076//2076 2077//2077 2080//2080 2079//2079
f 138//138 880//880 2072//2072 898//898
f 880//880 879//879 2073//2073 2072//2072
f 879//879 878//878 2074//2074 2073//2073
f 878//878 139//139 899//899 2074//2074
f 2074//2074 899//899 900//900 2077//2077
f 2077//2077 900//900 901//901 2080//2080
f 2080//2080 901//901 143//143 902//902
f 2079//2079 2080//2080 902//902 903//903
f 2078//2078 2079//2079 903//903 904//904
f 896//896 2078//2078 904//904 142//142
f 897//897 2075//2075 2078//2078 896//896
f 898//898 2072//2072 2075//2075 897//897
f 2081//2081 2082//2082 2085//2085 2084//2084
f 2082//2082 2083//2083 2086//2086 2085//2085
f 2084//2084 2085//2085 2088//2088 2087//2087
f 2085//2085 2086//2086 2089//2089 2088//2088
f 139//139 886//886 2081//2081 899//899
f 886//886 885//885 2082//2082 2081//2081
f 885//885 884//884 2083//2083 2082//2082
f 884//884 140//140 905//905 2083//2083
f 2083//2083 905//905 906//906 2086//2086
f 2086//2086 906//906 907//907 2089//2089
f 2089//2089 907//907 144//144 908//908
f 2088//2088 2089//2089 908//908 909//909
f 2087//2087 2088//2088 909//909 910//910
f 901//901 2087//2087 910//910 143//143
f 900//900 2084//2084 2087//2087 901//901
f 899//899 2081//2081 2084//2084 900//900
f 2090//2090 2091//2091 2094//2094 2093//2093
f 2091//2091 2092//2092 2095//2095 2094//2094
f 2093//2093 2094//2094 2097//2097 2096//2096
f 2094//2094 2095//2095 2098//2098 2097//2097
f 140//140 892//892 2090//2090 905//905
f 892//892 891//891 2091//2091 2090//2090
f 891//891 890//890 2092//2092 2091//2091
f 890//890 141//141 911//911 2092//2092
f 2092//2092 911//911 912//912 2095//2095
f 2095//2095 912//912 913//913 2098//2098
f 2098//2098 913//913 145//145 914//914
f 2097//2097 2098//2098 914//914 915//915
f 2096//2096 2097//2097 915//915 916//916
f 907//907 2096//2096 916//916 144//144
f 906//906 2093//2093 2096//2096 907//907
f 905//905 2090//2090 2093//2093 906//906
f 2099//2099 2100//2100 2103//2103 2102//2102
f 2100//2100 2101//2101 2104//2104 2103//2103
f 2102//2102 2103//2103 2106//2106 2105//2105
f 2103//2103 2104//2104 2107//2107 2106//2106
f 141//141 895//895 2099//2099 911//911
f 895//895 894//894 2100//2100 2099//2099
f 894//894 893//893 2101//2101 2100//2100
f 893//893 98//98 692//692 2101//2101
f 2101//2101 692//692 693//693 2104//2104
f 2104//2104 693//693 694//694 2107//2107
f 2107//2107 694//694 103//103 917//917
f 2106//2106 2107//2107 917//917 918//918
f 2105//2105 2106//2106 918//918 919//919
f 913//913 2105//2105 919//919 145//145
f 912//912 2102//2102 2105//2105 913//913
f 911//911 2099//2099 2102//2102 912//912
f 2108//2108 2109//2109 2112//2112 2111//2111
f 2109//2109 2110//2110 2113//2113 2112//2112
f 2111//2111 2112//2112 2115//2115 2114//2114
f 2112//2112 2113//2113 2116//2116 2115//2115
f 142//142 904//904 2108//2108 922//922
f 904//904 903//903 2109//2109 2108//2108
f 903//903 902//902 2110//2110 2109//2109
f 902//902 143//143 923//923 2110//2110
f 2110//2110 923//923 924//924 2113//2113
f 2113//2113 924//924 925//925 2116//2116
f 2116//2116 925//925 147//147 926//926
f 2115//2115 2116//2116 926//926 927//927
f 2114//2114 2115//2115 927//927 928//928
f 920//920 2114//2114 928//928 146//146
f 921//921 2111//2111 2114//2114 920//920
f 922//922 2108//2108 2111//2111 921//921
f 2117//2117 2118//2118 2121//2121 2120//2120
f 2118//2118 2119//2119 2122//2122 2121//2121
f 2120//2120 2121//2121 2124//2124 2123//2123
f 2121//2121 2122//2122 2125//2125 2124//2124
f 143//143 910//910 2117//2117 923//923
f 910//910 909//909 2118//2118 2117//2117
f 909//909 908//908 2119//2119 2118//2118
f 908//908 144//144 929//929 2119//2119
f 2119//2119 929//929 930//930 2122//2122
f 2122//2122 930//930 931//931 2125//2125
f 2125//2125 931//931 148//148 932//932
f 2124//2124 2125//2125 932//932 933//933
f 2123//2123 2124//2124 933//933 934//934
f 925//925 2123//2123 934//934 147//147
f 924//924 2120//2120 2123//2123 925//925
f 923//923 2117//2117 2120//2120 924//924
f 2126//2126 2127//2127 2130//2130 2129//2129
f 2127//2127 2128//2128 2131//2131 2130//2130
f 2129//2129 2130//2130 2133//2133 2132//2132
f 2130//2130 2131//2131 2134//2134 2133//2133
f 144//144 916//916 2126//2126 929//929
f 916//916 915//915 2127//2127 2126//2126
f 915//915 914//914 2128//2128 2127//2127
f 914//914 145//145 935//935 2128//2128
f 2128//2128 935//935 936//936 2131//2131
f 2131//2131 936//936 937//937 2134//2134
f 2134//2134 937//937 149//149 938//938
f 2133//2133 2134//2134 938//938 939//939
f 2132//2132 2133//2133 939//939 940//940
f 931//931 2132//2132 940//940 148//148
f 930//930 2129//2129 2132//2132 931//931
f 929//929 2126//2126 2129//2129 930//930
f 2135//2135 2136//2136 2139//2139 2138//2138
f 2136//2136 2137//2137 2140//2140 2139//2139
f 2138//2138 2139//2139 2142//2142 2141//2141
f 2139//2139 2140//2140 2143//2143 2142//2142
f 145//145 919//919 2135//2135 935//935
f 919//919 918//918 2136//2136 2135//2135
f 918//918 917//917 2137//2137 2136//2136
f 917//917 103//103 719//719 2137//2137
f 2137//2137 719//719 720//720 2140//2140
f 2140//2140 720//720 721//721 2143//2143
f 2143//2143 721//721 108//108 941//941
f 2142//2142 2143//2143 941//941 942//942
f 2141//2141 2142//2142 942//942 943//943
f 937//937 2141//2141 943//943 149//149
f 936//936 2138//2138 2141//2141 937//937
f 935//935 2135//2135 2138//2138 936//936
f 2180//2180 2181//2181 2184//2184 2183//2183
f 2181//2181 2182//2182 2185//2185 2184//2184
f 2183//2183 2184//2184 2187//2187 2186//2186
f 2184//2184 2185//2185 2188//2188 2187//2187
f 150//150 952//952 2180//2180 970//970
f 952//952 951//951 2181//2181 2180//2180
f 951//951 950//950 2182//2182 2181//2181
f 950//950 151//151 971//971 2182//2182
f 2182//2182 971//971 972//972 2185//2185
f 2185//2185 972//972 973//973 2188//2188
f 2188//2188 973//973 155//155 974//974
f 2187//2187 2188//2188 974//974 975//975
f 2186//2186 2187//2187 975//975 976//976
f 968//968 2186//2186 976//976 154//154
f 969//969 2183//2183 2186//2186 968//968
f 970//970 2180//2180 2183//2183 969//969
f 2189//2189 2190//2190 2193//2193 2192//2192
f 2190//2190 2191//2191 2194//2194 2193//2193
f 2192//2192 2193//2193 2196//2196 2195//2195
f 2193//2193 2194//2194 2197//2197 2196//2196
f 151//151 958//958 2189//2189 971//971
f 958//958 957//957 2190//2190 2189//2189
f 957//957 956//956 2191//2191 2190//2190
f 956//956 152//152 977//977 2191//2191
f 2191//2191 977//977 978//978 2194//2194
f 2194//2194 978//978 979//979 2197//2197
f 2197//2197 979//979 156//156 980//980
f 2196//2196 2197//2197 980//980 981//981
f 2195//2195 2196//2196 981//981 982//982
f 973//973 2195//2195 982//982 155//155
f 972//972 2192//2192 2195//2195 973//973
f 971//971 2189//2189 2192//2192 972//972
f 2198//2198 2199//2199 2202//2202 2201//2201
f 2199//2199 2200//2200 2203//2203 2202//2202
f 2201//2201 2202//2202 2205//2205 2204//2204
f 2202//2202 2203//2203 2206//2206 2205//2205
f 152//152 964//964 2198//2198 977//977
f 964//964 963//963 2199//2199 2198//2198
f 963//963 962//962 2200//2200 2199//2199
f 962//962 153//153 983//983 2200//2200
f 2200//2200 983//983 984//984 2203//2203
f 2203//2203 984//984 985//985 2206//2206
f 2206//2206 985//985 157//157 986//986
f 2205//2205 2206//2206 986//986 987//987
f 2204//2204 2205//2205 987//987 988//988
f 979//979 2204//2204 988//988 156//156
f 978//978 2201//2201 2204//2204 979//979
f 977//977 2198//2198 2201//2201 978//978
f 2207//2207 2208//2208 2211//2211 2210//2210
f 2208//2208 2209//2209 2212//2212 2211//2211
f 2210//2210 2211//2211 2214//2214 2213//2213
f 2211//2211 2212//2212 2215//2215 2214//2214
f 153//153 967//967 2207//2207 983//983
f 967//967 966//966 2208//2208 2207//2207
f 966//966 965//965 2209//2209 2208//2208
f 965//965 113//113 773//773 2209//2209
f 2209//2209 773//773 774//774 2212//2212
f 2212//2212 774//774 775//775 2215//2215
f 2215//2215 775//775 118//118 989//989
f 2214//2214 2215//2215 989//989 990//990
f 2213//2213 2214//2214 990//990 991//991
f 985//985 2213//2213 991//991 157//157
f 984//984 2210//2210 2213//2213 985//985
f 983//983 2207//2207 2210//2210 984//984
f 2216//2216 2217//2217 2220//2220 2219//2219
f 2217//2217 2218//2218 2221//2221 2220//2220
f 2219//2219 2220//2220 2223//2223 2222//2222
f 2220//2220 2221//2221 2224//2224 2223//2223
f 154//154 976//976 2216//2216 994//994
f 976//976 975//975 2217//2217 2216//2216
f 975//975 974//974 2218//2218 2217//2217
f 974//974 155//155 995//995 2218//2218
f 2218//2218 995//995 996//996 2221//2221
f 2221//2221 996//996 997//997 2224//2224
f 2224//2224 997//997 159//159 998//998
f 2223//2223 2224//2224 998//998 999//999
f 2222//2222 2223//2223 999//999 1000//1000
f 992//992 2222//2222 1000//1000 158//158
f 993//993 2219//2219 2222//2222 992//992
f 994//994 2216//2216 2219//2219 993//993
f 2225//2225 2226//2226 2229//2229 2228//2228
f 2226//2226 2227//2227 2230//2230 2229//2229
f 2228//2228 2229//2229 2232//2232 2231//2231
f 2229//2229 2230//2230 2233//2233 2232//2232
f 155//155 982//982 2225//2225 995//995
f 982//982 981//981 2226//2226 2225//2225
f 981//981 980//980 2227//2227 2226//2226
f 980//980 156//156 1001//1001 2227//2227
f 2227//2227 1001//1001 1002//1002 2230//2230
f 2230//2230 1002//1002 1003//1003 2233//2233
f 2233//2233 1003//1003 160//160 1004//1004
f 2232//2232 2233//2233 1004//1004 1005//1005
f 2231//2231 2232//2232 1005//1005 1006//1006
f 997//997 2231//2231 1006//1006 159//159
f 996//996 2228//2228 2231//2231 997//997
f 995//995 2225//2225 2228//2228 996//996
f 2234//2234 2235//2235 2238//2238 2237//2237
f 2235//2235 2236//2236 2239//2239 2238//2238
f 2237//2237 2238//2238 2241//2241 2240//2240
f 2238//2238 2239//2239 2242//2242 2241//2241
f 156//156 988//988 2234//2234 1001//1001
f 988//988 987//987 2235//2235 2234//2234
f 987//987 986//986 2236//2236 2235//2235
f 986//986 157//157 1007//1007 2236//2236
f 2236//2236 1007//1007 1008//1008 2239//2239
f 2239//2239 1008//1008 1009//1009 2242//2242
f 2242//2242 1009//1009 161//161 1010//1010
f 2241//2241 2242//2242 1010//1010 1011//1011
f 2240//2240 2241//2241 1011//1011 1012//1012
f 1003//1003 2240//2240 1012//1012 160//160
f 1002//1002 2237//2237 2240//2240 1003//1003
f 1001//1001 2234//2234 2237//2237 1002//1002
f 2243//2243 2244//2244 2247//2247 2246//2246
f 2244//2244 2245//2245 2248//2248 2247//2247
f 2246//2246 2247//2247 2250//2250 2249//2249
f 2247//2247 2248//2248 2251//2251 2250//2250
f 157//157 991//991 2243//2243 1007//1007
f 991//991 990//990 2244//2244 2243//2243
f 990//990 989//989 2245//2245 2244//2244
f 989//989 118//118 800//800 2245//2245
f 2245//2245 800//800 801//801 2248//2248
f 2248//2248 801//801 802//802 2251//2251
f 2251//2251 802//802 123//123 1013//1013
f 2250//2250 2251//2251 1013//1013 1014//1014
f 2249//2249 2250//2250 1014//1014 1015//1015
f 1009//1009 2249//2249 1015//1015 161//161
f 1008//1008 2246//2246 2249//2249 1009//1009
f 1007//1007 2243//2243 2246//2246 1008//1008
f 2252//2252 2253//2253 2256//2256 2255//2255
f 2253//2253 2254//2254 2257//2257 2256//2256
f 2255//2255 2256//2256 2259//2259 2258//2258
f 2256//2256 2257//2257 2260//2260 2259//2259
f 158//158 1000//1000 2252//2252 1018//1018
f 1000//1000 999//999 2253//2253 2252//2252
f 999//999 998//998 2254//2254 2253//2253
f 998//998 159//159 1019//1019 2254//2254
f 2254//2254 1019//1019 1020//1020 2257//2257
f 2257//2257 1020//1020 1021//1021 2260//2260
f 2260//2260 1021//1021 163//163 1022//1022
f 2259//2259 2260//2260 1022//1022 1023//1023
f 2258//2258 2259//2259 1023//1023 1024//1024
f 1016//1016 2258//2258 1024//1024 162//162
f 1017//1017 2255//2255 2258//2258 1016//1016
f 1018//1018 2252//2252 2255//2255 1017//1017
f 2261//2261 2262//2262 2265//2265 2264//2264
f 2262//2262 2263//2263 2266//2266 2265//2265
f 2264//2264 2265//2265 2268//2268 2267//2267
f 2265//2265 2266//2266 2269//2269 2268//2268
f 161//161 1015//1015 2261//2261 1027//1027
f 1015//1015 1014//1014 2262//2262 2261//2261
f 1014//1014 1013//1013 2263//2263 2262//2262
f 1013//1013 123//123 818//818 2263//2263
f 2263//2263 818//818 819//819 2266//2266
f 2266//2266 819//819 820//820 2269//2269
f 2269//2269 820//820 127//127 1028//1028
f 2268//2268 2269//2269 1028//1028 1029//1029
f 2267//2267 2268//2268 1029//1029 1030//1030
f 1025//1025 2267//2267 1030//1030 164//164
f 1026//1026 2264//2264 2267//2267 1025//1025
f 1027//1027 2261//2261 2264//2264 1026//1026
f 2270//2270 2271//2271 2274//2274 2273//2273
f 2271//2271 2272//2272 2275//2275 2274//2274
f 2273//2273 2274//2274 2277//2277 2276//2276
f 2274//2274 2275//2275 2278//2278 2277//2277
f 163//163 1034//1034 2270//2270 1033//1033
f 1034//1034 1035//1035 2271//2271 2270//2270
f 1035//1035 1036//1036 2272//2272 2271//2271
f 1036//1036 165//165 1037//1037 2272//2272
f 2272//2272 1037//1037 1038//1038 2275//2275
f 2275//2275 1038//1038 1039//1039 2278//2278
f 2278//2278 1039//1039 166//166 1040//1040
f 2277//2277 2278//2278 1040//1040 1041//1041
f 2276//2276 2277//2277 1041//1041 1042//1042
f 1031//1031 2276//2276 1042//1042 164//164
f 1032//1032 2273//2273 2276//2276 1031//1031
f 1033//1033 2270//2270 2273//2273 1032//1032
f 2279//2279 2280//2280 2283//2283 2282//2282
f 2280//2280 2281//2281 2284//2284 2283//2283
f 2282//2282 2283//2283 2286//2286 2285//2285
f 2283//2283 2284//2284 2287//2287 2286//2286
f 1//1 169//169 2279//2279 1043//1043
f 169//169 168//168 2280//2280 2279//2279
f 168//168 167//167 2281//2281 2280//2280
f 167//167 6//6 1058//1058 2281//2281
f 2281//2281 1058//1058 1059//1059 2284//2284
f 2284//2284 1059//1059 1060//1060 2287//2287
f 2287//2287 1060//1060 89//89 605//605
f 2286//2286 2287//2287 605//605 606//606
f 2285//2285 2286//2286 606//606 607//607
f 1045//1045 2285//2285 607//607 84//84
f 1044//1044 2282//2282 2285//2285 1045//1045
f 1043//1043 2279//2279 2282//2282 1044//1044
f 2288//2288 2289//2289 2292//2292 2291//2291
f 2289//2289 2290//2290 2293//2293 2292//2292
f 2291//2291 2292//2292 2295//2295 2294//2294
f 2292//2292 2293//2293 2296//2296 2295//2295
f 2//2 172//172 2288//2288 1046//1046
f 172//172 171//171 2289//2289 2288//2288
f 171//171 170//170 2290//2290 2289//2289
f 170//170 1//1 1043//1043 2290//2290
f 2290//2290 1043//1043 1044//1044 2293//2293
f 2293//2293 1044//1044 1045//1045 2296//2296
f 2296//2296 1045//1045 84//84 608//608
f 2295//2295 2296//2296 608//608 609//609
f 2294//2294 2295//2295 609//609 610//610
f 1048//1048 2294//2294 610//610 85//85
f 1047//1047 2291//2291 2294//2294 1048//1048
f 1046//1046 2288//2288 2291//2291 1047//1047
f 2297//2297 2298//2298 2301//2301 2300//2300
f 2298//2298 2299//2299 2302//2302 2301//2301
f 2300//2300 2301//2301 2304//2304 2303//2303
f 2301//2301 2302//2302 2305//2305 2304//2304
f 3//3 181//181 2297//2297 1049//1049
f 181//181 180//180 2298//2298 2297//2297
f 180//180 179//179 2299//2299 2298//2298
f 179//179 2//2 1046//1046 2299//2299
f 2299//2299 1046//1046 1047//1047 2302//2302
f 2302//2302 1047//1047 1048//1048 2305//2305
f 2305//2305 1048//1048 85//85 617//617
f 2304//2304 2305//2305 617//617 618//618
f 2303//2303 2304//2304 618//618 619//619
f 1051//1051 2303//2303 619//619 86//86
f 1050//1050 2300//2300 2303//2303 1051//1051
f 1049//1049 2297//2297 2300//2300 1050//1050
f 2306//2306 2307//2307 2310//2310 2309//2309
f 2307//2307 2308//2308 2311//2311 2310//2310
f 2309//2309 2310//2310 2313//2313 2312//2312
f 2310//2310 2311//2311 2314//2314 2313//2313
f 4//4 190//190 2306//2306 1052//1052
f 190//190 189//189 2307//2307 2306//2306
f 189//189 188//188 2308//2308 2307//2307
f 188//188 3//3 1049//1049 2308//2308
f 2308//2308 1049//1049 1050//1050 2311//2311
f 2311//2311 1050//1050 1051//1051 2314//2314
f 2314//2314 1051//1051 86//86 626//626
f 2313//2313 2314//2314 626//626 627//627
f 2312//2312 2313//2313 627//627 628//628
f 1054//1054 2312//2312 628//628 87//87
f 1053//1053 2309//2309 2312//2312 1054//1054
f 1052//1052 2306//2306 2309//2309 1053//1053
f 2315//2315 2316//2316 2319//2319 2318//2318
f 2316//2316 2317//2317 2320//2320 2319//2319
f 2318//2318 2319//2319 2322//2322 2321//2321
f 2319//2319 2320//2320 2323//2323 2322//2322
f 5//5 199//199 2315//2315 1055//1055
f 199//199 198//198 2316//2316 2315//2315
f 198//198 197//197 2317//2317 2316//2316
f 197//197 4//4 1052//1052 2317//2317
f 2317//2317 1052//1052 1053//1053 2320//2320
f 2320//2320 1053//1053 1054//1054 2323//2323
f 2323//2323 1054//1054 87//87 635//635
f 2322//2322 2323//2323 635//635 636//636
f 2321//2321 2322//2322 636//636 637//637
f 1057//1057 2321//2321 637//637 88//88
f 1056//1056 2318//2318 2321//2321 1057//1057
f 1055//1055 2315//2315 2318//2318 1056//1056
f 2333//2333 2334//2334 2337//2337 2336//2336
f 2334//2334 2335//2335 2338//2338 2337//2337
f 2336//2336 2337//2337 2340//2340 2339//2339
f 2337//2337 2338//2338 2341//2341 2340//2340
f 11//11 235//235 2333//2333 1061//1061
f 235//235 234//234 2334//2334 2333//2333
f 234//234 233//233 2335//2335 2334//2334
f 233//233 16//16 1064//1064 2335//2335
f 2335//2335 1064//1064 1065//1065 2338//2338
f 2338//2338 1065//1065 1066//1066 2341//2341
f 2341//2341 1066//1066 99//99 671//671
f 2340//2340 2341//2341 671//671 672//672
f 2339//2339 2340//2340 672//672 673//673
f 1063//1063 2339//2339 673//673 94//94
f 1062//1062 2336//2336 2339//2339 1063//1063
f 1061//1061 2333//2333 2336//2336 1062//1062
f 2342//2342 2343//2343 2346//2346 2345//2345
f 2343//2343 2344//2344 2347//2347 2346//2346
f 2345//2345 2346//2346 2349//2349 2348//2348
f 2346//2346 2347//2347 2350//2350 2349//2349
f 16//16 262//262 2342//2342 1064//1064
f 262//262 261//261 2343//2343 2342//2342
f 261//261 260//260 2344//2344 2343//2343
f 260//260 21//21 1067//1067 2344//2344
f 2344//2344 1067//1067 1068//1068 2347//2347
f 2347//2347 1068//1068 1069//1069 2350//2350
f 2350//2350 1069//1069 104//104 698//698
f 2349//2349 2350//2350 698//698 699//699
f 2348//2348 2349//2349 699//699 700//700
f 1066//1066 2348//2348 700//700 99//99
f 1065//1065 2345//2345 2348//2348 1066//1066
f 1064//1064 2342//2342 2345//2345 1065//1065
f 2360//2360 2361//2361 2364//2364 2363//2363
f 2361//2361 2362//2362 2365//2365 2364//2364
f 2363//2363 2364//2364 2367//2367 2366//2366
f 2364//2364 2365//2365 2368//2368 2367//2367
f 26//26 316//316 2360//2360 1070//1070
f 316//316 315//315 2361//2361 2360//2360
f 315//315 314//314 2362//2362 2361//2361
f 314//314 31//31 1073//1073 2362//2362
f 2362//2362 1073//1073 1074//1074 2365//2365
f 2365//2365 1074//1074 1075//1075 2368//2368
f 2368//2368 1075//1075 114//114 752//752
f 2367//2367 2368//2368 752//752 753//753
f 2366//2366 2367//2367 753//753 754//754
f 1072//1072 2366//2366 754//754 109//109
f 1071//1071 2363//2363 2366//2366 1072//1072
f 1070//1070 2360//2360 2363//2363 1071//1071
f 2369//2369 2370//2370 2373//2373 2372//2372
f 2370//2370 2371//2371 2374//2374 2373//2373
f 2372//2372 2373//2373 2376//2376 2375//2375
f 2373//2373 2374//2374 2377//2377 2376//2376
f 31//31 343//343 2369//2369 1073//1073
f 343//343 342//342 2370//2370 2369//2369
f 342//342 341//341 2371//2371 2370//2370
f 341//341 36//36 1076//1076 2371//2371
f 2371//2371 1076//1076 1077//1077 2374//2374
f 2374//2374 1077//1077 1078//1078 2377//2377
f 2377//2377 1078//1078 119//119 779//779
f 2376//2376 2377//2377 779//779 780//780
f 2375//2375 2376//2376 780//780 781//781
f 1075//1075 2375//2375 781//781 114//114
f 1074//1074 2372//2372 2375//2375 1075//1075
f 1073//1073 2369//2369 2372//2372 1074//1074
f 2378//2378 2379//2379 2382//2382 2381//2381
f 2379//2379 2380//2380 2383//2383 2382//2382
f 2381//2381 2382//2382 2385//2385 2384//2384
f 2382//2382 2383//2383 2386//2386 2385//2385
f 37//37 355//355 2378//2378 1079//1079
f 355//355 354//354 2379//2379 2378//2378
f 354//354 353//353 2380//2380 2379//2379
f 353//353 38//38 1082//1082 2380//2380
f 2380//2380 1082//1082 1083//1083 2383//2383
f 2383//2383 1083//1083 1084//1084 2386//2386
f 2386//2386 1084//1084 121//121 791//791
f 2385//2385 2386//2386 791//791 792//792
f 2384//2384 2385//2385 792//792 793//793
f 1081//1081 2384//2384 793//793 120//120
f 1080//1080 2381//2381 2384//2384 1081//1081
f 1079//1079 2378//2378 2381//2381 1080//1080
f 2387//2387 2388//2388 2391//2391 2390//2390
f 2388//2388 2389//2389 2392//2392 2391//2391
f 2390//2390 2391//2391 2394//2394 2393//2393
f 2391//2391 2392//2392 2395//2395 2394//2394
f 38//38 361//361 2387//2387 1082//1082
f 361//361 360//360 2388//2388 2387//2387
f 360//360 359//359 2389//2389 2388//2388
f 359//359 39//39 1085//1085 2389//2389
f 2389//2389 1085//1085 1086//1086 2392//2392
f 2392//2392 1086//1086 1087//1087 2395//2395
f 2395//2395 1087//1087 122//122 797//797
f 2394//2394 2395//2395 797//797 798//798
f 2393//2393 2394//2394 798//798 799//799
f 1084//1084 2393//2393 799//799 121//121
f 1083//1083 2390//2390 2393//2393 1084//1084
f 1082//1082 2387//2387 2390//2390 1083//1083
f 2396//2396 2397//2397 2400//2400 2399//2399
f 2397//2397 2398//2398 2401//2401 2400//2400
f 2399//2399 2400//2400 2403//2403 2402//2402
f 2400//2400 2401//2401 2404//2404 2403//2403
f 36//36 370//370 2396//2396 1076//1076
f 370//370 369//369 2397//2397 2396//2396
f 369//369 368//368 2398//2398 2397//2397
f 368//368 41//41 1088//1088 2398//2398
f 2398//2398 1088//1088 1089//1089 2401//2401
f 2401//2401 1089//1089 1090//1090 2404//2404
f 2404//2404 1090//1090 124//124 806//806
f 2403//2403 2404//2404 806//806 807//807
f 2402//2402 2403//2403 807//807 808//808
f 1078//1078 2402//2402 808//808 119//119
f 1077//1077 2399//2399 2402//2402 1078//1078
f 1076//1076 2396//2396 2399//2399 1077//1077
f 2405//2405 2406//2406 2409//2409 2408//2408
f 2406//2406 2407//2407 2410//2410 2409//2409
f 2408//2408 2409//2409 2412//2412 2411//2411
f 2409//2409 2410//2410 2413//2413 2412//2412
f 42//42 373//373 2405//2405 1091//1091
f 373//373 372//372 2406//2406 2405//2405
f 372//372 371//371 2407//2407 2406//2406
f 371//371 37//37 1079//1079 2407//2407
f 2407//2407 1079//1079 1080//1080 2410//2410
f 2410//2410 1080//1080 1081//1081 2413//2413
f 2413//2413 1081//1081 120//120 809//809
f 2412//2412 2413//2413 809//809 810//810
f 2411//2411 2412//2412 810//810 811//811
f 1093//1093 2411//2411 811//811 125//125
f 1092//1092 2408//2408 2411//2411 1093//1093
f 1091//1091 2405//2405 2408//2408 1092//1092
f 2414//2414 2415//2415 2418//2418 2417//2417
f 2415//2415 2416//2416 2419//2419 2418//2418
f 2417//2417 2418//2418 2421//2421 2420//2420
f 2418//2418 2419//2419 2422//2422 2421//2421
f 41//41 376//376 2414//2414 1088//1088
f 376//376 375//375 2415//2415 2414//2414
f 375//375 374//374 2416//2416 2415//2415
f 374//374 42//42 1091//1091 2416//2416
f 2416//2416 1091//1091 1092//1092 2419//2419
f 2419//2419 1092//1092 1093//1093 2422//2422
f 2422//2422 1093//1093 125//125 812//812
f 2421//2421 2422//2422 812//812 813//813
f 2420//2420 2421//2421 813//813 814//814
f 1090//1090 2420//2420 814//814 124//124
f 1089//1089 2417//2417 2420//2420 1090//1090
f 1088//1088 2414//2414 2417//2417 1089//1089
f 2423//2423 2424//2424 2427//2427 2426//2426
f 2424//2424 2425//2425 2428//2428 2427//2427
f 2426//2426 2427//2427 2430//2430 2429//2429
f 2427//2427 2428//2428 2431//2431 2430//2430
f 39//39 379//379 2423//2423 1085//1085
f 379//379 378//378 2424//2424 2423//2423
f 378//378 377//377 2425//2425 2424//2424
f 377//377 43//43 1094//1094 2425//2425
f 2425//2425 1094//1094 1095//1095 2428//2428
f 2428//2428 1095//1095 1096//1096 2431//2431
f 2431//2431 1096//1096 126//126 815//815
f 2430//2430 2431//2431 815//815 816//816
f 2429//2429 2430//2430 816//816 817//817
f 1087//1087 2429//2429 817//817 122//122
f 1086//1086 2426//2426 2429//2429 1087//1087
f 1085//1085 2423//2423 2426//2426 1086//1086
f 2432//2432 2433//2433 2436//2436 2435//2435
f 2433//2433 2434//2434 2437//2437 2436//2436
f 2435//2435 2436//2436 2439//2439 2438//2438
f 2436//2436 2437//2437 2440//2440 2439//2439
f 43//43 385//385 2432//2432 1094//1094
f 385//385 384//384 2433//2433 2432//2432
f 384//384 383//383 2434//2434 2433//2433
f 383//383 44//44 1097//1097 2434//2434
f 2434//2434 1097//1097 1098//1098 2437//2437
f 2437//2437 1098//1098 1099//1099 2440//2440
f 2440//2440 1099//1099 127//127 821//821
f 2439//2439 2440//2440 821//821 822//822
f 2438//2438 2439//2439 822//822 823//823
f 1096//1096 2438//2438 823//823 126//126
f 1095//1095 2435//2435 2438//2438 1096//1096
f 1094//1094 2432//2432 2435//2435 1095//1095
f 2441//2441 2442//2442 2445//2445 2444//2444
f 2442//2442 2443//2443 2446//2446 2445//2445
f 2444//2444 2445//2445 2448//2448 2447//2447
f 2445//2445 2446//2446 2449//2449 2448//2448
f 42//42 388//388 2441//2441 1091//1091
f 388//388 387//387 2442//2442 2441//2441
f 387//387 386//386 2443//2443 2442//2442
f 386//386 43//43 1094//1094 2443//2443
f 2443//2443 1094//1094 1095//1095 2446//2446
f 2446//2446 1095//1095 1096//1096 2449//2449
f 2449//2449 1096//1096 126//126 824//824
f 2448//2448 2449//2449 824//824 825//825
f 2447//2447 2448//2448 825//825 826//826
f 1093//1093 2447//2447 826//826 125//125
f 1092//1092 2444//2444 2447//2447 1093//1093
f 1091//1091 2441//2441 2444//2444 1092//1092
f 2450//2450 2451//2451 2454//2454 2453//2453
f 2451//2451 2452//2452 2455//2455 2454//2454
f 2453//2453 2454//2454 2457//2457 2456//2456
f 2454//2454 2455//2455 2458//2458 2457//2457
f 45//45 391//391 2450//2450 1100//1100
f 391//391 390//390 2451//2451 2450//2450
f 390//390 389//389 2452//2452 2451//2451
f 389//389 42//42 1091//1091 2452//2452
f 2452//2452 1091//1091 1092//1092 2455//2455
f 2455//2455 1092//1092 1093//1093 2458//2458
f 2458//2458 1093//1093 125//125 827//827
f 2457//2457 2458//2458 827//827 828//828
f 2456//2456 2457//2457 828//828 829//829
f 1102//1102 2456//2456 829//829 128//128
f 1101//1101 2453//2453 2456//2456 1102//1102
f 1100//1100 2450//2450 2453//2453 1101//1101
f 2459//2459 2460//2460 2463//2463 2462//2462
f 2460//2460 2461//2461 2464//2464 2463//2463
f 2462//2462 2463//2463 2466//2466 2465//2465
f 2463//2463 2464//2464 2467//2467 2466//2466
f 46//46 394//394 2459//2459 1103//1103
f 394//394 393//393 2460//2460 2459//2459
f 393//393 392//392 2461//2461 2460//2460
f 392//392 45//45 1100//1100 2461//2461
f 2461//2461 1100//1100 1101//1101 2464//2464
f 2464//2464 1101//1101 1102//1102 2467//2467
f 2467//2467 1102//1102 128//128 830//830
f 2466//2466 2467//2467 830//830 831//831
f 2465//2465 2466//2466 831//831 832//832
f 1105//1105 2465//2465 832//832 129//129
f 1104//1104 2462//2462 2465//2465 1105//1105
f 1103//1103 2459//2459 2462//2462 1104//1104
f 2468//2468 2469//2469 2472//2472 2471//2471
f 2469//2469 2470//2470 2473//2473 2472//2472
f 2471//2471 2472//2472 2475//2475 2474//2474
f 2472//2472 2473//2473 2476//2476 2475//2475
f 43//43 397//397 2468//2468 1094//1094
f 397//397 396//396 2469//2469 2468//2468
f 396//396 395//395 2470//2470 2469//2469
f 395//395 46//46 1103//1103 2470//2470
f 2470//2470 1103//1103 1104//1104 2473//2473
f 2473//2473 1104//1104 1105//1105 2476//2476
f 2476//2476 1105//1105 129//129 833//833
f 2475//2475 2476//2476 833//833 834//834
f 2474//2474 2475//2475 834//834 835//835
f 1096//1096 2474//2474 835//835 126//126
f 1095//1095 2471//2471 2474//2474 1096//1096
f 1094//1094 2468//2468 2471//2471 1095//1095
f 2477//2477 2478//2478 2481//2481 2480//2480
f 2478//2478 2479//2479 2482//2482 2481//2481
f 2480//2480 2481//2481 2484//2484 2483//2483
f 2481//2481 2482//2482 2485//2485 2484//2484
f 51//51 398//398 2477//2477 1118//1118
f 398//398 399//399 2478//2478 2477//2477
f 399//399 400//400 2479//2479 2478//2478
f 400//400 47//47 1106//1106 2479//2479
f 2479//2479 1106//1106 1107//1107 2482//2482
f 2482//2482 1107//1107 1108//1108 2485//2485
f 2485//2485 1108//1108 130//130 838//838
f 2484//2484 2485//2485 838//838 837//837
f 2483//2483 2484//2484 837//837 836//836
f 1120//1120 2483//2483 836//836 134//134
f 1119//1119 2480//2480 2483//2483 1120//1120
f 1118//1118 2477//2477 2480//2480 1119//1119
f 2486//2486 2487//2487 2490//2490 2489//2489
f 2487//2487 2488//2488 2491//2491 2490//2490
f 2489//2489 2490//2490 2493//2493 2492//2492
f 2490//2490 2491//2491 2494//2494 2493//2493
f 47//47 401//401 2486//2486 1106//1106
f 401//401 402//402 2487//2487 2486//2486
f 402//402 403//403 2488//2488 2487//2487
f 403//403 48//48 1109//1109 2488//2488
f 2488//2488 1109//1109 1110//1110 2491//2491
f 2491//2491 1110//1110 1111//1111 2494//2494
f 2494//2494 1111//1111 131//131 841//841
f 2493//2493 2494//2494 841//841 840//840
f 2492//2492 2493//2493 840//840 839//839
f 1108//1108 2492//2492 839//839 130//130
f 1107//1107 2489//2489 2492//2492 1108//1108
f 1106//1106 2486//2486 2489//2489 1107//1107
f 2495//2495 2496//2496 2499//2499 2498//2498
f 2496//2496 2497//2497 2500//2500 2499//2499
f 2498//2498 2499//2499 2502//2502 2501//2501
f 2499//2499 2500//2500 2503//2503 2502//2502
f 48//48 410//410 2495//2495 1109//1109
f 410//410 411//411 2496//2496 2495//2495
f 411//411 412//412 2497//2497 2496//2496
f 412//412 49//49 1112//1112 2497//2497
f 2497//2497 1112//1112 1113//1113 2500//2500
f 2500//2500 1113//1113 1114//1114 2503//2503
f 2503//2503 1114//1114 132//132 850//850
f 2502//2502 2503//2503 850//850 849//849
f 2501//2501 2502//2502 849//849 848//848
f 1111//1111 2501//2501 848//848 131//131
f 1110//1110 2498//2498 2501//2501 1111//1111
f 1109//1109 2495//2495 2498//2498 1110//1110
f 2504//2504 2505//2505 2508//2508 2507//2507
f 2505//2505 2506//2506 2509//2509 2508//2508
f 2507//2507 2508//2508 2511//2511 2510//2510
f 2508//2508 2509//2509 2512//2512 2511//2511
f 49//49 419//419 2504//2504 1112//1112
f 419//419 420//420 2505//2505 2504//2504
f 420//420 421//421 2506//2506 2505//2505
f 421//421 50//50 1115//1115 2506//2506
f 2506//2506 1115//1115 1116//1116 2509//2509
f 2509//2509 1116//1116 1117//1117 2512//2512
f 2512//2512 1117//1117 133//133 859//859
f 2511//2511 2512//2512 859//859 858//858
f 2510//2510 2511//2511 858//858 857//857
f 1114//1114 2510//2510 857//857 132//132
f 1113//1113 2507//2507 2510//2510 1114//1114
f 1112//1112 2504//2504 2507//2507 1113//1113
f 2513//2513 2514//2514 2517//2517 2516//2516
f 2514//2514 2515//2515 2518//2518 2517//2517
f 2516//2516 2517//2517 2520//2520 2519//2519
f 2517//2517 2518//2518 2521//2521 2520//2520
f 50//50 428//428 2513//2513 1115//1115
f 428//428 429//429 2514//2514 2513//2513
f 429//429 430//430 2515//2515 2514//2514
f 430//430 5//5 1055//1055 2515//2515
f 2515//2515 1055//1055 1056//1056 2518//2518
f 2518//2518 1056//1056 1057//1057 2521//2521
f 2521//2521 1057//1057 88//88 868//868
f 2520//2520 2521//2521 868//868 867//867
f 2519//2519 2520//2520 867//867 866//866
f 1117//1117 2519//2519 866//866 133//133
f 1116//1116 2516//2516 2519//2519 1117//1117
f 1115//1115 2513//2513 2516//2516 1116//1116
f 2531//2531 2532//2532 2535//2535 2534//2534
f 2532//2532 2533//2533 2536//2536 2535//2535
f 2534//2534 2535//2535 2538//2538 2537//2537
f 2535//2535 2536//2536 2539//2539 2538//2538
f 59//59 458//458 2531//2531 1124//1124
f 458//458 459//459 2532//2532 2531//2531
f 459//459 460//460 2533//2533 2532//2532
f 460//460 55//55 1121//1121 2533//2533
f 2533//2533 1121//1121 1122//1122 2536//2536
f 2536//2536 1122//1122 1123//1123 2539//2539
f 2539//2539 1123//1123 138//138 898//898
f 2538//2538 2539//2539 898//898 897//897
f 2537//2537 2538//2538 897//897 896//896
f 1126//1126 2537//2537 896//896 142//142
f 1125//1125 2534//2534 2537//2537 1126//1126
f 1124//1124 2531//2531 2534//2534 1125//1125
f 2540//2540 2541//2541 2544//2544 2543//2543
f 2541//2541 2542//2542 2545//2545 2544//2544
f 2543//2543 2544//2544 2547//2547 2546//2546
f 2544//2544 2545//2545 2548//2548 2547//2547
f 63//63 482//482 2540//2540 1127//1127
f 482//482 483//483 2541//2541 2540//2540
f 483//483 484//484 2542//2542 2541//2541
f 484//484 59//59 1124//1124 2542//2542
f 2542//2542 1124//1124 1125//1125 2545//2545
f 2545//2545 1125//1125 1126//1126 2548//2548
f 2548//2548 1126//1126 142//142 922//922
f 2547//2547 2548//2548 922//922 921//921
f 2546//2546 2547//2547 921//921 920//920
f 1129//1129 2546//2546 920//920 146//146
f 1128//1128 2543//2543 2546//2546 1129//1129
f 1127//1127 2540//2540 2543//2543 1128//1128
f 2558//2558 2559//2559 2562//2562 2561//2561
f 2559//2559 2560//2560 2563//2563 2562//2562
f 2561//2561 2562//2562 2565//2565 2564//2564
f 2562//2562 2563//2563 2566//2566 2565//2565
f 71//71 530//530 2558//2558 1133//1133
f 530//530 531//531 2559//2559 2558//2558
f 531//531 532//532 2560//2560 2559//2559
f 532//532 67//67 1130//1130 2560//2560
f 2560//2560 1130//1130 1131//1131 2563//2563
f 2563//2563 1131//1131 1132//1132 2566//2566
f 2566//2566 1132//1132 150//150 970//970
f 2565//2565 2566//2566 970//970 969//969
f 2564//2564 2565//2565 969//969 968//968
f 1135//1135 2564//2564 968//968 154//154
f 1134//1134 2561//2561 2564//2564 1135//1135
f 1133//1133 2558//2558 2561//2561 1134//1134
f 2567//2567 2568//2568 2571//2571 2570//2570
f 2568//2568 2569//2569 2572//2572 2571//2571
f 2570//2570 2571//2571 2574//2574 2573//2573
f 2571//2571 2572//2572 2575//2575 2574//2574
f 75//75 554//554 2567//2567 1136//1136
f 554//554 555//555 2568//2568 2567//2567
f 555//555 556//556 2569//2569 2568//2568
f 556//556 71//71 1133//1133 2569//2569
f 2569//2569 1133//1133 1134//1134 2572//2572
f 2572//2572 1134//1134 1135//1135 2575//2575
f 2575//2575 1135//1135 154//154 994//994
f 2574//2574 2575//2575 994//994 993//993
f 2573//2573 2574//2574 993//993 992//992
f 1138//1138 2573//2573 992//992 158//158
f 1137//1137 2570//2570 2573//2573 1138//1138
f 1136//1136 2567//2567 2570//2570 1137//1137
f 2576//2576 2577//2577 2580//2580 2579//2579
f 2577//2577 2578//2578 2581//2581 2580//2580
f 2579//2579 2580//2580 2583//2583 2582//2582
f 2580//2580 2581//2581 2584//2584 2583//2583
f 77//77 566//566 2576//2576 1142//1142
f 566//566 567//567 2577//2577 2576//2576
f 567//567 568//568 2578//2578 2577//2577
f 568//568 76//76 1139//1139 2578//2578
f 2578//2578 1139//1139 1140//1140 2581//2581
f 2581//2581 1140//1140 1141//1141 2584//2584
f 2584//2584 1141//1141 159//159 1006//1006
f 2583//2583 2584//2584 1006//1006 1005//1005
f 2582//2582 2583//2583 1005//1005 1004//1004
f 1144//1144 2582//2582 1004//1004 160//160
f 1143//1143 2579//2579 2582//2582 1144//1144
f 1142//1142 2576//2576 2579//2579 1143//1143
f 2585//2585 2586//2586 2589//2589 2588//2588
f 2586//2586 2587//2587 2590//2590 2589//2589
f 2588//2588 2589//2589 2592//2592 2591//2591
f 2589//2589 2590//2590 2593//2593 2592//2592
f 78//78 572//572 2585//2585 1145//1145
f 572//572 573//573 2586//2586 2585//2585
f 573//573 574//574 2587//2587 2586//2586
f 574//574 77//77 1142//1142 2587//2587
f 2587//2587 1142//1142 1143//1143 2590//2590
f 2590//2590 1143//1143 1144//1144 2593//2593
f 2593//2593 1144//1144 160//160 1012//1012
f 2592//2592 2593//2593 1012//1012 1011//1011
f 2591//2591 2592//2592 1011//1011 1010//1010
f 1147//1147 2591//2591 1010//1010 161//161
f 1146//1146 2588//2588 2591//2591 1147//1147
f 1145//1145 2585//2585 2588//2588 1146//1146
f 2594//2594 2595//2595 2598//2598 2597//2597
f 2595//2595 2596//2596 2599//2599 2598//2598
f 2597//2597 2598//2598 2601//2601 2600//2600
f 2598//2598 2599//2599 2602//2602 2601//2601
f 79//79 578//578 2594//2594 1148//1148
f 578//578 579//579 2595//2595 2594//2594
f 579//579 580//580 2596//2596 2595//2595
f 580//580 75//75 1136//1136 2596//2596
f 2596//2596 1136//1136 1137//1137 2599//2599
f 2599//2599 1137//1137 1138//1138 2602//2602
f 2602//2602 1138//1138 158//158 1018//1018
f 2601//2601 2602//2602 1018//1018 1017//1017
f 2600//2600 2601//2601 1017//1017 1016//1016
f 1150//1150 2600//2600 1016//1016 162//162
f 1149//1149 2597//2597 2600//2600 1150//1150
f 1148//1148 2594//2594 2597//2597 1149//1149
f 2603//2603 2604//2604 2607//2607 2606//2606
f 2604//2604 2605//2605 2608//2608 2607//2607
f 2606//2606 2607//2607 2610//2610 2609//2609
f 2607//2607 2608//2608 2611//2611 2610//2610
f 76//76 581//581 2603//2603 1139//1139
f 581//581 582//582 2604//2604 2603//2603
f 582//582 583//583 2605//2605 2604//2604
f 583//583 80//80 1151//1151 2605//2605
f 2605//2605 1151//1151 1152//1152 2608//2608
f 2608//2608 1152//1152 1153//1153 2611//2611
f 2611//2611 1153//1153 163//163 1021//1021
f 2610//2610 2611//2611 1021//1021 1020//1020
f 2609//2609 2610//2610 1020//1020 1019//1019
f 1141//1141 2609//2609 1019//1019 159//159
f 1140//1140 2606//2606 2609//2609 1141//1141
f 1139//1139 2603//2603 2606//2606 1140//1140
f 2612//2612 2613//2613 2616//2616 2615//2615
f 2613//2613 2614//2614 2617//2617 2616//2616
f 2615//2615 2616//2616 2619//2619 2618//2618
f 2616//2616 2617//2617 2620//2620 2619//2619
f 80//80 584//584 2612//2612 1151//1151
f 584//584 585//585 2613//2613 2612//2612
f 585//585 586//586 2614//2614 2613//2613
f 586//586 79//79 1148//1148 2614//2614
f 2614//2614 1148//1148 1149//1149 2617//2617
f 2617//2617 1149//1149 1150//1150 2620//2620
f 2620//2620 1150//1150 162//162 1024//1024
f 2619//2619 2620//2620 1024//1024 1023//1023
f 2618//2618 2619//2619 1023//1023 1022//1022
f 1153//1153 2618//2618 1022//1022 163//163
f 1152//1152 2615//2615 2618//2618 1153//1153
f 1151//1151 2612//2612 2615//2615 1152//1152
f 2621//2621 2622//2622 2625//2625 2624//2624
f 2622//2622 2623//2623 2626//2626 2625//2625
f 2624//2624 2625//2625 2628//2628 2627//2627
f 2625//2625 2626//2626 2629//2629 2628//2628
f 81//81 587//587 2621//2621 1154//1154
f 587//587 588//588 2622//2622 2621//2621
f 588//588 589//589 2623//2623 2622//2622
f 589//589 78//78 1145//1145 2623//2623
f 2623//2623 1145//1145 1146//1146 2626//2626
f 2626//2626 1146//1146 1147//1147 2629//2629
f 2629//2629 1147//1147 161//161 1027//1027
f 2628//2628 2629//2629 1027//1027 1026//1026
f 2627//2627 2628//2628 1026//1026 1025//1025
f 1156//1156 2627//2627 1025//1025 164//164
f 1155//1155 2624//2624 2627//2627 1156//1156
f 1154//1154 2621//2621 2624//2624 1155//1155
f 2630//2630 2631//2631 2634//2634 2633//2633
f 2631//2631 2632//2632 2635//2635 2634//2634
f 2633//2633 2634//2634 2637//2637 2636//2636
f 2634//2634 2635//2635 2638//2638 2637//2637
f 44//44 590//590 2630//2630 1097//1097
f 590//590 591//591 2631//2631 2630//2630
f 591//591 592//592 2632//2632 2631//2631
f 592//592 81//81 1154//1154 2632//2632
f 2632//2632 1154//1154 1155//1155 2635//2635
f 2635//2635 1155//1155 1156//1156 2638//2638
f 2638//2638 1156//1156 164//164 1030//1030
f 2637//2637 2638//2638 1030//1030 1029//1029
f 2636//2636 2637//2637 1029//1029 1028//1028
f 1099//1099 2636//2636 1028//1028 127//127
f 1098//1098 2633//2633 2636//2636 1099//1099
f 1097//1097 2630//2630 2633//2633 1098//1098
f 2639//2639 2640//2640 2643//2643 2642//2642
f 2640//2640 2641//2641 2644//2644 2643//2643
f 2642//2642 2643//2643 2646//2646 2645//2645
f 2643//2643 2644//2644 2647//2647 2646//2646
f 81//81 593//593 2639//2639 1154//1154
f 593//593 594//594 2640//2640 2639//2639
f 594//594 595//595 2641//2641 2640//2640
f 595//595 80//80 1151//1151 2641//2641
f 2641//2641 1151//1151 1152//1152 2644//2644
f 2644//2644 1152//1152 1153//1153 2647//2647
f 2647//2647 1153//1153 163//163 1033//1033
f 2646//2646 2647//2647 1033//1033 1032//1032
f 2645//2645 2646//2646 1032//1032 1031//1031
f 1156//1156 2645//2645 1031//1031 164//164
f 1155//1155 2642//2642 2645//2645 1156//1156
f 1154//1154 2639//2639 2642//2642 1155//1155
f 2648//2648 2649//2649 2652//2652 2651//2651
f 2649//2649 2650//2650 2653//2653 2652//2652
f 2651//2651 2652//2652 2655//2655 2654//2654
f 2652//2652 2653//2653 2656//2656 2655//2655
f 80//80 596//596 2648//2648 1151//1151
f 596//596 597//597 2649//2649 2648//2648
f 597//597 598//598 2650//2650 2649//2649
f 598//598 82//82 1157//1157 2650//2650
f 2650//2650 1157//1157 1158//1158 2653//2653
f 2653//2653 1158//1158 1159//1159 2656//2656
f 2656//2656 1159//1159 165//165 1036//1036
f 2655//2655 2656//2656 1036//1036 1035//1035
f 2654//2654 2655//2655 1035//1035 1034//1034
f 1153//1153 2654//2654 1034//1034 163//163
f 1152//1152 2651//2651 2654//2654 1153//1153
f 1151//1151 2648//2648 2651//2651 1152//1152
f 2657//2657 2658//2658 2661//2661 2660//2660
f 2658//2658 2659//2659 2662//2662 2661//2661
f 2660//2660 2661//2661 2664//2664 2663//2663
f 2661//2661 2662//2662 2665//2665 2664//2664
f 82//82 599//599 2657//2657 1157//1157
f 599//599 600//600 2658//2658 2657//2657
f 600//600 601//601 2659//2659 2658//2658
f 601//601 83//83 1160//1160 2659//2659
f 2659//2659 1160//1160 1161//1161 2662//2662
f 2662//2662 1161//1161 1162//1162 2665//2665
f 2665//2665 1162//1162 166//166 1039//1039
f 2664//2664 2665//2665 1039//1039 1038//1038
f 2663//2663 2664//2664 1038//1038 1037//1037
f 1159//1159 2663//2663 1037//1037 165//165
f 1158//1158 2660//2660 2663//2663 1159//1159
f 1157//1157 2657//2657 2660//2660 1158//1158
f 2666//2666 2667//2667 2670//2670 2669//2669
f 2667//2667 2668//2668 2671//2671 2670//2670
f 2669//2669 2670//2670 2673//2673 2672//2672
f 2670//2670 2671//2671 2674//2674 2673//2673
f 83//83 602//602 2666//2666 1160//1160
f 602//602 603//603 2667//2667 2666//2666
f 603//603 604//604 2668//2668 2667//2667
f 604//604 81//81 1154//1154 2668//2668
f 2668//2668 1154//1154 1155//1155 2671//2671
f 2671//2671 1155//1155 1156//1156 2674//2674
f 2674//2674 1156//1156 164//164 1042//1042
f 2673//2673 2674//2674 1042//1042 1041//1041
f 2672//2672 2673//2673 1041//1041 1040//1040
f 1162//1162 2672//2672 1040//1040 166//166
f 1161//1161 2669//2669 2672//2672 1162//1162
f 1160//1160 2666//2666 2669//2669 1161//1161
usemtl Material_Reflectante.024
f 1199//1199 1200//1200 1203//1203 1202//1202
f 1200//1200 1201//1201 1204//1204 1203//1203
f 1202//1202 1203//1203 1206//1206 1205//1205
f 1203//1203 1204//1204 1207//1207 1206//1206
f 6//6 178//178 1199//1199 208//208
f 178//178 177//177 1200//1200 1199//1199
f 177//177 176//176 1201//1201 1200//1200
f 176//176 7//7 209//209 1201//1201
f 1201//1201 209//209 210//210 1204//1204
f 1204//1204 210//210 211//211 1207//1207
f 1207//1207 211//211 12//12 212//212
f 1206//1206 1207//1207 212//212 213//213
f 1205//1205 1206//1206 213//213 214//214
f 206//206 1205//1205 214//214 11//11
f 207//207 1202//1202 1205//1205 206//206
f 208//208 1199//1199 1202//1202 207//207
f 1208//1208 1209//1209 1212//1212 1211//1211
f 1209//1209 1210//1210 1213//1213 1212//1212
f 1211//1211 1212//1212 1215//1215 1214//1214
f 1212//1212 1213//1213 1216//1216 1215//1215
f 7//7 187//187 1208//1208 209//209
f 187//187 186//186 1209//1209 1208//1208
f 186//186 185//185 1210//1210 1209//1209
f 185//185 8//8 215//215 1210//1210
f 1210//1210 215//215 216//216 1213//1213
f 1213//1213 216//216 217//217 1216//1216
f 1216//1216 217//217 13//13 218//218
f 1215//1215 1216//1216 218//218 219//219
f 1214//1214 1215//1215 219//219 220//220
f 211//211 1214//1214 220//220 12//12
f 210//210 1211//1211 1214//1214 211//211
f 209//209 1208//1208 1211//1211 210//210
f 1217//1217 1218//1218 1221//1221 1220//1220
f 1218//1218 1219//1219 1222//1222 1221//1221
f 1220//1220 1221//1221 1224//1224 1223//1223
f 1221//1221 1222//1222 1225//1225 1224//1224
f 8//8 196//196 1217//1217 215//215
f 196//196 195//195 1218//1218 1217//1217
f 195//195 194//194 1219//1219 1218//1218
f 194//194 9//9 221//221 1219//1219
f 1219//1219 221//221 222//222 1222//1222
f 1222//1222 222//222 223//223 1225//1225
f 1225//1225 223//223 14//14 224//224
f 1224//1224 1225//1225 224//224 225//225
f 1223//1223 1224//1224 225//225 226//226
f 217//217 1223//1223 226//226 13//13
f 216//216 1220//1220 1223//1223 217//217
f 215//215 1217//1217 1220//1220 216//216
f 1226//1226 1227//1227 1230//1230 1229//1229
f 1227//1227 1228//1228 1231//1231 1230//1230
f 1229//1229 1230//1230 1233//1233 1232//1232
f 1230//1230 1231//1231 1234//1234 1233//1233
f 9//9 205//205 1226//1226 221//221
f 205//205 204//204 1227//1227 1226//1226
f 204//204 203//203 1228//1228 1227//1227
f 203//203 10//10 227//227 1228//1228
f 1228//1228 227//227 228//228 1231//1231
f 1231//1231 228//228 229//229 1234//1234
f 1234//1234 229//229 15//15 230//230
f 1233//1233 1234//1234 230//230 231//231
f 1232//1232 1233//1233 231//231 232//232
f 223//223 1232//1232 232//232 14//14
f 222//222 1229//1229 1232//1232 223//223
f 221//221 1226//1226 1229//1229 222//222
f 1307//1307 1308//1308 1311//1311 1310//1310
f 1308//1308 1309//1309 1312//1312 1311//1311
f 1310//1310 1311//1311 1314//1314 1313//1313
f 1311//1311 1312//1312 1315//1315 1314//1314
f 21//21 268//268 1307//1307 289//289
f 268//268 267//267 1308//1308 1307//1307
f 267//267 266//266 1309//1309 1308//1308
f 266//266 22//22 290//290 1309//1309
f 1309//1309 290//290 291//291 1312//1312
f 1312//1312 291//291 292//292 1315//1315
f 1315//1315 292//292 27//27 293//293
f 1314//1314 1315//1315 293//293 294//294
f 1313//1313 1314//1314 294//294 295//295
f 287//287 1313//1313 295//295 26//26
f 288//288 1310//1310 1313//1313 287//287
f 289//289 1307//1307 1310//1310 288//288
f 1316//1316 1317//1317 1320//1320 1319//1319
f 1317//1317 1318//1318 1321//1321 1320//1320
f 1319//1319 1320//1320 1323//1323 1322//1322
f 1320//1320 1321//1321 1324//1324 1323//1323
f 22//22 274//274 1316//1316 290//290
f 274//274 273//273 1317//1317 1316//1316
f 273//273 272//272 1318//1318 1317//1317
f 272//272 23//23 296//296 1318//1318
f 1318//1318 296//296 297//297 1321//1321
f 1321//1321 297//297 298//298 1324//1324
f 1324//1324 298//298 28//28 299//299
f 1323//1323 1324//1324 299//299 300//300
f 1322//1322 1323//1323 300//300 301//301
f 292//292 1322//1322 301//301 27//27
f 291//291 1319//1319 1322//1322 292//292
f 290//290 1316//1316 1319//1319 291//291
f 1325//1325 1326//1326 1329//1329 1328//1328
f 1326//1326 1327//1327 1330//1330 1329//1329
f 1328//1328 1329//1329 1332//1332 1331//1331
f 1329//1329 1330//1330 1333//1333 1332//1332
f 23//23 280//280 1325//1325 296//296
f 280//280 279//279 1326//1326 1325//1325
f 279//279 278//278 1327//1327 1326//1326
f 278//278 24//24 302//302 1327//1327
f 1327//1327 302//302 303//303 1330//1330
f 1330//1330 303//303 304//304 1333//1333
f 1333//1333 304//304 29//29 305//305
f 1332//1332 1333//1333 305//305 306//306
f 1331//1331 1332//1332 306//306 307//307
f 298//298 1331//1331 307//307 28//28
f 297//297 1328//1328 1331//1331 298//298
f 296//296 1325//1325 1328//1328 297//297
f 1334//1334 1335//1335 1338//1338 1337//1337
f 1335//1335 1336//1336 1339//1339 1338//1338
f 1337//1337 1338//1338 1341//1341 1340//1340
f 1338//1338 1339//1339 1342//1342 1341//1341
f 24//24 286//286 1334//1334 302//302
f 286//286 285//285 1335//1335 1334//1334
f 285//285 284//284 1336//1336 1335//1335
f 284//284 25//25 308//308 1336//1336
f 1336//1336 308//308 309//309 1339//1339
f 1339//1339 309//309 310//310 1342//1342
f 1342//1342 310//310 30//30 311//311
f 1341//1341 1342//1342 311//311 312//312
f 1340//1340 1341//1341 312//312 313//313
f 304//304 1340//1340 313//313 29//29
f 303//303 1337//1337 1340//1340 304//304
f 302//302 1334//1334 1337//1337 303//303
f 1478//1478 1479//1479 1482//1482 1481//1481
f 1479//1479 1480//1480 1483//1483 1482//1482
f 1481//1481 1482//1482 1485//1485 1484//1484
f 1482//1482 1483//1483 1486//1486 1485//1485
f 51//51 436//436 1478//1478 409//409
f 436//436 435//435 1479//1479 1478//1478
f 435//435 434//434 1480//1480 1479//1479
f 434//434 55//55 442//442 1480//1480
f 1480//1480 442//442 441//441 1483//1483
f 1483//1483 441//441 440//440 1486//1486
f 1486//1486 440//440 56//56 439//439
f 1485//1485 1486//1486 439//439 438//438
f 1484//1484 1485//1485 438//438 437//437
f 407//407 1484//1484 437//437 52//52
f 408//408 1481//1481 1484//1484 407//407
f 409//409 1478//1478 1481//1481 408//408
f 1487//1487 1488//1488 1491//1491 1490//1490
f 1488//1488 1489//1489 1492//1492 1491//1491
f 1490//1490 1491//1491 1494//1494 1493//1493
f 1491//1491 1492//1492 1495//1495 1494//1494
f 52//52 437//437 1487//1487 418//418
f 437//437 438//438 1488//1488 1487//1487
f 438//438 439//439 1489//1489 1488//1488
f 439//439 56//56 448//448 1489//1489
f 1489//1489 448//448 447//447 1492//1492
f 1492//1492 447//447 446//446 1495//1495
f 1495//1495 446//446 57//57 445//445
f 1494//1494 1495//1495 445//445 444//444
f 1493//1493 1494//1494 444//444 443//443
f 416//416 1493//1493 443//443 53//53
f 417//417 1490//1490 1493//1493 416//416
f 418//418 1487//1487 1490//1490 417//417
f 1496//1496 1497//1497 1500//1500 1499//1499
f 1497//1497 1498//1498 1501//1501 1500//1500
f 1499//1499 1500//1500 1503//1503 1502//1502
f 1500//1500 1501//1501 1504//1504 1503//1503
f 53//53 443//443 1496//1496 427//427
f 443//443 444//444 1497//1497 1496//1496
f 444//444 445//445 1498//1498 1497//1497
f 445//445 57//57 454//454 1498//1498
f 1498//1498 454//454 453//453 1501//1501
f 1501//1501 453//453 452//452 1504//1504
f 1504//1504 452//452 58//58 451//451
f 1503//1503 1504//1504 451//451 450//450
f 1502//1502 1503//1503 450//450 449//449
f 425//425 1502//1502 449//449 54//54
f 426//426 1499//1499 1502//1502 425//425
f 427//427 1496//1496 1499//1499 426//426
f 1505//1505 1506//1506 1509//1509 1508//1508
f 1506//1506 1507//1507 1510//1510 1509//1509
f 1508//1508 1509//1509 1512//1512 1511//1511
f 1509//1509 1510//1510 1513//1513 1512//1512
f 54//54 449//449 1505//1505 433//433
f 449//449 450//450 1506//1506 1505//1505
f 450//450 451//451 1507//1507 1506//1506
f 451//451 58//58 457//457 1507//1507
f 1507//1507 457//457 456//456 1510//1510
f 1510//1510 456//456 455//455 1513//1513
f 1513//1513 455//455 15//15 229//229
f 1512//1512 1513//1513 229//229 228//228
f 1511//1511 1512//1512 228//228 227//227
f 431//431 1511//1511 227//227 10//10
f 432//432 1508//1508 1511//1511 431//431
f 433//433 1505//1505 1508//1508 432//432
f 1586//1586 1587//1587 1590//1590 1589//1589
f 1587//1587 1588//1588 1591//1591 1590//1590
f 1589//1589 1590//1590 1593//1593 1592//1592
f 1590//1590 1591//1591 1594//1594 1593//1593
f 63//63 508//508 1586//1586 490//490
f 508//508 507//507 1587//1587 1586//1586
f 507//507 506//506 1588//1588 1587//1587
f 506//506 67//67 514//514 1588//1588
f 1588//1588 514//514 513//513 1591//1591
f 1591//1591 513//513 512//512 1594//1594
f 1594//1594 512//512 68//68 511//511
f 1593//1593 1594//1594 511//511 510//510
f 1592//1592 1593//1593 510//510 509//509
f 488//488 1592//1592 509//509 64//64
f 489//489 1589//1589 1592//1592 488//488
f 490//490 1586//1586 1589//1589 489//489
f 1595//1595 1596//1596 1599//1599 1598//1598
f 1596//1596 1597//1597 1600//1600 1599//1599
f 1598//1598 1599//1599 1602//1602 1601//1601
f 1599//1599 1600//1600 1603//1603 1602//1602
f 64//64 509//509 1595//1595 496//496
f 509//509 510//510 1596//1596 1595//1595
f 510//510 511//511 1597//1597 1596//1596
f 511//511 68//68 520//520 1597//1597
f 1597//1597 520//520 519//519 1600//1600
f 1600//1600 519//519 518//518 1603//1603
f 1603//1603 518//518 69//69 517//517
f 1602//1602 1603//1603 517//517 516//516
f 1601//1601 1602//1602 516//516 515//515
f 494//494 1601//1601 515//515 65//65
f 495//495 1598//1598 1601//1601 494//494
f 496//496 1595//1595 1598//1598 495//495
f 1604//1604 1605//1605 1608//1608 1607//1607
f 1605//1605 1606//1606 1609//1609 1608//1608
f 1607//1607 1608//1608 1611//1611 1610//1610
f 1608//1608 1609//1609 1612//1612 1611//1611
f 65//65 515//515 1604//1604 502//502
f 515//515 516//516 1605//1605 1604//1604
f 516//516 517//517 1606//1606 1605//1605
f 517//517 69//69 526//526 1606//1606
f 1606//1606 526//526 525//525 1609//1609
f 1609//1609 525//525 524//524 1612//1612
f 1612//1612 524//524 70//70 523//523
f 1611//1611 1612//1612 523//523 522//522
f 1610//1610 1611//1611 522//522 521//521
f 500//500 1610//1610 521//521 66//66
f 501//501 1607//1607 1610//1610 500//500
f 502//502 1604//1604 1607//1607 501//501
f 1613//1613 1614//1614 1617//1617 1616//1616
f 1614//1614 1615//1615 1618//1618 1617//1617
f 1616//1616 1617//1617 1620//1620 1619//1619
f 1617//1617 1618//1618 1621//1621 1620//1620
f 66//66 521//521 1613//1613 505//505
f 521//521 522//522 1614//1614 1613//1613
f 522//522 523//523 1615//1615 1614//1614
f 523//523 70//70 529//529 1615//1615
f 1615//1615 529//529 528//528 1618//1618
f 1618//1618 528//528 527//527 1621//1621
f 1621//1621 527//527 30//30 310//310
f 1620//1620 1621//1621 310//310 309//309
f 1619//1619 1620//1620 309//309 308//308
f 503//503 1619//1619 308//308 25//25
f 504//504 1616//1616 1619//1619 503//503
f 505//505 1613//1613 1616//1616 504//504
f 1757//1757 1758//1758 1761//1761 1760//1760
f 1758//1758 1759//1759 1762//1762 1761//1761
f 1760//1760 1761//1761 1764//1764 1763//1763
f 1761//1761 1762//1762 1765//1765 1764//1764
f 89//89 646//646 1757//1757 616//616
f 646//646 645//645 1758//1758 1757//1757
f 645//645 644//644 1759//1759 1758//1758
f 644//644 94//94 652//652 1759//1759
f 1759//1759 652//652 651//651 1762//1762
f 1762//1762 651//651 650//650 1765//1765
f 1765//1765 650//650 95//95 649//649
f 1764//1764 1765//1765 649//649 648//648
f 1763//1763 1764//1764 648//648 647//647
f 614//614 1763//1763 647//647 90//90
f 615//615 1760//1760 1763//1763 614//614
f 616//616 1757//1757 1760//1760 615//615
f 1766//1766 1767//1767 1770//1770 1769//1769
f 1767//1767 1768//1768 1771//1771 1770//1770
f 1769//1769 1770//1770 1773//1773 1772//1772
f 1770//1770 1771//1771 1774//1774 1773//1773
f 90//90 647//647 1766//1766 625//625
f 647//647 648//648 1767//1767 1766//1766
f 648//648 649//649 1768//1768 1767//1767
f 649//649 95//95 658//658 1768//1768
f 1768//1768 658//658 657//657 1771//1771
f 1771//1771 657//657 656//656 1774//1774
f 1774//1774 656//656 96//96 655//655
f 1773//1773 1774//1774 655//655 654//654
f 1772//1772 1773//1773 654//654 653//653
f 623//623 1772//1772 653//653 91//91
f 624//624 1769//1769 1772//1772 623//623
f 625//625 1766//1766 1769//1769 624//624
f 1775//1775 1776//1776 1779//1779 1778//1778
f 1776//1776 1777//1777 1780//1780 1779//1779
f 1778//1778 1779//1779 1782//1782 1781//1781
f 1779//1779 1780//1780 1783//1783 1782//1782
f 91//91 653//653 1775//1775 634//634
f 653//653 654//654 1776//1776 1775//1775
f 654//654 655//655 1777//1777 1776//1776
f 655//655 96//96 664//664 1777//1777
f 1777//1777 664//664 663//663 1780//1780
f 1780//1780 663//663 662//662 1783//1783
f 1783//1783 662//662 97//97 661//661
f 1782//1782 1783//1783 661//661 660//660
f 1781//1781 1782//1782 660//660 659//659
f 632//632 1781//1781 659//659 92//92
f 633//633 1778//1778 1781//1781 632//632
f 634//634 1775//1775 1778//1778 633//633
f 1784//1784 1785//1785 1788//1788 1787//1787
f 1785//1785 1786//1786 1789//1789 1788//1788
f 1787//1787 1788//1788 1791//1791 1790//1790
f 1788//1788 1789//1789 1792//1792 1791//1791
f 92//92 659//659 1784//1784 643//643
f 659//659 660//660 1785//1785 1784//1784
f 660//660 661//661 1786//1786 1785//1785
f 661//661 97//97 670//670 1786//1786
f 1786//1786 670//670 669//669 1789//1789
f 1789//1789 669//669 668//668 1792//1792
f 1792//1792 668//668 98//98 667//667
f 1791//1791 1792//1792 667//667 666//666
f 1790//1790 1791//1791 666//666 665//665
f 641//641 1790//1790 665//665 93//93
f 642//642 1787//1787 1790//1790 641//641
f 643//643 1784//1784 1787//1787 642//642
f 1865//1865 1866//1866 1869//1869 1868//1868
f 1866//1866 1867//1867 1870//1870 1869//1869
f 1868//1868 1869//1869 1872//1872 1871//1871
f 1869//1869 1870//1870 1873//1873 1872//1872
f 104//104 727//727 1865//1865 706//706
f 727//727 726//726 1866//1866 1865//1865
f 726//726 725//725 1867//1867 1866//1866
f 725//725 109//109 733//733 1867//1867
f 1867//1867 733//733 732//732 1870//1870
f 1870//1870 732//732 731//731 1873//1873
f 1873//1873 731//731 110//110 730//730
f 1872//1872 1873//1873 730//730 729//729
f 1871//1871 1872//1872 729//729 728//728
f 704//704 1871//1871 728//728 105//105
f 705//705 1868//1868 1871//1871 704//704
f 706//706 1865//1865 1868//1868 705//705
f 1874//1874 1875//1875 1878//1878 1877//1877
f 1875//1875 1876//1876 1879//1879 1878//1878
f 1877//1877 1878//1878 1881//1881 1880//1880
f 1878//1878 1879//1879 1882//1882 1881//1881
f 105//105 728//728 1874//1874 712//712
f 728//728 729//729 1875//1875 1874//1874
f 729//729 730//730 1876//1876 1875//1875
f 730//730 110//110 739//739 1876//1876
f 1876//1876 739//739 738//738 1879//1879
f 1879//1879 738//738 737//737 1882//1882
f 1882//1882 737//737 111//111 736//736
f 1881//1881 1882//1882 736//736 735//735
f 1880//1880 1881//1881 735//735 734//734
f 710//710 1880//1880 734//734 106//106
f 711//711 1877//1877 1880//1880 710//710
f 712//712 1874//1874 1877//1877 711//711
f 1883//1883 1884//1884 1887//1887 1886//1886
f 1884//1884 1885//1885 1888//1888 1887//1887
f 1886//1886 1887//1887 1890//1890 1889//1889
f 1887//1887 1888//1888 1891//1891 1890//1890
f 106//106 734//734 1883//1883 718//718
f 734//734 735//735 1884//1884 1883//1883
f 735//735 736//736 1885//1885 1884//1884
f 736//736 111//111 745//745 1885//1885
f 1885//1885 745//745 744//744 1888//1888
f 1888//1888 744//744 743//743 1891//1891
f 1891//1891 743//743 112//112 742//742
f 1890//1890 1891//1891 742//742 741//741
f 1889//1889 1890//1890 741//741 740//740
f 716//716 1889//1889 740//740 107//107
f 717//717 1886//1886 1889//1889 716//716
f 718//718 1883//1883 1886//1886 717//717
f 1892//1892 1893//1893 1896//1896 1895//1895
f 1893//1893 1894//1894 1897//1897 1896//1896
f 1895//1895 1896//1896 1899//1899 1898//1898
f 1896//1896 1897//1897 1900//1900 1899//1899
f 107//107 740//740 1892//1892 724//724
f 740//740 741//741 1893//1893 1892//1892
f 741//741 742//742 1894//1894 1893//1893
f 742//742 112//112 751//751 1894//1894
f 1894//1894 751//751 750//750 1897//1897
f 1897//1897 750//750 749//749 1900//1900
f 1900//1900 749//749 113//113 748//748
f 1899//1899 1900//1900 748//748 747//747
f 1898//1898 1899//1899 747//747 746//746
f 722//722 1898//1898 746//746 108//108
f 723//723 1895//1895 1898//1898 722//722
f 724//724 1892//1892 1895//1895 723//723
f 2036//2036 2037//2037 2040//2040 2039//2039
f 2037//2037 2038//2038 2041//2041 2040//2040
f 2039//2039 2040//2040 2043//2043 2042//2042
f 2040//2040 2041//2041 2044//2044 2043//2043
f 134//134 847//847 2036//2036 874//874
f 847//847 846//846 2037//2037 2036//2036
f 846//846 845//845 2038//2038 2037//2037
f 845//845 135//135 875//875 2038//2038
f 2038//2038 875//875 876//876 2041//2041
f 2041//2041 876//876 877//877 2044//2044
f 2044//2044 877//877 139//139 878//878
f 2043//2043 2044//2044 878//878 879//879
f 2042//2042 2043//2043 879//879 880//880
f 872//872 2042//2042 880//880 138//138
f 873//873 2039//2039 2042//2042 872//872
f 874//874 2036//2036 2039//2039 873//873
f 2045//2045 2046//2046 2049//2049 2048//2048
f 2046//2046 2047//2047 2050//2050 2049//2049
f 2048//2048 2049//2049 2052//2052 2051//2051
f 2049//2049 2050//2050 2053//2053 2052//2052
f 135//135 856//856 2045//2045 875//875
f 856//856 855//855 2046//2046 2045//2045
f 855//855 854//854 2047//2047 2046//2046
f 854//854 136//136 881//881 2047//2047
f 2047//2047 881//881 882//882 2050//2050
f 2050//2050 882//882 883//883 2053//2053
f 2053//2053 883//883 140//140 884//884
f 2052//2052 2053//2053 884//884 885//885
f 2051//2051 2052//2052 885//885 886//886
f 877//877 2051//2051 886//886 139//139
f 876//876 2048//2048 2051//2051 877//877
f 875//875 2045//2045 2048//2048 876//876
f 2054//2054 2055//2055 2058//2058 2057//2057
f 2055//2055 2056//2056 2059//2059 2058//2058
f 2057//2057 2058//2058 2061//2061 2060//2060
f 2058//2058 2059//2059 2062//2062 2061//2061
f 136//136 865//865 2054//2054 881//881
f 865//865 864//864 2055//2055 2054//2054
f 864//864 863//863 2056//2056 2055//2055
f 863//863 137//137 887//887 2056//2056
f 2056//2056 887//887 888//888 2059//2059
f 2059//2059 888//888 889//889 2062//2062
f 2062//2062 889//889 141//141 890//890
f 2061//2061 2062//2062 890//890 891//891
f 2060//2060 2061//2061 891//891 892//892
f 883//883 2060//2060 892//892 140//140
f 882//882 2057//2057 2060//2060 883//883
f 881//881 2054//2054 2057//2057 882//882
f 2063//2063 2064//2064 2067//2067 2066//2066
f 2064//2064 2065//2065 2068//2068 2067//2067
f 2066//2066 2067//2067 2070//2070 2069//2069
f 2067//2067 2068//2068 2071//2071 2070//2070
f 137//137 871//871 2063//2063 887//887
f 871//871 870//870 2064//2064 2063//2063
f 870//870 869//869 2065//2065 2064//2064
f 869//869 93//93 665//665 2065//2065
f 2065//2065 665//665 666//666 2068//2068
f 2068//2068 666//666 667//667 2071//2071
f 2071//2071 667//667 98//98 893//893
f 2070//2070 2071//2071 893//893 894//894
f 2069//2069 2070//2070 894//894 895//895
f 889//889 2069//2069 895//895 141//141
f 888//888 2066//2066 2069//2069 889//889
f 887//887 2063//2063 2066//2066 888//888
f 2144//2144 2145//2145 2148//2148 2147//2147
f 2145//2145 2146//2146 2149//2149 2148//2148
f 2147//2147 2148//2148 2151//2151 2150//2150
f 2148//2148 2149//2149 2152//2152 2151//2151
f 146//146 928//928 2144//2144 946//946
f 928//928 927//927 2145//2145 2144//2144
f 927//927 926//926 2146//2146 2145//2145
f 926//926 147//147 947//947 2146//2146
f 2146//2146 947//947 948//948 2149//2149
f 2149//2149 948//948 949//949 2152//2152
f 2152//2152 949//949 151//151 950//950
f 2151//2151 2152//2152 950//950 951//951
f 2150//2150 2151//2151 951//951 952//952
f 944//944 2150//2150 952//952 150//150
f 945//945 2147//2147 2150//2150 944//944
f 946//946 2144//2144 2147//2147 945//945
f 2153//2153 2154//2154 2157//2157 2156//2156
f 2154//2154 2155//2155 2158//2158 2157//2157
f 2156//2156 2157//2157 2160//2160 2159//2159
f 2157//2157 2158//2158 2161//2161 2160//2160
f 147//147 934//934 2153//2153 947//947
f 934//934 933//933 2154//2154 2153//2153
f 933//933 932//932 2155//2155 2154//2154
f 932//932 148//148 953//953 2155//2155
f 2155//2155 953//953 954//954 2158//2158
f 2158//2158 954//954 955//955 2161//2161
f 2161//2161 955//955 152//152 956//956
f 2160//2160 2161//2161 956//956 957//957
f 2159//2159 2160//2160 957//957 958//958
f 949//949 2159//2159 958//958 151//151
f 948//948 2156//2156 2159//2159 949//949
f 947//947 2153//2153 2156//2156 948//948
f 2162//2162 2163//2163 2166//2166 2165//2165
f 2163//2163 2164//2164 2167//2167 2166//2166
f 2165//2165 2166//2166 2169//2169 2168//2168
f 2166//2166 2167//2167 2170//2170 2169//2169
f 148//148 940//940 2162//2162 953//953
f 940//940 939//939 2163//2163 2162//2162
f 939//939 938//938 2164//2164 2163//2163
f 938//938 149//149 959//959 2164//2164
f 2164//2164 959//959 960//960 2167//2167
f 2167//2167 960//960 961//961 2170//2170
f 2170//2170 961//961 153//153 962//962
f 2169//2169 2170//2170 962//962 963//963
f 2168//2168 2169//2169 963//963 964//964
f 955//955 2168//2168 964//964 152//152
f 954//954 2165//2165 2168//2168 955//955
f 953//953 2162//2162 2165//2165 954//954
f 2171//2171 2172//2172 2175//2175 2174//2174
f 2172//2172 2173//2173 2176//2176 2175//2175
f 2174//2174 2175//2175 2178//2178 2177//2177
f 2175//2175 2176//2176 2179//2179 2178//2178
f 149//149 943//943 2171//2171 959//959
f 943//943 942//942 2172//2172 2171//2171
f 942//942 941//941 2173//2173 2172//2172
f 941//941 108//108 746//746 2173//2173
f 2173//2173 746//746 747//747 2176//2176
f 2176//2176 747//747 748//748 2179//2179
f 2179//2179 748//748 113//113 965//965
f 2178//2178 2179//2179 965//965 966//966
f 2177//2177 2178//2178 966//966 967//967
f 961//961 2177//2177 967//967 153//153
f 960//960 2174//2174 2177//2177 961//961
f 959//959 2171//2171 2174//2174 960//960
f 2324//2324 2325//2325 2328//2328 2327//2327
f 2325//2325 2326//2326 2329//2329 2328//2328
f 2327//2327 2328//2328 2331//2331 2330//2330
f 2328//2328 2329//2329 2332//2332 2331//2331
f 6//6 208//208 2324//2324 1058//1058
f 208//208 207//207 2325//2325 2324//2324
f 207//207 206//206 2326//2326 2325//2325
f 206//206 11//11 1061//1061 2326//2326
f 2326//2326 1061//1061 1062//1062 2329//2329
f 2329//2329 1062//1062 1063//1063 2332//2332
f 2332//2332 1063//1063 94//94 644//644
f 2331//2331 2332//2332 644//644 645//645
f 2330//2330 2331//2331 645//645 646//646
f 1060//1060 2330//2330 646//646 89//89
f 1059//1059 2327//2327 2330//2330 1060//1060
f 1058//1058 2324//2324 2327//2327 1059//1059
f 2351//2351 2352//2352 2355//2355 2354//2354
f 2352//2352 2353//2353 2356//2356 2355//2355
f 2354//2354 2355//2355 2358//2358 2357//2357
f 2355//2355 2356//2356 2359//2359 2358//2358
f 21//21 289//289 2351//2351 1067//1067
f 289//289 288//288 2352//2352 2351//2351
f 288//288 287//287 2353//2353 2352//2352
f 287//287 26//26 1070//1070 2353//2353
f 2353//2353 1070//1070 1071//1071 2356//2356
f 2356//2356 1071//1071 1072//1072 2359//2359
f 2359//2359 1072//1072 109//109 725//725
f 2358//2358 2359//2359 725//725 726//726
f 2357//2357 2358//2358 726//726 727//727
f 1069//1069 2357//2357 727//727 104//104
f 1068//1068 2354//2354 2357//2357 1069//1069
f 1067//1067 2351//2351 2354//2354 1068//1068
f 2522//2522 2523//2523 2526//2526 2525//2525
f 2523//2523 2524//2524 2527//2527 2526//2526
f 2525//2525 2526//2526 2529//2529 2528//2528
f 2526//2526 2527//2527 2530//2530 2529//2529
f 55//55 434//434 2522//2522 1121//1121
f 434//434 435//435 2523//2523 2522//2522
f 435//435 436//436 2524//2524 2523//2523
f 436//436 51//51 1118//1118 2524//2524
f 2524//2524 1118//1118 1119//1119 2527//2527
f 2527//2527 1119//1119 1120//1120 2530//2530
f 2530//2530 1120//1120 134//134 874//874
f 2529//2529 2530//2530 874//874 873//873
f 2528//2528 2529//2529 873//873 872//872
f 1123//1123 2528//2528 872//872 138//138
f 1122//1122 2525//2525 2528//2528 1123//1123
f 1121//1121 2522//2522 2525//2525 1122//1122
f 2549//2549 2550//2550 2553//2553 2552//2552
f 2550//2550 2551//2551 2554//2554 2553//2553
f 2552//2552 2553//2553 2556//2556 2555//2555
f 2553//2553 2554//2554 2557//2557 2556//2556
f 67//67 506//506 2549//2549 1130//1130
f 506//506 507//507 2550//2550 2549//2549
f 507//507 508//508 2551//2551 2550//2550
f 508//508 63//63 1127//1127 2551//2551
f 2551//2551 1127//1127 1128//1128 2554//2554
f 2554//2554 1128//1128 1129//1129 2557//2557
f 2557//2557 1129//1129 146//146 946//946
f 2556//2556 2557//2557 946//946 945//945
f 2555//2555 2556//2556 945//945 944//944
f 1132//1132 2555//2555 944//944 150//150
f 1131//1131 2552//2552 2555//2555 1132//1132
f 1130//1130 2549//2549 2552//2552 1131//1131
